Agitacao_rpm,Vazao_Lpm,P_liq_W,P_V_W_m3,PG_P0
100.0,0.00,0.066,16.41,
100.0,0.08,0.064,15.98,
100.0,0.16,0.062,15.55,
100.0,0.24,0.060,15.12,
100.0,0.32,0.059,14.70,
100.0,0.40,0.057,14.27,
100.0,0.48,0.055,13.86,
100.0,0.56,0.054,13.45,
100.0,0.64,0.052,13.04,
100.0,0.72,0.051,12.64,
100.0,0.81,0.049,12.26,
100.0,0.89,0.048,11.88,
100.0,0.97,0.046,11.51,
100.0,1.05,0.045,11.16,
100.0,1.13,0.043,10.81,
100.0,1.21,0.042,10.49,
100.0,1.29,0.041,10.17,
100.0,1.37,0.039,9.87,
100.0,1.45,0.038,9.59,
100.0,1.53,0.037,9.33,
100.0,1.61,0.036,9.08,
100.0,1.69,0.035,8.86,
100.0,1.77,0.035,8.65,
100.0,1.85,0.034,8.47,
100.0,1.93,0.033,8.31,
100.0,2.01,0.033,8.17,0.5010
100.0,2.09,0.032,8.07,0.5121
100.0,2.17,0.032,8.00,0.5231
100.0,2.26,0.032,7.97,0.5341
100.0,2.34,0.032,7.96,0.5449
100.0,2.42,0.032,7.99,0.5556
100.0,2.50,0.032,8.04,0.5661
100.0,2.58,0.032,8.12,0.5763
100.0,2.66,0.033,8.22,0.5862
100.0,2.74,0.033,8.34,0.5957
100.0,2.82,0.034,8.48,0.6049
100.0,2.90,0.035,8.63,0.6137
100.0,2.98,0.035,8.79,0.6221
100.0,3.06,0.036,8.97,0.6299
100.0,3.14,0.037,9.15,0.6372
100.0,3.22,0.037,9.34,0.6439
100.0,3.30,0.038,9.54,0.6500
100.0,3.38,0.039,9.73,0.6555
100.0,3.46,0.040,9.92,0.6602
100.0,3.54,0.040,10.11,0.6642
100.0,3.62,0.041,10.30,0.6674
100.0,3.70,0.042,10.47,0.6698
100.0,3.79,0.043,10.64,0.6714
100.0,3.87,0.043,10.79,0.6720
100.0,3.95,0.044,10.93,0.6717
100.0,4.03,0.044,11.05,0.6704
100.0,4.11,0.045,11.13,0.6676
100.0,4.19,0.045,11.16,0.6634
100.0,4.27,0.045,11.15,0.6578
100.0,4.35,0.044,11.11,0.6511
100.0,4.43,0.044,11.03,0.6433
100.0,4.51,0.044,10.92,0.6345
100.0,4.59,0.043,10.78,0.6250
100.0,4.67,0.042,10.62,0.6148
100.0,4.75,0.042,10.44,0.6040
100.0,4.83,0.041,10.24,0.5929
100.0,4.91,0.040,10.03,0.5815
100.0,4.99,0.039,9.81,0.5699
100.0,5.07,0.038,9.59,0.5584
100.0,5.15,0.037,9.36,0.5469
100.0,5.23,0.037,9.13,0.5357
100.0,5.32,0.036,8.91,0.5249
100.0,5.40,0.035,8.69,0.5147
100.0,5.48,0.034,8.49,0.5050
100.0,5.56,0.033,8.30,0.4962
100.0,5.64,0.032,8.12,0.4883
100.0,5.72,0.032,7.98,0.4814
100.0,5.80,0.031,7.85,0.4757
100.0,5.88,0.031,7.75,0.4713
100.0,5.96,0.031,7.69,0.4684
100.0,6.04,0.031,7.66,0.4669
100.0,6.12,0.031,7.65,0.4668
100.0,6.20,0.031,7.67,0.4679
100.0,6.28,0.031,7.70,0.4700
100.0,6.36,0.031,7.74,0.4730
100.0,6.44,0.031,7.80,0.4768
100.0,6.52,0.032,7.88,0.4814
100.0,6.60,0.032,7.96,0.4865
100.0,6.68,0.032,8.05,0.4922
100.0,6.77,0.033,8.15,0.4983
100.0,6.85,0.033,8.25,0.5046
100.0,6.93,0.033,8.36,0.5111
100.0,7.01,0.034,8.47,0.5176
100.0,7.09,0.034,8.58,0.5242
100.0,7.17,0.035,8.68,0.5305
100.0,7.25,0.035,8.78,0.5366
100.0,7.33,0.036,8.88,0.5423
100.0,7.41,0.036,8.97,0.5476
100.0,7.49,0.036,9.04,0.5522
100.0,7.57,0.036,9.11,0.5561
100.0,7.65,0.037,9.16,0.5593
100.0,7.73,0.037,9.20,0.5615
100.0,7.81,0.037,9.23,0.5626
100.0,7.89,0.037,9.23,0.5627
100.0,7.97,0.037,9.21,0.5614
100.0,8.05,0.037,9.17,0.5588
100.0,8.13,0.036,9.10,0.5544
100.0,8.21,0.036,9.00,0.5484
100.0,8.30,0.036,8.88,0.5410
100.0,8.38,0.035,8.73,0.5321
100.0,8.46,0.034,8.57,0.5221
100.0,8.54,0.034,8.38,0.5110
100.0,8.62,0.033,8.18,0.4989
100.0,8.70,0.032,7.96,0.4860
100.0,8.78,0.031,7.73,0.4724
100.0,8.86,0.030,7.50,0.4583
100.0,8.94,0.029,7.25,0.4437
100.0,9.02,0.028,7.00,0.4288
100.0,9.10,0.027,6.75,0.4137
100.0,9.18,0.026,6.50,0.3986
100.0,9.26,0.025,6.25,0.3837
100.0,9.34,0.024,6.01,0.3689
100.0,9.42,0.023,5.77,0.3545
100.0,9.50,0.022,5.54,0.3405
100.0,9.58,0.021,5.33,0.3272
100.0,9.66,0.021,5.13,0.3147
100.0,9.74,0.020,4.94,0.3030
100.0,9.83,0.019,4.77,0.2924
100.0,9.91,0.019,4.63,0.2828
100.0,9.99,0.018,4.50,0.2746
100.0,10.07,0.018,4.41,0.2677
100.0,10.15,0.017,4.34,0.2620
100.0,10.23,0.017,4.29,0.2575
100.0,10.31,0.017,4.27,0.2541
100.0,10.39,0.017,4.26,0.2517
100.0,10.47,0.017,4.28,0.2503
100.0,10.55,0.017,4.31,0.2496
100.0,10.63,0.017,4.35,0.2498
100.0,10.71,0.018,4.40,0.2507
100.0,10.79,0.018,4.46,0.2522
100.0,10.87,0.018,4.53,0.2542
100.0,10.95,0.018,4.60,0.2568
100.0,11.03,0.019,4.68,0.2597
100.0,11.11,0.019,4.75,0.2630
100.0,11.19,0.019,4.82,0.2665
100.0,11.28,0.020,4.89,0.2701
100.0,11.36,0.020,4.95,0.2739
100.0,11.44,0.020,5.00,0.2777
100.0,11.52,0.020,5.03,0.2814
100.0,11.60,0.020,5.06,0.2851
100.0,11.68,0.020,5.07,0.2884
100.0,11.76,0.020,5.06,0.2916
100.0,11.84,0.020,5.03,0.2943
100.0,11.92,0.020,4.98,0.2966
100.0,12.00,0.020,4.90,0.2984
105.4,0.00,0.068,17.05,
105.4,0.08,0.066,16.60,
105.4,0.16,0.065,16.17,
105.4,0.24,0.063,15.74,
105.4,0.32,0.061,15.32,
105.4,0.40,0.060,14.90,
105.4,0.48,0.058,14.49,
105.4,0.56,0.056,14.09,
105.4,0.64,0.055,13.69,
105.4,0.72,0.053,13.30,
105.4,0.81,0.052,12.92,
105.4,0.89,0.050,12.55,
105.4,0.97,0.049,12.20,
105.4,1.05,0.047,11.85,
105.4,1.13,0.046,11.52,
105.4,1.21,0.045,11.20,
105.4,1.29,0.044,10.90,
105.4,1.37,0.042,10.61,
105.4,1.45,0.041,10.34,
105.4,1.53,0.040,10.09,
105.4,1.61,0.039,9.86,
105.4,1.69,0.039,9.65,
105.4,1.77,0.038,9.46,
105.4,1.85,0.037,9.31,
105.4,1.93,0.037,9.19,
105.4,2.01,0.036,9.02,0.5191
105.4,2.09,0.036,8.91,0.5303
105.4,2.17,0.035,8.86,0.5416
105.4,2.26,0.035,8.85,0.5528
105.4,2.34,0.035,8.86,0.5639
105.4,2.42,0.036,8.91,0.5747
105.4,2.50,0.036,8.98,0.5853
105.4,2.58,0.036,9.07,0.5957
105.4,2.66,0.037,9.18,0.6057
105.4,2.74,0.037,9.31,0.6153
105.4,2.82,0.038,9.46,0.6246
105.4,2.90,0.038,9.62,0.6334
105.4,2.98,0.039,9.79,0.6417
105.4,3.06,0.040,9.97,0.6495
105.4,3.14,0.041,10.16,0.6568
105.4,3.22,0.041,10.35,0.6634
105.4,3.30,0.042,10.54,0.6694
105.4,3.38,0.043,10.74,0.6747
105.4,3.46,0.044,10.93,0.6793
105.4,3.54,0.044,11.11,0.6831
105.4,3.62,0.045,11.29,0.6861
105.4,3.70,0.046,11.46,0.6883
105.4,3.79,0.046,11.62,0.6895
105.4,3.87,0.047,11.78,0.6899
105.4,3.95,0.048,11.96,0.6894
105.4,4.03,0.048,12.09,0.6887
105.4,4.11,0.049,12.16,0.6861
105.4,4.19,0.049,12.21,0.6819
105.4,4.27,0.049,12.21,0.6764
105.4,4.35,0.049,12.18,0.6698
105.4,4.43,0.048,12.11,0.6623
105.4,4.51,0.048,12.02,0.6539
105.4,4.59,0.048,11.91,0.6448
105.4,4.67,0.047,11.77,0.6351
105.4,4.75,0.046,11.61,0.6250
105.4,4.83,0.046,11.44,0.6146
105.4,4.91,0.045,11.26,0.6040
105.4,4.99,0.044,11.08,0.5933
105.4,5.07,0.044,10.88,0.5827
105.4,5.15,0.043,10.69,0.5723
105.4,5.23,0.042,10.50,0.5623
105.4,5.32,0.041,10.32,0.5527
105.4,5.40,0.041,10.15,0.5438
105.4,5.48,0.040,9.99,0.5356
105.4,5.56,0.039,9.85,0.5282
105.4,5.64,0.039,9.73,0.5219
105.4,5.72,0.039,9.63,0.5167
105.4,5.80,0.038,9.56,0.5128
105.4,5.88,0.038,9.54,0.5102
105.4,5.96,0.038,9.55,0.5090
105.4,6.04,0.038,9.53,0.5087
105.4,6.12,0.038,9.53,0.5095
105.4,6.20,0.038,9.56,0.5113
105.4,6.28,0.038,9.61,0.5140
105.4,6.36,0.039,9.66,0.5176
105.4,6.44,0.039,9.74,0.5220
105.4,6.52,0.039,9.82,0.5270
105.4,6.60,0.040,9.91,0.5326
105.4,6.68,0.040,10.01,0.5386
105.4,6.77,0.040,10.12,0.5448
105.4,6.85,0.041,10.23,0.5513
105.4,6.93,0.041,10.34,0.5579
105.4,7.01,0.042,10.45,0.5645
105.4,7.09,0.042,10.56,0.5710
105.4,7.17,0.043,10.66,0.5772
105.4,7.25,0.043,10.76,0.5831
105.4,7.33,0.043,10.86,0.5885
105.4,7.41,0.044,10.94,0.5934
105.4,7.49,0.044,11.02,0.5977
105.4,7.57,0.044,11.08,0.6011
105.4,7.65,0.045,11.13,0.6037
105.4,7.73,0.045,11.16,0.6052
105.4,7.81,0.045,11.17,0.6057
105.4,7.89,0.045,11.17,0.6043
105.4,7.97,0.045,11.15,0.6026
105.4,8.05,0.044,11.11,0.6006
105.4,8.13,0.044,11.04,0.5961
105.4,8.21,0.044,10.94,0.5899
105.4,8.30,0.043,10.81,0.5823
105.4,8.38,0.043,10.67,0.5735
105.4,8.46,0.042,10.50,0.5635
105.4,8.54,0.041,10.32,0.5525
105.4,8.62,0.040,10.12,0.5407
105.4,8.70,0.040,9.91,0.5281
105.4,8.78,0.039,9.69,0.5149
105.4,8.86,0.038,9.47,0.5013
105.4,8.94,0.037,9.24,0.4873
105.4,9.02,0.036,9.00,0.4730
105.4,9.10,0.035,8.76,0.4587
105.4,9.18,0.034,8.53,0.4445
105.4,9.26,0.033,8.30,0.4304
105.4,9.34,0.032,8.08,0.4167
105.4,9.42,0.031,7.86,0.4034
105.4,9.50,0.031,7.65,0.3907
105.4,9.58,0.030,7.46,0.3786
105.4,9.66,0.029,7.29,0.3674
105.4,9.74,0.029,7.13,0.3572
105.4,9.83,0.028,6.99,0.3481
105.4,9.91,0.028,6.88,0.3397
105.4,9.99,0.027,6.77,0.3326
105.4,10.07,0.027,6.66,0.3266
105.4,10.15,0.026,6.58,0.3210
105.4,10.23,0.026,6.51,0.3165
105.4,10.31,0.026,6.47,0.3131
105.4,10.39,0.026,6.44,0.3106
105.4,10.47,0.026,6.44,0.3090
105.4,10.55,0.026,6.44,0.3081
105.4,10.63,0.026,6.46,0.3080
105.4,10.71,0.026,6.48,0.3086
105.4,10.79,0.026,6.52,0.3098
105.4,10.87,0.026,6.56,0.3114
105.4,10.95,0.026,6.60,0.3135
105.4,11.03,0.027,6.64,0.3159
105.4,11.11,0.027,6.68,0.3186
105.4,11.19,0.027,6.71,0.3215
105.4,11.28,0.027,6.74,0.3245
105.4,11.36,0.027,6.76,0.3276
105.4,11.44,0.027,6.77,0.3306
105.4,11.52,0.027,6.77,0.3336
105.4,11.60,0.027,6.75,0.3363
105.4,11.68,0.027,6.72,0.3388
105.4,11.76,0.027,6.66,0.3409
105.4,11.84,0.026,6.58,0.3425
105.4,11.92,0.026,6.48,0.3427
105.4,12.00,0.025,6.34,0.3435
110.7,0.00,0.071,17.70,
110.7,0.08,0.069,17.22,
110.7,0.16,0.067,16.78,
110.7,0.24,0.065,16.35,
110.7,0.32,0.064,15.93,
110.7,0.40,0.062,15.52,
110.7,0.48,0.060,15.12,
110.7,0.56,0.059,14.72,
110.7,0.64,0.057,14.33,
110.7,0.72,0.056,13.95,
110.7,0.81,0.054,13.58,
110.7,0.89,0.053,13.22,
110.7,0.97,0.052,12.88,
110.7,1.05,0.050,12.54,
110.7,1.13,0.049,12.22,
110.7,1.21,0.048,11.92,
110.7,1.29,0.047,11.63,
110.7,1.37,0.045,11.36,
110.7,1.45,0.044,11.10,
110.7,1.53,0.043,10.87,
110.7,1.61,0.043,10.66,
110.7,1.69,0.042,10.49,
110.7,1.77,0.042,10.39,
110.7,1.85,0.041,10.28,
110.7,1.93,0.040,10.10,
110.7,2.01,0.040,9.88,0.5371
110.7,2.09,0.039,9.72,0.5483
110.7,2.17,0.039,9.64,0.5597
110.7,2.26,0.039,9.64,0.5711
110.7,2.34,0.039,9.68,0.5823
110.7,2.42,0.039,9.73,0.5933
110.7,2.50,0.039,9.82,0.6040
110.7,2.58,0.040,9.92,0.6145
110.7,2.66,0.040,10.05,0.6246
110.7,2.74,0.041,10.19,0.6343
110.7,2.82,0.041,10.34,0.6436
110.7,2.90,0.042,10.51,0.6524
110.7,2.98,0.043,10.68,0.6607
110.7,3.06,0.043,10.87,0.6684
110.7,3.14,0.044,11.05,0.6756
110.7,3.22,0.045,11.25,0.6821
110.7,3.30,0.046,11.44,0.6879
110.7,3.38,0.047,11.63,0.6931
110.7,3.46,0.047,11.81,0.6975
110.7,3.54,0.048,11.99,0.7011
110.7,3.62,0.049,12.17,0.7038
110.7,3.70,0.049,12.36,0.7056
110.7,3.79,0.050,12.58,0.7065
110.7,3.87,0.051,12.82,0.7069
110.7,3.95,0.052,13.04,0.7075
110.7,4.03,0.053,13.16,0.7073
110.7,4.11,0.053,13.22,0.7053
110.7,4.19,0.053,13.27,0.7015
110.7,4.27,0.053,13.28,0.6961
110.7,4.35,0.053,13.26,0.6897
110.7,4.43,0.053,13.21,0.6825
110.7,4.51,0.053,13.14,0.6744
110.7,4.59,0.052,13.04,0.6658
110.7,4.67,0.052,12.93,0.6566
110.7,4.75,0.051,12.80,0.6471
110.7,4.83,0.051,12.66,0.6374
110.7,4.91,0.050,12.51,0.6276
110.7,4.99,0.049,12.35,0.6178
110.7,5.07,0.049,12.19,0.6082
110.7,5.15,0.048,12.04,0.5989
110.7,5.23,0.048,11.89,0.5900
110.7,5.32,0.047,11.75,0.5816
110.7,5.40,0.046,11.62,0.5740
110.7,5.48,0.046,11.51,0.5672
110.7,5.56,0.046,11.41,0.5614
110.7,5.64,0.045,11.35,0.5566
110.7,5.72,0.045,11.34,0.5531
110.7,5.80,0.046,11.38,0.5508
110.7,5.88,0.046,11.42,0.5498
110.7,5.96,0.046,11.43,0.5497
110.7,6.04,0.046,11.41,0.5505
110.7,6.12,0.046,11.41,0.5522
110.7,6.20,0.046,11.45,0.5548
110.7,6.28,0.046,11.50,0.5582
110.7,6.36,0.046,11.58,0.5624
110.7,6.44,0.047,11.66,0.5672
110.7,6.52,0.047,11.75,0.5727
110.7,6.60,0.047,11.85,0.5786
110.7,6.68,0.048,11.96,0.5848
110.7,6.77,0.048,12.07,0.5913
110.7,6.85,0.049,12.19,0.5980
110.7,6.93,0.049,12.30,0.6046
110.7,7.01,0.050,12.41,0.6112
110.7,7.09,0.050,12.52,0.6176
110.7,7.17,0.051,12.63,0.6237
110.7,7.25,0.051,12.73,0.6293
110.7,7.33,0.051,12.82,0.6345
110.7,7.41,0.052,12.90,0.6390
110.7,7.49,0.052,12.97,0.6428
110.7,7.57,0.052,13.03,0.6457
110.7,7.65,0.052,13.07,0.6474
110.7,7.73,0.052,13.10,0.6474
110.7,7.81,0.052,13.11,0.6456
110.7,7.89,0.052,13.11,0.6443
110.7,7.97,0.052,13.10,0.6437
110.7,8.05,0.052,13.06,0.6426
110.7,8.13,0.052,12.99,0.6390
110.7,8.21,0.052,12.89,0.6330
110.7,8.30,0.051,12.76,0.6253
110.7,8.38,0.050,12.62,0.6165
110.7,8.46,0.050,12.46,0.6065
110.7,8.54,0.049,12.28,0.5957
110.7,8.62,0.048,12.09,0.5841
110.7,8.70,0.048,11.89,0.5719
110.7,8.78,0.047,11.68,0.5591
110.7,8.86,0.046,11.46,0.5460
110.7,8.94,0.045,11.24,0.5325
110.7,9.02,0.044,11.02,0.5190
110.7,9.10,0.043,10.80,0.5055
110.7,9.18,0.042,10.58,0.4921
110.7,9.26,0.041,10.37,0.4790
110.7,9.34,0.041,10.17,0.4663
110.7,9.42,0.040,9.97,0.4541
110.7,9.50,0.039,9.79,0.4425
110.7,9.58,0.039,9.63,0.4318
110.7,9.66,0.038,9.48,0.4218
110.7,9.74,0.037,9.37,0.4124
110.7,9.83,0.037,9.28,0.4038
110.7,9.91,0.037,9.17,0.3965
110.7,9.99,0.036,9.04,0.3904
110.7,10.07,0.036,8.92,0.3854
110.7,10.15,0.035,8.81,0.3807
110.7,10.23,0.035,8.73,0.3764
110.7,10.31,0.035,8.67,0.3729
110.7,10.39,0.035,8.63,0.3703
110.7,10.47,0.034,8.60,0.3685
110.7,10.55,0.034,8.58,0.3675
110.7,10.63,0.034,8.57,0.3672
110.7,10.71,0.034,8.57,0.3675
110.7,10.79,0.034,8.58,0.3683
110.7,10.87,0.034,8.59,0.3696
110.7,10.95,0.034,8.60,0.3712
110.7,11.03,0.034,8.61,0.3731
110.7,11.11,0.034,8.62,0.3753
110.7,11.19,0.034,8.62,0.3776
110.7,11.28,0.034,8.61,0.3800
110.7,11.36,0.034,8.59,0.3823
110.7,11.44,0.034,8.56,0.3846
110.7,11.52,0.034,8.52,0.3868
110.7,11.60,0.034,8.46,0.3886
110.7,11.68,0.034,8.38,0.3895
110.7,11.76,0.033,8.27,0.3891
110.7,11.84,0.032,8.12,0.3876
110.7,11.92,0.032,7.95,0.3868
110.7,12.00,0.031,7.77,0.3880
116.1,0.00,0.074,18.39,
116.1,0.08,0.072,17.89,
116.1,0.16,0.070,17.42,
116.1,0.24,0.068,16.98,
116.1,0.32,0.066,16.57,
116.1,0.40,0.065,16.16,
116.1,0.48,0.063,15.76,
116.1,0.56,0.062,15.38,
116.1,0.64,0.060,15.00,
116.1,0.72,0.059,14.63,
116.1,0.81,0.057,14.27,
116.1,0.89,0.056,13.92,
116.1,0.97,0.054,13.58,
116.1,1.05,0.053,13.26,
116.1,1.13,0.052,12.96,
116.1,1.21,0.051,12.67,
116.1,1.29,0.050,12.39,
116.1,1.37,0.049,12.14,
116.1,1.45,0.048,11.91,
116.1,1.53,0.047,11.74,
116.1,1.61,0.046,11.62,
116.1,1.69,0.046,11.56,
116.1,1.77,0.046,11.45,
116.1,1.85,0.045,11.25,
116.1,1.93,0.044,11.01,
116.1,2.01,0.043,10.75,0.5550
116.1,2.09,0.042,10.54,0.5662
116.1,2.17,0.042,10.43,0.5775
116.1,2.26,0.042,10.40,0.5889
116.1,2.34,0.042,10.44,0.6002
116.1,2.42,0.042,10.51,0.6114
116.1,2.50,0.042,10.61,0.6222
116.1,2.58,0.043,10.72,0.6327
116.1,2.66,0.043,10.85,0.6429
116.1,2.74,0.044,11.00,0.6526
116.1,2.82,0.045,11.16,0.6619
116.1,2.90,0.045,11.33,0.6706
116.1,2.98,0.046,11.51,0.6789
116.1,3.06,0.047,11.69,0.6865
116.1,3.14,0.048,11.88,0.6936
116.1,3.22,0.048,12.07,0.7000
116.1,3.30,0.049,12.26,0.7056
116.1,3.38,0.050,12.44,0.7106
116.1,3.46,0.051,12.64,0.7147
116.1,3.54,0.051,12.86,0.7180
116.1,3.62,0.052,13.10,0.7203
116.1,3.70,0.053,13.36,0.7217
116.1,3.79,0.055,13.65,0.7231
116.1,3.87,0.056,13.94,0.7247
116.1,3.95,0.057,14.16,0.7258
116.1,4.03,0.057,14.27,0.7261
116.1,4.11,0.057,14.33,0.7247
116.1,4.19,0.057,14.37,0.7214
116.1,4.27,0.058,14.38,0.7166
116.1,4.35,0.058,14.38,0.7104
116.1,4.43,0.057,14.34,0.7034
116.1,4.51,0.057,14.29,0.6957
116.1,4.59,0.057,14.21,0.6875
116.1,4.67,0.056,14.12,0.6789
116.1,4.75,0.056,14.01,0.6700
116.1,4.83,0.056,13.90,0.6610
116.1,4.91,0.055,13.78,0.6520
116.1,4.99,0.055,13.65,0.6431
116.1,5.07,0.054,13.53,0.6344
116.1,5.15,0.054,13.41,0.6262
116.1,5.23,0.053,13.30,0.6184
116.1,5.32,0.053,13.20,0.6113
116.1,5.40,0.052,13.12,0.6050
116.1,5.48,0.052,13.07,0.5996
116.1,5.56,0.052,13.07,0.5952
116.1,5.64,0.052,13.12,0.5920
116.1,5.72,0.053,13.22,0.5901
116.1,5.80,0.053,13.29,0.5893
116.1,5.88,0.053,13.32,0.5894
116.1,5.96,0.053,13.32,0.5903
116.1,6.04,0.053,13.30,0.5920
116.1,6.12,0.053,13.31,0.5945
116.1,6.20,0.053,13.34,0.5979
116.1,6.28,0.054,13.40,0.6020
116.1,6.36,0.054,13.49,0.6067
116.1,6.44,0.054,13.58,0.6121
116.1,6.52,0.055,13.68,0.6179
116.1,6.60,0.055,13.79,0.6242
116.1,6.68,0.056,13.90,0.6307
116.1,6.77,0.056,14.02,0.6374
116.1,6.85,0.057,14.14,0.6441
116.1,6.93,0.057,14.26,0.6508
116.1,7.01,0.057,14.37,0.6574
116.1,7.09,0.058,14.48,0.6636
116.1,7.17,0.058,14.59,0.6695
116.1,7.25,0.059,14.69,0.6750
116.1,7.33,0.059,14.78,0.6798
116.1,7.41,0.059,14.86,0.6838
116.1,7.49,0.060,14.92,0.6866
116.1,7.57,0.060,14.98,0.6878
116.1,7.65,0.060,15.02,0.6872
116.1,7.73,0.060,15.05,0.6853
116.1,7.81,0.060,15.07,0.6844
116.1,7.89,0.060,15.08,0.6844
116.1,7.97,0.060,15.06,0.6846
116.1,8.05,0.060,15.02,0.6843
116.1,8.13,0.060,14.95,0.6815
116.1,8.21,0.059,14.85,0.6764
116.1,8.30,0.059,14.73,0.6691
116.1,8.38,0.058,14.59,0.6603
116.1,8.46,0.058,14.43,0.6505
116.1,8.54,0.057,14.26,0.6398
116.1,8.62,0.056,14.08,0.6285
116.1,8.70,0.056,13.89,0.6166
116.1,8.78,0.055,13.69,0.6042
116.1,8.86,0.054,13.48,0.5916
116.1,8.94,0.053,13.28,0.5788
116.1,9.02,0.052,13.07,0.5660
116.1,9.10,0.051,12.87,0.5532
116.1,9.18,0.051,12.67,0.5407
116.1,9.26,0.050,12.48,0.5285
116.1,9.34,0.049,12.29,0.5169
116.1,9.42,0.048,12.12,0.5057
116.1,9.50,0.048,11.98,0.4950
116.1,9.58,0.047,11.85,0.4849
116.1,9.66,0.047,11.76,0.4753
116.1,9.74,0.047,11.68,0.4666
116.1,9.83,0.046,11.58,0.4592
116.1,9.91,0.046,11.45,0.4529
116.1,9.99,0.045,11.31,0.4477
116.1,10.07,0.045,11.17,0.4435
116.1,10.15,0.044,11.05,0.4396
116.1,10.23,0.044,10.96,0.4361
116.1,10.31,0.044,10.88,0.4328
116.1,10.39,0.043,10.81,0.4302
116.1,10.47,0.043,10.76,0.4283
116.1,10.55,0.043,10.72,0.4271
116.1,10.63,0.043,10.69,0.4266
116.1,10.71,0.043,10.67,0.4266
116.1,10.79,0.043,10.65,0.4271
116.1,10.87,0.043,10.63,0.4280
116.1,10.95,0.042,10.61,0.4292
116.1,11.03,0.042,10.59,0.4306
116.1,11.11,0.042,10.56,0.4322
116.1,11.19,0.042,10.53,0.4340
116.1,11.28,0.042,10.49,0.4357
116.1,11.36,0.042,10.43,0.4374
116.1,11.44,0.041,10.36,0.4387
116.1,11.52,0.041,10.27,0.4390
116.1,11.60,0.041,10.16,0.4381
116.1,11.68,0.040,10.02,0.4358
116.1,11.76,0.039,9.85,0.4330
116.1,11.84,0.039,9.64,0.4308
116.1,11.92,0.038,9.41,0.4301
116.1,12.00,0.037,9.20,0.4317
121.5,0.00,0.076,19.12,
121.5,0.08,0.074,18.61,
121.5,0.16,0.073,18.13,
121.5,0.24,0.071,17.68,
121.5,0.32,0.069,17.25,
121.5,0.40,0.067,16.85,
121.5,0.48,0.066,16.46,
121.5,0.56,0.064,16.08,
121.5,0.64,0.063,15.71,
121.5,0.72,0.061,15.36,
121.5,0.81,0.060,15.01,
121.5,0.89,0.059,14.67,
121.5,0.97,0.057,14.35,
121.5,1.05,0.056,14.04,
121.5,1.13,0.055,13.75,
121.5,1.21,0.054,13.48,
121.5,1.29,0.053,13.25,
121.5,1.37,0.052,13.06,
121.5,1.45,0.052,12.92,
121.5,1.53,0.051,12.84,
121.5,1.61,0.051,12.81,
121.5,1.69,0.051,12.70,
121.5,1.77,0.050,12.49,
121.5,1.85,0.049,12.23,
121.5,1.93,0.048,11.94,
121.5,2.01,0.047,11.64,0.5728
121.5,2.09,0.046,11.41,0.5839
121.5,2.17,0.045,11.26,0.5952
121.5,2.26,0.045,11.20,0.6065
121.5,2.34,0.045,11.21,0.6178
121.5,2.42,0.045,11.28,0.6290
121.5,2.50,0.046,11.38,0.6399
121.5,2.58,0.046,11.50,0.6505
121.5,2.66,0.047,11.64,0.6606
121.5,2.74,0.047,11.79,0.6703
121.5,2.82,0.048,11.95,0.6796
121.5,2.90,0.049,12.13,0.6883
121.5,2.98,0.049,12.30,0.6964
121.5,3.06,0.050,12.49,0.7040
121.5,3.14,0.051,12.67,0.7109
121.5,3.22,0.051,12.86,0.7171
121.5,3.30,0.052,13.07,0.7225
121.5,3.38,0.053,13.30,0.7271
121.5,3.46,0.054,13.55,0.7308
121.5,3.54,0.055,13.83,0.7335
121.5,3.62,0.057,14.14,0.7356
121.5,3.70,0.058,14.46,0.7378
121.5,3.79,0.059,14.80,0.7403
121.5,3.87,0.060,15.11,0.7426
121.5,3.95,0.061,15.32,0.7442
121.5,4.03,0.062,15.42,0.7450
121.5,4.11,0.062,15.48,0.7440
121.5,4.19,0.062,15.52,0.7413
121.5,4.27,0.062,15.54,0.7370
121.5,4.35,0.062,15.54,0.7314
121.5,4.43,0.062,15.52,0.7248
121.5,4.51,0.062,15.48,0.7175
121.5,4.59,0.062,15.43,0.7097
121.5,4.67,0.061,15.36,0.7016
121.5,4.75,0.061,15.28,0.6934
121.5,4.83,0.061,15.19,0.6850
121.5,4.91,0.060,15.10,0.6768
121.5,4.99,0.060,15.00,0.6688
121.5,5.07,0.060,14.92,0.6611
121.5,5.15,0.059,14.83,0.6539
121.5,5.23,0.059,14.77,0.6473
121.5,5.32,0.059,14.74,0.6414
121.5,5.40,0.059,14.74,0.6364
121.5,5.48,0.059,14.80,0.6324
121.5,5.56,0.060,14.91,0.6296
121.5,5.64,0.060,15.04,0.6280
121.5,5.72,0.061,15.14,0.6274
121.5,5.80,0.061,15.20,0.6277
121.5,5.88,0.061,15.23,0.6287
121.5,5.96,0.061,15.23,0.6304
121.5,6.04,0.061,15.21,0.6329
121.5,6.12,0.061,15.22,0.6362
121.5,6.20,0.061,15.26,0.6403
121.5,6.28,0.061,15.32,0.6450
121.5,6.36,0.062,15.40,0.6504
121.5,6.44,0.062,15.50,0.6562
121.5,6.52,0.062,15.62,0.6624
121.5,6.60,0.063,15.73,0.6690
121.5,6.68,0.063,15.85,0.6757
121.5,6.77,0.064,15.97,0.6826
121.5,6.85,0.064,16.10,0.6894
121.5,6.93,0.065,16.22,0.6961
121.5,7.01,0.065,16.33,0.7026
121.5,7.09,0.066,16.45,0.7087
121.5,7.17,0.066,16.55,0.7144
121.5,7.25,0.067,16.65,0.7193
121.5,7.33,0.067,16.74,0.7230
121.5,7.41,0.067,16.81,0.7254
121.5,7.49,0.068,16.88,0.7261
121.5,7.57,0.068,16.93,0.7250
121.5,7.65,0.068,16.98,0.7234
121.5,7.73,0.068,17.01,0.7229
121.5,7.81,0.068,17.04,0.7234
121.5,7.89,0.068,17.05,0.7242
121.5,7.97,0.068,17.04,0.7251
121.5,8.05,0.068,17.00,0.7256
121.5,8.13,0.068,16.94,0.7235
121.5,8.21,0.067,16.84,0.7190
121.5,8.30,0.067,16.73,0.7124
121.5,8.38,0.066,16.59,0.7042
121.5,8.46,0.066,16.44,0.6945
121.5,8.54,0.065,16.27,0.6841
121.5,8.62,0.064,16.10,0.6730
121.5,8.70,0.064,15.91,0.6615
121.5,8.78,0.063,15.73,0.6496
121.5,8.86,0.062,15.54,0.6375
121.5,8.94,0.061,15.34,0.6253
121.5,9.02,0.061,15.15,0.6132
121.5,9.10,0.060,14.97,0.6012
121.5,9.18,0.059,14.79,0.5896
121.5,9.26,0.058,14.62,0.5782
121.5,9.34,0.058,14.47,0.5671
121.5,9.42,0.057,14.35,0.5564
121.5,9.50,0.057,14.25,0.5462
121.5,9.58,0.057,14.18,0.5366
121.5,9.66,0.056,14.10,0.5279
121.5,9.74,0.056,14.00,0.5205
121.5,9.83,0.055,13.87,0.5140
121.5,9.91,0.055,13.73,0.5085
121.5,9.99,0.054,13.58,0.5042
121.5,10.07,0.054,13.42,0.5007
121.5,10.15,0.053,13.29,0.4975
121.5,10.23,0.053,13.18,0.4945
121.5,10.31,0.052,13.08,0.4918
121.5,10.39,0.052,13.00,0.4895
121.5,10.47,0.052,12.93,0.4875
121.5,10.55,0.051,12.87,0.4862
121.5,10.63,0.051,12.82,0.4854
121.5,10.71,0.051,12.77,0.4852
121.5,10.79,0.051,12.72,0.4853
121.5,10.87,0.051,12.68,0.4859
121.5,10.95,0.051,12.63,0.4867
121.5,11.03,0.050,12.58,0.4877
121.5,11.11,0.050,12.52,0.4888
121.5,11.19,0.050,12.45,0.4898
121.5,11.28,0.049,12.37,0.4904
121.5,11.36,0.049,12.27,0.4902
121.5,11.44,0.049,12.15,0.4889
121.5,11.52,0.048,12.01,0.4863
121.5,11.60,0.047,11.84,0.4824
121.5,11.68,0.047,11.64,0.4785
121.5,11.76,0.046,11.40,0.4752
121.5,11.84,0.045,11.14,0.4729
121.5,11.92,0.044,10.89,0.4725
121.5,12.00,0.043,10.65,0.4745
126.8,0.00,0.080,19.92,
126.8,0.08,0.078,19.40,
126.8,0.16,0.076,18.92,
126.8,0.24,0.074,18.46,
126.8,0.32,0.072,18.03,
126.8,0.40,0.071,17.63,
126.8,0.48,0.069,17.24,
126.8,0.56,0.067,16.87,
126.8,0.64,0.066,16.52,
126.8,0.72,0.065,16.17,
126.8,0.81,0.063,15.84,
126.8,0.89,0.062,15.52,
126.8,0.97,0.061,15.21,
126.8,1.05,0.060,14.93,
126.8,1.13,0.059,14.68,
126.8,1.21,0.058,14.48,
126.8,1.29,0.057,14.32,
126.8,1.37,0.057,14.22,
126.8,1.45,0.057,14.18,
126.8,1.53,0.057,14.15,
126.8,1.61,0.056,14.03,
126.8,1.69,0.055,13.82,
126.8,1.77,0.054,13.54,
126.8,1.85,0.053,13.24,
126.8,1.93,0.052,12.92,
126.8,2.01,0.050,12.58,0.5905
126.8,2.09,0.049,12.32,0.6015
126.8,2.17,0.049,12.15,0.6127
126.8,2.26,0.048,12.06,0.6240
126.8,2.34,0.048,12.05,0.6352
126.8,2.42,0.048,12.09,0.6463
126.8,2.50,0.049,12.19,0.6572
126.8,2.58,0.049,12.31,0.6677
126.8,2.66,0.050,12.45,0.6779
126.8,2.74,0.050,12.61,0.6876
126.8,2.82,0.051,12.77,0.6967
126.8,2.90,0.052,12.94,0.7053
126.8,2.98,0.052,13.12,0.7134
126.8,3.06,0.053,13.31,0.7207
126.8,3.14,0.054,13.52,0.7274
126.8,3.22,0.055,13.75,0.7332
126.8,3.30,0.056,14.00,0.7383
126.8,3.38,0.057,14.28,0.7424
126.8,3.46,0.058,14.59,0.7455
126.8,3.54,0.060,14.93,0.7483
126.8,3.62,0.061,15.28,0.7514
126.8,3.70,0.063,15.66,0.7547
126.8,3.79,0.064,16.03,0.7579
126.8,3.87,0.065,16.33,0.7606
126.8,3.95,0.066,16.54,0.7626
126.8,4.03,0.067,16.64,0.7638
126.8,4.11,0.067,16.70,0.7633
126.8,4.19,0.067,16.74,0.7610
126.8,4.27,0.067,16.76,0.7572
126.8,4.35,0.067,16.77,0.7521
126.8,4.43,0.067,16.76,0.7461
126.8,4.51,0.067,16.74,0.7393
126.8,4.59,0.067,16.70,0.7319
126.8,4.67,0.067,16.66,0.7244
126.8,4.75,0.066,16.60,0.7167
126.8,4.83,0.066,16.54,0.7091
126.8,4.91,0.066,16.48,0.7017
126.8,4.99,0.066,16.42,0.6945
126.8,5.07,0.066,16.38,0.6878
126.8,5.15,0.065,16.36,0.6816
126.8,5.23,0.066,16.38,0.6762
126.8,5.32,0.066,16.43,0.6716
126.8,5.40,0.066,16.54,0.6681
126.8,5.48,0.067,16.71,0.6657
126.8,5.56,0.067,16.87,0.6643
126.8,5.64,0.068,16.99,0.6640
126.8,5.72,0.068,17.08,0.6645
126.8,5.80,0.069,17.13,0.6656
126.8,5.88,0.069,17.16,0.6674
126.8,5.96,0.069,17.16,0.6699
126.8,6.04,0.069,17.14,0.6730
126.8,6.12,0.069,17.15,0.6770
126.8,6.20,0.069,17.19,0.6817
126.8,6.28,0.069,17.26,0.6870
126.8,6.36,0.069,17.34,0.6929
126.8,6.44,0.070,17.45,0.6992
126.8,6.52,0.070,17.56,0.7058
126.8,6.60,0.071,17.69,0.7126
126.8,6.68,0.071,17.81,0.7195
126.8,6.77,0.072,17.94,0.7265
126.8,6.85,0.072,18.06,0.7334
126.8,6.93,0.073,18.19,0.7401
126.8,7.01,0.073,18.30,0.7464
126.8,7.09,0.074,18.42,0.7520
126.8,7.17,0.074,18.52,0.7566
126.8,7.25,0.074,18.62,0.7601
126.8,7.33,0.075,18.71,0.7621
126.8,7.41,0.075,18.78,0.7623
126.8,7.49,0.075,18.85,0.7608
126.8,7.57,0.076,18.90,0.7598
126.8,7.65,0.076,18.95,0.7597
126.8,7.73,0.076,19.00,0.7606
126.8,7.81,0.076,19.03,0.7619
126.8,7.89,0.076,19.05,0.7633
126.8,7.97,0.076,19.04,0.7649
126.8,8.05,0.076,19.01,0.7660
126.8,8.13,0.076,18.94,0.7645
126.8,8.21,0.075,18.86,0.7606
126.8,8.30,0.075,18.74,0.7546
126.8,8.38,0.074,18.62,0.7470
126.8,8.46,0.074,18.47,0.7379
126.8,8.54,0.073,18.31,0.7278
126.8,8.62,0.073,18.15,0.7170
126.8,8.70,0.072,17.97,0.7058
126.8,8.78,0.071,17.80,0.6944
126.8,8.86,0.070,17.62,0.6828
126.8,8.94,0.070,17.44,0.6713
126.8,9.02,0.069,17.27,0.6598
126.8,9.10,0.068,17.11,0.6484
126.8,9.18,0.068,16.96,0.6372
126.8,9.26,0.067,16.84,0.6263
126.8,9.34,0.067,16.73,0.6157
126.8,9.42,0.067,16.65,0.6056
126.8,9.50,0.066,16.60,0.5960
126.8,9.58,0.066,16.53,0.5875
126.8,9.66,0.066,16.43,0.5801
126.8,9.74,0.065,16.31,0.5735
126.8,9.83,0.065,16.17,0.5678
126.8,9.91,0.064,16.01,0.5631
126.8,9.99,0.063,15.85,0.5595
126.8,10.07,0.063,15.68,0.5567
126.8,10.15,0.062,15.53,0.5540
126.8,10.23,0.062,15.41,0.5515
126.8,10.31,0.061,15.29,0.5492
126.8,10.39,0.061,15.19,0.5471
126.8,10.47,0.060,15.10,0.5454
126.8,10.55,0.060,15.02,0.5439
126.8,10.63,0.060,14.94,0.5430
126.8,10.71,0.059,14.87,0.5425
126.8,10.79,0.059,14.80,0.5424
126.8,10.87,0.059,14.73,0.5425
126.8,10.95,0.059,14.65,0.5429
126.8,11.03,0.058,14.57,0.5432
126.8,11.11,0.058,14.48,0.5432
126.8,11.19,0.057,14.37,0.5425
126.8,11.28,0.057,14.24,0.5409
126.8,11.36,0.056,14.10,0.5381
126.8,11.44,0.056,13.93,0.5340
126.8,11.52,0.055,13.73,0.5287
126.8,11.60,0.054,13.50,0.5239
126.8,11.68,0.053,13.23,0.5196
126.8,11.76,0.052,12.95,0.5160
126.8,11.84,0.051,12.66,0.5140
126.8,11.92,0.050,12.39,0.5139
126.8,12.00,0.048,12.12,0.5161
132.2,0.00,0.083,20.80,
132.2,0.08,0.081,20.28,
132.2,0.16,0.079,19.80,
132.2,0.24,0.077,19.34,
132.2,0.32,0.076,18.92,
132.2,0.40,0.074,18.52,
132.2,0.48,0.073,18.14,
132.2,0.56,0.071,17.78,
132.2,0.64,0.070,17.43,
132.2,0.72,0.068,17.10,
132.2,0.81,0.067,16.78,
132.2,0.89,0.066,16.49,
132.2,0.97,0.065,16.23,
132.2,1.05,0.064,16.00,
132.2,1.13,0.063,15.82,
132.2,1.21,0.063,15.70,
132.2,1.29,0.063,15.63,
132.2,1.37,0.063,15.63,
132.2,1.45,0.062,15.59,
132.2,1.53,0.062,15.45,
132.2,1.61,0.061,15.23,
132.2,1.69,0.060,14.95,
132.2,1.77,0.059,14.63,
132.2,1.85,0.057,14.29,
132.2,1.93,0.056,13.94,
132.2,2.01,0.054,13.58,0.6079
132.2,2.09,0.053,13.28,0.6188
132.2,2.17,0.052,13.09,0.6300
132.2,2.26,0.052,12.98,0.6411
132.2,2.34,0.052,12.95,0.6523
132.2,2.42,0.052,12.99,0.6633
132.2,2.50,0.052,13.07,0.6741
132.2,2.58,0.053,13.18,0.6846
132.2,2.66,0.053,13.32,0.6947
132.2,2.74,0.054,13.48,0.7043
132.2,2.82,0.055,13.64,0.7134
132.2,2.90,0.055,13.82,0.7218
132.2,2.98,0.056,14.02,0.7296
132.2,3.06,0.057,14.24,0.7366
132.2,3.14,0.058,14.48,0.7429
132.2,3.22,0.059,14.75,0.7483
132.2,3.30,0.060,15.05,0.7528
132.2,3.38,0.062,15.38,0.7564
132.2,3.46,0.063,15.74,0.7599
132.2,3.54,0.064,16.12,0.7637
132.2,3.62,0.066,16.53,0.7677
132.2,3.70,0.068,16.94,0.7718
132.2,3.79,0.069,17.31,0.7754
132.2,3.87,0.070,17.61,0.7785
132.2,3.95,0.071,17.82,0.7808
132.2,4.03,0.072,17.92,0.7824
132.2,4.11,0.072,17.99,0.7823
132.2,4.19,0.072,18.03,0.7804
132.2,4.27,0.072,18.06,0.7771
132.2,4.35,0.072,18.08,0.7725
132.2,4.43,0.072,18.08,0.7669
132.2,4.51,0.072,18.08,0.7606
132.2,4.59,0.072,18.06,0.7538
132.2,4.67,0.072,18.04,0.7468
132.2,4.75,0.072,18.01,0.7398
132.2,4.83,0.072,17.98,0.7329
132.2,4.91,0.072,17.96,0.7262
132.2,4.99,0.072,17.95,0.7200
132.2,5.07,0.072,17.98,0.7143
132.2,5.15,0.072,18.04,0.7094
132.2,5.23,0.073,18.15,0.7053
132.2,5.32,0.073,18.31,0.7021
132.2,5.40,0.074,18.52,0.7001
132.2,5.48,0.075,18.70,0.6991
132.2,5.56,0.075,18.84,0.6990
132.2,5.64,0.076,18.95,0.6996
132.2,5.72,0.076,19.03,0.7010
132.2,5.80,0.076,19.08,0.7028
132.2,5.88,0.076,19.11,0.7053
132.2,5.96,0.076,19.11,0.7083
132.2,6.04,0.076,19.10,0.7121
132.2,6.12,0.076,19.11,0.7167
132.2,6.20,0.077,19.15,0.7219
132.2,6.28,0.077,19.22,0.7277
132.2,6.36,0.077,19.31,0.7340
132.2,6.44,0.078,19.41,0.7407
132.2,6.52,0.078,19.53,0.7476
132.2,6.60,0.079,19.66,0.7546
132.2,6.68,0.079,19.79,0.7618
132.2,6.77,0.080,19.92,0.7688
132.2,6.85,0.080,20.05,0.7756
132.2,6.93,0.081,20.17,0.7819
132.2,7.01,0.081,20.29,0.7874
132.2,7.09,0.082,20.41,0.7918
132.2,7.17,0.082,20.51,0.7950
132.2,7.25,0.082,20.61,0.7966
132.2,7.33,0.083,20.69,0.7964
132.2,7.41,0.083,20.76,0.7949
132.2,7.49,0.083,20.83,0.7944
132.2,7.57,0.084,20.90,0.7948
132.2,7.65,0.084,20.96,0.7960
132.2,7.73,0.084,21.01,0.7978
132.2,7.81,0.084,21.05,0.7996
132.2,7.89,0.084,21.07,0.8016
132.2,7.97,0.084,21.06,0.8037
132.2,8.05,0.084,21.03,0.8053
132.2,8.13,0.084,20.98,0.8043
132.2,8.21,0.084,20.90,0.8009
132.2,8.30,0.083,20.79,0.7955
132.2,8.38,0.083,20.67,0.7883
132.2,8.46,0.082,20.54,0.7797
132.2,8.54,0.082,20.39,0.7701
132.2,8.62,0.081,20.23,0.7597
132.2,8.70,0.080,20.07,0.7489
132.2,8.78,0.080,19.91,0.7379
132.2,8.86,0.079,19.75,0.7269
132.2,8.94,0.078,19.59,0.7158
132.2,9.02,0.078,19.45,0.7048
132.2,9.10,0.077,19.32,0.6939
132.2,9.18,0.077,19.22,0.6832
132.2,9.26,0.077,19.13,0.6728
132.2,9.34,0.076,19.08,0.6627
132.2,9.42,0.076,19.04,0.6534
132.2,9.50,0.076,18.97,0.6451
132.2,9.58,0.076,18.88,0.6378
132.2,9.66,0.075,18.76,0.6313
132.2,9.74,0.074,18.62,0.6255
132.2,9.83,0.074,18.47,0.6205
132.2,9.91,0.073,18.30,0.6164
132.2,9.99,0.072,18.12,0.6133
132.2,10.07,0.072,17.94,0.6110
132.2,10.15,0.071,17.78,0.6088
132.2,10.23,0.071,17.63,0.6066
132.2,10.31,0.070,17.50,0.6045
132.2,10.39,0.070,17.39,0.6027
132.2,10.47,0.069,17.28,0.6010
132.2,10.55,0.069,17.17,0.5996
132.2,10.63,0.068,17.08,0.5986
132.2,10.71,0.068,16.98,0.5978
132.2,10.79,0.068,16.89,0.5974
132.2,10.87,0.067,16.79,0.5970
132.2,10.95,0.067,16.68,0.5963
132.2,11.03,0.066,16.56,0.5952
132.2,11.11,0.066,16.43,0.5933
132.2,11.19,0.065,16.28,0.5905
132.2,11.28,0.064,16.11,0.5864
132.2,11.36,0.064,15.91,0.5808
132.2,11.44,0.063,15.68,0.5746
132.2,11.52,0.062,15.43,0.5689
132.2,11.60,0.061,15.14,0.5638
132.2,11.68,0.059,14.83,0.5592
132.2,11.76,0.058,14.52,0.5557
132.2,11.84,0.057,14.21,0.5539
132.2,11.92,0.056,13.91,0.5541
132.2,12.00,0.055,13.63,0.5564
137.6,0.00,0.087,21.78,
137.6,0.08,0.085,21.26,
137.6,0.16,0.083,20.79,
137.6,0.24,0.081,20.34,
137.6,0.32,0.080,19.92,
137.6,0.40,0.078,19.53,
137.6,0.48,0.077,19.17,
137.6,0.56,0.075,18.82,
137.6,0.64,0.074,18.49,
137.6,0.72,0.073,18.18,
137.6,0.81,0.072,17.90,
137.6,0.89,0.071,17.65,
137.6,0.97,0.070,17.45,
137.6,1.05,0.069,17.29,
137.6,1.13,0.069,17.20,
137.6,1.21,0.069,17.17,
137.6,1.29,0.069,17.18,
137.6,1.37,0.068,17.12,
137.6,1.45,0.068,16.97,
137.6,1.53,0.067,16.75,
137.6,1.61,0.066,16.46,
137.6,1.69,0.064,16.12,
137.6,1.77,0.063,15.77,
137.6,1.85,0.062,15.40,
137.6,1.93,0.060,15.02,
137.6,2.01,0.059,14.64,0.6251
137.6,2.09,0.057,14.32,0.6359
137.6,2.17,0.056,14.11,0.6469
137.6,2.26,0.056,13.99,0.6580
137.6,2.34,0.056,13.95,0.6690
137.6,2.42,0.056,13.97,0.6800
137.6,2.50,0.056,14.04,0.6907
137.6,2.58,0.057,14.16,0.7011
137.6,2.66,0.057,14.29,0.7111
137.6,2.74,0.058,14.45,0.7206
137.6,2.82,0.058,14.62,0.7294
137.6,2.90,0.059,14.82,0.7375
137.6,2.98,0.060,15.04,0.7450
137.6,3.06,0.061,15.29,0.7516
137.6,3.14,0.062,15.56,0.7573
137.6,3.22,0.064,15.88,0.7621
137.6,3.30,0.065,16.23,0.7662
137.6,3.38,0.066,16.60,0.7705
137.6,3.46,0.068,17.00,0.7750
137.6,3.54,0.070,17.42,0.7796
137.6,3.62,0.071,17.86,0.7843
137.6,3.70,0.073,18.29,0.7888
137.6,3.79,0.075,18.66,0.7928
137.6,3.87,0.076,18.96,0.7961
137.6,3.95,0.077,19.17,0.7988
137.6,4.03,0.077,19.28,0.8006
137.6,4.11,0.077,19.35,0.8009
137.6,4.19,0.078,19.40,0.7994
137.6,4.27,0.078,19.45,0.7964
137.6,4.35,0.078,19.48,0.7923
137.6,4.43,0.078,19.50,0.7872
137.6,4.51,0.078,19.51,0.7814
137.6,4.59,0.078,19.51,0.7751
137.6,4.67,0.078,19.51,0.7686
137.6,4.75,0.078,19.52,0.7623
137.6,4.83,0.078,19.53,0.7561
137.6,4.91,0.078,19.57,0.7504
137.6,4.99,0.079,19.64,0.7453
137.6,5.07,0.079,19.74,0.7408
137.6,5.15,0.080,19.90,0.7372
137.6,5.23,0.080,20.11,0.7345
137.6,5.32,0.081,20.35,0.7329
137.6,5.40,0.082,20.55,0.7322
137.6,5.48,0.083,20.71,0.7323
137.6,5.56,0.083,20.83,0.7331
137.6,5.64,0.084,20.93,0.7346
137.6,5.72,0.084,21.01,0.7366
137.6,5.80,0.084,21.06,0.7390
137.6,5.88,0.084,21.08,0.7420
137.6,5.96,0.084,21.09,0.7457
137.6,6.04,0.084,21.07,0.7500
137.6,6.12,0.084,21.09,0.7550
137.6,6.20,0.085,21.13,0.7607
137.6,6.28,0.085,21.20,0.7669
137.6,6.36,0.085,21.30,0.7735
137.6,6.44,0.086,21.41,0.7804
137.6,6.52,0.086,21.53,0.7875
137.6,6.60,0.087,21.66,0.7948
137.6,6.68,0.087,21.80,0.8020
137.6,6.77,0.088,21.93,0.8088
137.6,6.85,0.088,22.06,0.8151
137.6,6.93,0.089,22.18,0.8205
137.6,7.01,0.089,22.30,0.8247
137.6,7.09,0.090,22.41,0.8276
137.6,7.17,0.090,22.52,0.8289
137.6,7.25,0.090,22.61,0.8282
137.6,7.33,0.091,22.69,0.8272
137.6,7.41,0.091,22.77,0.8271
137.6,7.49,0.091,22.84,0.8279
137.6,7.57,0.092,22.92,0.8295
137.6,7.65,0.092,22.98,0.8317
137.6,7.73,0.092,23.04,0.8340
137.6,7.81,0.092,23.09,0.8363
137.6,7.89,0.092,23.11,0.8388
137.6,7.97,0.092,23.11,0.8413
137.6,8.05,0.092,23.09,0.8433
137.6,8.13,0.092,23.04,0.8427
137.6,8.21,0.092,22.97,0.8397
137.6,8.30,0.091,22.87,0.8346
137.6,8.38,0.091,22.76,0.8279
137.6,8.46,0.091,22.64,0.8197
137.6,8.54,0.090,22.50,0.8104
137.6,8.62,0.089,22.36,0.8004
137.6,8.70,0.089,22.21,0.7900
137.6,8.78,0.088,22.06,0.7795
137.6,8.86,0.088,21.93,0.7689
137.6,8.94,0.087,21.80,0.7583
137.6,9.02,0.087,21.70,0.7478
137.6,9.10,0.086,21.61,0.7374
137.6,9.18,0.086,21.55,0.7273
137.6,9.26,0.086,21.53,0.7174
137.6,9.34,0.086,21.49,0.7085
137.6,9.42,0.086,21.43,0.7005
137.6,9.50,0.085,21.34,0.6934
137.6,9.58,0.085,21.22,0.6870
137.6,9.66,0.084,21.09,0.6812
137.6,9.74,0.084,20.93,0.6760
137.6,9.83,0.083,20.76,0.6715
137.6,9.91,0.082,20.58,0.6679
137.6,9.99,0.082,20.39,0.6653
137.6,10.07,0.081,20.20,0.6634
137.6,10.15,0.080,20.02,0.6615
137.6,10.23,0.079,19.87,0.6596
137.6,10.31,0.079,19.72,0.6577
137.6,10.39,0.078,19.58,0.6559
137.6,10.47,0.078,19.46,0.6542
137.6,10.55,0.077,19.33,0.6527
137.6,10.63,0.077,19.22,0.6515
137.6,10.71,0.076,19.10,0.6504
137.6,10.79,0.076,18.97,0.6492
137.6,10.87,0.075,18.84,0.6478
137.6,10.95,0.075,18.70,0.6457
137.6,11.03,0.074,18.54,0.6428
137.6,11.11,0.073,18.37,0.6388
137.6,11.19,0.073,18.17,0.6334
137.6,11.28,0.072,17.95,0.6265
137.6,11.36,0.071,17.70,0.6197
137.6,11.44,0.070,17.42,0.6133
137.6,11.52,0.068,17.11,0.6074
137.6,11.60,0.067,16.79,0.6020
137.6,11.68,0.066,16.45,0.5973
137.6,11.76,0.064,16.12,0.5940
137.6,11.84,0.063,15.80,0.5924
137.6,11.92,0.062,15.48,0.5928
137.6,12.00,0.061,15.18,0.5953
143.0,0.00,0.091,22.87,
143.0,0.08,0.089,22.37,
143.0,0.16,0.088,21.90,
143.0,0.24,0.086,21.47,
143.0,0.32,0.084,21.07,
143.0,0.40,0.083,20.69,
143.0,0.48,0.081,20.35,
143.0,0.56,0.080,20.02,
143.0,0.64,0.079,19.72,
143.0,0.72,0.078,19.45,
143.0,0.81,0.077,19.21,
143.0,0.89,0.076,19.03,
143.0,0.97,0.076,18.90,
143.0,1.05,0.075,18.83,
143.0,1.13,0.075,18.83,
143.0,1.21,0.075,18.84,
143.0,1.29,0.075,18.77,
143.0,1.37,0.074,18.60,
143.0,1.45,0.073,18.36,
143.0,1.53,0.072,18.06,
143.0,1.61,0.071,17.72,
143.0,1.69,0.069,17.35,
143.0,1.77,0.068,16.97,
143.0,1.85,0.066,16.58,
143.0,1.93,0.065,16.18,
143.0,2.01,0.063,15.78,0.6419
143.0,2.09,0.062,15.45,0.6527
143.0,2.17,0.061,15.22,0.6636
143.0,2.26,0.060,15.09,0.6745
143.0,2.34,0.060,15.04,0.6854
143.0,2.42,0.060,15.06,0.6963
143.0,2.50,0.061,15.13,0.7069
143.0,2.58,0.061,15.24,0.7172
143.0,2.66,0.062,15.38,0.7270
143.0,2.74,0.062,15.54,0.7362
143.0,2.82,0.063,15.73,0.7447
143.0,2.90,0.064,15.94,0.7524
143.0,2.98,0.065,16.19,0.7593
143.0,3.06,0.066,16.47,0.7653
143.0,3.14,0.067,16.79,0.7704
143.0,3.22,0.069,17.14,0.7751
143.0,3.30,0.070,17.52,0.7801
143.0,3.38,0.072,17.93,0.7852
143.0,3.46,0.073,18.36,0.7904
143.0,3.54,0.075,18.82,0.7957
143.0,3.62,0.077,19.28,0.8009
143.0,3.70,0.079,19.71,0.8056
143.0,3.79,0.080,20.08,0.8098
143.0,3.87,0.082,20.38,0.8134
143.0,3.95,0.082,20.60,0.8163
143.0,4.03,0.083,20.72,0.8184
143.0,4.11,0.083,20.80,0.8190
143.0,4.19,0.083,20.86,0.8178
143.0,4.27,0.084,20.92,0.8152
143.0,4.35,0.084,20.97,0.8114
143.0,4.43,0.084,21.01,0.8067
143.0,4.51,0.084,21.04,0.8014
143.0,4.59,0.084,21.07,0.7955
143.0,4.67,0.084,21.10,0.7897
143.0,4.75,0.085,21.15,0.7842
143.0,4.83,0.085,21.23,0.7790
143.0,4.91,0.085,21.33,0.7744
143.0,4.99,0.086,21.48,0.7704
143.0,5.07,0.087,21.68,0.7672
143.0,5.15,0.088,21.94,0.7650
143.0,5.23,0.089,22.19,0.7638
143.0,5.32,0.090,22.41,0.7634
143.0,5.40,0.090,22.58,0.7638
143.0,5.48,0.091,22.72,0.7648
143.0,5.56,0.091,22.84,0.7665
143.0,5.64,0.092,22.93,0.7685
143.0,5.72,0.092,23.00,0.7710
143.0,5.80,0.092,23.05,0.7740
143.0,5.88,0.092,23.08,0.7774
143.0,5.96,0.092,23.08,0.7815
143.0,6.04,0.092,23.08,0.7863
143.0,6.12,0.092,23.09,0.7917
143.0,6.20,0.093,23.14,0.7977
143.0,6.28,0.093,23.22,0.8042
143.0,6.36,0.093,23.32,0.8110
143.0,6.44,0.094,23.43,0.8182
143.0,6.52,0.094,23.56,0.8254
143.0,6.60,0.095,23.70,0.8328
143.0,6.68,0.095,23.83,0.8397
143.0,6.77,0.096,23.96,0.8459
143.0,6.85,0.096,24.09,0.8512
143.0,6.93,0.097,24.22,0.8552
143.0,7.01,0.097,24.33,0.8579
143.0,7.09,0.098,24.44,0.8588
143.0,7.17,0.098,24.53,0.8579
143.0,7.25,0.099,24.63,0.8575
143.0,7.33,0.099,24.71,0.8579
143.0,7.41,0.099,24.80,0.8592
143.0,7.49,0.100,24.88,0.8611
143.0,7.57,0.100,24.96,0.8636
143.0,7.65,0.100,25.04,0.8663
143.0,7.73,0.100,25.10,0.8690
143.0,7.81,0.101,25.15,0.8717
143.0,7.89,0.101,25.18,0.8745
143.0,7.97,0.101,25.20,0.8774
143.0,8.05,0.101,25.18,0.8797
143.0,8.13,0.101,25.14,0.8794
143.0,8.21,0.100,25.08,0.8767
143.0,8.30,0.100,24.99,0.8719
143.0,8.38,0.100,24.89,0.8654
143.0,8.46,0.099,24.78,0.8575
143.0,8.54,0.099,24.65,0.8486
143.0,8.62,0.098,24.52,0.8389
143.0,8.70,0.098,24.39,0.8290
143.0,8.78,0.097,24.28,0.8189
143.0,8.86,0.097,24.17,0.8088
143.0,8.94,0.096,24.09,0.7988
143.0,9.02,0.096,24.03,0.7888
143.0,9.10,0.096,23.99,0.7790
143.0,9.18,0.096,23.98,0.7695
143.0,9.26,0.096,23.95,0.7610
143.0,9.34,0.096,23.89,0.7534
143.0,9.42,0.095,23.81,0.7466
143.0,9.50,0.095,23.70,0.7404
143.0,9.58,0.094,23.56,0.7347
143.0,9.66,0.094,23.41,0.7295
143.0,9.74,0.093,23.25,0.7248
143.0,9.83,0.092,23.07,0.7207
143.0,9.91,0.091,22.87,0.7175
143.0,9.99,0.091,22.67,0.7152
143.0,10.07,0.090,22.46,0.7136
143.0,10.15,0.089,22.28,0.7119
143.0,10.23,0.088,22.10,0.7100
143.0,10.31,0.088,21.94,0.7082
143.0,10.39,0.087,21.79,0.7063
143.0,10.47,0.087,21.64,0.7046
143.0,10.55,0.086,21.50,0.7029
143.0,10.63,0.085,21.36,0.7013
143.0,10.71,0.085,21.21,0.6995
143.0,10.79,0.084,21.06,0.6973
143.0,10.87,0.084,20.90,0.6943
143.0,10.95,0.083,20.72,0.6905
143.0,11.03,0.082,20.52,0.6854
143.0,11.11,0.081,20.30,0.6789
143.0,11.19,0.080,20.05,0.6712
143.0,11.28,0.079,19.78,0.6638
143.0,11.36,0.078,19.48,0.6568
143.0,11.44,0.077,19.16,0.6503
143.0,11.52,0.075,18.81,0.6442
143.0,11.60,0.074,18.46,0.6386
143.0,11.68,0.072,18.11,0.6341
143.0,11.76,0.071,17.76,0.6310
143.0,11.84,0.070,17.43,0.6295
143.0,11.92,0.068,17.11,0.6300
143.0,12.00,0.067,16.79,0.6326
148.3,0.00,0.096,24.10,
148.3,0.08,0.094,23.61,
148.3,0.16,0.093,23.16,
148.3,0.24,0.091,22.75,
148.3,0.32,0.089,22.37,
148.3,0.40,0.088,22.02,
148.3,0.48,0.087,21.69,
148.3,0.56,0.086,21.40,
148.3,0.64,0.085,21.14,
148.3,0.72,0.084,20.92,
148.3,0.81,0.083,20.75,
148.3,0.89,0.083,20.64,
148.3,0.97,0.082,20.60,
148.3,1.05,0.083,20.63,
148.3,1.13,0.082,20.62,
148.3,1.21,0.082,20.52,
148.3,1.29,0.081,20.34,
148.3,1.37,0.080,20.09,
148.3,1.45,0.079,19.78,
148.3,1.53,0.078,19.42,
148.3,1.61,0.076,19.05,
148.3,1.69,0.075,18.65,
148.3,1.77,0.073,18.25,
148.3,1.85,0.071,17.84,
148.3,1.93,0.070,17.43,
148.3,2.01,0.068,17.01,0.6585
148.3,2.09,0.067,16.67,0.6691
148.3,2.17,0.066,16.43,0.6798
148.3,2.26,0.065,16.30,0.6906
148.3,2.34,0.065,16.24,0.7015
148.3,2.42,0.065,16.26,0.7121
148.3,2.50,0.065,16.33,0.7226
148.3,2.58,0.066,16.45,0.7327
148.3,2.66,0.066,16.59,0.7422
148.3,2.74,0.067,16.76,0.7510
148.3,2.82,0.068,16.96,0.7590
148.3,2.90,0.069,17.20,0.7661
148.3,2.98,0.070,17.47,0.7724
148.3,3.06,0.071,17.79,0.7778
148.3,3.14,0.073,18.14,0.7831
148.3,3.22,0.074,18.52,0.7887
148.3,3.30,0.076,18.93,0.7944
148.3,3.38,0.077,19.37,0.8001
148.3,3.46,0.079,19.83,0.8059
148.3,3.54,0.081,20.31,0.8117
148.3,3.62,0.083,20.78,0.8171
148.3,3.70,0.085,21.21,0.8220
148.3,3.79,0.086,21.59,0.8263
148.3,3.87,0.088,21.89,0.8301
148.3,3.95,0.088,22.12,0.8333
148.3,4.03,0.089,22.24,0.8356
148.3,4.11,0.089,22.34,0.8364
148.3,4.19,0.090,22.42,0.8355
148.3,4.27,0.090,22.50,0.8332
148.3,4.35,0.090,22.56,0.8298
148.3,4.43,0.091,22.63,0.8254
148.3,4.51,0.091,22.68,0.8204
148.3,4.59,0.091,22.75,0.8152
148.3,4.67,0.091,22.83,0.8102
148.3,4.75,0.092,22.94,0.8056
148.3,4.83,0.092,23.08,0.8015
148.3,4.91,0.093,23.27,0.7981
148.3,4.99,0.094,23.51,0.7954
148.3,5.07,0.095,23.80,0.7937
148.3,5.15,0.096,24.06,0.7929
148.3,5.23,0.097,24.29,0.7928
148.3,5.32,0.098,24.47,0.7935
148.3,5.40,0.099,24.63,0.7947
148.3,5.48,0.099,24.76,0.7965
148.3,5.56,0.099,24.87,0.7987
148.3,5.64,0.100,24.96,0.8012
148.3,5.72,0.100,25.02,0.8041
148.3,5.80,0.100,25.07,0.8074
148.3,5.88,0.100,25.10,0.8113
148.3,5.96,0.100,25.11,0.8157
148.3,6.04,0.100,25.10,0.8208
148.3,6.12,0.101,25.13,0.8266
148.3,6.20,0.101,25.18,0.8328
148.3,6.28,0.101,25.26,0.8395
148.3,6.36,0.101,25.37,0.8465
148.3,6.44,0.102,25.49,0.8537
148.3,6.52,0.102,25.62,0.8610
148.3,6.60,0.103,25.76,0.8680
148.3,6.68,0.104,25.89,0.8742
148.3,6.77,0.104,26.02,0.8794
148.3,6.85,0.105,26.15,0.8833
148.3,6.93,0.105,26.27,0.8857
148.3,7.01,0.106,26.38,0.8863
148.3,7.09,0.106,26.48,0.8856
148.3,7.17,0.106,26.57,0.8857
148.3,7.25,0.107,26.67,0.8867
148.3,7.33,0.107,26.76,0.8884
148.3,7.41,0.107,26.86,0.8907
148.3,7.49,0.108,26.95,0.8935
148.3,7.57,0.108,27.04,0.8965
148.3,7.65,0.108,27.12,0.8995
148.3,7.73,0.109,27.19,0.9025
148.3,7.81,0.109,27.25,0.9056
148.3,7.89,0.109,27.29,0.9086
148.3,7.97,0.109,27.31,0.9117
148.3,8.05,0.109,27.31,0.9142
148.3,8.13,0.109,27.28,0.9141
148.3,8.21,0.109,27.22,0.9116
148.3,8.30,0.109,27.15,0.9070
148.3,8.38,0.108,27.06,0.9007
148.3,8.46,0.108,26.96,0.8930
148.3,8.54,0.107,26.85,0.8843
148.3,8.62,0.107,26.74,0.8750
148.3,8.70,0.107,26.64,0.8657
148.3,8.78,0.106,26.56,0.8561
148.3,8.86,0.106,26.50,0.8466
148.3,8.94,0.106,26.46,0.8371
148.3,9.02,0.106,26.45,0.8277
148.3,9.10,0.106,26.45,0.8188
148.3,9.18,0.106,26.42,0.8108
148.3,9.26,0.105,26.37,0.8037
148.3,9.34,0.105,26.29,0.7973
148.3,9.42,0.105,26.18,0.7914
148.3,9.50,0.104,26.05,0.7859
148.3,9.58,0.104,25.91,0.7807
148.3,9.66,0.103,25.74,0.7758
148.3,9.74,0.102,25.56,0.7715
148.3,9.83,0.101,25.37,0.7677
148.3,9.91,0.101,25.17,0.7648
148.3,9.99,0.100,24.95,0.7627
148.3,10.07,0.099,24.73,0.7612
148.3,10.15,0.098,24.53,0.7596
148.3,10.23,0.097,24.34,0.7578
148.3,10.31,0.097,24.16,0.7558
148.3,10.39,0.096,23.99,0.7538
148.3,10.47,0.095,23.83,0.7517
148.3,10.55,0.095,23.67,0.7497
148.3,10.63,0.094,23.50,0.7474
148.3,10.71,0.093,23.33,0.7446
148.3,10.79,0.093,23.14,0.7409
148.3,10.87,0.092,22.94,0.7362
148.3,10.95,0.091,22.72,0.7302
148.3,11.03,0.090,22.48,0.7227
148.3,11.11,0.089,22.21,0.7144
148.3,11.19,0.088,21.92,0.7066
148.3,11.28,0.086,21.60,0.6992
148.3,11.36,0.085,21.26,0.6921
148.3,11.44,0.084,20.91,0.6855
148.3,11.52,0.082,20.54,0.6792
148.3,11.60,0.081,20.18,0.6737
148.3,11.68,0.079,19.82,0.6693
148.3,11.76,0.078,19.47,0.6663
148.3,11.84,0.077,19.13,0.6649
148.3,11.92,0.075,18.79,0.6654
148.3,12.00,0.074,18.47,0.6680
153.7,0.00,0.102,25.47,
153.7,0.08,0.100,25.00,
153.7,0.16,0.098,24.58,
153.7,0.24,0.097,24.19,
153.7,0.32,0.095,23.84,
153.7,0.40,0.094,23.52,
153.7,0.48,0.093,23.23,
153.7,0.56,0.092,22.97,
153.7,0.64,0.091,22.77,
153.7,0.72,0.090,22.62,
153.7,0.81,0.090,22.53,
153.7,0.89,0.090,22.51,
153.7,0.97,0.090,22.55,
153.7,1.05,0.090,22.52,
153.7,1.13,0.090,22.39,
153.7,1.21,0.089,22.19,
153.7,1.29,0.088,21.93,
153.7,1.37,0.086,21.61,
153.7,1.45,0.085,21.25,
153.7,1.53,0.083,20.86,
153.7,1.61,0.082,20.46,
153.7,1.69,0.080,20.04,
153.7,1.77,0.079,19.63,
153.7,1.85,0.077,19.20,
153.7,1.93,0.075,18.77,
153.7,2.01,0.073,18.35,0.6746
153.7,2.09,0.072,18.00,0.6851
153.7,2.17,0.071,17.76,0.6957
153.7,2.26,0.070,17.62,0.7064
153.7,2.34,0.070,17.57,0.7170
153.7,2.42,0.070,17.59,0.7276
153.7,2.50,0.071,17.67,0.7379
153.7,2.58,0.071,17.78,0.7476
153.7,2.66,0.072,17.93,0.7566
153.7,2.74,0.072,18.11,0.7648
153.7,2.82,0.073,18.33,0.7722
153.7,2.90,0.074,18.59,0.7787
153.7,2.98,0.076,18.90,0.7844
153.7,3.06,0.077,19.24,0.7904
153.7,3.14,0.078,19.61,0.7965
153.7,3.22,0.080,20.01,0.8027
153.7,3.30,0.082,20.45,0.8089
153.7,3.38,0.084,20.91,0.8152
153.7,3.46,0.086,21.39,0.8213
153.7,3.54,0.088,21.88,0.8273
153.7,3.62,0.089,22.35,0.8328
153.7,3.70,0.091,22.79,0.8378
153.7,3.79,0.093,23.18,0.8423
153.7,3.87,0.094,23.50,0.8463
153.7,3.95,0.095,23.73,0.8496
153.7,4.03,0.095,23.87,0.8521
153.7,4.11,0.096,23.98,0.8531
153.7,4.19,0.096,24.08,0.8524
153.7,4.27,0.097,24.18,0.8504
153.7,4.35,0.097,24.27,0.8472
153.7,4.43,0.097,24.36,0.8432
153.7,4.51,0.098,24.45,0.8386
153.7,4.59,0.098,24.56,0.8342
153.7,4.67,0.099,24.70,0.8302
153.7,4.75,0.100,24.88,0.8266
153.7,4.83,0.100,25.10,0.8237
153.7,4.91,0.102,25.39,0.8216
153.7,4.99,0.103,25.70,0.8204
153.7,5.07,0.104,25.97,0.8200
153.7,5.15,0.105,26.20,0.8203
153.7,5.23,0.106,26.39,0.8212
153.7,5.32,0.106,26.56,0.8227
153.7,5.40,0.107,26.70,0.8246
153.7,5.48,0.107,26.82,0.8269
153.7,5.56,0.108,26.92,0.8294
153.7,5.64,0.108,27.01,0.8323
153.7,5.72,0.108,27.07,0.8355
153.7,5.80,0.108,27.12,0.8391
153.7,5.88,0.109,27.15,0.8433
153.7,5.96,0.109,27.16,0.8480
153.7,6.04,0.109,27.16,0.8534
153.7,6.12,0.109,27.19,0.8593
153.7,6.20,0.109,27.25,0.8657
153.7,6.28,0.109,27.34,0.8725
153.7,6.36,0.110,27.45,0.8796
153.7,6.44,0.110,27.57,0.8868
153.7,6.52,0.111,27.71,0.8938
153.7,6.60,0.111,27.85,0.9001
153.7,6.68,0.112,27.98,0.9052
153.7,6.77,0.112,28.10,0.9090
153.7,6.85,0.113,28.22,0.9111
153.7,6.93,0.113,28.33,0.9114
153.7,7.01,0.114,28.44,0.9111
153.7,7.09,0.114,28.54,0.9119
153.7,7.17,0.115,28.64,0.9134
153.7,7.25,0.115,28.75,0.9155
153.7,7.33,0.115,28.85,0.9182
153.7,7.41,0.116,28.95,0.9213
153.7,7.49,0.116,29.05,0.9246
153.7,7.57,0.117,29.15,0.9279
153.7,7.65,0.117,29.24,0.9311
153.7,7.73,0.117,29.32,0.9343
153.7,7.81,0.118,29.39,0.9375
153.7,7.89,0.118,29.44,0.9407
153.7,7.97,0.118,29.47,0.9440
153.7,8.05,0.118,29.47,0.9466
153.7,8.13,0.118,29.45,0.9466
153.7,8.21,0.118,29.41,0.9442
153.7,8.30,0.117,29.35,0.9397
153.7,8.38,0.117,29.28,0.9335
153.7,8.46,0.117,29.19,0.9259
153.7,8.54,0.116,29.10,0.9175
153.7,8.62,0.116,29.02,0.9088
153.7,8.70,0.116,28.96,0.8999
153.7,8.78,0.116,28.92,0.8910
153.7,8.86,0.116,28.90,0.8821
153.7,8.94,0.116,28.91,0.8732
153.7,9.02,0.116,28.92,0.8650
153.7,9.10,0.116,28.90,0.8577
153.7,9.18,0.115,28.85,0.8511
153.7,9.26,0.115,28.78,0.8451
153.7,9.34,0.115,28.68,0.8396
153.7,9.42,0.114,28.56,0.8344
153.7,9.50,0.114,28.41,0.8293
153.7,9.58,0.113,28.25,0.8244
153.7,9.66,0.112,28.08,0.8199
153.7,9.74,0.112,27.89,0.8158
153.7,9.83,0.111,27.68,0.8122
153.7,9.91,0.110,27.47,0.8094
153.7,9.99,0.109,27.24,0.8075
153.7,10.07,0.108,27.01,0.8060
153.7,10.15,0.107,26.79,0.8043
153.7,10.23,0.106,26.59,0.8023
153.7,10.31,0.106,26.39,0.8002
153.7,10.39,0.105,26.21,0.7979
153.7,10.47,0.104,26.03,0.7955
153.7,10.55,0.103,25.84,0.7928
153.7,10.63,0.103,25.65,0.7894
153.7,10.71,0.102,25.44,0.7851
153.7,10.79,0.101,25.22,0.7797
153.7,10.87,0.100,24.98,0.7729
153.7,10.95,0.099,24.72,0.7645
153.7,11.03,0.098,24.43,0.7560
153.7,11.11,0.096,24.12,0.7479
153.7,11.19,0.095,23.79,0.7401
153.7,11.28,0.094,23.44,0.7326
153.7,11.36,0.092,23.07,0.7255
153.7,11.44,0.091,22.70,0.7188
153.7,11.52,0.089,22.32,0.7125
153.7,11.60,0.088,21.95,0.7071
153.7,11.68,0.086,21.59,0.7028
153.7,11.76,0.085,21.24,0.6998
153.7,11.84,0.084,20.89,0.6985
153.7,11.92,0.082,20.56,0.6989
153.7,12.00,0.081,20.23,0.7015
159.1,0.00,0.108,27.00,
159.1,0.08,0.106,26.56,
159.1,0.16,0.105,26.17,
159.1,0.24,0.103,25.82,
159.1,0.32,0.102,25.50,
159.1,0.40,0.101,25.21,
159.1,0.48,0.100,24.97,
159.1,0.56,0.099,24.77,
159.1,0.64,0.099,24.64,
159.1,0.72,0.098,24.57,
159.1,0.81,0.098,24.58,
159.1,0.89,0.098,24.61,
159.1,0.97,0.098,24.54,
159.1,1.05,0.098,24.39,
159.1,1.13,0.097,24.17,
159.1,1.21,0.096,23.89,
159.1,1.29,0.094,23.56,
159.1,1.37,0.093,23.19,
159.1,1.45,0.091,22.79,
159.1,1.53,0.090,22.38,
159.1,1.61,0.088,21.96,
159.1,1.69,0.086,21.53,
159.1,1.77,0.084,21.10,
159.1,1.85,0.083,20.67,
159.1,1.93,0.081,20.23,
159.1,2.01,0.079,19.80,0.6904
159.1,2.09,0.078,19.45,0.7006
159.1,2.17,0.077,19.22,0.7111
159.1,2.26,0.076,19.08,0.7216
159.1,2.34,0.076,19.04,0.7321
159.1,2.42,0.076,19.07,0.7425
159.1,2.50,0.077,19.15,0.7524
159.1,2.58,0.077,19.26,0.7616
159.1,2.66,0.078,19.41,0.7700
159.1,2.74,0.078,19.61,0.7775
159.1,2.82,0.079,19.85,0.7841
159.1,2.90,0.081,20.14,0.7904
159.1,2.98,0.082,20.46,0.7968
159.1,3.06,0.083,20.81,0.8034
159.1,3.14,0.085,21.20,0.8101
159.1,3.22,0.086,21.62,0.8168
159.1,3.30,0.088,22.07,0.8234
159.1,3.38,0.090,22.55,0.8299
159.1,3.46,0.092,23.05,0.8363
159.1,3.54,0.094,23.54,0.8423
159.1,3.62,0.096,24.02,0.8479
159.1,3.70,0.098,24.47,0.8530
159.1,3.79,0.099,24.87,0.8576
159.1,3.87,0.101,25.20,0.8616
159.1,3.95,0.102,25.45,0.8651
159.1,4.03,0.102,25.61,0.8677
159.1,4.11,0.103,25.74,0.8689
159.1,4.19,0.103,25.86,0.8684
159.1,4.27,0.104,25.98,0.8665
159.1,4.35,0.104,26.10,0.8636
159.1,4.43,0.105,26.22,0.8599
159.1,4.51,0.105,26.35,0.8561
159.1,4.59,0.106,26.52,0.8526
159.1,4.67,0.107,26.73,0.8496
159.1,4.75,0.108,27.00,0.8473
159.1,4.83,0.109,27.32,0.8457
159.1,4.91,0.111,27.63,0.8450
159.1,4.99,0.112,27.90,0.8450
159.1,5.07,0.113,28.14,0.8457
159.1,5.15,0.113,28.34,0.8469
159.1,5.23,0.114,28.51,0.8486
159.1,5.32,0.115,28.66,0.8506
159.1,5.40,0.115,28.79,0.8530
159.1,5.48,0.116,28.90,0.8556
159.1,5.56,0.116,29.00,0.8585
159.1,5.64,0.116,29.08,0.8616
159.1,5.72,0.117,29.15,0.8650
159.1,5.80,0.117,29.20,0.8689
159.1,5.88,0.117,29.23,0.8732
159.1,5.96,0.117,29.25,0.8781
159.1,6.04,0.117,29.25,0.8837
159.1,6.12,0.117,29.29,0.8897
159.1,6.20,0.117,29.35,0.8962
159.1,6.28,0.118,29.45,0.9030
159.1,6.36,0.118,29.56,0.9100
159.1,6.44,0.119,29.69,0.9170
159.1,6.52,0.119,29.83,0.9233
159.1,6.60,0.120,29.96,0.9284
159.1,6.68,0.120,30.08,0.9320
159.1,6.77,0.121,30.20,0.9339
159.1,6.85,0.121,30.31,0.9340
159.1,6.93,0.122,30.42,0.9345
159.1,7.01,0.122,30.53,0.9358
159.1,7.09,0.123,30.64,0.9379
159.1,7.17,0.123,30.75,0.9405
159.1,7.25,0.123,30.85,0.9436
159.1,7.33,0.124,30.96,0.9470
159.1,7.41,0.124,31.07,0.9505
159.1,7.49,0.125,31.18,0.9540
159.1,7.57,0.125,31.29,0.9575
159.1,7.65,0.126,31.39,0.9608
159.1,7.73,0.126,31.48,0.9642
159.1,7.81,0.126,31.56,0.9674
159.1,7.89,0.126,31.62,0.9707
159.1,7.97,0.127,31.66,0.9739
159.1,8.05,0.127,31.68,0.9765
159.1,8.13,0.127,31.67,0.9766
159.1,8.21,0.127,31.65,0.9742
159.1,8.30,0.126,31.60,0.9697
159.1,8.38,0.126,31.54,0.9635
159.1,8.46,0.126,31.47,0.9560
159.1,8.54,0.126,31.41,0.9481
159.1,8.62,0.125,31.37,0.9400
159.1,8.70,0.125,31.35,0.9318
159.1,8.78,0.125,31.36,0.9235
159.1,8.86,0.126,31.39,0.9153
159.1,8.94,0.126,31.40,0.9079
159.1,9.02,0.126,31.39,0.9013
159.1,9.10,0.125,31.34,0.8954
159.1,9.18,0.125,31.28,0.8899
159.1,9.26,0.125,31.18,0.8848
159.1,9.34,0.124,31.07,0.8799
159.1,9.42,0.124,30.93,0.8752
159.1,9.50,0.123,30.78,0.8704
159.1,9.58,0.122,30.60,0.8657
159.1,9.66,0.122,30.42,0.8613
159.1,9.74,0.121,30.21,0.8573
159.1,9.83,0.120,30.00,0.8539
159.1,9.91,0.119,29.77,0.8511
159.1,9.99,0.118,29.53,0.8491
159.1,10.07,0.117,29.29,0.8476
159.1,10.15,0.116,29.06,0.8457
159.1,10.23,0.115,28.84,0.8435
159.1,10.31,0.115,28.63,0.8410
159.1,10.39,0.114,28.43,0.8383
159.1,10.47,0.113,28.23,0.8353
159.1,10.55,0.112,28.02,0.8315
159.1,10.63,0.111,27.79,0.8268
159.1,10.71,0.110,27.55,0.8207
159.1,10.79,0.109,27.30,0.8132
159.1,10.87,0.108,27.01,0.8043
159.1,10.95,0.107,26.71,0.7957
159.1,11.03,0.106,26.38,0.7873
159.1,11.11,0.104,26.03,0.7793
159.1,11.19,0.103,25.67,0.7716
159.1,11.28,0.101,25.30,0.7641
159.1,11.36,0.100,24.92,0.7570
159.1,11.44,0.098,24.54,0.7503
159.1,11.52,0.097,24.17,0.7440
159.1,11.60,0.095,23.80,0.7387
159.1,11.68,0.094,23.44,0.7344
159.1,11.76,0.092,23.09,0.7314
159.1,11.84,0.091,22.74,0.7300
159.1,11.92,0.090,22.41,0.7304
159.1,12.00,0.088,22.08,0.7328
164.4,0.00,0.115,28.71,
164.4,0.08,0.113,28.31,
164.4,0.16,0.112,27.96,
164.4,0.24,0.111,27.64,
164.4,0.32,0.109,27.36,
164.4,0.40,0.108,27.12,
164.4,0.48,0.108,26.94,
164.4,0.56,0.107,26.82,
164.4,0.64,0.107,26.77,
164.4,0.72,0.107,26.80,
164.4,0.81,0.107,26.79,
164.4,0.89,0.107,26.70,
164.4,0.97,0.106,26.52,
164.4,1.05,0.105,26.28,
164.4,1.13,0.104,25.98,
164.4,1.21,0.103,25.63,
164.4,1.29,0.101,25.25,
164.4,1.37,0.099,24.85,
164.4,1.45,0.098,24.43,
164.4,1.53,0.096,24.00,
164.4,1.61,0.094,23.57,
164.4,1.69,0.093,23.14,
164.4,1.77,0.091,22.70,
164.4,1.85,0.089,22.26,
164.4,1.93,0.087,21.82,
164.4,2.01,0.086,21.39,0.7056
164.4,2.09,0.084,21.04,0.7157
164.4,2.17,0.083,20.81,0.7260
164.4,2.26,0.083,20.69,0.7363
164.4,2.34,0.083,20.65,0.7467
164.4,2.42,0.083,20.69,0.7567
164.4,2.50,0.083,20.76,0.7661
164.4,2.58,0.084,20.88,0.7746
164.4,2.66,0.084,21.05,0.7822
164.4,2.74,0.085,21.26,0.7890
164.4,2.82,0.086,21.52,0.7958
164.4,2.90,0.087,21.81,0.8027
164.4,2.98,0.089,22.15,0.8097
164.4,3.06,0.090,22.51,0.8167
164.4,3.14,0.092,22.91,0.8238
164.4,3.22,0.093,23.34,0.8307
164.4,3.30,0.095,23.80,0.8376
164.4,3.38,0.097,24.29,0.8442
164.4,3.46,0.099,24.80,0.8506
164.4,3.54,0.101,25.30,0.8566
164.4,3.62,0.103,25.79,0.8622
164.4,3.70,0.105,26.25,0.8674
164.4,3.79,0.107,26.66,0.8720
164.4,3.87,0.108,27.01,0.8761
164.4,3.95,0.109,27.28,0.8796
164.4,4.03,0.110,27.46,0.8824
164.4,4.11,0.110,27.61,0.8836
164.4,4.19,0.111,27.76,0.8832
164.4,4.27,0.112,27.91,0.8816
164.4,4.35,0.112,28.05,0.8788
164.4,4.43,0.113,28.22,0.8756
164.4,4.51,0.114,28.41,0.8728
164.4,4.59,0.115,28.65,0.8704
164.4,4.67,0.116,28.95,0.8687
164.4,4.75,0.117,29.29,0.8677
164.4,4.83,0.118,29.61,0.8674
164.4,4.91,0.120,29.88,0.8679
164.4,4.99,0.120,30.12,0.8689
164.4,5.07,0.121,30.32,0.8704
164.4,5.15,0.122,30.50,0.8724
164.4,5.23,0.123,30.66,0.8746
164.4,5.32,0.123,30.79,0.8771
164.4,5.40,0.124,30.91,0.8798
164.4,5.48,0.124,31.02,0.8826
164.4,5.56,0.124,31.11,0.8856
164.4,5.64,0.125,31.19,0.8888
164.4,5.72,0.125,31.25,0.8924
164.4,5.80,0.125,31.30,0.8964
164.4,5.88,0.125,31.34,0.9009
164.4,5.96,0.125,31.36,0.9059
164.4,6.04,0.125,31.37,0.9114
164.4,6.12,0.126,31.42,0.9175
164.4,6.20,0.126,31.49,0.9240
164.4,6.28,0.126,31.59,0.9307
164.4,6.36,0.127,31.71,0.9376
164.4,6.44,0.127,31.84,0.9439
164.4,6.52,0.128,31.97,0.9489
164.4,6.60,0.128,32.09,0.9524
164.4,6.68,0.129,32.21,0.9541
164.4,6.77,0.129,32.32,0.9544
164.4,6.85,0.130,32.43,0.9556
164.4,6.93,0.130,32.54,0.9575
164.4,7.01,0.131,32.66,0.9601
164.4,7.09,0.131,32.77,0.9632
164.4,7.17,0.132,32.88,0.9667
164.4,7.25,0.132,33.00,0.9704
164.4,7.33,0.132,33.12,0.9741
164.4,7.41,0.133,33.24,0.9779
164.4,7.49,0.133,33.36,0.9815
164.4,7.57,0.134,33.47,0.9850
164.4,7.65,0.134,33.59,0.9884
164.4,7.73,0.135,33.69,0.9917
164.4,7.81,0.135,33.78,0.9949
164.4,7.89,0.135,33.85,0.9981
164.4,7.97,0.136,33.90,1.0013
164.4,8.05,0.136,33.94,1.0038
164.4,8.13,0.136,33.94,1.0038
164.4,8.21,0.136,33.93,1.0013
164.4,8.30,0.136,33.90,0.9967
164.4,8.38,0.135,33.85,0.9904
164.4,8.46,0.135,33.82,0.9834
164.4,8.54,0.135,33.80,0.9762
164.4,8.62,0.135,33.80,0.9687
164.4,8.70,0.135,33.84,0.9611
164.4,8.78,0.136,33.88,0.9538
164.4,8.86,0.136,33.90,0.9473
164.4,8.94,0.136,33.88,0.9415
164.4,9.02,0.135,33.85,0.9363
164.4,9.10,0.135,33.78,0.9314
164.4,9.18,0.135,33.70,0.9269
164.4,9.26,0.134,33.59,0.9224
164.4,9.34,0.134,33.46,0.9180
164.4,9.42,0.133,33.31,0.9134
164.4,9.50,0.133,33.14,0.9088
164.4,9.58,0.132,32.96,0.9042
164.4,9.66,0.131,32.76,0.8999
164.4,9.74,0.130,32.55,0.8959
164.4,9.83,0.129,32.32,0.8924
164.4,9.91,0.128,32.08,0.8895
164.4,9.99,0.127,31.83,0.8874
164.4,10.07,0.126,31.57,0.8857
164.4,10.15,0.125,31.33,0.8835
164.4,10.23,0.124,31.10,0.8809
164.4,10.31,0.124,30.88,0.8780
164.4,10.39,0.123,30.66,0.8747
164.4,10.47,0.122,30.43,0.8707
164.4,10.55,0.121,30.19,0.8655
164.4,10.63,0.120,29.93,0.8589
164.4,10.71,0.119,29.66,0.8508
164.4,10.79,0.117,29.36,0.8418
164.4,10.87,0.116,29.04,0.8331
164.4,10.95,0.115,28.69,0.8247
164.4,11.03,0.113,28.34,0.8166
164.4,11.11,0.112,27.97,0.8087
164.4,11.19,0.110,27.59,0.8010
164.4,11.28,0.109,27.22,0.7937
164.4,11.36,0.107,26.84,0.7866
164.4,11.44,0.106,26.46,0.7798
164.4,11.52,0.104,26.09,0.7736
164.4,11.60,0.103,25.73,0.7683
164.4,11.68,0.102,25.38,0.7639
164.4,11.76,0.100,25.03,0.7609
164.4,11.84,0.099,24.69,0.7593
164.4,11.92,0.097,24.36,0.7596
164.4,12.00,0.096,24.03,0.7618
169.8,0.00,0.122,30.62,
169.8,0.08,0.121,30.26,
169.8,0.16,0.120,29.95,
169.8,0.24,0.119,29.68,
169.8,0.32,0.118,29.44,
169.8,0.40,0.117,29.27,
169.8,0.48,0.117,29.16,
169.8,0.56,0.117,29.13,
169.8,0.64,0.117,29.17,
169.8,0.72,0.116,29.12,
169.8,0.81,0.116,28.99,
169.8,0.89,0.115,28.79,
169.8,0.97,0.114,28.52,
169.8,1.05,0.113,28.20,
169.8,1.13,0.111,27.84,
169.8,1.21,0.110,27.44,
169.8,1.29,0.108,27.03,
169.8,1.37,0.106,26.61,
169.8,1.45,0.105,26.18,
169.8,1.53,0.103,25.74,
169.8,1.61,0.101,25.30,
169.8,1.69,0.099,24.86,
169.8,1.77,0.098,24.42,
169.8,1.85,0.096,23.98,
169.8,1.93,0.094,23.55,
169.8,2.01,0.092,23.12,0.7204
169.8,2.09,0.091,22.78,0.7303
169.8,2.17,0.090,22.56,0.7403
169.8,2.26,0.090,22.45,0.7505
169.8,2.34,0.090,22.43,0.7606
169.8,2.42,0.090,22.46,0.7700
169.8,2.50,0.090,22.54,0.7786
169.8,2.58,0.091,22.66,0.7864
169.8,2.66,0.091,22.84,0.7934
169.8,2.74,0.092,23.06,0.8006
169.8,2.82,0.093,23.32,0.8079
169.8,2.90,0.094,23.62,0.8153
169.8,2.98,0.096,23.96,0.8227
169.8,3.06,0.097,24.33,0.8300
169.8,3.14,0.099,24.74,0.8373
169.8,3.22,0.101,25.17,0.8443
169.8,3.30,0.103,25.64,0.8512
169.8,3.38,0.105,26.14,0.8578
169.8,3.46,0.107,26.65,0.8641
169.8,3.54,0.109,27.17,0.8701
169.8,3.62,0.111,27.67,0.8757
169.8,3.70,0.113,28.15,0.8808
169.8,3.79,0.114,28.58,0.8855
169.8,3.87,0.116,28.94,0.8896
169.8,3.95,0.117,29.23,0.8931
169.8,4.03,0.118,29.43,0.8959
169.8,4.11,0.118,29.61,0.8972
169.8,4.19,0.119,29.79,0.8969
169.8,4.27,0.120,29.97,0.8953
169.8,4.35,0.121,30.15,0.8929
169.8,4.43,0.121,30.37,0.8907
169.8,4.51,0.123,30.64,0.8889
169.8,4.59,0.124,30.97,0.8878
169.8,4.67,0.125,31.32,0.8874
169.8,4.75,0.127,31.63,0.8876
169.8,4.83,0.128,31.91,0.8885
169.8,4.91,0.129,32.14,0.8899
169.8,4.99,0.129,32.35,0.8917
169.8,5.07,0.130,32.53,0.8939
169.8,5.15,0.131,32.68,0.8964
169.8,5.23,0.131,32.82,0.8990
169.8,5.32,0.132,32.95,0.9017
169.8,5.40,0.132,33.06,0.9045
169.8,5.48,0.133,33.16,0.9074
169.8,5.56,0.133,33.25,0.9105
169.8,5.64,0.133,33.33,0.9138
169.8,5.72,0.134,33.39,0.9174
169.8,5.80,0.134,33.44,0.9214
169.8,5.88,0.134,33.48,0.9259
169.8,5.96,0.134,33.51,0.9309
169.8,6.04,0.134,33.53,0.9365
169.8,6.12,0.134,33.58,0.9425
169.8,6.20,0.135,33.66,0.9488
169.8,6.28,0.135,33.77,0.9554
169.8,6.36,0.136,33.90,0.9617
169.8,6.44,0.136,34.02,0.9666
169.8,6.52,0.137,34.14,0.9700
169.8,6.60,0.137,34.25,0.9715
169.8,6.68,0.137,34.36,0.9725
169.8,6.77,0.138,34.48,0.9743
169.8,6.85,0.138,34.59,0.9769
169.8,6.93,0.139,34.70,0.9800
169.8,7.01,0.139,34.82,0.9836
169.8,7.09,0.140,34.93,0.9874
169.8,7.17,0.140,35.05,0.9914
169.8,7.25,0.141,35.18,0.9955
169.8,7.33,0.141,35.31,0.9994
169.8,7.41,0.142,35.44,1.0031
169.8,7.49,0.142,35.57,1.0067
169.8,7.57,0.143,35.70,1.0101
169.8,7.65,0.143,35.82,1.0135
169.8,7.73,0.144,35.94,1.0167
169.8,7.81,0.144,36.04,1.0198
169.8,7.89,0.145,36.13,1.0229
169.8,7.97,0.145,36.19,1.0259
169.8,8.05,0.145,36.24,1.0282
169.8,8.13,0.145,36.26,1.0279
169.8,8.21,0.145,36.27,1.0252
169.8,8.30,0.145,36.25,1.0205
169.8,8.38,0.145,36.24,1.0145
169.8,8.46,0.145,36.24,1.0081
169.8,8.54,0.145,36.27,1.0015
169.8,8.62,0.145,36.33,0.9947
169.8,8.70,0.146,36.38,0.9885
169.8,8.78,0.146,36.40,0.9830
169.8,8.86,0.146,36.39,0.9780
169.8,8.94,0.145,36.36,0.9736
169.8,9.02,0.145,36.30,0.9694
169.8,9.10,0.145,36.22,0.9655
169.8,9.18,0.144,36.12,0.9616
169.8,9.26,0.144,36.00,0.9575
169.8,9.34,0.143,35.86,0.9533
169.8,9.42,0.143,35.70,0.9488
169.8,9.50,0.142,35.52,0.9442
169.8,9.58,0.141,35.32,0.9396
169.8,9.66,0.140,35.11,0.9352
169.8,9.74,0.140,34.88,0.9311
169.8,9.83,0.139,34.65,0.9274
169.8,9.91,0.138,34.39,0.9244
169.8,9.99,0.137,34.13,0.9220
169.8,10.07,0.135,33.87,0.9199
169.8,10.15,0.134,33.61,0.9174
169.8,10.23,0.133,33.37,0.9143
169.8,10.31,0.133,33.13,0.9108
169.8,10.39,0.132,32.89,0.9065
169.8,10.47,0.131,32.63,0.9011
169.8,10.55,0.129,32.36,0.8941
169.8,10.63,0.128,32.07,0.8856
169.8,10.71,0.127,31.75,0.8767
169.8,10.79,0.126,31.42,0.8682
169.8,10.87,0.124,31.07,0.8598
169.8,10.95,0.123,30.70,0.8516
169.8,11.03,0.121,30.33,0.8437
169.8,11.11,0.120,29.95,0.8360
169.8,11.19,0.118,29.57,0.8285
169.8,11.28,0.117,29.20,0.8212
169.8,11.36,0.115,28.83,0.8141
169.8,11.44,0.114,28.46,0.8074
169.8,11.52,0.112,28.10,0.8011
169.8,11.60,0.111,27.75,0.7957
169.8,11.68,0.110,27.41,0.7912
169.8,11.76,0.108,27.07,0.7880
169.8,11.84,0.107,26.74,0.7863
169.8,11.92,0.106,26.41,0.7864
169.8,12.00,0.104,26.10,0.7884
175.2,0.00,0.131,32.74,
175.2,0.08,0.130,32.43,
175.2,0.16,0.129,32.16,
175.2,0.24,0.128,31.94,
175.2,0.32,0.127,31.78,
175.2,0.40,0.127,31.68,
175.2,0.48,0.127,31.67,
175.2,0.56,0.127,31.68,
175.2,0.64,0.126,31.60,
175.2,0.72,0.126,31.43,
175.2,0.81,0.125,31.20,
175.2,0.89,0.124,30.90,
175.2,0.97,0.122,30.56,
175.2,1.05,0.121,30.18,
175.2,1.13,0.119,29.78,
175.2,1.21,0.117,29.36,
175.2,1.29,0.116,28.94,
175.2,1.37,0.114,28.50,
175.2,1.45,0.112,28.05,
175.2,1.53,0.110,27.61,
175.2,1.61,0.109,27.17,
175.2,1.69,0.107,26.73,
175.2,1.77,0.105,26.29,
175.2,1.85,0.103,25.85,
175.2,1.93,0.102,25.43,
175.2,2.01,0.100,25.01,0.7346
175.2,2.09,0.099,24.68,0.7443
175.2,2.17,0.098,24.48,0.7541
175.2,2.26,0.098,24.39,0.7641
175.2,2.34,0.097,24.36,0.7736
175.2,2.42,0.098,24.39,0.7822
175.2,2.50,0.098,24.47,0.7900
175.2,2.58,0.098,24.60,0.7974
175.2,2.66,0.099,24.78,0.8049
175.2,2.74,0.100,25.00,0.8126
175.2,2.82,0.101,25.26,0.8203
175.2,2.90,0.102,25.55,0.8279
175.2,2.98,0.104,25.89,0.8355
175.2,3.06,0.105,26.27,0.8430
175.2,3.14,0.107,26.68,0.8502
175.2,3.22,0.109,27.13,0.8572
175.2,3.30,0.110,27.60,0.8640
175.2,3.38,0.112,28.10,0.8705
175.2,3.46,0.114,28.62,0.8767
175.2,3.54,0.117,29.15,0.8826
175.2,3.62,0.119,29.67,0.8882
175.2,3.70,0.121,30.16,0.8932
175.2,3.79,0.122,30.61,0.8979
175.2,3.87,0.124,31.00,0.9019
175.2,3.95,0.125,31.31,0.9054
175.2,4.03,0.126,31.54,0.9082
175.2,4.11,0.127,31.75,0.9094
175.2,4.19,0.128,31.96,0.9092
175.2,4.27,0.129,32.17,0.9077
175.2,4.35,0.130,32.41,0.9061
175.2,4.43,0.131,32.71,0.9050
175.2,4.51,0.132,33.06,0.9045
175.2,4.59,0.134,33.41,0.9047
175.2,4.67,0.135,33.72,0.9055
175.2,4.75,0.136,33.98,0.9068
175.2,4.83,0.137,34.22,0.9086
175.2,4.91,0.138,34.42,0.9108
175.2,4.99,0.138,34.60,0.9132
175.2,5.07,0.139,34.75,0.9158
175.2,5.15,0.140,34.89,0.9185
175.2,5.23,0.140,35.02,0.9212
175.2,5.32,0.141,35.14,0.9240
175.2,5.40,0.141,35.24,0.9269
175.2,5.48,0.141,35.33,0.9299
175.2,5.56,0.142,35.42,0.9329
175.2,5.64,0.142,35.50,0.9362
175.2,5.72,0.142,35.56,0.9398
175.2,5.80,0.142,35.62,0.9438
175.2,5.88,0.143,35.66,0.9482
175.2,5.96,0.143,35.70,0.9531
175.2,6.04,0.143,35.73,0.9585
175.2,6.12,0.143,35.78,0.9644
175.2,6.20,0.143,35.87,0.9705
175.2,6.28,0.144,35.99,0.9766
175.2,6.36,0.144,36.11,0.9816
175.2,6.44,0.145,36.22,0.9849
175.2,6.52,0.145,36.33,0.9864
175.2,6.60,0.146,36.44,0.9881
175.2,6.68,0.146,36.55,0.9906
175.2,6.77,0.147,36.66,0.9938
175.2,6.85,0.147,36.78,0.9975
175.2,6.93,0.148,36.89,1.0015
175.2,7.01,0.148,37.01,1.0058
175.2,7.09,0.149,37.14,1.0100
175.2,7.17,0.149,37.27,1.0142
175.2,7.25,0.150,37.40,1.0183
175.2,7.33,0.150,37.54,1.0222
175.2,7.41,0.151,37.68,1.0259
175.2,7.49,0.151,37.83,1.0294
175.2,7.57,0.152,37.97,1.0327
175.2,7.65,0.152,38.11,1.0358
175.2,7.73,0.153,38.24,1.0389
175.2,7.81,0.153,38.35,1.0418
175.2,7.89,0.154,38.45,1.0446
175.2,7.97,0.154,38.54,1.0473
175.2,8.05,0.154,38.60,1.0494
175.2,8.13,0.155,38.64,1.0488
175.2,8.21,0.155,38.66,1.0458
175.2,8.30,0.155,38.67,1.0410
175.2,8.38,0.155,38.70,1.0356
175.2,8.46,0.155,38.75,1.0300
175.2,8.54,0.155,38.82,1.0242
175.2,8.62,0.156,38.88,1.0191
175.2,8.70,0.156,38.91,1.0146
175.2,8.78,0.156,38.91,1.0107
175.2,8.86,0.156,38.88,1.0071
175.2,8.94,0.155,38.83,1.0037
175.2,9.02,0.155,38.76,1.0004
175.2,9.10,0.155,38.66,0.9970
175.2,9.18,0.154,38.55,0.9933
175.2,9.26,0.154,38.41,0.9894
175.2,9.34,0.153,38.26,0.9853
175.2,9.42,0.152,38.09,0.9809
175.2,9.50,0.152,37.90,0.9763
175.2,9.58,0.151,37.69,0.9716
175.2,9.66,0.150,37.47,0.9670
175.2,9.74,0.149,37.23,0.9627
175.2,9.83,0.148,36.98,0.9587
175.2,9.91,0.147,36.72,0.9553
175.2,9.99,0.146,36.45,0.9525
175.2,10.07,0.145,36.17,0.9500
175.2,10.15,0.144,35.91,0.9469
175.2,10.23,0.143,35.65,0.9433
175.2,10.31,0.142,35.39,0.9389
175.2,10.39,0.140,35.12,0.9332
175.2,10.47,0.139,34.83,0.9260
175.2,10.55,0.138,34.53,0.9174
175.2,10.63,0.137,34.20,0.9088
175.2,10.71,0.135,33.85,0.9005
175.2,10.79,0.134,33.49,0.8922
175.2,10.87,0.132,33.12,0.8842
175.2,10.95,0.131,32.75,0.8763
175.2,11.03,0.129,32.37,0.8686
175.2,11.11,0.128,32.00,0.8610
175.2,11.19,0.127,31.63,0.8536
175.2,11.28,0.125,31.27,0.8463
175.2,11.36,0.124,30.91,0.8393
175.2,11.44,0.122,30.56,0.8326
175.2,11.52,0.121,30.22,0.8264
175.2,11.60,0.120,29.88,0.8208
175.2,11.68,0.118,29.55,0.8162
175.2,11.76,0.117,29.22,0.8128
175.2,11.84,0.116,28.90,0.8108
175.2,11.92,0.114,28.59,0.8106
175.2,12.00,0.113,28.29,0.8123
180.5,0.00,0.140,35.09,
180.5,0.08,0.139,34.83,
180.5,0.16,0.138,34.62,
180.5,0.24,0.138,34.46,
180.5,0.32,0.138,34.38,
180.5,0.40,0.138,34.38,
180.5,0.48,0.137,34.35,
180.5,0.56,0.137,34.23,
180.5,0.64,0.136,34.03,
180.5,0.72,0.135,33.76,
180.5,0.81,0.134,33.44,
180.5,0.89,0.132,33.08,
180.5,0.97,0.131,32.70,
180.5,1.05,0.129,32.29,
180.5,1.13,0.127,31.87,
180.5,1.21,0.126,31.43,
180.5,1.29,0.124,30.98,
180.5,1.37,0.122,30.53,
180.5,1.45,0.120,30.08,
180.5,1.53,0.118,29.62,
180.5,1.61,0.117,29.18,
180.5,1.69,0.115,28.74,
180.5,1.77,0.113,28.31,
180.5,1.85,0.112,27.88,
180.5,1.93,0.110,27.47,
180.5,2.01,0.108,27.07,0.7482
180.5,2.09,0.107,26.76,0.7577
180.5,2.17,0.106,26.57,0.7673
180.5,2.26,0.106,26.49,0.7768
180.5,2.34,0.106,26.46,0.7854
180.5,2.42,0.106,26.49,0.7932
180.5,2.50,0.106,26.56,0.8010
180.5,2.58,0.107,26.69,0.8088
180.5,2.66,0.107,26.86,0.8168
180.5,2.74,0.108,27.07,0.8247
180.5,2.82,0.109,27.32,0.8326
180.5,2.90,0.111,27.63,0.8403
180.5,2.98,0.112,27.97,0.8479
180.5,3.06,0.113,28.36,0.8553
180.5,3.14,0.115,28.78,0.8624
180.5,3.22,0.117,29.24,0.8693
180.5,3.30,0.119,29.72,0.8760
180.5,3.38,0.121,30.21,0.8823
180.5,3.46,0.123,30.73,0.8884
180.5,3.54,0.125,31.26,0.8941
180.5,3.62,0.127,31.79,0.8995
180.5,3.70,0.129,32.30,0.9045
180.5,3.79,0.131,32.78,0.9090
180.5,3.87,0.133,33.19,0.9130
180.5,3.95,0.134,33.53,0.9164
180.5,4.03,0.135,33.79,0.9190
180.5,4.11,0.136,34.03,0.9203
180.5,4.19,0.137,34.27,0.9200
180.5,4.27,0.138,34.54,0.9191
180.5,4.35,0.139,34.86,0.9187
180.5,4.43,0.141,35.23,0.9188
180.5,4.51,0.142,35.56,0.9195
180.5,4.59,0.143,35.86,0.9209
180.5,4.67,0.144,36.12,0.9227
180.5,4.75,0.145,36.34,0.9249
180.5,4.83,0.146,36.54,0.9273
180.5,4.91,0.147,36.72,0.9299
180.5,4.99,0.148,36.88,0.9325
180.5,5.07,0.148,37.02,0.9351
180.5,5.15,0.149,37.15,0.9379
180.5,5.23,0.149,37.26,0.9407
180.5,5.32,0.149,37.37,0.9436
180.5,5.40,0.150,37.46,0.9465
180.5,5.48,0.150,37.55,0.9496
180.5,5.56,0.151,37.63,0.9527
180.5,5.64,0.151,37.70,0.9559
180.5,5.72,0.151,37.77,0.9593
180.5,5.80,0.151,37.83,0.9631
180.5,5.88,0.152,37.88,0.9674
180.5,5.96,0.152,37.92,0.9721
180.5,6.04,0.152,37.96,0.9773
180.5,6.12,0.152,38.03,0.9829
180.5,6.20,0.153,38.13,0.9887
180.5,6.28,0.153,38.24,0.9937
180.5,6.36,0.153,38.34,0.9969
180.5,6.44,0.154,38.45,0.9987
180.5,6.52,0.154,38.55,1.0012
180.5,6.60,0.155,38.66,1.0044
180.5,6.68,0.155,38.77,1.0082
180.5,6.77,0.156,38.89,1.0125
180.5,6.85,0.156,39.00,1.0169
180.5,6.93,0.157,39.13,1.0213
180.5,7.01,0.157,39.26,1.0257
180.5,7.09,0.158,39.40,1.0300
180.5,7.17,0.158,39.54,1.0342
180.5,7.25,0.159,39.69,1.0382
180.5,7.33,0.159,39.83,1.0421
180.5,7.41,0.160,39.98,1.0457
180.5,7.49,0.161,40.14,1.0492
180.5,7.57,0.161,40.29,1.0524
180.5,7.65,0.162,40.44,1.0553
180.5,7.73,0.162,40.58,1.0580
180.5,7.81,0.163,40.72,1.0606
180.5,7.89,0.163,40.84,1.0631
180.5,7.97,0.164,40.94,1.0654
180.5,8.05,0.164,41.01,1.0671
180.5,8.13,0.164,41.07,1.0661
180.5,8.21,0.164,41.11,1.0628
180.5,8.30,0.165,41.16,1.0585
180.5,8.38,0.165,41.24,1.0538
180.5,8.46,0.165,41.33,1.0493
180.5,8.54,0.166,41.39,1.0454
180.5,8.62,0.166,41.42,1.0420
180.5,8.70,0.166,41.43,1.0391
180.5,8.78,0.166,41.41,1.0365
180.5,8.86,0.165,41.37,1.0339
180.5,8.94,0.165,41.30,1.0310
180.5,9.02,0.165,41.22,1.0279
180.5,9.10,0.164,41.11,1.0246
180.5,9.18,0.164,40.98,1.0211
180.5,9.26,0.163,40.83,1.0173
180.5,9.34,0.163,40.67,1.0133
180.5,9.42,0.162,40.48,1.0090
180.5,9.50,0.161,40.28,1.0045
180.5,9.58,0.160,40.06,0.9998
180.5,9.66,0.159,39.83,0.9949
180.5,9.74,0.158,39.58,0.9902
180.5,9.83,0.157,39.32,0.9859
180.5,9.91,0.156,39.05,0.9820
180.5,9.99,0.155,38.77,0.9787
180.5,10.07,0.154,38.48,0.9757
180.5,10.15,0.153,38.20,0.9719
180.5,10.23,0.152,37.93,0.9675
180.5,10.31,0.151,37.65,0.9617
180.5,10.39,0.149,37.35,0.9543
180.5,10.47,0.148,37.03,0.9460
180.5,10.55,0.147,36.69,0.9378
180.5,10.63,0.145,36.34,0.9298
180.5,10.71,0.144,35.97,0.9218
180.5,10.79,0.142,35.60,0.9140
180.5,10.87,0.141,35.23,0.9063
180.5,10.95,0.139,34.86,0.8984
180.5,11.03,0.138,34.50,0.8907
180.5,11.11,0.137,34.14,0.8831
180.5,11.19,0.135,33.79,0.8756
180.5,11.28,0.134,33.44,0.8684
180.5,11.36,0.132,33.10,0.8615
180.5,11.44,0.131,32.77,0.8550
180.5,11.52,0.130,32.44,0.8489
180.5,11.60,0.128,32.12,0.8434
180.5,11.68,0.127,31.80,0.8385
180.5,11.76,0.126,31.49,0.8348
180.5,11.84,0.125,31.19,0.8326
180.5,11.92,0.124,30.90,0.8320
180.5,12.00,0.122,30.61,0.8333
185.9,0.00,0.151,37.68,
185.9,0.08,0.150,37.48,
185.9,0.16,0.149,37.34,
185.9,0.24,0.149,37.26,
185.9,0.32,0.149,37.26,
185.9,0.40,0.149,37.18,
185.9,0.48,0.148,37.01,
185.9,0.56,0.147,36.77,
185.9,0.64,0.146,36.48,
185.9,0.72,0.145,36.16,
185.9,0.81,0.143,35.80,
185.9,0.89,0.142,35.41,
185.9,0.97,0.140,35.00,
185.9,1.05,0.138,34.57,
185.9,1.13,0.136,34.12,
185.9,1.21,0.135,33.66,
185.9,1.29,0.133,33.20,
185.9,1.37,0.131,32.73,
185.9,1.45,0.129,32.27,
185.9,1.53,0.127,31.81,
185.9,1.61,0.125,31.35,
185.9,1.69,0.124,30.92,
185.9,1.77,0.122,30.50,
185.9,1.85,0.120,30.09,
185.9,1.93,0.119,29.69,
185.9,2.01,0.117,29.31,0.7612
185.9,2.09,0.116,29.02,0.7704
185.9,2.17,0.115,28.86,0.7797
185.9,2.26,0.115,28.76,0.7883
185.9,2.34,0.115,28.73,0.7963
185.9,2.42,0.115,28.74,0.8043
185.9,2.50,0.115,28.81,0.8124
185.9,2.58,0.116,28.92,0.8206
185.9,2.66,0.116,29.08,0.8287
185.9,2.74,0.117,29.31,0.8366
185.9,2.82,0.118,29.58,0.8444
185.9,2.90,0.120,29.90,0.8521
185.9,2.98,0.121,30.26,0.8595
185.9,3.06,0.123,30.66,0.8667
185.9,3.14,0.124,31.09,0.8737
185.9,3.22,0.126,31.54,0.8804
185.9,3.30,0.128,32.02,0.8869
185.9,3.38,0.130,32.52,0.8931
185.9,3.46,0.132,33.03,0.8989
185.9,3.54,0.134,33.54,0.9044
185.9,3.62,0.136,34.06,0.9096
185.9,3.70,0.138,34.58,0.9144
185.9,3.79,0.140,35.08,0.9187
185.9,3.87,0.142,35.53,0.9226
185.9,3.95,0.144,35.90,0.9258
185.9,4.03,0.145,36.19,0.9284
185.9,4.11,0.146,36.46,0.9296
185.9,4.19,0.147,36.75,0.9295
185.9,4.27,0.148,37.09,0.9297
185.9,4.35,0.150,37.46,0.9305
185.9,4.43,0.151,37.78,0.9319
185.9,4.51,0.152,38.07,0.9337
185.9,4.59,0.153,38.31,0.9360
185.9,4.67,0.154,38.54,0.9384
185.9,4.75,0.155,38.74,0.9409
185.9,4.83,0.156,38.91,0.9434
185.9,4.91,0.156,39.07,0.9460
185.9,4.99,0.157,39.22,0.9486
185.9,5.07,0.157,39.34,0.9513
185.9,5.15,0.158,39.46,0.9541
185.9,5.23,0.158,39.56,0.9570
185.9,5.32,0.159,39.65,0.9599
185.9,5.40,0.159,39.73,0.9629
185.9,5.48,0.159,39.81,0.9660
185.9,5.56,0.160,39.88,0.9692
185.9,5.64,0.160,39.95,0.9724
185.9,5.72,0.160,40.02,0.9757
185.9,5.80,0.160,40.08,0.9793
185.9,5.88,0.161,40.14,0.9833
185.9,5.96,0.161,40.19,0.9877
185.9,6.04,0.161,40.23,0.9926
185.9,6.12,0.161,40.31,0.9979
185.9,6.20,0.162,40.41,1.0028
185.9,6.28,0.162,40.51,1.0059
185.9,6.36,0.162,40.61,1.0084
185.9,6.44,0.163,40.71,1.0117
185.9,6.52,0.163,40.81,1.0156
185.9,6.60,0.164,40.92,1.0200
185.9,6.68,0.164,41.04,1.0245
185.9,6.77,0.165,41.16,1.0290
185.9,6.85,0.165,41.29,1.0335
185.9,6.93,0.166,41.43,1.0380
185.9,7.01,0.166,41.58,1.0424
185.9,7.09,0.167,41.72,1.0467
185.9,7.17,0.168,41.88,1.0508
185.9,7.25,0.168,42.03,1.0548
185.9,7.33,0.169,42.19,1.0587
185.9,7.41,0.169,42.35,1.0622
185.9,7.49,0.170,42.51,1.0656
185.9,7.57,0.171,42.67,1.0686
185.9,7.65,0.171,42.83,1.0714
185.9,7.73,0.172,42.99,1.0738
185.9,7.81,0.173,43.14,1.0760
185.9,7.89,0.173,43.28,1.0780
185.9,7.97,0.174,43.39,1.0799
185.9,8.05,0.174,43.49,1.0810
185.9,8.13,0.174,43.57,1.0796
185.9,8.21,0.175,43.64,1.0765
185.9,8.30,0.175,43.75,1.0729
185.9,8.38,0.175,43.84,1.0697
185.9,8.46,0.176,43.91,1.0671
185.9,8.54,0.176,43.95,1.0650
185.9,8.62,0.176,43.96,1.0632
185.9,8.70,0.176,43.95,1.0611
185.9,8.78,0.176,43.91,1.0588
185.9,8.86,0.175,43.86,1.0563
185.9,8.94,0.175,43.78,1.0536
185.9,9.02,0.175,43.68,1.0506
185.9,9.10,0.174,43.56,1.0474
185.9,9.18,0.174,43.42,1.0440
185.9,9.26,0.173,43.26,1.0404
185.9,9.34,0.172,43.08,1.0365
185.9,9.42,0.172,42.89,1.0324
185.9,9.50,0.171,42.67,1.0280
185.9,9.58,0.170,42.45,1.0234
185.9,9.66,0.169,42.20,1.0186
185.9,9.74,0.168,41.94,1.0135
185.9,9.83,0.167,41.67,1.0086
185.9,9.91,0.166,41.39,1.0042
185.9,9.99,0.164,41.10,1.0003
185.9,10.07,0.163,40.80,0.9965
185.9,10.15,0.162,40.51,0.9920
185.9,10.23,0.161,40.22,0.9863
185.9,10.31,0.160,39.91,0.9789
185.9,10.39,0.158,39.58,0.9711
185.9,10.47,0.157,39.23,0.9635
185.9,10.55,0.155,38.87,0.9558
185.9,10.63,0.154,38.51,0.9482
185.9,10.71,0.153,38.15,0.9405
185.9,10.79,0.151,37.79,0.9326
185.9,10.87,0.150,37.43,0.9247
185.9,10.95,0.148,37.08,0.9168
185.9,11.03,0.147,36.74,0.9090
185.9,11.11,0.146,36.40,0.9014
185.9,11.19,0.144,36.06,0.8940
185.9,11.28,0.143,35.74,0.8869
185.9,11.36,0.142,35.41,0.8802
185.9,11.44,0.140,35.10,0.8739
185.9,11.52,0.139,34.79,0.8680
185.9,11.60,0.138,34.49,0.8627
185.9,11.68,0.137,34.19,0.8581
185.9,11.76,0.136,33.90,0.8541
185.9,11.84,0.134,33.62,0.8515
185.9,11.92,0.133,33.35,0.8505
185.9,12.00,0.132,33.09,0.8514
191.3,0.00,0.162,40.54,
191.3,0.08,0.162,40.40,
191.3,0.16,0.161,40.34,
191.3,0.24,0.161,40.30,
191.3,0.32,0.161,40.17,
191.3,0.40,0.160,39.97,
191.3,0.48,0.159,39.72,
191.3,0.56,0.158,39.43,
191.3,0.64,0.156,39.10,
191.3,0.72,0.155,38.74,
191.3,0.81,0.153,38.34,
191.3,0.89,0.152,37.93,
191.3,0.97,0.150,37.49,
191.3,1.05,0.148,37.03,
191.3,1.13,0.146,36.56,
191.3,1.21,0.144,36.09,
191.3,1.29,0.142,35.61,
191.3,1.37,0.141,35.13,
191.3,1.45,0.139,34.65,
191.3,1.53,0.137,34.18,
191.3,1.61,0.135,33.73,
191.3,1.69,0.133,33.29,
191.3,1.77,0.131,32.87,
191.3,1.85,0.130,32.48,
191.3,1.93,0.128,32.10,
191.3,2.01,0.127,31.74,0.7736
191.3,2.09,0.126,31.48,0.7825
191.3,2.17,0.125,31.32,0.7910
191.3,2.26,0.125,31.21,0.7991
191.3,2.34,0.125,31.15,0.8074
191.3,2.42,0.125,31.16,0.8157
191.3,2.50,0.125,31.23,0.8239
191.3,2.58,0.125,31.36,0.8320
191.3,2.66,0.126,31.55,0.8399
191.3,2.74,0.127,31.79,0.8478
191.3,2.82,0.128,32.08,0.8554
191.3,2.90,0.130,32.41,0.8629
191.3,2.98,0.131,32.78,0.8702
191.3,3.06,0.133,33.19,0.8772
191.3,3.14,0.134,33.62,0.8840
191.3,3.22,0.136,34.08,0.8906
191.3,3.30,0.138,34.55,0.8968
191.3,3.38,0.140,35.04,0.9027
191.3,3.46,0.142,35.54,0.9083
191.3,3.54,0.144,36.05,0.9136
191.3,3.62,0.146,36.55,0.9185
191.3,3.70,0.148,37.05,0.9229
191.3,3.79,0.150,37.54,0.9270
191.3,3.87,0.152,38.01,0.9307
191.3,3.95,0.154,38.42,0.9338
191.3,4.03,0.155,38.75,0.9362
191.3,4.11,0.156,39.06,0.9372
191.3,4.19,0.158,39.42,0.9381
191.3,4.27,0.159,39.77,0.9396
191.3,4.35,0.160,40.08,0.9416
191.3,4.43,0.161,40.35,0.9438
191.3,4.51,0.162,40.60,0.9461
191.3,4.59,0.163,40.82,0.9485
191.3,4.67,0.164,41.02,0.9509
191.3,4.75,0.165,41.20,0.9534
191.3,4.83,0.165,41.35,0.9559
191.3,4.91,0.166,41.50,0.9585
191.3,4.99,0.166,41.62,0.9612
191.3,5.07,0.167,41.73,0.9639
191.3,5.15,0.167,41.83,0.9667
191.3,5.23,0.168,41.92,0.9696
191.3,5.32,0.168,41.99,0.9725
191.3,5.40,0.168,42.07,0.9756
191.3,5.48,0.169,42.13,0.9787
191.3,5.56,0.169,42.19,0.9819
191.3,5.64,0.169,42.25,0.9852
191.3,5.72,0.169,42.31,0.9885
191.3,5.80,0.169,42.37,0.9920
191.3,5.88,0.170,42.44,0.9956
191.3,5.96,0.170,42.50,0.9997
191.3,6.04,0.170,42.55,1.0042
191.3,6.12,0.171,42.64,1.0089
191.3,6.20,0.171,42.73,1.0121
191.3,6.28,0.171,42.82,1.0155
191.3,6.36,0.172,42.91,1.0195
191.3,6.44,0.172,43.01,1.0239
191.3,6.52,0.173,43.13,1.0284
191.3,6.60,0.173,43.25,1.0329
191.3,6.68,0.174,43.38,1.0375
191.3,6.77,0.174,43.52,1.0420
191.3,6.85,0.175,43.66,1.0466
191.3,6.93,0.175,43.81,1.0510
191.3,7.01,0.176,43.97,1.0554
191.3,7.09,0.177,44.13,1.0597
191.3,7.17,0.177,44.29,1.0638
191.3,7.25,0.178,44.45,1.0677
191.3,7.33,0.178,44.62,1.0714
191.3,7.41,0.179,44.79,1.0749
191.3,7.49,0.180,44.96,1.0781
191.3,7.57,0.181,45.13,1.0810
191.3,7.65,0.181,45.30,1.0836
191.3,7.73,0.182,45.46,1.0858
191.3,7.81,0.182,45.62,1.0876
191.3,7.89,0.183,45.78,1.0891
191.3,7.97,0.184,45.91,1.0904
191.3,8.05,0.184,46.03,1.0910
191.3,8.13,0.185,46.14,1.0893
191.3,8.21,0.185,46.26,1.0871
191.3,8.30,0.185,46.36,1.0853
191.3,8.38,0.186,46.43,1.0841
191.3,8.46,0.186,46.48,1.0828
191.3,8.54,0.186,46.50,1.0813
191.3,8.62,0.186,46.50,1.0796
191.3,8.70,0.186,46.47,1.0777
191.3,8.78,0.186,46.42,1.0756
191.3,8.86,0.185,46.35,1.0732
191.3,8.94,0.185,46.26,1.0706
191.3,9.02,0.185,46.14,1.0678
191.3,9.10,0.184,46.01,1.0648
191.3,9.18,0.183,45.86,1.0615
191.3,9.26,0.183,45.69,1.0580
191.3,9.34,0.182,45.50,1.0542
191.3,9.42,0.181,45.29,1.0503
191.3,9.50,0.180,45.07,1.0460
191.3,9.58,0.179,44.83,1.0416
191.3,9.66,0.178,44.58,1.0368
191.3,9.74,0.177,44.32,1.0319
191.3,9.83,0.176,44.04,1.0266
191.3,9.91,0.175,43.74,1.0215
191.3,9.99,0.174,43.44,1.0168
191.3,10.07,0.173,43.13,1.0123
191.3,10.15,0.171,42.83,1.0067
191.3,10.23,0.170,42.51,0.9996
191.3,10.31,0.169,42.17,0.9925
191.3,10.39,0.167,41.82,0.9854
191.3,10.47,0.166,41.47,0.9780
191.3,10.55,0.164,41.12,0.9704
191.3,10.63,0.163,40.77,0.9626
191.3,10.71,0.162,40.43,0.9547
191.3,10.79,0.160,40.09,0.9467
191.3,10.87,0.159,39.76,0.9387
191.3,10.95,0.158,39.43,0.9308
191.3,11.03,0.156,39.10,0.9231
191.3,11.11,0.155,38.78,0.9155
191.3,11.19,0.154,38.47,0.9083
191.3,11.28,0.153,38.16,0.9013
191.3,11.36,0.151,37.86,0.8948
191.3,11.44,0.150,37.56,0.8887
191.3,11.52,0.149,37.28,0.8831
191.3,11.60,0.148,37.00,0.8781
191.3,11.68,0.147,36.72,0.8738
191.3,11.76,0.146,36.46,0.8702
191.3,11.84,0.145,36.21,0.8674
191.3,11.92,0.144,35.96,0.8659
191.3,12.00,0.143,35.72,0.8663
196.6,0.00,0.175,43.67,
196.6,0.08,0.174,43.61,
196.6,0.16,0.174,43.52,
196.6,0.24,0.173,43.37,
196.6,0.32,0.173,43.17,
196.6,0.40,0.172,42.92,
196.6,0.48,0.171,42.63,
196.6,0.56,0.169,42.29,
196.6,0.64,0.168,41.93,
196.6,0.72,0.166,41.53,
196.6,0.81,0.164,41.10,
196.6,0.89,0.163,40.66,
196.6,0.97,0.161,40.19,
196.6,1.05,0.159,39.71,
196.6,1.13,0.157,39.22,
196.6,1.21,0.155,38.73,
196.6,1.29,0.153,38.23,
196.6,1.37,0.151,37.74,
196.6,1.45,0.149,37.25,
196.6,1.53,0.147,36.78,
196.6,1.61,0.145,36.32,
196.6,1.69,0.144,35.88,
196.6,1.77,0.142,35.46,
196.6,1.85,0.140,35.07,
196.6,1.93,0.139,34.71,
196.6,2.01,0.138,34.38,0.7852
196.6,2.09,0.137,34.14,0.7936
196.6,2.17,0.136,33.95,0.8019
196.6,2.26,0.135,33.84,0.8102
196.6,2.34,0.135,33.81,0.8184
196.6,2.42,0.135,33.84,0.8266
196.6,2.50,0.136,33.93,0.8347
196.6,2.58,0.136,34.09,0.8426
196.6,2.66,0.137,34.30,0.8504
196.6,2.74,0.138,34.55,0.8581
196.6,2.82,0.139,34.86,0.8656
196.6,2.90,0.141,35.20,0.8728
196.6,2.98,0.142,35.58,0.8799
196.6,3.06,0.144,35.98,0.8867
196.6,3.14,0.146,36.42,0.8933
196.6,3.22,0.147,36.87,0.8995
196.6,3.30,0.149,37.34,0.9055
196.6,3.38,0.151,37.82,0.9111
196.6,3.46,0.153,38.31,0.9164
196.6,3.54,0.155,38.80,0.9214
196.6,3.62,0.157,39.29,0.9259
196.6,3.70,0.159,39.76,0.9301
196.6,3.79,0.161,40.23,0.9338
196.6,3.87,0.163,40.68,0.9371
196.6,3.95,0.164,41.10,0.9399
196.6,4.03,0.166,41.47,0.9421
196.6,4.11,0.167,41.83,0.9438
196.6,4.19,0.169,42.17,0.9458
196.6,4.27,0.170,42.47,0.9480
196.6,4.35,0.171,42.74,0.9501
196.6,4.43,0.172,42.99,0.9524
196.6,4.51,0.173,43.21,0.9547
196.6,4.59,0.174,43.40,0.9570
196.6,4.67,0.174,43.58,0.9594
196.6,4.75,0.175,43.73,0.9619
196.6,4.83,0.175,43.87,0.9644
196.6,4.91,0.176,43.99,0.9670
196.6,4.99,0.176,44.10,0.9697
196.6,5.07,0.177,44.19,0.9724
196.6,5.15,0.177,44.27,0.9752
196.6,5.23,0.177,44.34,0.9781
196.6,5.32,0.178,44.41,0.9810
196.6,5.40,0.178,44.46,0.9841
196.6,5.48,0.178,44.52,0.9872
196.6,5.56,0.178,44.57,0.9904
196.6,5.64,0.178,44.62,0.9937
196.6,5.72,0.179,44.67,0.9971
196.6,5.80,0.179,44.72,1.0005
196.6,5.88,0.179,44.78,1.0041
196.6,5.96,0.179,44.85,1.0078
196.6,6.04,0.180,44.91,1.0119
196.6,6.12,0.180,44.99,1.0155
196.6,6.20,0.180,45.08,1.0196
196.6,6.28,0.181,45.17,1.0238
196.6,6.36,0.181,45.28,1.0282
196.6,6.44,0.182,45.40,1.0326
196.6,6.52,0.182,45.53,1.0372
196.6,6.60,0.183,45.66,1.0418
196.6,6.68,0.183,45.81,1.0464
196.6,6.77,0.184,45.96,1.0510
196.6,6.85,0.184,46.11,1.0555
196.6,6.93,0.185,46.28,1.0600
196.6,7.01,0.186,46.44,1.0643
196.6,7.09,0.186,46.61,1.0685
196.6,7.17,0.187,46.79,1.0725
196.6,7.25,0.188,46.96,1.0764
196.6,7.33,0.189,47.14,1.0800
196.6,7.41,0.189,47.31,1.0833
196.6,7.49,0.190,47.49,1.0863
196.6,7.57,0.191,47.67,1.0891
196.6,7.65,0.191,47.84,1.0914
196.6,7.73,0.192,48.01,1.0934
196.6,7.81,0.193,48.18,1.0950
196.6,7.89,0.193,48.34,1.0961
196.6,7.97,0.194,48.50,1.0968
196.6,8.05,0.195,48.64,1.0967
196.6,8.13,0.195,48.78,1.0960
196.6,8.21,0.196,48.88,1.0955
196.6,8.30,0.196,48.97,1.0948
196.6,8.38,0.196,49.02,1.0939
196.6,8.46,0.196,49.05,1.0928
196.6,8.54,0.196,49.06,1.0914
196.6,8.62,0.196,49.04,1.0899
196.6,8.70,0.196,49.00,1.0881
196.6,8.78,0.196,48.93,1.0861
196.6,8.86,0.195,48.85,1.0839
196.6,8.94,0.195,48.74,1.0815
196.6,9.02,0.194,48.62,1.0788
196.6,9.10,0.194,48.47,1.0759
196.6,9.18,0.193,48.31,1.0728
196.6,9.26,0.193,48.13,1.0694
196.6,9.34,0.192,47.93,1.0658
196.6,9.42,0.191,47.71,1.0619
196.6,9.50,0.190,47.48,1.0578
196.6,9.58,0.189,47.23,1.0535
196.6,9.66,0.188,46.97,1.0489
196.6,9.74,0.187,46.69,1.0440
196.6,9.83,0.186,46.41,1.0389
196.6,9.91,0.184,46.10,1.0336
196.6,9.99,0.183,45.79,1.0281
196.6,10.07,0.182,45.48,1.0226
196.6,10.15,0.181,45.14,1.0162
196.6,10.23,0.179,44.81,1.0096
196.6,10.31,0.178,44.48,1.0026
196.6,10.39,0.177,44.14,0.9952
196.6,10.47,0.175,43.81,0.9876
196.6,10.55,0.174,43.49,0.9798
196.6,10.63,0.173,43.16,0.9718
196.6,10.71,0.171,42.84,0.9638
196.6,10.79,0.170,42.53,0.9558
196.6,10.87,0.169,42.21,0.9478
196.6,10.95,0.168,41.91,0.9399
196.6,11.03,0.166,41.60,0.9322
196.6,11.11,0.165,41.31,0.9248
196.6,11.19,0.164,41.02,0.9177
196.6,11.28,0.163,40.73,0.9109
196.6,11.36,0.162,40.45,0.9046
196.6,11.44,0.161,40.18,0.8988
196.6,11.52,0.160,39.92,0.8935
196.6,11.60,0.159,39.66,0.8889
196.6,11.68,0.158,39.42,0.8850
196.6,11.76,0.157,39.18,0.8819
196.6,11.84,0.156,38.95,0.8795
196.6,11.92,0.155,38.73,0.8781
196.6,12.00,0.154,38.52,0.8779
202.0,0.00,0.188,47.10,
202.0,0.08,0.188,47.00,
202.0,0.16,0.187,46.85,
202.0,0.24,0.187,46.65,
202.0,0.32,0.186,46.40,
202.0,0.40,0.184,46.11,
202.0,0.48,0.183,45.77,
202.0,0.56,0.182,45.40,
202.0,0.64,0.180,44.99,
202.0,0.72,0.178,44.56,
202.0,0.81,0.176,44.11,
202.0,0.89,0.175,43.63,
202.0,0.97,0.173,43.14,
202.0,1.05,0.171,42.64,
202.0,1.13,0.169,42.13,
202.0,1.21,0.166,41.62,
202.0,1.29,0.164,41.11,
202.0,1.37,0.162,40.60,
202.0,1.45,0.160,40.11,
202.0,1.53,0.158,39.62,
202.0,1.61,0.157,39.16,
202.0,1.69,0.155,38.72,
202.0,1.77,0.153,38.30,
202.0,1.85,0.152,37.92,
202.0,1.93,0.150,37.57,
202.0,2.01,0.149,37.24,0.7960
202.0,2.09,0.148,37.00,0.8042
202.0,2.17,0.147,36.85,0.8124
202.0,2.26,0.147,36.77,0.8206
202.0,2.34,0.147,36.76,0.8287
202.0,2.42,0.147,36.82,0.8367
202.0,2.50,0.148,36.94,0.8446
202.0,2.58,0.148,37.11,0.8523
202.0,2.66,0.149,37.34,0.8600
202.0,2.74,0.150,37.61,0.8674
202.0,2.82,0.152,37.92,0.8746
202.0,2.90,0.153,38.27,0.8817
202.0,2.98,0.155,38.65,0.8885
202.0,3.06,0.156,39.06,0.8950
202.0,3.14,0.158,39.49,0.9013
202.0,3.22,0.160,39.93,0.9072
202.0,3.30,0.162,40.40,0.9129
202.0,3.38,0.163,40.86,0.9182
202.0,3.46,0.165,41.34,0.9232
202.0,3.54,0.167,41.81,0.9278
202.0,3.62,0.169,42.27,0.9319
202.0,3.70,0.171,42.72,0.9357
202.0,3.79,0.173,43.16,0.9391
202.0,3.87,0.174,43.58,0.9419
202.0,3.95,0.176,43.98,0.9443
202.0,4.03,0.177,44.35,0.9462
202.0,4.11,0.179,44.68,0.9482
202.0,4.19,0.180,44.98,0.9502
202.0,4.27,0.181,45.25,0.9523
202.0,4.35,0.182,45.49,0.9545
202.0,4.43,0.183,45.71,0.9567
202.0,4.51,0.184,45.90,0.9589
202.0,4.59,0.184,46.07,0.9612
202.0,4.67,0.185,46.22,0.9636
202.0,4.75,0.185,46.35,0.9660
202.0,4.83,0.186,46.47,0.9685
202.0,4.91,0.186,46.56,0.9711
202.0,4.99,0.187,46.65,0.9737
202.0,5.07,0.187,46.72,0.9764
202.0,5.15,0.187,46.78,0.9792
202.0,5.23,0.187,46.84,0.9821
202.0,5.32,0.188,46.89,0.9850
202.0,5.40,0.188,46.93,0.9880
202.0,5.48,0.188,46.97,0.9911
202.0,5.56,0.188,47.01,0.9943
202.0,5.64,0.188,47.05,0.9976
202.0,5.72,0.188,47.09,1.0009
202.0,5.80,0.189,47.13,1.0044
202.0,5.88,0.189,47.18,1.0080
202.0,5.96,0.189,47.25,1.0117
202.0,6.04,0.189,47.31,1.0153
202.0,6.12,0.190,47.40,1.0193
202.0,6.20,0.190,47.50,1.0235
202.0,6.28,0.190,47.61,1.0279
202.0,6.36,0.191,47.73,1.0323
202.0,6.44,0.191,47.87,1.0369
202.0,6.52,0.192,48.01,1.0415
202.0,6.60,0.193,48.16,1.0461
202.0,6.68,0.193,48.31,1.0507
202.0,6.77,0.194,48.48,1.0553
202.0,6.85,0.195,48.64,1.0598
202.0,6.93,0.195,48.82,1.0642
202.0,7.01,0.196,48.99,1.0684
202.0,7.09,0.197,49.18,1.0726
202.0,7.17,0.197,49.36,1.0765
202.0,7.25,0.198,49.54,1.0802
202.0,7.33,0.199,49.73,1.0836
202.0,7.41,0.200,49.91,1.0868
202.0,7.49,0.200,50.10,1.0896
202.0,7.57,0.201,50.28,1.0922
202.0,7.65,0.202,50.46,1.0943
202.0,7.73,0.203,50.64,1.0960
202.0,7.81,0.203,50.81,1.0973
202.0,7.89,0.204,50.98,1.0981
202.0,7.97,0.205,51.16,1.0987
202.0,8.05,0.205,51.31,1.0985
202.0,8.13,0.206,51.42,1.0984
202.0,8.21,0.206,51.51,1.0980
202.0,8.30,0.206,51.58,1.0975
202.0,8.38,0.206,51.62,1.0967
202.0,8.46,0.207,51.63,1.0957
202.0,8.54,0.206,51.62,1.0946
202.0,8.62,0.206,51.59,1.0932
202.0,8.70,0.206,51.53,1.0915
202.0,8.78,0.206,51.45,1.0897
202.0,8.86,0.205,51.36,1.0876
202.0,8.94,0.205,51.24,1.0853
202.0,9.02,0.204,51.10,1.0828
202.0,9.10,0.204,50.94,1.0801
202.0,9.18,0.203,50.76,1.0771
202.0,9.26,0.202,50.57,1.0739
202.0,9.34,0.201,50.36,1.0704
202.0,9.42,0.201,50.13,1.0667
202.0,9.50,0.200,49.89,1.0627
202.0,9.58,0.199,49.64,1.0585
202.0,9.66,0.197,49.36,1.0540
202.0,9.74,0.196,49.08,1.0493
202.0,9.83,0.195,48.78,1.0443
202.0,9.91,0.194,48.48,1.0391
202.0,9.99,0.193,48.16,1.0338
202.0,10.07,0.191,47.83,1.0276
202.0,10.15,0.190,47.52,1.0211
202.0,10.23,0.189,47.21,1.0141
202.0,10.31,0.188,46.89,1.0068
202.0,10.39,0.186,46.59,0.9992
202.0,10.47,0.185,46.28,0.9914
202.0,10.55,0.184,45.98,0.9835
202.0,10.63,0.183,45.68,0.9754
202.0,10.71,0.182,45.38,0.9673
202.0,10.79,0.180,45.09,0.9592
202.0,10.87,0.179,44.80,0.9513
202.0,10.95,0.178,44.52,0.9434
202.0,11.03,0.177,44.24,0.9359
202.0,11.11,0.176,43.97,0.9286
202.0,11.19,0.175,43.70,0.9216
202.0,11.28,0.174,43.45,0.9151
202.0,11.36,0.173,43.19,0.9091
202.0,11.44,0.172,42.95,0.9036
202.0,11.52,0.171,42.71,0.8987
202.0,11.60,0.170,42.49,0.8945
202.0,11.68,0.169,42.27,0.8910
202.0,11.76,0.168,42.05,0.8884
202.0,11.84,0.167,41.85,0.8866
202.0,11.92,0.167,41.66,0.8857
202.0,12.00,0.166,41.50,0.8861
207.4,0.00,0.203,50.87,
207.4,0.08,0.203,50.73,
207.4,0.16,0.202,50.53,
207.4,0.24,0.201,50.27,
207.4,0.32,0.200,49.98,
207.4,0.40,0.199,49.64,
207.4,0.48,0.197,49.26,
207.4,0.56,0.195,48.85,
207.4,0.64,0.194,48.42,
207.4,0.72,0.192,47.95,
207.4,0.81,0.190,47.47,
207.4,0.89,0.188,46.97,
207.4,0.97,0.186,46.45,
207.4,1.05,0.184,45.93,
207.4,1.13,0.182,45.40,
207.4,1.21,0.180,44.88,
207.4,1.29,0.177,44.35,
207.4,1.37,0.175,43.84,
207.4,1.45,0.173,43.34,
207.4,1.53,0.171,42.85,
207.4,1.61,0.170,42.39,
207.4,1.69,0.168,41.95,
207.4,1.77,0.166,41.55,
207.4,1.85,0.165,41.21,
207.4,1.93,0.163,40.78,
207.4,2.01,0.161,40.29,0.8060
207.4,2.09,0.160,39.95,0.8137
207.4,2.17,0.159,39.81,0.8217
207.4,2.26,0.159,39.76,0.8297
207.4,2.34,0.159,39.78,0.8376
207.4,2.42,0.159,39.86,0.8454
207.4,2.50,0.160,39.99,0.8531
207.4,2.58,0.161,40.18,0.8607
207.4,2.66,0.162,40.42,0.8680
207.4,2.74,0.163,40.70,0.8752
207.4,2.82,0.164,41.02,0.8822
207.4,2.90,0.165,41.37,0.8890
207.4,2.98,0.167,41.76,0.8955
207.4,3.06,0.169,42.16,0.9017
207.4,3.14,0.170,42.59,0.9077
207.4,3.22,0.172,43.02,0.9133
207.4,3.30,0.174,43.47,0.9186
207.4,3.38,0.176,43.93,0.9236
207.4,3.46,0.178,44.38,0.9282
207.4,3.54,0.179,44.83,0.9324
207.4,3.62,0.181,45.27,0.9362
207.4,3.70,0.183,45.69,0.9395
207.4,3.79,0.185,46.14,0.9425
207.4,3.87,0.187,46.66,0.9452
207.4,3.95,0.188,47.12,0.9469
207.4,4.03,0.189,47.37,0.9478
207.4,4.11,0.190,47.60,0.9491
207.4,4.19,0.191,47.86,0.9510
207.4,4.27,0.192,48.09,0.9530
207.4,4.35,0.193,48.30,0.9551
207.4,4.43,0.194,48.49,0.9572
207.4,4.51,0.195,48.65,0.9594
207.4,4.59,0.195,48.79,0.9617
207.4,4.67,0.196,48.91,0.9640
207.4,4.75,0.196,49.01,0.9663
207.4,4.83,0.196,49.10,0.9688
207.4,4.91,0.197,49.17,0.9713
207.4,4.99,0.197,49.23,0.9739
207.4,5.07,0.197,49.28,0.9765
207.4,5.15,0.197,49.32,0.9792
207.4,5.23,0.197,49.35,0.9820
207.4,5.32,0.198,49.38,0.9849
207.4,5.40,0.198,49.40,0.9879
207.4,5.48,0.198,49.43,0.9910
207.4,5.56,0.198,49.45,0.9941
207.4,5.64,0.198,49.47,0.9974
207.4,5.72,0.198,49.50,1.0007
207.4,5.80,0.198,49.57,1.0045
207.4,5.88,0.199,49.69,1.0088
207.4,5.96,0.199,49.76,1.0119
207.4,6.04,0.199,49.72,1.0140
207.4,6.12,0.199,49.75,1.0172
207.4,6.20,0.199,49.86,1.0215
207.4,6.28,0.200,49.98,1.0259
207.4,6.36,0.200,50.12,1.0305
207.4,6.44,0.201,50.26,1.0350
207.4,6.52,0.202,50.42,1.0397
207.4,6.60,0.202,50.58,1.0443
207.4,6.68,0.203,50.74,1.0489
207.4,6.77,0.204,50.92,1.0534
207.4,6.85,0.204,51.10,1.0579
207.4,6.93,0.205,51.28,1.0622
207.4,7.01,0.206,51.46,1.0664
207.4,7.09,0.207,51.65,1.0704
207.4,7.17,0.207,51.84,1.0741
207.4,7.25,0.208,52.03,1.0777
207.4,7.33,0.209,52.23,1.0810
207.4,7.41,0.210,52.42,1.0839
207.4,7.49,0.210,52.61,1.0866
207.4,7.57,0.211,52.79,1.0888
207.4,7.65,0.212,52.98,1.0907
207.4,7.73,0.213,53.16,1.0922
207.4,7.81,0.214,53.40,1.0939
207.4,7.89,0.215,53.69,1.0959
207.4,7.97,0.216,53.93,1.0961
207.4,8.05,0.216,54.02,1.0947
207.4,8.13,0.216,54.11,1.0940
207.4,8.21,0.217,54.18,1.0938
207.4,8.30,0.217,54.23,1.0934
207.4,8.38,0.217,54.25,1.0927
207.4,8.46,0.217,54.25,1.0919
207.4,8.54,0.217,54.22,1.0909
207.4,8.62,0.217,54.17,1.0896
207.4,8.70,0.216,54.10,1.0881
207.4,8.78,0.216,54.01,1.0864
207.4,8.86,0.216,53.90,1.0845
207.4,8.94,0.215,53.76,1.0824
207.4,9.02,0.214,53.61,1.0800
207.4,9.10,0.214,53.44,1.0773
207.4,9.18,0.213,53.25,1.0745
207.4,9.26,0.212,53.05,1.0714
207.4,9.34,0.211,52.83,1.0680
207.4,9.42,0.210,52.59,1.0644
207.4,9.50,0.209,52.34,1.0606
207.4,9.58,0.208,52.07,1.0565
207.4,9.66,0.207,51.79,1.0521
207.4,9.74,0.206,51.50,1.0476
207.4,9.83,0.205,51.22,1.0438
207.4,9.91,0.204,50.93,1.0400
207.4,9.99,0.202,50.55,1.0340
207.4,10.07,0.201,50.17,1.0267
207.4,10.15,0.199,49.86,1.0196
207.4,10.23,0.198,49.57,1.0123
207.4,10.31,0.197,49.28,1.0048
207.4,10.39,0.196,49.00,0.9970
207.4,10.47,0.195,48.72,0.9890
207.4,10.55,0.194,48.44,0.9810
207.4,10.63,0.193,48.16,0.9728
207.4,10.71,0.192,47.89,0.9647
207.4,10.79,0.190,47.62,0.9567
207.4,10.87,0.189,47.36,0.9488
207.4,10.95,0.188,47.11,0.9411
207.4,11.03,0.187,46.86,0.9336
207.4,11.11,0.186,46.61,0.9265
207.4,11.19,0.185,46.37,0.9198
207.4,11.28,0.185,46.14,0.9136
207.4,11.36,0.184,45.92,0.9079
207.4,11.44,0.183,45.70,0.9027
207.4,11.52,0.182,45.49,0.8983
207.4,11.60,0.181,45.29,0.8945
207.4,11.68,0.180,45.10,0.8915
207.4,11.76,0.180,44.93,0.8896
207.4,11.84,0.179,44.82,0.8896
207.4,11.92,0.179,44.76,0.8909
207.4,12.00,0.179,44.67,0.8913
212.8,0.00,0.220,55.02,
212.8,0.08,0.219,54.82,
212.8,0.16,0.218,54.57,
212.8,0.24,0.217,54.28,
212.8,0.32,0.216,53.94,
212.8,0.40,0.214,53.56,
212.8,0.48,0.213,53.15,
212.8,0.56,0.211,52.70,
212.8,0.64,0.209,52.23,
212.8,0.72,0.207,51.74,
212.8,0.81,0.205,51.23,
212.8,0.89,0.203,50.71,
212.8,0.97,0.201,50.17,
212.8,1.05,0.199,49.63,
212.8,1.13,0.196,49.09,
212.8,1.21,0.194,48.55,
212.8,1.29,0.192,48.02,
212.8,1.37,0.190,47.50,
212.8,1.45,0.188,46.99,
212.8,1.53,0.186,46.51,
212.8,1.61,0.184,46.07,
212.8,1.69,0.183,45.69,
212.8,1.77,0.181,45.35,
212.8,1.85,0.179,44.85,
212.8,1.93,0.177,44.20,
212.8,2.01,0.174,43.58,0.8154
212.8,2.09,0.173,43.14,0.8225
212.8,2.17,0.172,42.89,0.8299
212.8,2.26,0.171,42.83,0.8376
212.8,2.34,0.171,42.87,0.8453
212.8,2.42,0.172,42.97,0.8529
212.8,2.50,0.172,43.12,0.8603
212.8,2.58,0.173,43.32,0.8676
212.8,2.66,0.174,43.57,0.8747
212.8,2.74,0.175,43.86,0.8817
212.8,2.82,0.177,44.18,0.8883
212.8,2.90,0.178,44.53,0.8948
212.8,2.98,0.180,44.91,0.9010
212.8,3.06,0.181,45.31,0.9069
212.8,3.14,0.183,45.73,0.9125
212.8,3.22,0.185,46.15,0.9178
212.8,3.30,0.186,46.59,0.9227
212.8,3.38,0.188,47.02,0.9273
212.8,3.46,0.190,47.45,0.9315
212.8,3.54,0.192,47.89,0.9353
212.8,3.62,0.194,48.39,0.9389
212.8,3.70,0.196,48.95,0.9421
212.8,3.79,0.198,49.57,0.9449
212.8,3.87,0.200,50.11,0.9466
212.8,3.95,0.202,50.48,0.9473
212.8,4.03,0.202,50.60,0.9473
212.8,4.11,0.203,50.71,0.9477
212.8,4.19,0.203,50.86,0.9489
212.8,4.27,0.204,51.03,0.9507
212.8,4.35,0.205,51.21,0.9526
212.8,4.43,0.205,51.35,0.9547
212.8,4.51,0.206,51.48,0.9568
212.8,4.59,0.206,51.58,0.9589
212.8,4.67,0.207,51.67,0.9612
212.8,4.75,0.207,51.74,0.9635
212.8,4.83,0.207,51.80,0.9658
212.8,4.91,0.207,51.84,0.9682
212.8,4.99,0.207,51.87,0.9707
212.8,5.07,0.208,51.89,0.9733
212.8,5.15,0.208,51.91,0.9760
212.8,5.23,0.208,51.91,0.9787
212.8,5.32,0.208,51.92,0.9815
212.8,5.40,0.208,51.92,0.9844
212.8,5.48,0.208,51.92,0.9874
212.8,5.56,0.208,51.93,0.9906
212.8,5.64,0.208,52.00,0.9944
212.8,5.72,0.209,52.13,0.9988
212.8,5.80,0.209,52.29,1.0034
212.8,5.88,0.209,52.37,1.0064
212.8,5.96,0.209,52.35,1.0081
212.8,6.04,0.209,52.21,1.0089
212.8,6.12,0.209,52.15,1.0109
212.8,6.20,0.209,52.20,1.0142
212.8,6.28,0.209,52.32,1.0185
212.8,6.36,0.210,52.46,1.0231
212.8,6.44,0.210,52.62,1.0277
212.8,6.52,0.211,52.78,1.0323
212.8,6.60,0.212,52.95,1.0369
212.8,6.68,0.212,53.12,1.0414
212.8,6.77,0.213,53.30,1.0459
212.8,6.85,0.214,53.49,1.0503
212.8,6.93,0.215,53.67,1.0545
212.8,7.01,0.215,53.87,1.0586
212.8,7.09,0.216,54.06,1.0624
212.8,7.17,0.217,54.25,1.0660
212.8,7.25,0.218,54.45,1.0694
212.8,7.33,0.219,54.64,1.0724
212.8,7.41,0.219,54.84,1.0752
212.8,7.49,0.220,55.03,1.0776
212.8,7.57,0.221,55.25,1.0799
212.8,7.65,0.222,55.52,1.0827
212.8,7.73,0.223,55.87,1.0859
212.8,7.81,0.225,56.26,1.0890
212.8,7.89,0.226,56.61,1.0902
212.8,7.97,0.227,56.81,1.0892
212.8,8.05,0.227,56.85,1.0866
212.8,8.13,0.228,56.88,1.0848
212.8,8.21,0.228,56.91,1.0838
212.8,8.30,0.228,56.94,1.0834
212.8,8.38,0.228,56.94,1.0830
212.8,8.46,0.228,56.93,1.0823
212.8,8.54,0.228,56.88,1.0813
212.8,8.62,0.227,56.82,1.0802
212.8,8.70,0.227,56.73,1.0788
212.8,8.78,0.227,56.63,1.0773
212.8,8.86,0.226,56.50,1.0754
212.8,8.94,0.225,56.35,1.0734
212.8,9.02,0.225,56.19,1.0711
212.8,9.10,0.224,56.00,1.0686
212.8,9.18,0.223,55.80,1.0658
212.8,9.26,0.222,55.59,1.0628
212.8,9.34,0.221,55.35,1.0596
212.8,9.42,0.220,55.10,1.0561
212.8,9.50,0.219,54.84,1.0524
212.8,9.58,0.218,54.58,1.0489
212.8,9.66,0.217,54.33,1.0461
212.8,9.74,0.216,54.10,1.0441
212.8,9.83,0.215,53.81,1.0413
212.8,9.91,0.214,53.40,1.0364
212.8,9.99,0.212,52.97,1.0293
212.8,10.07,0.210,52.56,1.0210
212.8,10.15,0.209,52.21,1.0128
212.8,10.23,0.208,51.91,1.0050
212.8,10.31,0.207,51.65,0.9972
212.8,10.39,0.206,51.39,0.9893
212.8,10.47,0.205,51.13,0.9812
212.8,10.55,0.203,50.87,0.9731
212.8,10.63,0.202,50.62,0.9649
212.8,10.71,0.202,50.38,0.9568
212.8,10.79,0.201,50.14,0.9488
212.8,10.87,0.200,49.90,0.9410
212.8,10.95,0.199,49.67,0.9335
212.8,11.03,0.198,49.45,0.9262
212.8,11.11,0.197,49.23,0.9193
212.8,11.19,0.196,49.02,0.9129
212.8,11.28,0.195,48.81,0.9070
212.8,11.36,0.194,48.62,0.9016
212.8,11.44,0.194,48.43,0.8969
212.8,11.52,0.193,48.25,0.8929
212.8,11.60,0.192,48.11,0.8904
212.8,11.68,0.192,48.04,0.8896
212.8,11.76,0.192,48.04,0.8909
212.8,11.84,0.192,48.07,0.8927
212.8,11.92,0.192,48.11,0.8940
212.8,12.00,0.192,48.05,0.8940
218.1,0.00,0.238,59.54,
218.1,0.08,0.237,59.31,
218.1,0.16,0.236,59.02,
218.1,0.24,0.235,58.68,
218.1,0.32,0.233,58.30,
218.1,0.40,0.232,57.89,
218.1,0.48,0.230,57.44,
218.1,0.56,0.228,56.96,
218.1,0.64,0.226,56.47,
218.1,0.72,0.224,55.95,
218.1,0.81,0.222,55.41,
218.1,0.89,0.219,54.87,
218.1,0.97,0.217,54.32,
218.1,1.05,0.215,53.76,
218.1,1.13,0.213,53.21,
218.1,1.21,0.211,52.66,
218.1,1.29,0.208,52.12,
218.1,1.37,0.206,51.61,
218.1,1.45,0.205,51.14,
218.1,1.53,0.203,50.71,
218.1,1.61,0.201,50.35,
218.1,1.69,0.200,49.99,
218.1,1.77,0.198,49.41,
218.1,1.85,0.195,48.64,
218.1,1.93,0.192,47.88,
218.1,2.01,0.189,47.17,0.8240
218.1,2.09,0.186,46.62,0.8306
218.1,2.17,0.185,46.29,0.8374
218.1,2.26,0.185,46.13,0.8446
218.1,2.34,0.185,46.13,0.8519
218.1,2.42,0.185,46.25,0.8592
218.1,2.50,0.186,46.41,0.8664
218.1,2.58,0.187,46.63,0.8734
218.1,2.66,0.188,46.88,0.8803
218.1,2.74,0.189,47.17,0.8869
218.1,2.82,0.190,47.50,0.8933
218.1,2.90,0.191,47.85,0.8994
218.1,2.98,0.193,48.22,0.9053
218.1,3.06,0.194,48.61,0.9108
218.1,3.14,0.196,49.01,0.9161
218.1,3.22,0.198,49.42,0.9210
218.1,3.30,0.199,49.84,0.9255
218.1,3.38,0.201,50.30,0.9298
218.1,3.46,0.203,50.81,0.9338
218.1,3.54,0.206,51.40,0.9375
218.1,3.62,0.208,52.07,0.9409
218.1,3.70,0.211,52.75,0.9437
218.1,3.79,0.213,53.34,0.9453
218.1,3.87,0.215,53.80,0.9459
218.1,3.95,0.216,54.04,0.9457
218.1,4.03,0.216,54.05,0.9449
218.1,4.11,0.216,54.04,0.9445
218.1,4.19,0.216,54.08,0.9450
218.1,4.27,0.217,54.15,0.9461
218.1,4.35,0.217,54.26,0.9477
218.1,4.43,0.217,54.36,0.9496
218.1,4.51,0.218,54.45,0.9516
218.1,4.59,0.218,54.51,0.9536
218.1,4.67,0.218,54.56,0.9557
218.1,4.75,0.218,54.59,0.9579
218.1,4.83,0.218,54.61,0.9601
218.1,4.91,0.218,54.62,0.9625
218.1,4.99,0.218,54.62,0.9649
218.1,5.07,0.218,54.61,0.9673
218.1,5.15,0.218,54.59,0.9699
218.1,5.23,0.218,54.57,0.9725
218.1,5.32,0.218,54.55,0.9753
218.1,5.40,0.218,54.56,0.9784
218.1,5.48,0.218,54.61,0.9821
218.1,5.56,0.219,54.72,0.9863
218.1,5.64,0.220,54.89,0.9913
218.1,5.72,0.220,55.06,0.9958
218.1,5.80,0.221,55.15,0.9987
218.1,5.88,0.221,55.16,1.0003
218.1,5.96,0.220,55.04,1.0007
218.1,6.04,0.219,54.82,1.0004
218.1,6.12,0.219,54.68,1.0013
218.1,6.20,0.219,54.65,1.0035
218.1,6.28,0.219,54.71,1.0069
218.1,6.36,0.219,54.83,1.0111
218.1,6.44,0.220,54.99,1.0157
218.1,6.52,0.221,55.16,1.0203
218.1,6.60,0.221,55.34,1.0249
218.1,6.68,0.222,55.52,1.0294
218.1,6.77,0.223,55.70,1.0337
218.1,6.85,0.224,55.89,1.0380
218.1,6.93,0.224,56.08,1.0421
218.1,7.01,0.225,56.27,1.0460
218.1,7.09,0.226,56.47,1.0497
218.1,7.17,0.227,56.67,1.0531
218.1,7.25,0.227,56.86,1.0562
218.1,7.33,0.228,57.07,1.0592
218.1,7.41,0.229,57.31,1.0623
218.1,7.49,0.230,57.62,1.0659
218.1,7.57,0.232,57.99,1.0699
218.1,7.65,0.234,58.43,1.0745
218.1,7.73,0.236,58.89,1.0782
218.1,7.81,0.237,59.32,1.0802
218.1,7.89,0.239,59.65,1.0804
218.1,7.97,0.239,59.80,1.0783
218.1,8.05,0.239,59.79,1.0746
218.1,8.13,0.239,59.78,1.0719
218.1,8.21,0.239,59.77,1.0700
218.1,8.30,0.239,59.75,1.0689
218.1,8.38,0.239,59.73,1.0683
218.1,8.46,0.239,59.70,1.0677
218.1,8.54,0.239,59.64,1.0669
218.1,8.62,0.238,59.56,1.0659
218.1,8.70,0.238,59.45,1.0646
218.1,8.78,0.237,59.33,1.0631
218.1,8.86,0.237,59.19,1.0614
218.1,8.94,0.236,59.03,1.0595
218.1,9.02,0.235,58.85,1.0573
218.1,9.10,0.235,58.65,1.0549
218.1,9.18,0.234,58.44,1.0522
218.1,9.26,0.233,58.21,1.0493
218.1,9.34,0.232,57.97,1.0463
218.1,9.42,0.231,57.73,1.0438
218.1,9.50,0.230,57.51,1.0418
218.1,9.58,0.229,57.29,1.0406
218.1,9.66,0.228,57.10,1.0402
218.1,9.74,0.227,56.80,1.0382
218.1,9.83,0.226,56.38,1.0341
218.1,9.91,0.224,55.91,1.0280
218.1,9.99,0.222,55.45,1.0201
218.1,10.07,0.220,55.01,1.0109
218.1,10.15,0.219,54.64,1.0019
218.1,10.23,0.217,54.32,0.9933
218.1,10.31,0.216,54.04,0.9850
218.1,10.39,0.215,53.80,0.9769
218.1,10.47,0.214,53.57,0.9687
218.1,10.55,0.213,53.34,0.9606
218.1,10.63,0.212,53.12,0.9524
218.1,10.71,0.212,52.90,0.9444
218.1,10.79,0.211,52.68,0.9365
218.1,10.87,0.210,52.47,0.9289
218.1,10.95,0.209,52.27,0.9215
218.1,11.03,0.208,52.07,0.9145
218.1,11.11,0.208,51.88,0.9079
218.1,11.19,0.207,51.70,0.9018
218.1,11.28,0.206,51.52,0.8962
218.1,11.36,0.205,51.37,0.8916
218.1,11.44,0.205,51.26,0.8884
218.1,11.52,0.205,51.21,0.8868
218.1,11.60,0.205,51.23,0.8873
218.1,11.68,0.205,51.32,0.8896
218.1,11.76,0.206,51.45,0.8918
218.1,11.84,0.206,51.59,0.8937
218.1,11.92,0.207,51.67,0.8946
218.1,12.00,0.207,51.63,0.8944
223.5,0.00,0.258,64.47,
223.5,0.08,0.257,64.19,
223.5,0.16,0.255,63.87,
223.5,0.24,0.254,63.49,
223.5,0.32,0.252,63.08,
223.5,0.40,0.251,62.63,
223.5,0.48,0.249,62.16,
223.5,0.56,0.247,61.65,
223.5,0.64,0.245,61.13,
223.5,0.72,0.242,60.59,
223.5,0.81,0.240,60.03,
223.5,0.89,0.238,59.47,
223.5,0.97,0.236,58.90,
223.5,1.05,0.233,58.34,
223.5,1.13,0.231,57.78,
223.5,1.21,0.229,57.24,
223.5,1.29,0.227,56.74,
223.5,1.37,0.225,56.28,
223.5,1.45,0.224,55.88,
223.5,1.53,0.222,55.54,
223.5,1.61,0.220,55.11,
223.5,1.69,0.218,54.46,
223.5,1.77,0.214,53.62,
223.5,1.85,0.211,52.72,
223.5,1.93,0.207,51.87,
223.5,2.01,0.204,51.07,0.8321
223.5,2.09,0.202,50.44,0.8380
223.5,2.17,0.200,50.03,0.8444
223.5,2.26,0.199,49.80,0.8510
223.5,2.34,0.199,49.74,0.8578
223.5,2.42,0.199,49.81,0.8647
223.5,2.50,0.200,49.97,0.8716
223.5,2.58,0.201,50.19,0.8783
223.5,2.66,0.202,50.45,0.8849
223.5,2.74,0.203,50.74,0.8912
223.5,2.82,0.204,51.06,0.8972
223.5,2.90,0.206,51.41,0.9030
223.5,2.98,0.207,51.77,0.9085
223.5,3.06,0.209,52.15,0.9137
223.5,3.14,0.210,52.55,0.9185
223.5,3.22,0.212,53.01,0.9232
223.5,3.30,0.214,53.52,0.9275
223.5,3.38,0.216,54.10,0.9316
223.5,3.46,0.219,54.77,0.9355
223.5,3.54,0.222,55.52,0.9390
223.5,3.62,0.225,56.23,0.9417
223.5,3.70,0.227,56.85,0.9431
223.5,3.79,0.229,57.37,0.9436
223.5,3.87,0.231,57.72,0.9433
223.5,3.95,0.231,57.84,0.9423
223.5,4.03,0.231,57.73,0.9407
223.5,4.11,0.230,57.61,0.9397
223.5,4.19,0.230,57.55,0.9395
223.5,4.27,0.230,57.52,0.9399
223.5,4.35,0.230,57.53,0.9410
223.5,4.43,0.230,57.56,0.9425
223.5,4.51,0.230,57.60,0.9443
223.5,4.59,0.230,57.62,0.9462
223.5,4.67,0.231,57.63,0.9482
223.5,4.75,0.230,57.62,0.9502
223.5,4.83,0.230,57.60,0.9523
223.5,4.91,0.230,57.57,0.9545
223.5,4.99,0.230,57.53,0.9568
223.5,5.07,0.230,57.48,0.9591
223.5,5.15,0.230,57.45,0.9617
223.5,5.23,0.230,57.44,0.9646
223.5,5.32,0.230,57.46,0.9680
223.5,5.40,0.230,57.54,0.9720
223.5,5.48,0.231,57.68,0.9767
223.5,5.56,0.232,57.88,0.9820
223.5,5.64,0.232,58.03,0.9861
223.5,5.72,0.232,58.12,0.9889
223.5,5.80,0.233,58.14,0.9903
223.5,5.88,0.232,58.06,0.9907
223.5,5.96,0.231,57.86,0.9902
223.5,6.04,0.230,57.56,0.9888
223.5,6.12,0.229,57.36,0.9887
223.5,6.20,0.229,57.27,0.9901
223.5,6.28,0.229,57.26,0.9926
223.5,6.36,0.229,57.34,0.9961
223.5,6.44,0.230,57.47,1.0002
223.5,6.52,0.231,57.64,1.0047
223.5,6.60,0.231,57.82,1.0092
223.5,6.68,0.232,58.00,1.0136
223.5,6.77,0.233,58.18,1.0179
223.5,6.85,0.233,58.37,1.0220
223.5,6.93,0.234,58.57,1.0259
223.5,7.01,0.235,58.76,1.0296
223.5,7.09,0.236,58.96,1.0331
223.5,7.17,0.237,59.18,1.0367
223.5,7.25,0.238,59.44,1.0404
223.5,7.33,0.239,59.75,1.0445
223.5,7.41,0.240,60.12,1.0491
223.5,7.49,0.242,60.58,1.0542
223.5,7.57,0.244,61.10,1.0598
223.5,7.65,0.246,61.61,1.0640
223.5,7.73,0.248,62.09,1.0666
223.5,7.81,0.250,62.53,1.0677
223.5,7.89,0.251,62.81,1.0669
223.5,7.97,0.252,62.91,1.0639
223.5,8.05,0.251,62.86,1.0593
223.5,8.13,0.251,62.80,1.0557
223.5,8.21,0.251,62.75,1.0531
223.5,8.30,0.251,62.70,1.0513
223.5,8.38,0.251,62.65,1.0502
223.5,8.46,0.250,62.59,1.0493
223.5,8.54,0.250,62.51,1.0486
223.5,8.62,0.250,62.41,1.0477
223.5,8.70,0.249,62.29,1.0465
223.5,8.78,0.249,62.15,1.0451
223.5,8.86,0.248,62.00,1.0434
223.5,8.94,0.247,61.82,1.0416
223.5,9.02,0.246,61.62,1.0394
223.5,9.10,0.246,61.41,1.0371
223.5,9.18,0.245,61.20,1.0350
223.5,9.26,0.244,60.99,1.0332
223.5,9.34,0.243,60.78,1.0319
223.5,9.42,0.242,60.58,1.0313
223.5,9.50,0.242,60.41,1.0317
223.5,9.58,0.241,60.22,1.0323
223.5,9.66,0.240,59.91,1.0309
223.5,9.74,0.238,59.49,1.0275
223.5,9.83,0.236,58.99,1.0223
223.5,9.91,0.234,58.50,1.0155
223.5,9.99,0.232,58.02,1.0068
223.5,10.07,0.230,57.56,0.9969
223.5,10.15,0.229,57.17,0.9874
223.5,10.23,0.227,56.84,0.9782
223.5,10.31,0.226,56.55,0.9694
223.5,10.39,0.225,56.30,0.9608
223.5,10.47,0.224,56.09,0.9525
223.5,10.55,0.224,55.89,0.9444
223.5,10.63,0.223,55.69,0.9363
223.5,10.71,0.222,55.49,0.9284
223.5,10.79,0.221,55.31,0.9206
223.5,10.87,0.220,55.12,0.9132
223.5,10.95,0.220,54.95,0.9061
223.5,11.03,0.219,54.78,0.8993
223.5,11.11,0.218,54.62,0.8931
223.5,11.19,0.218,54.49,0.8879
223.5,11.28,0.218,54.41,0.8840
223.5,11.36,0.218,54.38,0.8817
223.5,11.44,0.218,54.41,0.8812
223.5,11.52,0.218,54.52,0.8828
223.5,11.60,0.219,54.70,0.8857
223.5,11.68,0.220,54.90,0.8884
223.5,11.76,0.220,55.12,0.8906
223.5,11.84,0.221,55.32,0.8923
223.5,11.92,0.222,55.43,0.8930
223.5,12.00,0.222,55.42,0.8926
228.9,0.00,0.279,69.80,
228.9,0.08,0.278,69.50,
228.9,0.16,0.277,69.14,
228.9,0.24,0.275,68.74,
228.9,0.32,0.273,68.29,
228.9,0.40,0.271,67.82,
228.9,0.48,0.269,67.31,
228.9,0.56,0.267,66.78,
228.9,0.64,0.265,66.24,
228.9,0.72,0.263,65.67,
228.9,0.81,0.260,65.10,
228.9,0.89,0.258,64.53,
228.9,0.97,0.256,63.96,
228.9,1.05,0.254,63.40,
228.9,1.13,0.252,62.88,
228.9,1.21,0.250,62.39,
228.9,1.29,0.248,61.94,
228.9,1.37,0.246,61.56,
228.9,1.45,0.245,61.22,
228.9,1.53,0.243,60.73,
228.9,1.61,0.240,60.01,
228.9,1.69,0.236,59.12,
228.9,1.77,0.232,58.11,
228.9,1.85,0.229,57.14,
228.9,1.93,0.225,56.20,
228.9,2.01,0.221,55.33,0.8395
228.9,2.09,0.219,54.63,0.8450
228.9,2.17,0.217,54.15,0.8508
228.9,2.26,0.215,53.87,0.8569
228.9,2.34,0.215,53.76,0.8633
228.9,2.42,0.215,53.78,0.8697
228.9,2.50,0.216,53.91,0.8761
228.9,2.58,0.216,54.12,0.8825
228.9,2.66,0.217,54.37,0.8887
228.9,2.74,0.219,54.66,0.8947
228.9,2.82,0.220,54.98,0.9004
228.9,2.90,0.221,55.32,0.9058
228.9,2.98,0.223,55.69,0.9109
228.9,3.06,0.224,56.12,0.9158
228.9,3.14,0.226,56.61,0.9205
228.9,3.22,0.229,57.16,0.9249
228.9,3.30,0.231,57.80,0.9290
228.9,3.38,0.234,58.53,0.9329
228.9,3.46,0.237,59.33,0.9364
228.9,3.54,0.240,60.05,0.9389
228.9,3.62,0.243,60.69,0.9402
228.9,3.70,0.245,61.23,0.9405
228.9,3.79,0.247,61.65,0.9400
228.9,3.87,0.248,61.88,0.9390
228.9,3.95,0.248,61.88,0.9373
228.9,4.03,0.247,61.66,0.9350
228.9,4.11,0.246,61.43,0.9334
228.9,4.19,0.245,61.27,0.9325
228.9,4.27,0.245,61.16,0.9325
228.9,4.35,0.244,61.08,0.9330
228.9,4.43,0.244,61.03,0.9341
228.9,4.51,0.244,61.00,0.9355
228.9,4.59,0.244,60.97,0.9372
228.9,4.67,0.244,60.93,0.9390
228.9,4.75,0.243,60.87,0.9409
228.9,4.83,0.243,60.81,0.9428
228.9,4.91,0.243,60.74,0.9449
228.9,4.99,0.243,60.68,0.9472
228.9,5.07,0.243,60.64,0.9498
228.9,5.15,0.243,60.63,0.9529
228.9,5.23,0.243,60.66,0.9565
228.9,5.32,0.243,60.75,0.9607
228.9,5.40,0.244,60.90,0.9657
228.9,5.48,0.244,61.10,0.9709
228.9,5.56,0.245,61.23,0.9747
228.9,5.64,0.245,61.30,0.9772
228.9,5.72,0.245,61.31,0.9784
228.9,5.80,0.245,61.26,0.9788
228.9,5.88,0.244,61.11,0.9782
228.9,5.96,0.243,60.84,0.9767
228.9,6.04,0.242,60.48,0.9745
228.9,6.12,0.241,60.21,0.9736
228.9,6.20,0.240,60.07,0.9742
228.9,6.28,0.240,60.02,0.9760
228.9,6.36,0.240,60.05,0.9789
228.9,6.44,0.241,60.15,0.9825
228.9,6.52,0.241,60.29,0.9866
228.9,6.60,0.242,60.46,0.9909
228.9,6.68,0.243,60.64,0.9951
228.9,6.77,0.243,60.83,0.9993
228.9,6.85,0.244,61.01,1.0032
228.9,6.93,0.245,61.21,1.0071
228.9,7.01,0.246,61.43,1.0110
228.9,7.09,0.247,61.69,1.0151
228.9,7.17,0.248,62.00,1.0195
228.9,7.25,0.249,62.36,1.0244
228.9,7.33,0.251,62.80,1.0299
228.9,7.41,0.253,63.32,1.0361
228.9,7.49,0.256,63.90,1.0422
228.9,7.57,0.258,64.45,1.0467
228.9,7.65,0.260,64.97,1.0498
228.9,7.73,0.262,65.47,1.0515
228.9,7.81,0.263,65.87,1.0517
228.9,7.89,0.264,66.10,1.0500
228.9,7.97,0.265,66.16,1.0462
228.9,8.05,0.264,66.07,1.0409
228.9,8.13,0.264,65.97,1.0367
228.9,8.21,0.264,65.88,1.0335
228.9,8.30,0.263,65.80,1.0312
228.9,8.38,0.263,65.71,1.0295
228.9,8.46,0.262,65.62,1.0284
228.9,8.54,0.262,65.52,1.0274
228.9,8.62,0.262,65.40,1.0265
228.9,8.70,0.261,65.27,1.0254
228.9,8.78,0.260,65.11,1.0240
228.9,8.86,0.260,64.94,1.0225
228.9,8.94,0.259,64.75,1.0208
228.9,9.02,0.258,64.56,1.0192
228.9,9.10,0.257,64.36,1.0180
228.9,9.18,0.257,64.17,1.0172
228.9,9.26,0.256,63.99,1.0171
228.9,9.34,0.255,63.82,1.0178
228.9,9.42,0.255,63.68,1.0195
228.9,9.50,0.254,63.48,1.0206
228.9,9.58,0.253,63.15,1.0197
228.9,9.66,0.251,62.73,1.0169
228.9,9.74,0.249,62.22,1.0125
228.9,9.83,0.247,61.70,1.0066
228.9,9.91,0.245,61.19,0.9992
228.9,9.99,0.243,60.69,0.9899
228.9,10.07,0.241,60.23,0.9795
228.9,10.15,0.239,59.83,0.9696
228.9,10.23,0.238,59.49,0.9600
228.9,10.31,0.237,59.21,0.9509
228.9,10.39,0.236,58.96,0.9421
228.9,10.47,0.235,58.75,0.9336
228.9,10.55,0.234,58.57,0.9254
228.9,10.63,0.234,58.39,0.9174
228.9,10.71,0.233,58.23,0.9096
228.9,10.79,0.232,58.07,0.9021
228.9,10.87,0.232,57.91,0.8948
228.9,10.95,0.231,57.78,0.8882
228.9,11.03,0.231,57.67,0.8824
228.9,11.11,0.230,57.60,0.8778
228.9,11.19,0.230,57.58,0.8746
228.9,11.28,0.230,57.62,0.8731
228.9,11.36,0.231,57.73,0.8736
228.9,11.44,0.232,57.92,0.8763
228.9,11.52,0.233,58.17,0.8795
228.9,11.60,0.234,58.44,0.8825
228.9,11.68,0.235,58.74,0.8851
228.9,11.76,0.236,59.04,0.8874
228.9,11.84,0.237,59.27,0.8889
228.9,11.92,0.238,59.40,0.8894
228.9,12.00,0.238,59.43,0.8888
234.2,0.00,0.302,75.56,
234.2,0.08,0.301,75.23,
234.2,0.16,0.299,74.84,
234.2,0.24,0.298,74.42,
234.2,0.32,0.296,73.95,
234.2,0.40,0.294,73.45,
234.2,0.48,0.292,72.92,
234.2,0.56,0.289,72.37,
234.2,0.64,0.287,71.81,
234.2,0.72,0.285,71.23,
234.2,0.81,0.283,70.65,
234.2,0.89,0.280,70.08,
234.2,0.97,0.278,69.54,
234.2,1.05,0.276,69.02,
234.2,1.13,0.274,68.55,
234.2,1.21,0.272,68.12,
234.2,1.29,0.271,67.76,
234.2,1.37,0.270,67.40,
234.2,1.45,0.267,66.83,
234.2,1.53,0.264,66.06,
234.2,1.61,0.260,65.12,
234.2,1.69,0.256,64.04,
234.2,1.77,0.252,62.96,
234.2,1.85,0.248,61.91,
234.2,1.93,0.244,60.91,
234.2,2.01,0.240,59.98,0.8465
234.2,2.09,0.237,59.23,0.8514
234.2,2.17,0.235,58.70,0.8568
234.2,2.26,0.234,58.38,0.8624
234.2,2.34,0.233,58.22,0.8683
234.2,2.42,0.233,58.21,0.8743
234.2,2.50,0.233,58.31,0.8803
234.2,2.58,0.234,58.50,0.8862
234.2,2.66,0.235,58.75,0.8921
234.2,2.74,0.236,59.04,0.8976
234.2,2.82,0.237,59.37,0.9030
234.2,2.90,0.239,59.74,0.9081
234.2,2.98,0.241,60.18,0.9129
234.2,3.06,0.243,60.68,0.9175
234.2,3.14,0.245,61.27,0.9219
234.2,3.22,0.248,61.94,0.9260
234.2,3.30,0.251,62.71,0.9300
234.2,3.38,0.254,63.53,0.9333
234.2,3.46,0.257,64.24,0.9355
234.2,3.54,0.259,64.87,0.9366
234.2,3.62,0.262,65.42,0.9367
234.2,3.70,0.264,65.88,0.9361
234.2,3.79,0.265,66.18,0.9350
234.2,3.87,0.265,66.28,0.9332
234.2,3.95,0.265,66.17,0.9309
234.2,4.03,0.263,65.85,0.9280
234.2,4.11,0.262,65.53,0.9257
234.2,4.19,0.261,65.27,0.9244
234.2,4.27,0.260,65.07,0.9239
234.2,4.35,0.260,64.91,0.9240
234.2,4.43,0.259,64.79,0.9246
234.2,4.51,0.259,64.69,0.9257
234.2,4.59,0.258,64.59,0.9272
234.2,4.67,0.258,64.50,0.9288
234.2,4.75,0.258,64.40,0.9305
234.2,4.83,0.257,64.30,0.9324
234.2,4.91,0.257,64.22,0.9346
234.2,4.99,0.257,64.17,0.9372
234.2,5.07,0.257,64.15,0.9404
234.2,5.15,0.257,64.17,0.9441
234.2,5.23,0.257,64.26,0.9484
234.2,5.32,0.258,64.42,0.9536
234.2,5.40,0.258,64.59,0.9584
234.2,5.48,0.259,64.68,0.9618
234.2,5.56,0.259,64.72,0.9639
234.2,5.64,0.259,64.72,0.9649
234.2,5.72,0.259,64.67,0.9651
234.2,5.80,0.258,64.55,0.9645
234.2,5.88,0.257,64.33,0.9631
234.2,5.96,0.256,64.00,0.9608
234.2,6.04,0.254,63.59,0.9578
234.2,6.12,0.253,63.27,0.9563
234.2,6.20,0.252,63.08,0.9563
234.2,6.28,0.252,62.99,0.9576
234.2,6.36,0.252,62.99,0.9599
234.2,6.44,0.252,63.06,0.9631
234.2,6.52,0.253,63.19,0.9668
234.2,6.60,0.253,63.34,0.9709
234.2,6.68,0.254,63.52,0.9750
234.2,6.77,0.255,63.71,0.9790
234.2,6.85,0.256,63.91,0.9831
234.2,6.93,0.257,64.16,0.9873
234.2,7.01,0.258,64.44,0.9919
234.2,7.09,0.259,64.78,0.9968
234.2,7.17,0.261,65.19,1.0024
234.2,7.25,0.263,65.68,1.0086
234.2,7.33,0.265,66.26,1.0156
234.2,7.41,0.267,66.85,1.0219
234.2,7.49,0.270,67.43,1.0267
234.2,7.57,0.272,67.99,1.0301
234.2,7.65,0.274,68.52,1.0323
234.2,7.73,0.276,69.00,1.0333
234.2,7.81,0.277,69.34,1.0327
234.2,7.89,0.278,69.53,1.0303
234.2,7.97,0.278,69.55,1.0258
234.2,8.05,0.278,69.42,1.0199
234.2,8.13,0.277,69.29,1.0151
234.2,8.21,0.277,69.17,1.0115
234.2,8.30,0.276,69.06,1.0089
234.2,8.38,0.276,68.94,1.0069
234.2,8.46,0.275,68.83,1.0055
234.2,8.54,0.275,68.70,1.0044
234.2,8.62,0.274,68.56,1.0034
234.2,8.70,0.274,68.41,1.0023
234.2,8.78,0.273,68.24,1.0011
234.2,8.86,0.272,68.06,1.0000
234.2,8.94,0.272,67.88,0.9991
234.2,9.02,0.271,67.70,0.9987
234.2,9.10,0.270,67.53,0.9988
234.2,9.18,0.269,67.37,0.9997
234.2,9.26,0.269,67.23,1.0015
234.2,9.34,0.268,67.10,1.0043
234.2,9.42,0.268,66.88,1.0056
234.2,9.50,0.266,66.54,1.0050
234.2,9.58,0.264,66.11,1.0027
234.2,9.66,0.262,65.59,0.9990
234.2,9.74,0.260,65.05,0.9939
234.2,9.83,0.258,64.52,0.9875
234.2,9.91,0.256,64.00,0.9796
234.2,9.99,0.254,63.50,0.9699
234.2,10.07,0.252,63.03,0.9593
234.2,10.15,0.251,62.64,0.9491
234.2,10.23,0.249,62.31,0.9393
234.2,10.31,0.248,62.03,0.9300
234.2,10.39,0.247,61.80,0.9211
234.2,10.47,0.246,61.60,0.9126
234.2,10.55,0.246,61.44,0.9044
234.2,10.63,0.245,61.29,0.8966
234.2,10.71,0.245,61.15,0.8890
234.2,10.79,0.244,61.03,0.8819
234.2,10.87,0.244,60.93,0.8755
234.2,10.95,0.243,60.86,0.8701
234.2,11.03,0.243,60.85,0.8660
234.2,11.11,0.244,60.89,0.8635
234.2,11.19,0.244,60.99,0.8628
234.2,11.28,0.245,61.18,0.8643
234.2,11.36,0.246,61.44,0.8677
234.2,11.44,0.247,61.75,0.8712
234.2,11.52,0.248,62.09,0.8744
234.2,11.60,0.250,62.45,0.8773
234.2,11.68,0.251,62.83,0.8801
234.2,11.76,0.253,63.16,0.8822
234.2,11.84,0.254,63.42,0.8836
234.2,11.92,0.254,63.59,0.8840
234.2,12.00,0.255,63.65,0.8833
239.6,0.00,0.327,81.76,
239.6,0.08,0.326,81.40,
239.6,0.16,0.324,81.00,
239.6,0.24,0.322,80.55,
239.6,0.32,0.320,80.07,
239.6,0.40,0.318,79.55,
239.6,0.48,0.316,79.00,
239.6,0.56,0.314,78.44,
239.6,0.64,0.311,77.86,
239.6,0.72,0.309,77.28,
239.6,0.81,0.307,76.72,
239.6,0.89,0.305,76.18,
239.6,0.97,0.303,75.68,
239.6,1.05,0.301,75.22,
239.6,1.13,0.299,74.82,
239.6,1.21,0.298,74.48,
239.6,1.29,0.296,74.06,
239.6,1.37,0.294,73.43,
239.6,1.45,0.290,72.60,
239.6,1.53,0.286,71.61,
239.6,1.61,0.282,70.49,
239.6,1.69,0.277,69.33,
239.6,1.77,0.273,68.19,
239.6,1.85,0.268,67.09,
239.6,1.93,0.264,66.04,
239.6,2.01,0.260,65.06,0.8530
239.6,2.09,0.257,64.27,0.8574
239.6,2.17,0.255,63.71,0.8623
239.6,2.26,0.253,63.35,0.8674
239.6,2.34,0.253,63.17,0.8729
239.6,2.42,0.253,63.14,0.8784
239.6,2.50,0.253,63.23,0.8840
239.6,2.58,0.254,63.42,0.8896
239.6,2.66,0.255,63.67,0.8950
239.6,2.74,0.256,63.97,0.9002
239.6,2.82,0.257,64.32,0.9052
239.6,2.90,0.259,64.75,0.9100
239.6,2.98,0.261,65.26,0.9145
239.6,3.06,0.263,65.86,0.9188
239.6,3.14,0.266,66.56,0.9229
239.6,3.22,0.269,67.36,0.9267
239.6,3.30,0.273,68.15,0.9297
239.6,3.38,0.275,68.84,0.9315
239.6,3.46,0.278,69.45,0.9324
239.6,3.54,0.280,69.98,0.9324
239.6,3.62,0.282,70.45,0.9316
239.6,3.70,0.283,70.79,0.9303
239.6,3.79,0.284,70.96,0.9285
239.6,3.87,0.284,70.96,0.9261
239.6,3.95,0.283,70.74,0.9232
239.6,4.03,0.281,70.32,0.9198
239.6,4.11,0.280,69.90,0.9170
239.6,4.19,0.278,69.56,0.9153
239.6,4.27,0.277,69.28,0.9143
239.6,4.35,0.276,69.05,0.9141
239.6,4.43,0.275,68.86,0.9144
239.6,4.51,0.275,68.69,0.9153
239.6,4.59,0.274,68.54,0.9164
239.6,4.67,0.274,68.40,0.9179
239.6,4.75,0.273,68.26,0.9196
239.6,4.83,0.273,68.15,0.9216
239.6,4.91,0.272,68.06,0.9241
239.6,4.99,0.272,68.02,0.9272
239.6,5.07,0.272,68.03,0.9309
239.6,5.15,0.272,68.11,0.9353
239.6,5.23,0.273,68.25,0.9405
239.6,5.32,0.273,68.36,0.9446
239.6,5.40,0.274,68.41,0.9475
239.6,5.48,0.274,68.42,0.9492
239.6,5.56,0.274,68.38,0.9499
239.6,5.64,0.273,68.32,0.9498
239.6,5.72,0.273,68.21,0.9492
239.6,5.80,0.272,68.02,0.9479
239.6,5.88,0.271,67.75,0.9458
239.6,5.96,0.270,67.38,0.9428
239.6,6.04,0.268,66.91,0.9393
239.6,6.12,0.266,66.56,0.9372
239.6,6.20,0.265,66.34,0.9367
239.6,6.28,0.265,66.22,0.9376
239.6,6.36,0.265,66.20,0.9396
239.6,6.44,0.265,66.25,0.9425
239.6,6.52,0.265,66.37,0.9460
239.6,6.60,0.266,66.52,0.9499
239.6,6.68,0.267,66.70,0.9539
239.6,6.77,0.268,66.90,0.9581
239.6,6.85,0.269,67.15,0.9625
239.6,6.93,0.270,67.45,0.9674
239.6,7.01,0.271,67.81,0.9728
239.6,7.09,0.273,68.25,0.9788
239.6,7.17,0.275,68.78,0.9857
239.6,7.25,0.278,69.39,0.9932
239.6,7.33,0.280,69.99,0.9994
239.6,7.41,0.282,70.58,1.0042
239.6,7.49,0.285,71.16,1.0078
239.6,7.57,0.287,71.71,1.0104
239.6,7.65,0.289,72.24,1.0119
239.6,7.73,0.291,72.66,1.0122
239.6,7.81,0.292,72.96,1.0110
239.6,7.89,0.292,73.11,1.0080
239.6,7.97,0.292,73.09,1.0030
239.6,8.05,0.292,72.93,0.9967
239.6,8.13,0.291,72.77,0.9916
239.6,8.21,0.291,72.63,0.9877
239.6,8.30,0.290,72.49,0.9848
239.6,8.38,0.289,72.35,0.9827
239.6,8.46,0.289,72.21,0.9812
239.6,8.54,0.288,72.06,0.9800
239.6,8.62,0.288,71.91,0.9791
239.6,8.70,0.287,71.74,0.9782
239.6,8.78,0.286,71.57,0.9775
239.6,8.86,0.286,71.40,0.9772
239.6,8.94,0.285,71.23,0.9774
239.6,9.02,0.284,71.07,0.9783
239.6,9.10,0.284,70.93,0.9800
239.6,9.18,0.283,70.81,0.9829
239.6,9.26,0.283,70.68,0.9862
239.6,9.34,0.282,70.43,0.9876
239.6,9.42,0.280,70.08,0.9872
239.6,9.50,0.279,69.63,0.9853
239.6,9.58,0.276,69.12,0.9820
239.6,9.66,0.274,68.56,0.9777
239.6,9.74,0.272,68.02,0.9722
239.6,9.83,0.270,67.48,0.9654
239.6,9.91,0.268,66.97,0.9572
239.6,9.99,0.266,66.47,0.9473
239.6,10.07,0.264,66.01,0.9365
239.6,10.15,0.263,65.63,0.9263
239.6,10.23,0.261,65.31,0.9165
239.6,10.31,0.260,65.05,0.9073
239.6,10.39,0.259,64.84,0.8985
239.6,10.47,0.259,64.67,0.8901
239.6,10.55,0.258,64.53,0.8821
239.6,10.63,0.258,64.41,0.8745
239.6,10.71,0.257,64.31,0.8675
239.6,10.79,0.257,64.25,0.8613
239.6,10.87,0.257,64.23,0.8564
239.6,10.95,0.257,64.26,0.8528
239.6,11.03,0.257,64.35,0.8509
239.6,11.11,0.258,64.52,0.8510
239.6,11.19,0.259,64.77,0.8533
239.6,11.28,0.260,65.10,0.8572
239.6,11.36,0.262,65.46,0.8608
239.6,11.44,0.263,65.85,0.8642
239.6,11.52,0.265,66.27,0.8674
239.6,11.60,0.267,66.71,0.8704
239.6,11.68,0.269,67.14,0.8732
239.6,11.76,0.270,67.51,0.8753
239.6,11.84,0.271,67.80,0.8766
239.6,11.92,0.272,68.00,0.8770
239.6,12.00,0.272,68.09,0.8762
245.0,0.00,0.354,88.41,
245.0,0.08,0.352,88.04,
245.0,0.16,0.350,87.62,
245.0,0.24,0.349,87.15,
245.0,0.32,0.347,86.65,
245.0,0.40,0.344,86.12,
245.0,0.48,0.342,85.57,
245.0,0.56,0.340,84.99,
245.0,0.64,0.338,84.42,
245.0,0.72,0.335,83.86,
245.0,0.81,0.333,83.34,
245.0,0.89,0.331,82.85,
245.0,0.97,0.330,82.41,
245.0,1.05,0.328,82.03,
245.0,1.13,0.327,81.70,
245.0,1.21,0.325,81.21,
245.0,1.29,0.322,80.52,
245.0,1.37,0.319,79.64,
245.0,1.45,0.314,78.61,
245.0,1.53,0.310,77.46,
245.0,1.61,0.305,76.24,
245.0,1.69,0.300,75.03,
245.0,1.77,0.295,73.85,
245.0,1.85,0.291,72.71,
245.0,1.93,0.286,71.62,
245.0,2.01,0.282,70.61,0.8590
245.0,2.09,0.279,69.79,0.8630
245.0,2.17,0.277,69.21,0.8674
245.0,2.26,0.275,68.83,0.8721
245.0,2.34,0.275,68.65,0.8771
245.0,2.42,0.274,68.61,0.8822
245.0,2.50,0.275,68.70,0.8875
245.0,2.58,0.276,68.89,0.8927
245.0,2.66,0.277,69.15,0.8977
245.0,2.74,0.278,69.48,0.9025
245.0,2.82,0.280,69.89,0.9070
245.0,2.90,0.282,70.38,0.9114
245.0,2.98,0.284,70.98,0.9156
245.0,3.06,0.287,71.69,0.9195
245.0,3.14,0.290,72.49,0.9232
245.0,3.22,0.293,73.23,0.9258
245.0,3.30,0.296,73.88,0.9273
245.0,3.38,0.298,74.45,0.9278
245.0,3.46,0.300,74.95,0.9276
245.0,3.54,0.302,75.39,0.9266
245.0,3.62,0.303,75.74,0.9251
245.0,3.70,0.304,75.96,0.9232
245.0,3.79,0.304,76.03,0.9208
245.0,3.87,0.304,75.91,0.9179
245.0,3.95,0.302,75.60,0.9145
245.0,4.03,0.300,75.08,0.9106
245.0,4.11,0.298,74.58,0.9074
245.0,4.19,0.297,74.16,0.9053
245.0,4.27,0.295,73.80,0.9040
245.0,4.35,0.294,73.50,0.9035
245.0,4.43,0.293,73.24,0.9036
245.0,4.51,0.292,73.02,0.9042
245.0,4.59,0.291,72.82,0.9053
245.0,4.67,0.291,72.63,0.9066
245.0,4.75,0.290,72.47,0.9084
245.0,4.83,0.289,72.35,0.9107
245.0,4.91,0.289,72.27,0.9136
245.0,4.99,0.289,72.25,0.9172
245.0,5.07,0.289,72.30,0.9216
245.0,5.15,0.290,72.41,0.9263
245.0,5.23,0.290,72.45,0.9298
245.0,5.32,0.290,72.45,0.9321
245.0,5.40,0.290,72.41,0.9333
245.0,5.48,0.289,72.33,0.9336
245.0,5.56,0.289,72.24,0.9333
245.0,5.64,0.288,72.12,0.9325
245.0,5.72,0.288,71.95,0.9312
245.0,5.80,0.287,71.72,0.9293
245.0,5.88,0.286,71.40,0.9266
245.0,5.96,0.284,70.99,0.9232
245.0,6.04,0.282,70.49,0.9191
245.0,6.12,0.280,70.11,0.9166
245.0,6.20,0.279,69.86,0.9158
245.0,6.28,0.279,69.73,0.9165
245.0,6.36,0.279,69.69,0.9183
245.0,6.44,0.279,69.74,0.9210
245.0,6.52,0.279,69.85,0.9245
245.0,6.60,0.280,70.01,0.9283
245.0,6.68,0.281,70.20,0.9325
245.0,6.77,0.282,70.44,0.9370
245.0,6.85,0.283,70.74,0.9420
245.0,6.93,0.284,71.12,0.9476
245.0,7.01,0.286,71.58,0.9541
245.0,7.09,0.289,72.13,0.9614
245.0,7.17,0.291,72.75,0.9689
245.0,7.25,0.293,73.35,0.9750
245.0,7.33,0.296,73.94,0.9797
245.0,7.41,0.298,74.51,0.9834
245.0,7.49,0.300,75.07,0.9861
245.0,7.57,0.302,75.62,0.9880
245.0,7.65,0.304,76.10,0.9890
245.0,7.73,0.306,76.48,0.9887
245.0,7.81,0.307,76.74,0.9870
245.0,7.89,0.307,76.85,0.9836
245.0,7.97,0.307,76.80,0.9782
245.0,8.05,0.306,76.61,0.9716
245.0,8.13,0.306,76.43,0.9663
245.0,8.21,0.305,76.26,0.9623
245.0,8.30,0.304,76.09,0.9593
245.0,8.38,0.304,75.94,0.9572
245.0,8.46,0.303,75.78,0.9558
245.0,8.54,0.302,75.62,0.9548
245.0,8.62,0.302,75.45,0.9541
245.0,8.70,0.301,75.28,0.9537
245.0,8.78,0.300,75.11,0.9537
245.0,8.86,0.300,74.95,0.9544
245.0,8.94,0.299,74.81,0.9560
245.0,9.02,0.299,74.68,0.9585
245.0,9.10,0.298,74.58,0.9622
245.0,9.18,0.298,74.43,0.9655
245.0,9.26,0.297,74.15,0.9669
245.0,9.34,0.295,73.78,0.9667
245.0,9.42,0.293,73.32,0.9650
245.0,9.50,0.291,72.80,0.9621
245.0,9.58,0.289,72.24,0.9582
245.0,9.66,0.287,71.68,0.9535
245.0,9.74,0.285,71.13,0.9478
245.0,9.83,0.282,70.61,0.9408
245.0,9.91,0.280,70.10,0.9325
245.0,9.99,0.278,69.61,0.9226
245.0,10.07,0.277,69.17,0.9119
245.0,10.15,0.275,68.81,0.9017
245.0,10.23,0.274,68.52,0.8921
245.0,10.31,0.273,68.29,0.8830
245.0,10.39,0.272,68.11,0.8745
245.0,10.47,0.272,67.97,0.8665
245.0,10.55,0.271,67.86,0.8589
245.0,10.63,0.271,67.79,0.8519
245.0,10.71,0.271,67.76,0.8460
245.0,10.79,0.271,67.77,0.8413
245.0,10.87,0.271,67.84,0.8382
245.0,10.95,0.272,67.99,0.8370
245.0,11.03,0.273,68.21,0.8378
245.0,11.11,0.274,68.53,0.8410
245.0,11.19,0.276,68.90,0.8449
245.0,11.28,0.277,69.31,0.8486
245.0,11.36,0.279,69.76,0.8521
245.0,11.44,0.281,70.22,0.8555
245.0,11.52,0.283,70.71,0.8588
245.0,11.60,0.285,71.21,0.8619
245.0,11.68,0.287,71.67,0.8646
245.0,11.76,0.288,72.07,0.8667
245.0,11.84,0.290,72.40,0.8680
245.0,11.92,0.291,72.63,0.8685
245.0,12.00,0.291,72.77,0.8678
250.3,0.00,0.382,95.53,
250.3,0.08,0.381,95.14,
250.3,0.16,0.379,94.71,
250.3,0.24,0.377,94.24,
250.3,0.32,0.375,93.73,
250.3,0.40,0.373,93.19,
250.3,0.48,0.371,92.63,
250.3,0.56,0.368,92.06,
250.3,0.64,0.366,91.51,
250.3,0.72,0.364,91.00,
250.3,0.81,0.362,90.53,
250.3,0.89,0.360,90.11,
250.3,0.97,0.359,89.76,
250.3,1.05,0.358,89.40,
250.3,1.13,0.355,88.85,
250.3,1.21,0.352,88.10,
250.3,1.29,0.349,87.18,
250.3,1.37,0.344,86.12,
250.3,1.45,0.340,84.94,
250.3,1.53,0.335,83.68,
250.3,1.61,0.330,82.42,
250.3,1.69,0.325,81.18,
250.3,1.77,0.320,79.97,
250.3,1.85,0.315,78.80,
250.3,1.93,0.311,77.70,
250.3,2.01,0.307,76.66,0.8647
250.3,2.09,0.303,75.83,0.8682
250.3,2.17,0.301,75.24,0.8721
250.3,2.26,0.299,74.86,0.8764
250.3,2.34,0.299,74.68,0.8810
250.3,2.42,0.299,74.65,0.8858
250.3,2.50,0.299,74.76,0.8906
250.3,2.58,0.300,74.96,0.8954
250.3,2.66,0.301,75.24,0.8999
250.3,2.74,0.302,75.62,0.9043
250.3,2.82,0.304,76.09,0.9085
250.3,2.90,0.307,76.67,0.9125
250.3,2.98,0.309,77.37,0.9162
250.3,3.06,0.313,78.13,0.9195
250.3,3.14,0.315,78.80,0.9216
250.3,3.22,0.318,79.39,0.9227
250.3,3.30,0.320,79.91,0.9230
250.3,3.38,0.321,80.36,0.9224
250.3,3.46,0.323,80.76,0.9213
250.3,3.54,0.324,81.09,0.9196
250.3,3.62,0.325,81.32,0.9175
250.3,3.70,0.326,81.43,0.9151
250.3,3.79,0.326,81.38,0.9122
250.3,3.87,0.325,81.17,0.9088
250.3,3.95,0.323,80.76,0.9049
250.3,4.03,0.321,80.15,0.9006
250.3,4.11,0.318,79.57,0.8971
250.3,4.19,0.316,79.07,0.8946
250.3,4.27,0.315,78.64,0.8931
250.3,4.35,0.313,78.28,0.8923
250.3,4.43,0.312,77.97,0.8923
250.3,4.51,0.311,77.69,0.8928
250.3,4.59,0.310,77.44,0.8937
250.3,4.67,0.309,77.22,0.8952
250.3,4.75,0.308,77.05,0.8971
250.3,4.83,0.308,76.92,0.8998
250.3,4.91,0.307,76.86,0.9032
250.3,4.99,0.308,76.88,0.9075
250.3,5.07,0.308,76.91,0.9115
250.3,5.15,0.308,76.88,0.9142
250.3,5.23,0.307,76.81,0.9158
250.3,5.32,0.307,76.71,0.9165
250.3,5.40,0.306,76.59,0.9164
250.3,5.48,0.306,76.45,0.9157
250.3,5.56,0.305,76.31,0.9146
250.3,5.64,0.305,76.14,0.9132
250.3,5.72,0.304,75.93,0.9114
250.3,5.80,0.303,75.66,0.9090
250.3,5.88,0.301,75.30,0.9060
250.3,5.96,0.299,74.86,0.9021
250.3,6.04,0.297,74.34,0.8978
250.3,6.12,0.296,73.94,0.8951
250.3,6.20,0.295,73.68,0.8941
250.3,6.28,0.294,73.54,0.8946
250.3,6.36,0.294,73.50,0.8964
250.3,6.44,0.294,73.55,0.8991
250.3,6.52,0.295,73.67,0.9026
250.3,6.60,0.295,73.84,0.9065
250.3,6.68,0.296,74.06,0.9110
250.3,6.77,0.297,74.36,0.9160
250.3,6.85,0.299,74.73,0.9218
250.3,6.93,0.301,75.20,0.9285
250.3,7.01,0.303,75.76,0.9361
250.3,7.09,0.305,76.36,0.9432
250.3,7.17,0.308,76.94,0.9490
250.3,7.25,0.310,77.52,0.9536
250.3,7.33,0.312,78.08,0.9572
250.3,7.41,0.315,78.63,0.9599
250.3,7.49,0.317,79.18,0.9620
250.3,7.57,0.319,79.69,0.9633
250.3,7.65,0.320,80.12,0.9638
250.3,7.73,0.322,80.46,0.9632
250.3,7.81,0.323,80.69,0.9611
250.3,7.89,0.323,80.77,0.9574
250.3,7.97,0.323,80.69,0.9519
250.3,8.05,0.322,80.47,0.9452
250.3,8.13,0.321,80.27,0.9398
250.3,8.21,0.320,80.07,0.9358
250.3,8.30,0.320,79.89,0.9329
250.3,8.38,0.319,79.72,0.9309
250.3,8.46,0.318,79.55,0.9297
250.3,8.54,0.318,79.38,0.9290
250.3,8.62,0.317,79.21,0.9288
250.3,8.70,0.316,79.04,0.9291
250.3,8.78,0.316,78.88,0.9302
250.3,8.86,0.315,78.75,0.9322
250.3,8.94,0.315,78.63,0.9354
250.3,9.02,0.314,78.53,0.9396
250.3,9.10,0.313,78.35,0.9426
250.3,9.18,0.312,78.04,0.9439
250.3,9.26,0.311,77.65,0.9436
250.3,9.34,0.309,77.18,0.9420
250.3,9.42,0.307,76.65,0.9394
250.3,9.50,0.304,76.09,0.9359
250.3,9.58,0.302,75.52,0.9318
250.3,9.66,0.300,74.97,0.9269
250.3,9.74,0.298,74.43,0.9211
250.3,9.83,0.296,73.92,0.9142
250.3,9.91,0.294,73.43,0.9059
250.3,9.99,0.292,72.97,0.8962
250.3,10.07,0.290,72.56,0.8857
250.3,10.15,0.289,72.22,0.8758
250.3,10.23,0.288,71.96,0.8665
250.3,10.31,0.287,71.77,0.8579
250.3,10.39,0.286,71.62,0.8498
250.3,10.47,0.286,71.53,0.8423
250.3,10.55,0.286,71.47,0.8354
250.3,10.63,0.286,71.46,0.8296
250.3,10.71,0.286,71.51,0.8252
250.3,10.79,0.286,71.62,0.8226
250.3,10.87,0.287,71.81,0.8219
250.3,10.95,0.288,72.09,0.8234
250.3,11.03,0.290,72.45,0.8272
250.3,11.11,0.291,72.87,0.8310
250.3,11.19,0.293,73.32,0.8347
250.3,11.28,0.295,73.81,0.8383
250.3,11.36,0.297,74.32,0.8418
250.3,11.44,0.299,74.85,0.8453
250.3,11.52,0.302,75.40,0.8487
250.3,11.60,0.304,75.94,0.8518
250.3,11.68,0.306,76.43,0.8546
250.3,11.76,0.307,76.86,0.8568
250.3,11.84,0.309,77.23,0.8582
250.3,11.92,0.310,77.50,0.8587
250.3,12.00,0.311,77.67,0.8582
255.7,0.00,0.412,103.12,
255.7,0.08,0.411,102.73,
255.7,0.16,0.409,102.29,
255.7,0.24,0.407,101.82,
255.7,0.32,0.405,101.30,
255.7,0.40,0.403,100.77,
255.7,0.48,0.401,100.21,
255.7,0.56,0.399,99.67,
255.7,0.64,0.397,99.17,
255.7,0.72,0.395,98.72,
255.7,0.81,0.393,98.32,
255.7,0.89,0.392,98.00,
255.7,0.97,0.390,97.59,
255.7,1.05,0.388,96.98,
255.7,1.13,0.385,96.17,
255.7,1.21,0.381,95.21,
255.7,1.29,0.376,94.12,
255.7,1.37,0.372,92.93,
255.7,1.45,0.367,91.65,
255.7,1.53,0.361,90.36,
255.7,1.61,0.356,89.07,
255.7,1.69,0.351,87.81,
255.7,1.77,0.346,86.59,
255.7,1.85,0.342,85.41,
255.7,1.93,0.337,84.30,
255.7,2.01,0.333,83.25,0.8701
255.7,2.09,0.330,82.42,0.8731
255.7,2.17,0.327,81.83,0.8766
255.7,2.26,0.326,81.47,0.8805
255.7,2.34,0.325,81.30,0.8847
255.7,2.42,0.325,81.30,0.8891
255.7,2.50,0.326,81.43,0.8935
255.7,2.58,0.327,81.65,0.8978
255.7,2.66,0.328,81.97,0.9019
255.7,2.74,0.330,82.41,0.9058
255.7,2.82,0.332,82.96,0.9095
255.7,2.90,0.335,83.64,0.9130
255.7,2.98,0.337,84.31,0.9157
255.7,3.06,0.340,84.90,0.9174
255.7,3.14,0.342,85.41,0.9181
255.7,3.22,0.343,85.86,0.9179
255.7,3.30,0.345,86.25,0.9171
255.7,3.38,0.346,86.58,0.9157
255.7,3.46,0.347,86.86,0.9138
255.7,3.54,0.348,87.08,0.9115
255.7,3.62,0.349,87.19,0.9089
255.7,3.70,0.349,87.19,0.9060
255.7,3.79,0.348,87.04,0.9027
255.7,3.87,0.347,86.73,0.8989
255.7,3.95,0.345,86.24,0.8947
255.7,4.03,0.342,85.55,0.8901
255.7,4.11,0.340,84.89,0.8863
255.7,4.19,0.337,84.32,0.8835
255.7,4.27,0.335,83.83,0.8818
255.7,4.35,0.334,83.41,0.8809
255.7,4.43,0.332,83.04,0.8807
255.7,4.51,0.331,82.72,0.8812
255.7,4.59,0.330,82.43,0.8821
255.7,4.67,0.329,82.19,0.8837
255.7,4.75,0.328,82.01,0.8860
255.7,4.83,0.328,81.89,0.8892
255.7,4.91,0.327,81.85,0.8931
255.7,4.99,0.327,81.79,0.8961
255.7,5.07,0.327,81.68,0.8980
255.7,5.15,0.326,81.54,0.8989
255.7,5.23,0.325,81.37,0.8989
255.7,5.32,0.325,81.18,0.8983
255.7,5.40,0.324,80.99,0.8972
255.7,5.48,0.323,80.81,0.8958
255.7,5.56,0.322,80.62,0.8943
255.7,5.64,0.322,80.41,0.8925
255.7,5.72,0.321,80.17,0.8903
255.7,5.80,0.319,79.86,0.8876
255.7,5.88,0.318,79.49,0.8842
255.7,5.96,0.316,79.02,0.8802
255.7,6.04,0.314,78.49,0.8757
255.7,6.12,0.312,78.08,0.8728
255.7,6.20,0.311,77.81,0.8718
255.7,6.28,0.311,77.68,0.8723
255.7,6.36,0.311,77.65,0.8742
255.7,6.44,0.311,77.71,0.8771
255.7,6.52,0.311,77.84,0.8807
255.7,6.60,0.312,78.04,0.8849
255.7,6.68,0.313,78.31,0.8898
255.7,6.77,0.315,78.67,0.8956
255.7,6.85,0.317,79.14,0.9024
255.7,6.93,0.319,79.69,0.9099
255.7,7.01,0.321,80.25,0.9165
255.7,7.09,0.323,80.81,0.9218
255.7,7.17,0.325,81.35,0.9261
255.7,7.25,0.328,81.89,0.9294
255.7,7.33,0.330,82.42,0.9321
255.7,7.41,0.332,82.95,0.9342
255.7,7.49,0.334,83.46,0.9358
255.7,7.57,0.336,83.92,0.9368
255.7,7.65,0.337,84.32,0.9369
255.7,7.73,0.338,84.62,0.9360
255.7,7.81,0.339,84.81,0.9338
255.7,7.89,0.339,84.86,0.9300
255.7,7.97,0.339,84.76,0.9244
255.7,8.05,0.338,84.52,0.9177
255.7,8.13,0.337,84.30,0.9124
255.7,8.21,0.336,84.09,0.9085
255.7,8.30,0.336,83.89,0.9059
255.7,8.38,0.335,83.71,0.9042
255.7,8.46,0.334,83.53,0.9034
255.7,8.54,0.333,83.35,0.9032
255.7,8.62,0.333,83.18,0.9036
255.7,8.70,0.332,83.03,0.9050
255.7,8.78,0.332,82.90,0.9074
255.7,8.86,0.331,82.79,0.9110
255.7,8.94,0.331,82.68,0.9153
255.7,9.02,0.330,82.45,0.9179
255.7,9.10,0.328,82.12,0.9189
255.7,9.18,0.327,81.70,0.9185
255.7,9.26,0.325,81.21,0.9169
255.7,9.34,0.323,80.68,0.9144
255.7,9.42,0.320,80.11,0.9112
255.7,9.50,0.318,79.54,0.9075
255.7,9.58,0.316,78.98,0.9034
255.7,9.66,0.314,78.45,0.8985
255.7,9.74,0.312,77.93,0.8928
255.7,9.83,0.310,77.45,0.8860
255.7,9.91,0.308,76.99,0.8780
255.7,9.99,0.306,76.56,0.8686
255.7,10.07,0.305,76.18,0.8585
255.7,10.15,0.304,75.88,0.8491
255.7,10.23,0.303,75.66,0.8403
255.7,10.31,0.302,75.51,0.8322
255.7,10.39,0.302,75.42,0.8248
255.7,10.47,0.302,75.38,0.8180
255.7,10.55,0.302,75.39,0.8123
255.7,10.63,0.302,75.46,0.8083
255.7,10.71,0.302,75.60,0.8060
255.7,10.79,0.303,75.83,0.8059
255.7,10.87,0.305,76.16,0.8081
255.7,10.95,0.306,76.56,0.8120
255.7,11.03,0.308,77.01,0.8157
255.7,11.11,0.310,77.50,0.8194
255.7,11.19,0.312,78.02,0.8230
255.7,11.28,0.314,78.57,0.8266
255.7,11.36,0.317,79.14,0.8301
255.7,11.44,0.319,79.73,0.8336
255.7,11.52,0.321,80.32,0.8372
255.7,11.60,0.324,80.89,0.8404
255.7,11.68,0.326,81.42,0.8433
255.7,11.76,0.328,81.89,0.8457
255.7,11.84,0.329,82.28,0.8473
255.7,11.92,0.330,82.60,0.8480
255.7,12.00,0.331,82.80,0.8477
261.1,0.00,0.445,111.21,
261.1,0.08,0.443,110.82,
261.1,0.16,0.442,110.38,
261.1,0.24,0.440,109.90,
261.1,0.32,0.438,109.39,
261.1,0.40,0.435,108.86,
261.1,0.48,0.433,108.34,
261.1,0.56,0.431,107.85,
261.1,0.64,0.430,107.42,
261.1,0.72,0.428,107.05,
261.1,0.81,0.427,106.74,
261.1,0.89,0.425,106.26,
261.1,0.97,0.422,105.59,
261.1,1.05,0.419,104.74,
261.1,1.13,0.415,103.75,
261.1,1.21,0.411,102.63,
261.1,1.29,0.406,101.42,
261.1,1.37,0.401,100.14,
261.1,1.45,0.395,98.84,
261.1,1.53,0.390,97.53,
261.1,1.61,0.385,96.24,
261.1,1.69,0.380,94.97,
261.1,1.77,0.375,93.74,
261.1,1.85,0.370,92.57,
261.1,1.93,0.366,91.46,
261.1,2.01,0.362,90.42,0.8751
261.1,2.09,0.358,89.60,0.8777
261.1,2.17,0.356,89.04,0.8808
261.1,2.26,0.355,88.70,0.8843
261.1,2.34,0.354,88.56,0.8881
261.1,2.42,0.354,88.59,0.8922
261.1,2.50,0.355,88.74,0.8961
261.1,2.58,0.356,89.00,0.8998
261.1,2.66,0.358,89.38,0.9034
261.1,2.74,0.360,89.88,0.9068
261.1,2.82,0.362,90.50,0.9100
261.1,2.90,0.364,91.07,0.9121
261.1,2.98,0.366,91.56,0.9132
261.1,3.06,0.368,91.98,0.9134
261.1,3.14,0.369,92.34,0.9129
261.1,3.22,0.371,92.64,0.9117
261.1,3.30,0.372,92.89,0.9099
261.1,3.38,0.372,93.10,0.9078
261.1,3.46,0.373,93.27,0.9053
261.1,3.54,0.373,93.37,0.9026
261.1,3.62,0.374,93.38,0.8996
261.1,3.70,0.373,93.27,0.8963
261.1,3.79,0.372,93.03,0.8926
261.1,3.87,0.371,92.63,0.8885
261.1,3.95,0.368,92.05,0.8840
261.1,4.03,0.365,91.28,0.8791
261.1,4.11,0.362,90.55,0.8750
261.1,4.19,0.360,89.92,0.8722
261.1,4.27,0.357,89.37,0.8703
261.1,4.35,0.356,88.90,0.8693
261.1,4.43,0.354,88.48,0.8691
261.1,4.51,0.352,88.11,0.8695
261.1,4.59,0.351,87.80,0.8706
261.1,4.67,0.350,87.54,0.8725
261.1,4.75,0.349,87.36,0.8752
261.1,4.83,0.349,87.24,0.8784
261.1,4.91,0.348,87.07,0.8805
261.1,4.99,0.347,86.87,0.8815
261.1,5.07,0.347,86.64,0.8815
261.1,5.15,0.346,86.39,0.8809
261.1,5.23,0.345,86.13,0.8797
261.1,5.32,0.344,85.88,0.8781
261.1,5.40,0.343,85.64,0.8764
261.1,5.48,0.342,85.42,0.8746
261.1,5.56,0.341,85.20,0.8727
261.1,5.64,0.340,84.96,0.8706
261.1,5.72,0.339,84.69,0.8681
261.1,5.80,0.337,84.37,0.8652
261.1,5.88,0.336,83.98,0.8618
261.1,5.96,0.334,83.51,0.8576
261.1,6.04,0.332,82.97,0.8531
261.1,6.12,0.330,82.56,0.8503
261.1,6.20,0.329,82.30,0.8494
261.1,6.28,0.329,82.17,0.8500
261.1,6.36,0.329,82.16,0.8521
261.1,6.44,0.329,82.25,0.8552
261.1,6.52,0.330,82.40,0.8591
261.1,6.60,0.331,82.64,0.8637
261.1,6.68,0.332,82.98,0.8694
261.1,6.77,0.334,83.42,0.8761
261.1,6.85,0.336,83.94,0.8832
261.1,6.93,0.338,84.46,0.8890
261.1,7.01,0.340,84.96,0.8938
261.1,7.09,0.342,85.47,0.8976
261.1,7.17,0.344,85.97,0.9006
261.1,7.25,0.346,86.46,0.9030
261.1,7.33,0.348,86.95,0.9050
261.1,7.41,0.350,87.44,0.9066
261.1,7.49,0.352,87.91,0.9079
261.1,7.57,0.353,88.34,0.9087
261.1,7.65,0.355,88.69,0.9087
261.1,7.73,0.356,88.96,0.9076
261.1,7.81,0.356,89.12,0.9054
261.1,7.89,0.357,89.15,0.9016
261.1,7.97,0.356,89.02,0.8962
261.1,8.05,0.355,88.77,0.8896
261.1,8.13,0.354,88.53,0.8846
261.1,8.21,0.353,88.31,0.8810
261.1,8.30,0.352,88.11,0.8787
261.1,8.38,0.352,87.91,0.8775
261.1,8.46,0.351,87.73,0.8772
261.1,8.54,0.350,87.55,0.8777
261.1,8.62,0.350,87.40,0.8792
261.1,8.70,0.349,87.27,0.8818
261.1,8.78,0.349,87.16,0.8858
261.1,8.86,0.348,87.01,0.8896
261.1,8.94,0.347,86.75,0.8916
261.1,9.02,0.346,86.38,0.8922
261.1,9.10,0.344,85.94,0.8915
261.1,9.18,0.342,85.44,0.8899
261.1,9.26,0.340,84.89,0.8874
261.1,9.34,0.337,84.32,0.8843
261.1,9.42,0.335,83.75,0.8810
261.1,9.50,0.333,83.19,0.8773
261.1,9.58,0.331,82.66,0.8733
261.1,9.66,0.329,82.15,0.8686
261.1,9.74,0.327,81.66,0.8632
261.1,9.83,0.325,81.21,0.8568
261.1,9.91,0.323,80.78,0.8492
261.1,9.99,0.322,80.40,0.8403
261.1,10.07,0.320,80.06,0.8308
261.1,10.15,0.319,79.82,0.8220
261.1,10.23,0.319,79.65,0.8139
261.1,10.31,0.318,79.55,0.8066
261.1,10.39,0.318,79.52,0.8000
261.1,10.47,0.318,79.54,0.7944
261.1,10.55,0.319,79.63,0.7906
261.1,10.63,0.319,79.81,0.7887
261.1,10.71,0.320,80.07,0.7890
261.1,10.79,0.322,80.44,0.7919
261.1,10.87,0.323,80.87,0.7956
261.1,10.95,0.325,81.35,0.7992
261.1,11.03,0.327,81.86,0.8027
261.1,11.11,0.330,82.41,0.8063
261.1,11.19,0.332,82.98,0.8098
261.1,11.28,0.334,83.59,0.8134
261.1,11.36,0.337,84.21,0.8171
261.1,11.44,0.339,84.84,0.8208
261.1,11.52,0.342,85.47,0.8245
261.1,11.60,0.344,86.07,0.8279
261.1,11.68,0.347,86.63,0.8310
261.1,11.76,0.349,87.14,0.8336
261.1,11.84,0.350,87.58,0.8354
261.1,11.92,0.352,87.93,0.8364
261.1,12.00,0.353,88.18,0.8364
266.4,0.00,0.479,119.81,
266.4,0.08,0.478,119.42,
266.4,0.16,0.476,118.98,
266.4,0.24,0.474,118.51,
266.4,0.32,0.472,118.01,
266.4,0.40,0.470,117.51,
266.4,0.48,0.468,117.04,
266.4,0.56,0.467,116.63,
266.4,0.64,0.465,116.29,
266.4,0.72,0.464,115.96,
266.4,0.81,0.462,115.42,
266.4,0.89,0.459,114.69,
266.4,0.97,0.455,113.80,
266.4,1.05,0.451,112.78,
266.4,1.13,0.447,111.64,
266.4,1.21,0.442,110.42,
266.4,1.29,0.437,109.15,
266.4,1.37,0.431,107.85,
266.4,1.45,0.426,106.53,
266.4,1.53,0.421,105.23,
266.4,1.61,0.416,103.94,
266.4,1.69,0.411,102.69,
266.4,1.77,0.406,101.47,
266.4,1.85,0.401,100.31,
266.4,1.93,0.397,99.22,
266.4,2.01,0.393,98.21,0.8799
266.4,2.09,0.390,97.41,0.8821
266.4,2.17,0.388,96.88,0.8848
266.4,2.26,0.386,96.58,0.8880
266.4,2.34,0.386,96.49,0.8914
266.4,2.42,0.386,96.55,0.8949
266.4,2.50,0.387,96.72,0.8983
266.4,2.58,0.388,97.03,0.9015
266.4,2.66,0.390,97.48,0.9046
266.4,2.74,0.392,98.00,0.9071
266.4,2.82,0.394,98.44,0.9086
266.4,2.90,0.395,98.82,0.9092
266.4,2.98,0.397,99.13,0.9089
266.4,3.06,0.398,99.38,0.9079
266.4,3.14,0.398,99.58,0.9062
266.4,3.22,0.399,99.73,0.9042
266.4,3.30,0.399,99.86,0.9017
266.4,3.38,0.400,99.95,0.8990
266.4,3.46,0.400,99.99,0.8962
266.4,3.54,0.400,99.98,0.8931
266.4,3.62,0.400,99.88,0.8897
266.4,3.70,0.399,99.68,0.8860
266.4,3.79,0.397,99.34,0.8820
266.4,3.87,0.395,98.86,0.8777
266.4,3.95,0.393,98.20,0.8729
266.4,4.03,0.389,97.37,0.8679
266.4,4.11,0.386,96.58,0.8637
266.4,4.19,0.384,95.88,0.8607
266.4,4.27,0.381,95.28,0.8588
266.4,4.35,0.379,94.76,0.8578
266.4,4.43,0.377,94.30,0.8575
266.4,4.51,0.376,93.89,0.8581
266.4,4.59,0.374,93.56,0.8594
266.4,4.67,0.373,93.30,0.8617
266.4,4.75,0.372,93.06,0.8638
266.4,4.83,0.371,92.79,0.8648
266.4,4.91,0.370,92.48,0.8648
266.4,4.99,0.369,92.15,0.8640
266.4,5.07,0.367,91.81,0.8626
266.4,5.15,0.366,91.47,0.8607
266.4,5.23,0.365,91.15,0.8586
266.4,5.32,0.363,90.84,0.8564
266.4,5.40,0.362,90.57,0.8543
266.4,5.48,0.361,90.32,0.8522
266.4,5.56,0.360,90.08,0.8501
266.4,5.64,0.359,89.82,0.8479
266.4,5.72,0.358,89.53,0.8453
266.4,5.80,0.357,89.20,0.8424
266.4,5.88,0.355,88.81,0.8390
266.4,5.96,0.353,88.33,0.8349
266.4,6.04,0.351,87.80,0.8305
266.4,6.12,0.350,87.40,0.8278
266.4,6.20,0.349,87.16,0.8271
266.4,6.28,0.348,87.05,0.8281
266.4,6.36,0.348,87.07,0.8305
266.4,6.44,0.349,87.18,0.8339
266.4,6.52,0.349,87.37,0.8382
266.4,6.60,0.351,87.67,0.8435
266.4,6.68,0.352,88.09,0.8500
266.4,6.77,0.354,88.54,0.8562
266.4,6.85,0.356,88.99,0.8612
266.4,6.93,0.358,89.44,0.8652
266.4,7.01,0.360,89.89,0.8684
266.4,7.09,0.361,90.34,0.8710
266.4,7.17,0.363,90.78,0.8730
266.4,7.25,0.365,91.23,0.8747
266.4,7.33,0.367,91.68,0.8762
266.4,7.41,0.368,92.12,0.8776
266.4,7.49,0.370,92.55,0.8788
266.4,7.57,0.372,92.94,0.8795
266.4,7.65,0.373,93.26,0.8794
266.4,7.73,0.374,93.50,0.8785
266.4,7.81,0.375,93.63,0.8763
266.4,7.89,0.375,93.64,0.8728
266.4,7.97,0.374,93.50,0.8676
266.4,8.05,0.373,93.23,0.8613
266.4,8.13,0.372,92.98,0.8567
266.4,8.21,0.371,92.75,0.8536
266.4,8.30,0.370,92.54,0.8518
266.4,8.38,0.369,92.35,0.8512
266.4,8.46,0.369,92.16,0.8516
266.4,8.54,0.368,92.00,0.8530
266.4,8.62,0.367,91.87,0.8558
266.4,8.70,0.367,91.75,0.8598
266.4,8.78,0.366,91.55,0.8628
266.4,8.86,0.365,91.25,0.8642
266.4,8.94,0.363,90.85,0.8643
266.4,9.02,0.362,90.38,0.8632
266.4,9.10,0.359,89.85,0.8613
266.4,9.18,0.357,89.30,0.8587
266.4,9.26,0.355,88.72,0.8557
266.4,9.34,0.353,88.15,0.8525
266.4,9.42,0.350,87.60,0.8492
266.4,9.50,0.348,87.07,0.8458
266.4,9.58,0.346,86.57,0.8421
266.4,9.66,0.344,86.09,0.8378
266.4,9.74,0.343,85.64,0.8328
266.4,9.83,0.341,85.23,0.8269
266.4,9.91,0.339,84.85,0.8200
266.4,9.99,0.338,84.52,0.8118
266.4,10.07,0.337,84.24,0.8030
266.4,10.15,0.336,84.05,0.7950
266.4,10.23,0.336,83.94,0.7878
266.4,10.31,0.336,83.91,0.7814
266.4,10.39,0.336,83.94,0.7760
266.4,10.47,0.336,84.05,0.7723
266.4,10.55,0.337,84.25,0.7708
266.4,10.63,0.338,84.54,0.7716
266.4,10.71,0.340,84.94,0.7748
266.4,10.79,0.342,85.39,0.7782
266.4,10.87,0.344,85.89,0.7816
266.4,10.95,0.346,86.42,0.7850
266.4,11.03,0.348,86.99,0.7884
266.4,11.11,0.350,87.59,0.7918
266.4,11.19,0.353,88.21,0.7954
266.4,11.28,0.355,88.86,0.7991
266.4,11.36,0.358,89.52,0.8029
266.4,11.44,0.361,90.19,0.8068
266.4,11.52,0.363,90.85,0.8107
266.4,11.60,0.366,91.49,0.8145
266.4,11.68,0.368,92.09,0.8178
266.4,11.76,0.371,92.64,0.8207
266.4,11.84,0.372,93.11,0.8228
266.4,11.92,0.374,93.51,0.8242
266.4,12.00,0.375,93.80,0.8245
271.8,0.00,0.516,128.93,
271.8,0.08,0.514,128.54,
271.8,0.16,0.512,128.12,
271.8,0.24,0.511,127.66,
271.8,0.32,0.509,127.18,
271.8,0.40,0.507,126.74,
271.8,0.48,0.505,126.36,
271.8,0.56,0.504,126.04,
271.8,0.64,0.503,125.66,
271.8,0.72,0.500,125.06,
271.8,0.81,0.497,124.29,
271.8,0.89,0.493,123.36,
271.8,0.97,0.489,122.31,
271.8,1.05,0.485,121.16,
271.8,1.13,0.480,119.93,
271.8,1.21,0.475,118.67,
271.8,1.29,0.470,117.38,
271.8,1.37,0.464,116.09,
271.8,1.45,0.459,114.79,
271.8,1.53,0.454,113.50,
271.8,1.61,0.449,112.23,
271.8,1.69,0.444,111.00,
271.8,1.77,0.439,109.81,
271.8,1.85,0.435,108.68,
271.8,1.93,0.430,107.62,
271.8,2.01,0.427,106.64,0.8846
271.8,2.09,0.424,105.89,0.8864
271.8,2.17,0.422,105.40,0.8887
271.8,2.26,0.421,105.15,0.8915
271.8,2.34,0.420,105.10,0.8945
271.8,2.42,0.421,105.19,0.8974
271.8,2.50,0.422,105.41,0.9002
271.8,2.58,0.423,105.79,0.9028
271.8,2.66,0.425,106.16,0.9047
271.8,2.74,0.426,106.47,0.9055
271.8,2.82,0.427,106.71,0.9054
271.8,2.90,0.428,106.89,0.9046
271.8,2.98,0.428,107.01,0.9030
271.8,3.06,0.428,107.10,0.9010
271.8,3.14,0.429,107.14,0.8985
271.8,3.22,0.429,107.16,0.8958
271.8,3.30,0.429,107.15,0.8928
271.8,3.38,0.428,107.11,0.8897
271.8,3.46,0.428,107.05,0.8865
271.8,3.54,0.428,106.93,0.8830
271.8,3.62,0.427,106.73,0.8794
271.8,3.70,0.426,106.44,0.8755
271.8,3.79,0.424,106.02,0.8712
271.8,3.87,0.422,105.45,0.8667
271.8,3.95,0.419,104.72,0.8618
271.8,4.03,0.415,103.83,0.8566
271.8,4.11,0.412,102.97,0.8523
271.8,4.19,0.409,102.23,0.8493
271.8,4.27,0.406,101.58,0.8474
271.8,4.35,0.404,101.01,0.8464
271.8,4.43,0.402,100.50,0.8463
271.8,4.51,0.400,100.07,0.8470
271.8,4.59,0.399,99.72,0.8486
271.8,4.67,0.397,99.35,0.8494
271.8,4.75,0.396,98.95,0.8492
271.8,4.83,0.394,98.53,0.8482
271.8,4.91,0.392,98.09,0.8464
271.8,4.99,0.391,97.66,0.8442
271.8,5.07,0.389,97.23,0.8416
271.8,5.15,0.387,96.82,0.8389
271.8,5.23,0.386,96.44,0.8362
271.8,5.32,0.384,96.10,0.8337
271.8,5.40,0.383,95.80,0.8314
271.8,5.48,0.382,95.53,0.8292
271.8,5.56,0.381,95.27,0.8271
271.8,5.64,0.380,95.00,0.8248
271.8,5.72,0.379,94.71,0.8223
271.8,5.80,0.378,94.38,0.8195
271.8,5.88,0.376,93.99,0.8162
271.8,5.96,0.374,93.53,0.8123
271.8,6.04,0.372,93.01,0.8082
271.8,6.12,0.371,92.63,0.8058
271.8,6.20,0.370,92.42,0.8055
271.8,6.28,0.369,92.35,0.8070
271.8,6.36,0.370,92.39,0.8097
271.8,6.44,0.370,92.53,0.8134
271.8,6.52,0.371,92.78,0.8184
271.8,6.60,0.373,93.14,0.8243
271.8,6.68,0.374,93.52,0.8293
271.8,6.77,0.376,93.89,0.8334
271.8,6.85,0.377,94.27,0.8366
271.8,6.93,0.379,94.65,0.8390
271.8,7.01,0.380,95.03,0.8410
271.8,7.09,0.382,95.41,0.8425
271.8,7.17,0.383,95.80,0.8438
271.8,7.25,0.385,96.20,0.8451
271.8,7.33,0.386,96.60,0.8464
271.8,7.41,0.388,96.99,0.8476
271.8,7.49,0.390,97.38,0.8488
271.8,7.57,0.391,97.73,0.8495
271.8,7.65,0.392,98.03,0.8496
271.8,7.73,0.393,98.24,0.8489
271.8,7.81,0.393,98.35,0.8470
271.8,7.89,0.393,98.34,0.8438
271.8,7.97,0.393,98.19,0.8390
271.8,8.05,0.392,97.91,0.8332
271.8,8.13,0.391,97.66,0.8291
271.8,8.21,0.390,97.42,0.8266
271.8,8.30,0.389,97.21,0.8256
271.8,8.38,0.388,97.02,0.8257
271.8,8.46,0.387,96.85,0.8270
271.8,8.54,0.387,96.71,0.8297
271.8,8.62,0.386,96.56,0.8333
271.8,8.70,0.385,96.31,0.8353
271.8,8.78,0.384,95.96,0.8360
271.8,8.86,0.382,95.52,0.8354
271.8,8.94,0.380,95.02,0.8338
271.8,9.02,0.378,94.48,0.8315
271.8,9.10,0.376,93.91,0.8286
271.8,9.18,0.373,93.33,0.8256
271.8,9.26,0.371,92.76,0.8225
271.8,9.34,0.369,92.22,0.8194
271.8,9.42,0.367,91.69,0.8165
271.8,9.50,0.365,91.20,0.8134
271.8,9.58,0.363,90.73,0.8102
271.8,9.66,0.361,90.30,0.8065
271.8,9.74,0.360,89.90,0.8021
271.8,9.83,0.358,89.54,0.7969
271.8,9.91,0.357,89.22,0.7908
271.8,9.99,0.356,88.94,0.7835
271.8,10.07,0.355,88.72,0.7756
271.8,10.15,0.354,88.60,0.7686
271.8,10.23,0.354,88.56,0.7625
271.8,10.31,0.354,88.60,0.7573
271.8,10.39,0.355,88.73,0.7538
271.8,10.47,0.356,88.94,0.7525
271.8,10.55,0.357,89.26,0.7538
271.8,10.63,0.359,89.67,0.7569
271.8,10.71,0.361,90.14,0.7599
271.8,10.79,0.363,90.64,0.7630
271.8,10.87,0.365,91.19,0.7662
271.8,10.95,0.367,91.77,0.7694
271.8,11.03,0.370,92.39,0.7727
271.8,11.11,0.372,93.03,0.7762
271.8,11.19,0.375,93.69,0.7799
271.8,11.28,0.377,94.37,0.7838
271.8,11.36,0.380,95.07,0.7878
271.8,11.44,0.383,95.77,0.7920
271.8,11.52,0.386,96.47,0.7962
271.8,11.60,0.389,97.15,0.8003
271.8,11.68,0.391,97.79,0.8040
271.8,11.76,0.393,98.37,0.8072
271.8,11.84,0.396,98.89,0.8098
271.8,11.92,0.397,99.33,0.8115
271.8,12.00,0.399,99.66,0.8123
277.2,0.00,0.554,138.58,
277.2,0.08,0.553,138.21,
277.2,0.16,0.551,137.80,
277.2,0.24,0.549,137.36,
277.2,0.32,0.548,136.94,
277.2,0.40,0.546,136.59,
277.2,0.48,0.545,136.29,
277.2,0.56,0.543,135.84,
277.2,0.64,0.541,135.19,
277.2,0.72,0.537,134.37,
277.2,0.81,0.534,133.42,
277.2,0.89,0.529,132.34,
277.2,0.97,0.525,131.18,
277.2,1.05,0.520,129.98,
277.2,1.13,0.515,128.74,
277.2,1.21,0.510,127.47,
277.2,1.29,0.505,126.19,
277.2,1.37,0.500,124.91,
277.2,1.45,0.495,123.63,
277.2,1.53,0.489,122.37,
277.2,1.61,0.485,121.14,
277.2,1.69,0.480,119.94,
277.2,1.77,0.475,118.79,
277.2,1.85,0.471,117.70,
277.2,1.93,0.467,116.69,
277.2,2.01,0.463,115.76,0.8891
277.2,2.09,0.460,115.06,0.8905
277.2,2.17,0.459,114.63,0.8925
277.2,2.26,0.458,114.45,0.8949
277.2,2.34,0.458,114.43,0.8973
277.2,2.42,0.458,114.56,0.8996
277.2,2.50,0.459,114.81,0.9016
277.2,2.58,0.460,115.03,0.9027
277.2,2.66,0.461,115.18,0.9028
277.2,2.74,0.461,115.26,0.9021
277.2,2.82,0.461,115.29,0.9006
277.2,2.90,0.461,115.28,0.8985
277.2,2.98,0.461,115.23,0.8960
277.2,3.06,0.461,115.17,0.8933
277.2,3.14,0.460,115.08,0.8903
277.2,3.22,0.460,114.96,0.8871
277.2,3.30,0.459,114.83,0.8837
277.2,3.38,0.459,114.66,0.8802
277.2,3.46,0.458,114.46,0.8765
277.2,3.54,0.457,114.23,0.8727
277.2,3.62,0.456,113.94,0.8689
277.2,3.70,0.454,113.55,0.8647
277.2,3.79,0.452,113.05,0.8604
277.2,3.87,0.450,112.42,0.8557
277.2,3.95,0.446,111.62,0.8507
277.2,4.03,0.443,110.67,0.8455
277.2,4.11,0.439,109.76,0.8412
277.2,4.19,0.436,108.97,0.8382
277.2,4.27,0.433,108.28,0.8364
277.2,4.35,0.431,107.66,0.8354
277.2,4.43,0.428,107.12,0.8354
277.2,4.51,0.427,106.64,0.8360
277.2,4.59,0.425,106.13,0.8355
277.2,4.67,0.422,105.60,0.8341
277.2,4.75,0.420,105.05,0.8319
277.2,4.83,0.418,104.50,0.8292
277.2,4.91,0.416,103.95,0.8260
277.2,4.99,0.414,103.43,0.8227
277.2,5.07,0.412,102.95,0.8196
277.2,5.15,0.410,102.50,0.8166
277.2,5.23,0.408,102.10,0.8137
277.2,5.32,0.407,101.72,0.8110
277.2,5.40,0.406,101.39,0.8084
277.2,5.48,0.404,101.08,0.8060
277.2,5.56,0.403,100.81,0.8039
277.2,5.64,0.402,100.54,0.8018
277.2,5.72,0.401,100.26,0.7995
277.2,5.80,0.400,99.94,0.7969
277.2,5.88,0.398,99.57,0.7939
277.2,5.96,0.396,99.12,0.7903
277.2,6.04,0.395,98.63,0.7866
277.2,6.12,0.393,98.29,0.7847
277.2,6.20,0.392,98.11,0.7849
277.2,6.28,0.392,98.07,0.7868
277.2,6.36,0.393,98.14,0.7899
277.2,6.44,0.393,98.34,0.7943
277.2,6.52,0.394,98.61,0.7991
277.2,6.60,0.396,98.90,0.8030
277.2,6.68,0.397,99.18,0.8059
277.2,6.77,0.398,99.47,0.8081
277.2,6.85,0.399,99.77,0.8097
277.2,6.93,0.400,100.07,0.8109
277.2,7.01,0.402,100.39,0.8120
277.2,7.09,0.403,100.72,0.8131
277.2,7.17,0.404,101.06,0.8142
277.2,7.25,0.406,101.40,0.8153
277.2,7.33,0.407,101.75,0.8164
277.2,7.41,0.408,102.09,0.8174
277.2,7.49,0.410,102.42,0.8184
277.2,7.57,0.411,102.74,0.8193
277.2,7.65,0.412,103.01,0.8197
277.2,7.73,0.413,103.20,0.8193
277.2,7.81,0.413,103.29,0.8178
277.2,7.89,0.413,103.27,0.8151
277.2,7.97,0.412,103.11,0.8108
277.2,8.05,0.411,102.83,0.8057
277.2,8.13,0.410,102.57,0.8023
277.2,8.21,0.409,102.34,0.8006
277.2,8.30,0.408,102.12,0.8003
277.2,8.38,0.408,101.94,0.8014
277.2,8.46,0.407,101.79,0.8039
277.2,8.54,0.406,101.60,0.8065
277.2,8.62,0.405,101.29,0.8075
277.2,8.70,0.404,100.89,0.8072
277.2,8.78,0.402,100.42,0.8059
277.2,8.86,0.400,99.89,0.8036
277.2,8.94,0.397,99.32,0.8009
277.2,9.02,0.395,98.75,0.7979
277.2,9.10,0.393,98.18,0.7950
277.2,9.18,0.390,97.62,0.7921
277.2,9.26,0.388,97.07,0.7891
277.2,9.34,0.386,96.55,0.7863
277.2,9.42,0.384,96.06,0.7835
277.2,9.50,0.382,95.60,0.7808
277.2,9.58,0.381,95.18,0.7781
277.2,9.66,0.379,94.80,0.7751
277.2,9.74,0.378,94.46,0.7716
277.2,9.83,0.377,94.16,0.7673
277.2,9.91,0.376,93.90,0.7621
277.2,9.99,0.375,93.69,0.7558
277.2,10.07,0.374,93.55,0.7491
277.2,10.15,0.374,93.50,0.7433
277.2,10.23,0.374,93.54,0.7384
277.2,10.31,0.375,93.67,0.7350
277.2,10.39,0.376,93.90,0.7341
277.2,10.47,0.377,94.24,0.7357
277.2,10.55,0.379,94.66,0.7384
277.2,10.63,0.381,95.13,0.7410
277.2,10.71,0.383,95.64,0.7438
277.2,10.79,0.385,96.19,0.7466
277.2,10.87,0.387,96.78,0.7496
277.2,10.95,0.390,97.40,0.7527
277.2,11.03,0.392,98.06,0.7562
277.2,11.11,0.395,98.74,0.7599
277.2,11.19,0.398,99.44,0.7638
277.2,11.28,0.401,100.15,0.7680
277.2,11.36,0.404,100.88,0.7723
277.2,11.44,0.406,101.60,0.7766
277.2,11.52,0.409,102.33,0.7811
277.2,11.60,0.412,103.05,0.7855
277.2,11.68,0.415,103.73,0.7897
277.2,11.76,0.417,104.36,0.7933
277.2,11.84,0.420,104.92,0.7964
277.2,11.92,0.422,105.40,0.7986
277.2,12.00,0.423,105.78,0.7999
282.6,0.00,0.595,148.78,
282.6,0.08,0.594,148.43,
282.6,0.16,0.592,148.04,
282.6,0.24,0.591,147.65,
282.6,0.32,0.589,147.33,
282.6,0.40,0.588,147.01,
282.6,0.48,0.586,146.50,
282.6,0.56,0.583,145.81,
282.6,0.64,0.580,144.95,
282.6,0.72,0.576,143.97,
282.6,0.81,0.572,142.90,
282.6,0.89,0.567,141.78,
282.6,0.97,0.562,140.61,
282.6,1.05,0.558,139.39,
282.6,1.13,0.553,138.15,
282.6,1.21,0.548,136.90,
282.6,1.29,0.543,135.63,
282.6,1.37,0.537,134.37,
282.6,1.45,0.532,133.12,
282.6,1.53,0.528,131.89,
282.6,1.61,0.523,130.70,
282.6,1.69,0.518,129.55,
282.6,1.77,0.514,128.46,
282.6,1.85,0.510,127.42,
282.6,1.93,0.506,126.47,
282.6,2.01,0.502,125.61,0.8935
282.6,2.09,0.500,124.97,0.8945
282.6,2.17,0.498,124.62,0.8962
282.6,2.26,0.498,124.48,0.8980
282.6,2.34,0.498,124.49,0.8998
282.6,2.42,0.498,124.59,0.9010
282.6,2.50,0.499,124.63,0.9013
282.6,2.58,0.498,124.60,0.9006
282.6,2.66,0.498,124.52,0.8992
282.6,2.74,0.498,124.39,0.8971
282.6,2.82,0.497,124.25,0.8947
282.6,2.90,0.496,124.08,0.8920
282.6,2.98,0.496,123.90,0.8889
282.6,3.06,0.495,123.70,0.8857
282.6,3.14,0.494,123.48,0.8822
282.6,3.22,0.493,123.23,0.8785
282.6,3.30,0.492,122.95,0.8747
282.6,3.38,0.491,122.64,0.8707
282.6,3.46,0.489,122.30,0.8667
282.6,3.54,0.488,121.93,0.8625
282.6,3.62,0.486,121.51,0.8583
282.6,3.70,0.484,121.05,0.8541
282.6,3.79,0.482,120.48,0.8496
282.6,3.87,0.479,119.77,0.8449
282.6,3.95,0.476,118.92,0.8399
282.6,4.03,0.472,117.90,0.8347
282.6,4.11,0.468,116.95,0.8305
282.6,4.19,0.464,116.12,0.8276
282.6,4.27,0.461,115.37,0.8258
282.6,4.35,0.459,114.72,0.8250
282.6,4.43,0.456,114.08,0.8241
282.6,4.51,0.454,113.43,0.8223
282.6,4.59,0.451,112.75,0.8196
282.6,4.67,0.448,112.06,0.8162
282.6,4.75,0.446,111.39,0.8125
282.6,4.83,0.443,110.76,0.8087
282.6,4.91,0.441,110.16,0.8051
282.6,4.99,0.438,109.61,0.8016
282.6,5.07,0.436,109.10,0.7982
282.6,5.15,0.434,108.62,0.7949
282.6,5.23,0.433,108.18,0.7918
282.6,5.32,0.431,107.78,0.7888
282.6,5.40,0.430,107.40,0.7861
282.6,5.48,0.428,107.06,0.7835
282.6,5.56,0.427,106.75,0.7812
282.6,5.64,0.426,106.47,0.7791
282.6,5.72,0.425,106.20,0.7771
282.6,5.80,0.424,105.90,0.7749
282.6,5.88,0.422,105.55,0.7723
282.6,5.96,0.421,105.14,0.7693
282.6,6.04,0.419,104.69,0.7660
282.6,6.12,0.418,104.38,0.7648
282.6,6.20,0.417,104.25,0.7656
282.6,6.28,0.417,104.24,0.7679
282.6,6.36,0.417,104.36,0.7715
282.6,6.44,0.418,104.53,0.7749
282.6,6.52,0.419,104.71,0.7774
282.6,6.60,0.420,104.89,0.7791
282.6,6.68,0.420,105.08,0.7802
282.6,6.77,0.421,105.29,0.7810
282.6,6.85,0.422,105.52,0.7818
282.6,6.93,0.423,105.78,0.7827
282.6,7.01,0.424,106.04,0.7836
282.6,7.09,0.425,106.33,0.7845
282.6,7.17,0.426,106.61,0.7854
282.6,7.25,0.428,106.90,0.7863
282.6,7.33,0.429,107.19,0.7872
282.6,7.41,0.430,107.47,0.7880
282.6,7.49,0.431,107.73,0.7888
282.6,7.57,0.432,107.98,0.7894
282.6,7.65,0.433,108.21,0.7900
282.6,7.73,0.434,108.38,0.7901
282.6,7.81,0.434,108.46,0.7892
282.6,7.89,0.434,108.43,0.7871
282.6,7.97,0.433,108.26,0.7836
282.6,8.05,0.432,107.98,0.7792
282.6,8.13,0.431,107.73,0.7766
282.6,8.21,0.430,107.50,0.7758
282.6,8.30,0.429,107.30,0.7765
282.6,8.38,0.428,107.12,0.7786
282.6,8.46,0.427,106.87,0.7798
282.6,8.54,0.426,106.50,0.7797
282.6,8.62,0.424,106.06,0.7783
282.6,8.70,0.422,105.54,0.7761
282.6,8.78,0.420,104.99,0.7734
282.6,8.86,0.418,104.43,0.7706
282.6,8.94,0.415,103.87,0.7679
282.6,9.02,0.413,103.31,0.7651
282.6,9.10,0.411,102.75,0.7623
282.6,9.18,0.409,102.21,0.7595
282.6,9.26,0.407,101.69,0.7567
282.6,9.34,0.405,101.20,0.7540
282.6,9.42,0.403,100.74,0.7514
282.6,9.50,0.401,100.32,0.7489
282.6,9.58,0.400,99.94,0.7465
282.6,9.66,0.398,99.62,0.7443
282.6,9.74,0.397,99.34,0.7417
282.6,9.83,0.396,99.11,0.7385
282.6,9.91,0.396,98.93,0.7345
282.6,9.99,0.395,98.80,0.7294
282.6,10.07,0.395,98.73,0.7240
282.6,10.15,0.395,98.77,0.7195
282.6,10.23,0.396,98.90,0.7163
282.6,10.31,0.397,99.14,0.7156
282.6,10.39,0.398,99.49,0.7173
282.6,10.47,0.400,99.90,0.7194
282.6,10.55,0.401,100.37,0.7216
282.6,10.63,0.404,100.88,0.7239
282.6,10.71,0.406,101.43,0.7264
282.6,10.79,0.408,102.03,0.7292
282.6,10.87,0.411,102.66,0.7324
282.6,10.95,0.413,103.33,0.7359
282.6,11.03,0.416,104.02,0.7396
282.6,11.11,0.419,104.74,0.7436
282.6,11.19,0.422,105.47,0.7478
282.6,11.28,0.425,106.22,0.7522
282.6,11.36,0.428,106.97,0.7567
282.6,11.44,0.431,107.72,0.7613
282.6,11.52,0.434,108.47,0.7659
282.6,11.60,0.437,109.20,0.7705
282.6,11.68,0.440,109.92,0.7751
282.6,11.76,0.442,110.59,0.7793
282.6,11.84,0.445,111.20,0.7829
282.6,11.92,0.447,111.73,0.7857
282.6,12.00,0.449,112.15,0.7876
287.9,0.00,0.638,159.55,
287.9,0.08,0.637,159.22,
287.9,0.16,0.635,158.87,
287.9,0.24,0.634,158.58,
287.9,0.32,0.633,158.21,
287.9,0.40,0.631,157.65,
287.9,0.48,0.628,156.91,
287.9,0.56,0.624,156.04,
287.9,0.64,0.620,155.09,
287.9,0.72,0.616,154.07,
287.9,0.81,0.612,152.99,
287.9,0.89,0.607,151.85,
287.9,0.97,0.603,150.67,
287.9,1.05,0.598,149.46,
287.9,1.13,0.593,148.23,
287.9,1.21,0.588,146.98,
287.9,1.29,0.583,145.74,
287.9,1.37,0.578,144.50,
287.9,1.45,0.573,143.29,
287.9,1.53,0.568,142.10,
287.9,1.61,0.564,140.96,
287.9,1.69,0.559,139.87,
287.9,1.77,0.555,138.84,
287.9,1.85,0.552,137.88,
287.9,1.93,0.548,137.00,
287.9,2.01,0.545,136.21,0.8978
287.9,2.09,0.543,135.66,0.8986
287.9,2.17,0.541,135.37,0.8997
287.9,2.26,0.541,135.26,0.9008
287.9,2.34,0.541,135.16,0.9012
287.9,2.42,0.540,135.00,0.9006
287.9,2.50,0.539,134.78,0.8992
287.9,2.58,0.538,134.54,0.8972
287.9,2.66,0.537,134.28,0.8949
287.9,2.74,0.536,134.02,0.8922
287.9,2.82,0.535,133.74,0.8892
287.9,2.90,0.534,133.44,0.8859
287.9,2.98,0.532,133.12,0.8824
287.9,3.06,0.531,132.78,0.8786
287.9,3.14,0.530,132.41,0.8746
287.9,3.22,0.528,132.02,0.8705
287.9,3.30,0.526,131.59,0.8662
287.9,3.38,0.525,131.14,0.8618
287.9,3.46,0.523,130.65,0.8574
287.9,3.54,0.520,130.12,0.8528
287.9,3.62,0.518,129.55,0.8483
287.9,3.70,0.516,128.95,0.8437
287.9,3.79,0.513,128.29,0.8392
287.9,3.87,0.510,127.53,0.8345
287.9,3.95,0.506,126.62,0.8295
287.9,4.03,0.502,125.56,0.8244
287.9,4.11,0.498,124.56,0.8203
287.9,4.19,0.495,123.68,0.8176
287.9,4.27,0.492,122.88,0.8157
287.9,4.35,0.488,122.08,0.8133
287.9,4.43,0.485,121.26,0.8099
287.9,4.51,0.482,120.43,0.8059
287.9,4.59,0.479,119.64,0.8017
287.9,4.67,0.476,118.89,0.7976
287.9,4.75,0.473,118.18,0.7935
287.9,4.83,0.470,117.52,0.7895
287.9,4.91,0.468,116.89,0.7856
287.9,4.99,0.465,116.31,0.7818
287.9,5.07,0.463,115.76,0.7782
287.9,5.15,0.461,115.25,0.7747
287.9,5.23,0.459,114.77,0.7713
287.9,5.32,0.457,114.33,0.7681
287.9,5.40,0.456,113.92,0.7652
287.9,5.48,0.454,113.54,0.7624
287.9,5.56,0.453,113.19,0.7599
287.9,5.64,0.451,112.87,0.7577
287.9,5.72,0.450,112.57,0.7557
287.9,5.80,0.449,112.30,0.7539
287.9,5.88,0.448,111.98,0.7519
287.9,5.96,0.446,111.61,0.7495
287.9,6.04,0.445,111.20,0.7470
287.9,6.12,0.444,110.95,0.7464
287.9,6.20,0.443,110.85,0.7478
287.9,6.28,0.443,110.87,0.7503
287.9,6.36,0.444,110.92,0.7521
287.9,6.44,0.444,110.98,0.7531
287.9,6.52,0.444,111.05,0.7535
287.9,6.60,0.445,111.15,0.7539
287.9,6.68,0.445,111.29,0.7545
287.9,6.77,0.446,111.45,0.7551
287.9,6.85,0.447,111.64,0.7557
287.9,6.93,0.447,111.84,0.7564
287.9,7.01,0.448,112.06,0.7571
287.9,7.09,0.449,112.28,0.7578
287.9,7.17,0.450,112.51,0.7585
287.9,7.25,0.451,112.74,0.7592
287.9,7.33,0.452,112.96,0.7599
287.9,7.41,0.453,113.17,0.7604
287.9,7.49,0.453,113.37,0.7609
287.9,7.57,0.454,113.54,0.7613
287.9,7.65,0.455,113.69,0.7616
287.9,7.73,0.455,113.81,0.7617
287.9,7.81,0.456,113.88,0.7615
287.9,7.89,0.455,113.84,0.7602
287.9,7.97,0.455,113.67,0.7575
287.9,8.05,0.454,113.39,0.7541
287.9,8.13,0.453,113.14,0.7525
287.9,8.21,0.452,112.92,0.7526
287.9,8.30,0.451,112.70,0.7538
287.9,8.38,0.450,112.38,0.7536
287.9,8.46,0.448,111.96,0.7521
287.9,8.54,0.446,111.47,0.7498
287.9,8.62,0.444,110.96,0.7474
287.9,8.70,0.442,110.42,0.7448
287.9,8.78,0.439,109.87,0.7422
287.9,8.86,0.437,109.32,0.7396
287.9,8.94,0.435,108.76,0.7369
287.9,9.02,0.433,108.21,0.7342
287.9,9.10,0.431,107.68,0.7315
287.9,9.18,0.429,107.16,0.7289
287.9,9.26,0.427,106.67,0.7263
287.9,9.34,0.425,106.20,0.7238
287.9,9.42,0.423,105.78,0.7214
287.9,9.50,0.422,105.40,0.7191
287.9,9.58,0.420,105.07,0.7169
287.9,9.66,0.419,104.79,0.7149
287.9,9.74,0.418,104.58,0.7130
287.9,9.83,0.418,104.42,0.7110
287.9,9.91,0.417,104.32,0.7083
287.9,9.99,0.417,104.28,0.7047
287.9,10.07,0.417,104.30,0.7007
287.9,10.15,0.418,104.44,0.6978
287.9,10.23,0.419,104.68,0.6973
287.9,10.31,0.420,105.02,0.6987
287.9,10.39,0.422,105.43,0.7002
287.9,10.47,0.424,105.88,0.7019
287.9,10.55,0.426,106.39,0.7038
287.9,10.63,0.428,106.94,0.7062
287.9,10.71,0.430,107.55,0.7090
287.9,10.79,0.433,108.19,0.7122
287.9,10.87,0.435,108.87,0.7158
287.9,10.95,0.438,109.58,0.7196
287.9,11.03,0.441,110.31,0.7236
287.9,11.11,0.444,111.06,0.7279
287.9,11.19,0.447,111.82,0.7324
287.9,11.28,0.450,112.60,0.7370
287.9,11.36,0.453,113.37,0.7417
287.9,11.44,0.457,114.14,0.7465
287.9,11.52,0.460,114.90,0.7512
287.9,11.60,0.463,115.65,0.7560
287.9,11.68,0.466,116.38,0.7607
287.9,11.76,0.468,117.08,0.7653
287.9,11.84,0.471,117.74,0.7695
287.9,11.92,0.473,118.31,0.7729
287.9,12.00,0.475,118.79,0.7755
293.3,0.00,0.684,170.89,
293.3,0.08,0.682,170.59,
293.3,0.16,0.681,170.32,
293.3,0.24,0.680,169.89,
293.3,0.32,0.677,169.29,
293.3,0.40,0.674,168.58,
293.3,0.48,0.671,167.77,
293.3,0.56,0.667,166.87,
293.3,0.64,0.664,165.89,
293.3,0.72,0.659,164.85,
293.3,0.81,0.655,163.75,
293.3,0.89,0.650,162.61,
293.3,0.97,0.646,161.43,
293.3,1.05,0.641,160.22,
293.3,1.13,0.636,159.01,
293.3,1.21,0.631,157.78,
293.3,1.29,0.626,156.57,
293.3,1.37,0.621,155.37,
293.3,1.45,0.617,154.19,
293.3,1.53,0.612,153.06,
293.3,1.61,0.608,151.97,
293.3,1.69,0.604,150.94,
293.3,1.77,0.600,149.98,
293.3,1.85,0.596,149.10,
293.3,1.93,0.593,148.31,
293.3,2.01,0.590,147.61,0.9022
293.3,2.09,0.589,147.15,0.9026
293.3,2.17,0.587,146.86,0.9029
293.3,2.26,0.586,146.55,0.9023
293.3,2.34,0.585,146.19,0.9010
293.3,2.42,0.583,145.83,0.8992
293.3,2.50,0.582,145.45,0.8970
293.3,2.58,0.580,145.07,0.8944
293.3,2.66,0.579,144.68,0.8914
293.3,2.74,0.577,144.27,0.8882
293.3,2.82,0.575,143.85,0.8846
293.3,2.90,0.574,143.40,0.8808
293.3,2.98,0.572,142.94,0.8767
293.3,3.06,0.570,142.45,0.8724
293.3,3.14,0.568,141.93,0.8680
293.3,3.22,0.566,141.39,0.8634
293.3,3.30,0.563,140.81,0.8587
293.3,3.38,0.561,140.20,0.8539
293.3,3.46,0.558,139.55,0.8490
293.3,3.54,0.555,138.87,0.8441
293.3,3.62,0.553,138.14,0.8391
293.3,3.70,0.550,137.38,0.8343
293.3,3.79,0.546,136.56,0.8294
293.3,3.87,0.543,135.70,0.8246
293.3,3.95,0.539,134.74,0.8198
293.3,4.03,0.535,133.64,0.8148
293.3,4.11,0.530,132.60,0.8109
293.3,4.19,0.527,131.64,0.8077
293.3,4.27,0.523,130.66,0.8036
293.3,4.35,0.519,129.70,0.7991
293.3,4.43,0.515,128.78,0.7946
293.3,4.51,0.512,127.91,0.7901
293.3,4.59,0.508,127.08,0.7856
293.3,4.67,0.505,126.30,0.7812
293.3,4.75,0.502,125.56,0.7768
293.3,4.83,0.499,124.86,0.7725
293.3,4.91,0.497,124.20,0.7684
293.3,4.99,0.494,123.58,0.7643
293.3,5.07,0.492,123.00,0.7604
293.3,5.15,0.490,122.45,0.7567
293.3,5.23,0.488,121.93,0.7531
293.3,5.32,0.486,121.45,0.7497
293.3,5.40,0.484,121.00,0.7466
293.3,5.48,0.482,120.58,0.7436
293.3,5.56,0.481,120.19,0.7410
293.3,5.64,0.479,119.82,0.7386
293.3,5.72,0.478,119.49,0.7364
293.3,5.80,0.477,119.17,0.7346
293.3,5.88,0.476,118.88,0.7331
293.3,5.96,0.474,118.56,0.7315
293.3,6.04,0.473,118.21,0.7297
293.3,6.12,0.472,118.00,0.7299
293.3,6.20,0.472,117.90,0.7308
293.3,6.28,0.471,117.81,0.7309
293.3,6.36,0.471,117.76,0.7309
293.3,6.44,0.471,117.74,0.7309
293.3,6.52,0.471,117.77,0.7311
293.3,6.60,0.471,117.83,0.7314
293.3,6.68,0.472,117.93,0.7317
293.3,6.77,0.472,118.04,0.7321
293.3,6.85,0.473,118.17,0.7326
293.3,6.93,0.473,118.32,0.7331
293.3,7.01,0.474,118.48,0.7336
293.3,7.09,0.475,118.65,0.7341
293.3,7.17,0.475,118.81,0.7346
293.3,7.25,0.476,118.97,0.7350
293.3,7.33,0.476,119.12,0.7354
293.3,7.41,0.477,119.26,0.7356
293.3,7.49,0.477,119.37,0.7358
293.3,7.57,0.478,119.46,0.7359
293.3,7.65,0.478,119.53,0.7359
293.3,7.73,0.478,119.56,0.7357
293.3,7.81,0.478,119.55,0.7354
293.3,7.89,0.478,119.50,0.7348
293.3,7.97,0.477,119.33,0.7331
293.3,8.05,0.476,119.06,0.7308
293.3,8.13,0.475,118.82,0.7302
293.3,8.21,0.474,118.54,0.7299
293.3,8.30,0.473,118.15,0.7282
293.3,8.38,0.471,117.71,0.7261
293.3,8.46,0.469,117.24,0.7239
293.3,8.54,0.467,116.74,0.7216
293.3,8.62,0.465,116.22,0.7192
293.3,8.70,0.463,115.68,0.7167
293.3,8.78,0.461,115.14,0.7142
293.3,8.86,0.458,114.59,0.7116
293.3,8.94,0.456,114.05,0.7090
293.3,9.02,0.454,113.52,0.7065
293.3,9.10,0.452,113.00,0.7039
293.3,9.18,0.450,112.51,0.7014
293.3,9.26,0.448,112.04,0.6990
293.3,9.34,0.446,111.61,0.6966
293.3,9.42,0.445,111.22,0.6944
293.3,9.50,0.444,110.88,0.6923
293.3,9.58,0.442,110.60,0.6903
293.3,9.66,0.441,110.37,0.6885
293.3,9.74,0.441,110.21,0.6869
293.3,9.83,0.440,110.12,0.6854
293.3,9.91,0.440,110.11,0.6841
293.3,9.99,0.441,110.16,0.6820
293.3,10.07,0.441,110.29,0.6797
293.3,10.15,0.442,110.53,0.6793
293.3,10.23,0.443,110.86,0.6800
293.3,10.31,0.445,111.24,0.6809
293.3,10.39,0.447,111.69,0.6824
293.3,10.47,0.449,112.20,0.6843
293.3,10.55,0.451,112.76,0.6867
293.3,10.63,0.453,113.37,0.6896
293.3,10.71,0.456,114.02,0.6928
293.3,10.79,0.459,114.71,0.6963
293.3,10.87,0.462,115.43,0.7002
293.3,10.95,0.465,116.18,0.7044
293.3,11.03,0.468,116.94,0.7088
293.3,11.11,0.471,117.73,0.7133
293.3,11.19,0.474,118.52,0.7180
293.3,11.28,0.477,119.31,0.7229
293.3,11.36,0.480,120.11,0.7278
293.3,11.44,0.484,120.90,0.7327
293.3,11.52,0.487,121.67,0.7376
293.3,11.60,0.490,122.43,0.7425
293.3,11.68,0.493,123.16,0.7472
293.3,11.76,0.495,123.87,0.7519
293.3,11.84,0.498,124.54,0.7564
293.3,11.92,0.501,125.16,0.7605
293.3,12.00,0.503,125.69,0.7638
298.7,0.00,0.731,182.82,
298.7,0.08,0.730,182.53,
298.7,0.16,0.728,182.11,
298.7,0.24,0.726,181.57,
298.7,0.32,0.724,180.92,
298.7,0.40,0.721,180.16,
298.7,0.48,0.717,179.32,
298.7,0.56,0.714,178.39,
298.7,0.64,0.710,177.40,
298.7,0.72,0.705,176.34,
298.7,0.81,0.701,175.24,
298.7,0.89,0.696,174.10,
298.7,0.97,0.692,172.92,
298.7,1.05,0.687,171.74,
298.7,1.13,0.682,170.54,
298.7,1.21,0.677,169.34,
298.7,1.29,0.673,168.16,
298.7,1.37,0.668,167.01,
298.7,1.45,0.664,165.88,
298.7,1.53,0.659,164.80,
298.7,1.61,0.655,163.78,
298.7,1.69,0.651,162.82,
298.7,1.77,0.648,161.94,
298.7,1.85,0.645,161.14,
298.7,1.93,0.642,160.44,
298.7,2.01,0.639,159.84,0.9066
298.7,2.09,0.637,159.36,0.9060
298.7,2.17,0.635,158.86,0.9049
298.7,2.26,0.633,158.37,0.9034
298.7,2.34,0.631,157.87,0.9013
298.7,2.42,0.629,157.36,0.8989
298.7,2.50,0.627,156.84,0.8960
298.7,2.58,0.625,156.32,0.8928
298.7,2.66,0.623,155.78,0.8893
298.7,2.74,0.621,155.22,0.8855
298.7,2.82,0.619,154.64,0.8813
298.7,2.90,0.616,154.05,0.8770
298.7,2.98,0.614,153.43,0.8724
298.7,3.06,0.611,152.78,0.8676
298.7,3.14,0.608,152.11,0.8627
298.7,3.22,0.606,151.41,0.8576
298.7,3.30,0.603,150.67,0.8525
298.7,3.38,0.600,149.90,0.8472
298.7,3.46,0.596,149.09,0.8419
298.7,3.54,0.593,148.24,0.8366
298.7,3.62,0.589,147.35,0.8314
298.7,3.70,0.586,146.41,0.8261
298.7,3.79,0.582,145.43,0.8209
298.7,3.87,0.578,144.40,0.8159
298.7,3.95,0.573,143.31,0.8109
298.7,4.03,0.569,142.17,0.8062
298.7,4.11,0.564,141.03,0.8014
298.7,4.19,0.560,139.94,0.7966
298.7,4.27,0.556,138.89,0.7918
298.7,4.35,0.552,137.90,0.7869
298.7,4.43,0.548,136.95,0.7821
298.7,4.51,0.544,136.05,0.7772
298.7,4.59,0.541,135.19,0.7724
298.7,4.67,0.537,134.37,0.7677
298.7,4.75,0.534,133.60,0.7631
298.7,4.83,0.531,132.86,0.7585
298.7,4.91,0.529,132.17,0.7541
298.7,4.99,0.526,131.51,0.7498
298.7,5.07,0.524,130.88,0.7457
298.7,5.15,0.521,130.29,0.7417
298.7,5.23,0.519,129.74,0.7379
298.7,5.32,0.517,129.21,0.7344
298.7,5.40,0.515,128.72,0.7310
298.7,5.48,0.513,128.26,0.7279
298.7,5.56,0.511,127.82,0.7251
298.7,5.64,0.510,127.41,0.7225
298.7,5.72,0.508,127.03,0.7203
298.7,5.80,0.507,126.67,0.7183
298.7,5.88,0.505,126.33,0.7167
298.7,5.96,0.504,126.02,0.7155
298.7,6.04,0.503,125.72,0.7146
298.7,6.12,0.502,125.48,0.7139
298.7,6.20,0.501,125.29,0.7134
298.7,6.28,0.501,125.15,0.7131
298.7,6.36,0.500,125.06,0.7128
298.7,6.44,0.500,125.01,0.7127
298.7,6.52,0.500,124.99,0.7128
298.7,6.60,0.500,125.01,0.7128
298.7,6.68,0.500,125.04,0.7130
298.7,6.77,0.500,125.10,0.7132
298.7,6.85,0.501,125.18,0.7135
298.7,6.93,0.501,125.27,0.7137
298.7,7.01,0.501,125.36,0.7140
298.7,7.09,0.502,125.46,0.7142
298.7,7.17,0.502,125.55,0.7144
298.7,7.25,0.503,125.64,0.7146
298.7,7.33,0.503,125.71,0.7147
298.7,7.41,0.503,125.77,0.7147
298.7,7.49,0.503,125.80,0.7146
298.7,7.57,0.503,125.81,0.7144
298.7,7.65,0.503,125.78,0.7140
298.7,7.73,0.503,125.72,0.7135
298.7,7.81,0.502,125.62,0.7128
298.7,7.89,0.502,125.47,0.7119
298.7,7.97,0.501,125.27,0.7108
298.7,8.05,0.500,125.00,0.7094
298.7,8.13,0.499,124.67,0.7078
298.7,8.21,0.497,124.29,0.7060
298.7,8.30,0.496,123.88,0.7041
298.7,8.38,0.494,123.42,0.7020
298.7,8.46,0.492,122.94,0.6999
298.7,8.54,0.490,122.43,0.6976
298.7,8.62,0.488,121.91,0.6952
298.7,8.70,0.485,121.37,0.6928
298.7,8.78,0.483,120.83,0.6903
298.7,8.86,0.481,120.30,0.6878
298.7,8.94,0.479,119.77,0.6854
298.7,9.02,0.477,119.25,0.6829
298.7,9.10,0.475,118.76,0.6805
298.7,9.18,0.473,118.29,0.6781
298.7,9.26,0.471,117.86,0.6758
298.7,9.34,0.470,117.46,0.6736
298.7,9.42,0.468,117.11,0.6716
298.7,9.50,0.467,116.82,0.6696
298.7,9.58,0.466,116.58,0.6679
298.7,9.66,0.466,116.40,0.6663
298.7,9.74,0.465,116.30,0.6649
298.7,9.83,0.465,116.27,0.6637
298.7,9.91,0.465,116.32,0.6627
298.7,9.99,0.466,116.47,0.6620
298.7,10.07,0.467,116.70,0.6615
298.7,10.15,0.468,117.01,0.6618
298.7,10.23,0.470,117.39,0.6627
298.7,10.31,0.471,117.84,0.6641
298.7,10.39,0.473,118.35,0.6660
298.7,10.47,0.476,118.91,0.6684
298.7,10.55,0.478,119.53,0.6713
298.7,10.63,0.481,120.19,0.6745
298.7,10.71,0.484,120.89,0.6782
298.7,10.79,0.486,121.62,0.6821
298.7,10.87,0.490,122.38,0.6863
298.7,10.95,0.493,123.16,0.6908
298.7,11.03,0.496,123.96,0.6955
298.7,11.11,0.499,124.77,0.7003
298.7,11.19,0.502,125.58,0.7052
298.7,11.28,0.506,126.40,0.7103
298.7,11.36,0.509,127.21,0.7154
298.7,11.44,0.512,128.01,0.7204
298.7,11.52,0.515,128.80,0.7255
298.7,11.60,0.518,129.56,0.7305
298.7,11.68,0.521,130.29,0.7353
298.7,11.76,0.524,131.00,0.7400
298.7,11.84,0.527,131.66,0.7445
298.7,11.92,0.529,132.28,0.7488
298.7,12.00,0.531,132.85,0.7528
304.0,0.00,0.782,195.38,
304.0,0.08,0.780,195.07,
304.0,0.16,0.778,194.59,
304.0,0.24,0.776,194.00,
304.0,0.32,0.773,193.30,
304.0,0.40,0.770,192.51,
304.0,0.48,0.767,191.64,
304.0,0.56,0.763,190.69,
304.0,0.64,0.759,189.68,
304.0,0.72,0.754,188.62,
304.0,0.81,0.750,187.51,
304.0,0.89,0.746,186.38,
304.0,0.97,0.741,185.22,
304.0,1.05,0.736,184.05,
304.0,1.13,0.732,182.88,
304.0,1.21,0.727,181.72,
304.0,1.29,0.722,180.57,
304.0,1.37,0.718,179.46,
304.0,1.45,0.714,178.39,
304.0,1.53,0.710,177.38,
304.0,1.61,0.706,176.42,
304.0,1.69,0.702,175.54,
304.0,1.77,0.699,174.74,
304.0,1.85,0.696,174.03,
304.0,1.93,0.694,173.40,
304.0,2.01,0.692,172.96,0.9112
304.0,2.09,0.690,172.40,0.9100
304.0,2.17,0.687,171.76,0.9082
304.0,2.26,0.684,171.12,0.9060
304.0,2.34,0.682,170.47,0.9033
304.0,2.42,0.679,169.82,0.9002
304.0,2.50,0.677,169.15,0.8967
304.0,2.58,0.674,168.47,0.8929
304.0,2.66,0.671,167.78,0.8887
304.0,2.74,0.668,167.06,0.8843
304.0,2.82,0.665,166.33,0.8797
304.0,2.90,0.662,165.58,0.8748
304.0,2.98,0.659,164.80,0.8697
304.0,3.06,0.656,163.99,0.8644
304.0,3.14,0.653,163.15,0.8590
304.0,3.22,0.649,162.28,0.8535
304.0,3.30,0.646,161.38,0.8479
304.0,3.38,0.642,160.44,0.8422
304.0,3.46,0.638,159.46,0.8365
304.0,3.54,0.634,158.44,0.8308
304.0,3.62,0.630,157.38,0.8252
304.0,3.70,0.625,156.27,0.8196
304.0,3.79,0.620,155.11,0.8141
304.0,3.87,0.616,153.88,0.8087
304.0,3.95,0.610,152.43,0.8033
304.0,4.03,0.605,151.14,0.7985
304.0,4.11,0.600,149.99,0.7935
304.0,4.19,0.595,148.87,0.7883
304.0,4.27,0.591,147.79,0.7831
304.0,4.35,0.587,146.77,0.7779
304.0,4.43,0.583,145.79,0.7728
304.0,4.51,0.579,144.86,0.7676
304.0,4.59,0.576,143.97,0.7626
304.0,4.67,0.572,143.12,0.7576
304.0,4.75,0.569,142.31,0.7527
304.0,4.83,0.566,141.54,0.7479
304.0,4.91,0.563,140.80,0.7432
304.0,4.99,0.560,140.11,0.7387
304.0,5.07,0.558,139.45,0.7343
304.0,5.15,0.555,138.82,0.7302
304.0,5.23,0.553,138.22,0.7262
304.0,5.32,0.551,137.66,0.7225
304.0,5.40,0.548,137.12,0.7189
304.0,5.48,0.546,136.62,0.7157
304.0,5.56,0.545,136.14,0.7127
304.0,5.64,0.543,135.69,0.7100
304.0,5.72,0.541,135.26,0.7077
304.0,5.80,0.539,134.85,0.7056
304.0,5.88,0.538,134.47,0.7039
304.0,5.96,0.536,134.07,0.7024
304.0,6.04,0.535,133.69,0.7016
304.0,6.12,0.534,133.41,0.7009
304.0,6.20,0.533,133.18,0.7002
304.0,6.28,0.532,133.00,0.6997
304.0,6.36,0.531,132.86,0.6993
304.0,6.44,0.531,132.76,0.6991
304.0,6.52,0.531,132.69,0.6989
304.0,6.60,0.531,132.65,0.6988
304.0,6.68,0.531,132.63,0.6987
304.0,6.77,0.531,132.63,0.6987
304.0,6.85,0.531,132.64,0.6987
304.0,6.93,0.531,132.66,0.6987
304.0,7.01,0.531,132.68,0.6988
304.0,7.09,0.531,132.71,0.6987
304.0,7.17,0.531,132.72,0.6987
304.0,7.25,0.531,132.73,0.6985
304.0,7.33,0.531,132.71,0.6983
304.0,7.41,0.531,132.68,0.6980
304.0,7.49,0.531,132.63,0.6976
304.0,7.57,0.530,132.54,0.6970
304.0,7.65,0.530,132.42,0.6963
304.0,7.73,0.529,132.26,0.6954
304.0,7.81,0.528,132.05,0.6943
304.0,7.89,0.527,131.79,0.6930
304.0,7.97,0.526,131.50,0.6912
304.0,8.05,0.525,131.20,0.6900
304.0,8.13,0.523,130.84,0.6884
304.0,8.21,0.522,130.44,0.6866
304.0,8.30,0.520,130.01,0.6846
304.0,8.38,0.518,129.54,0.6825
304.0,8.46,0.516,129.05,0.6804
304.0,8.54,0.514,128.53,0.6781
304.0,8.62,0.512,128.01,0.6758
304.0,8.70,0.510,127.48,0.6734
304.0,8.78,0.508,126.94,0.6710
304.0,8.86,0.506,126.42,0.6686
304.0,8.94,0.504,125.91,0.6662
304.0,9.02,0.502,125.41,0.6639
304.0,9.10,0.500,124.94,0.6616
304.0,9.18,0.498,124.50,0.6593
304.0,9.26,0.496,124.10,0.6572
304.0,9.34,0.495,123.74,0.6552
304.0,9.42,0.494,123.43,0.6532
304.0,9.50,0.493,123.18,0.6515
304.0,9.58,0.492,122.99,0.6499
304.0,9.66,0.491,122.87,0.6485
304.0,9.74,0.491,122.82,0.6473
304.0,9.83,0.491,122.85,0.6464
304.0,9.91,0.492,122.98,0.6456
304.0,9.99,0.493,123.23,0.6451
304.0,10.07,0.494,123.54,0.6454
304.0,10.15,0.496,123.92,0.6462
304.0,10.23,0.497,124.37,0.6476
304.0,10.31,0.499,124.87,0.6495
304.0,10.39,0.502,125.44,0.6520
304.0,10.47,0.504,126.06,0.6548
304.0,10.55,0.507,126.72,0.6581
304.0,10.63,0.510,127.43,0.6618
304.0,10.71,0.513,128.17,0.6658
304.0,10.79,0.516,128.94,0.6701
304.0,10.87,0.519,129.73,0.6747
304.0,10.95,0.522,130.54,0.6794
304.0,11.03,0.525,131.37,0.6844
304.0,11.11,0.529,132.20,0.6894
304.0,11.19,0.532,133.04,0.6946
304.0,11.28,0.535,133.87,0.6999
304.0,11.36,0.539,134.70,0.7051
304.0,11.44,0.542,135.51,0.7103
304.0,11.52,0.545,136.30,0.7155
304.0,11.60,0.548,137.06,0.7206
304.0,11.68,0.551,137.79,0.7255
304.0,11.76,0.554,138.49,0.7302
304.0,11.84,0.557,139.15,0.7347
304.0,11.92,0.559,139.73,0.7388
304.0,12.00,0.561,140.28,0.7425
309.4,0.00,0.835,208.63,
309.4,0.08,0.833,208.35,
309.4,0.16,0.831,207.87,
309.4,0.24,0.829,207.24,
309.4,0.32,0.826,206.50,
309.4,0.40,0.823,205.67,
309.4,0.48,0.819,204.77,
309.4,0.56,0.815,203.80,
309.4,0.64,0.811,202.77,
309.4,0.72,0.807,201.70,
309.4,0.81,0.802,200.59,
309.4,0.89,0.798,199.46,
309.4,0.97,0.793,198.32,
309.4,1.05,0.789,197.17,
309.4,1.13,0.784,196.02,
309.4,1.21,0.780,194.89,
309.4,1.29,0.775,193.79,
309.4,1.37,0.771,192.73,
309.4,1.45,0.767,191.72,
309.4,1.53,0.763,190.76,
309.4,1.61,0.759,189.87,
309.4,1.69,0.756,189.05,
309.4,1.77,0.753,188.28,
309.4,1.85,0.750,187.61,
309.4,1.93,0.749,187.24,
309.4,2.01,0.748,186.96,0.9162
309.4,2.09,0.746,186.51,0.9149
309.4,2.17,0.743,185.85,0.9127
309.4,2.26,0.740,185.06,0.9098
309.4,2.34,0.737,184.26,0.9064
309.4,2.42,0.734,183.45,0.9027
309.4,2.50,0.731,182.63,0.8986
309.4,2.58,0.727,181.79,0.8942
309.4,2.66,0.724,180.94,0.8895
309.4,2.74,0.720,180.06,0.8845
309.4,2.82,0.717,179.17,0.8793
309.4,2.90,0.713,178.25,0.8738
309.4,2.98,0.709,177.31,0.8682
309.4,3.06,0.705,176.33,0.8625
309.4,3.14,0.701,175.33,0.8566
309.4,3.22,0.697,174.29,0.8507
309.4,3.30,0.693,173.21,0.8446
309.4,3.38,0.688,172.10,0.8386
309.4,3.46,0.684,170.95,0.8325
309.4,3.54,0.679,169.75,0.8265
309.4,3.62,0.674,168.51,0.8205
309.4,3.70,0.668,167.11,0.8144
309.4,3.79,0.662,165.43,0.8082
309.4,3.87,0.654,163.51,0.8020
309.4,3.95,0.647,161.75,0.7967
309.4,4.03,0.642,160.52,0.7922
309.4,4.11,0.638,159.42,0.7874
309.4,4.19,0.633,158.31,0.7822
309.4,4.27,0.629,157.22,0.7767
309.4,4.35,0.625,156.17,0.7712
309.4,4.43,0.621,155.17,0.7658
309.4,4.51,0.617,154.21,0.7604
309.4,4.59,0.613,153.30,0.7550
309.4,4.67,0.610,152.42,0.7498
309.4,4.75,0.606,151.59,0.7447
309.4,4.83,0.603,150.79,0.7397
309.4,4.91,0.600,150.03,0.7348
309.4,4.99,0.597,149.31,0.7301
309.4,5.07,0.594,148.62,0.7255
309.4,5.15,0.592,147.96,0.7212
309.4,5.23,0.589,147.34,0.7171
309.4,5.32,0.587,146.74,0.7132
309.4,5.40,0.585,146.17,0.7096
309.4,5.48,0.583,145.63,0.7062
309.4,5.56,0.580,145.12,0.7031
309.4,5.64,0.579,144.63,0.7003
309.4,5.72,0.577,144.15,0.6977
309.4,5.80,0.575,143.67,0.6951
309.4,5.88,0.573,143.17,0.6929
309.4,5.96,0.571,142.64,0.6917
309.4,6.04,0.569,142.14,0.6914
309.4,6.12,0.567,141.75,0.6910
309.4,6.20,0.566,141.46,0.6903
309.4,6.28,0.565,141.23,0.6896
309.4,6.36,0.564,141.04,0.6891
309.4,6.44,0.564,140.88,0.6886
309.4,6.52,0.563,140.75,0.6883
309.4,6.60,0.563,140.64,0.6880
309.4,6.68,0.562,140.55,0.6877
309.4,6.77,0.562,140.48,0.6875
309.4,6.85,0.562,140.41,0.6872
309.4,6.93,0.561,140.36,0.6870
309.4,7.01,0.561,140.30,0.6868
309.4,7.09,0.561,140.23,0.6865
309.4,7.17,0.561,140.16,0.6861
309.4,7.25,0.560,140.08,0.6857
309.4,7.33,0.560,139.97,0.6852
309.4,7.41,0.559,139.84,0.6845
309.4,7.49,0.559,139.68,0.6838
309.4,7.57,0.558,139.49,0.6829
309.4,7.65,0.557,139.26,0.6818
309.4,7.73,0.556,138.98,0.6802
309.4,7.81,0.555,138.64,0.6779
309.4,7.89,0.553,138.30,0.6755
309.4,7.97,0.552,138.00,0.6740
309.4,8.05,0.551,137.69,0.6733
309.4,8.13,0.549,137.32,0.6720
309.4,8.21,0.548,136.90,0.6702
309.4,8.30,0.546,136.45,0.6682
309.4,8.38,0.544,135.96,0.6662
309.4,8.46,0.542,135.46,0.6640
309.4,8.54,0.540,134.94,0.6618
309.4,8.62,0.538,134.42,0.6595
309.4,8.70,0.536,133.89,0.6571
309.4,8.78,0.533,133.36,0.6548
309.4,8.86,0.531,132.85,0.6525
309.4,8.94,0.529,132.35,0.6502
309.4,9.02,0.528,131.88,0.6479
309.4,9.10,0.526,131.43,0.6457
309.4,9.18,0.524,131.02,0.6436
309.4,9.26,0.523,130.65,0.6416
309.4,9.34,0.521,130.33,0.6397
309.4,9.42,0.520,130.06,0.6380
309.4,9.50,0.519,129.85,0.6364
309.4,9.58,0.519,129.71,0.6350
309.4,9.66,0.519,129.64,0.6338
309.4,9.74,0.519,129.66,0.6326
309.4,9.83,0.519,129.79,0.6312
309.4,9.91,0.520,130.07,0.6307
309.4,9.99,0.522,130.44,0.6310
309.4,10.07,0.523,130.83,0.6321
309.4,10.15,0.525,131.28,0.6336
309.4,10.23,0.527,131.78,0.6355
309.4,10.31,0.529,132.35,0.6379
309.4,10.39,0.532,132.97,0.6408
309.4,10.47,0.535,133.63,0.6441
309.4,10.55,0.537,134.34,0.6478
309.4,10.63,0.540,135.09,0.6518
309.4,10.71,0.543,135.86,0.6562
309.4,10.79,0.547,136.66,0.6608
309.4,10.87,0.550,137.49,0.6656
309.4,10.95,0.553,138.33,0.6707
309.4,11.03,0.557,139.17,0.6758
309.4,11.11,0.560,140.03,0.6811
309.4,11.19,0.564,140.88,0.6865
309.4,11.28,0.567,141.72,0.6919
309.4,11.36,0.570,142.55,0.6973
309.4,11.44,0.573,143.37,0.7026
309.4,11.52,0.577,144.16,0.7079
309.4,11.60,0.580,144.92,0.7130
309.4,11.68,0.583,145.63,0.7179
309.4,11.76,0.585,146.26,0.7221
309.4,11.84,0.587,146.79,0.7257
309.4,11.92,0.589,147.34,0.7292
309.4,12.00,0.592,147.93,0.7328
314.8,0.00,0.890,222.55,
314.8,0.08,0.889,222.29,
314.8,0.16,0.887,221.84,
314.8,0.24,0.885,221.22,
314.8,0.32,0.882,220.45,
314.8,0.40,0.878,219.58,
314.8,0.48,0.875,218.65,
314.8,0.56,0.871,217.66,
314.8,0.64,0.866,216.62,
314.8,0.72,0.862,215.54,
314.8,0.81,0.858,214.43,
314.8,0.89,0.853,213.30,
314.8,0.97,0.849,212.17,
314.8,1.05,0.844,211.03,
314.8,1.13,0.840,209.92,
314.8,1.21,0.835,208.82,
314.8,1.29,0.831,207.76,
314.8,1.37,0.827,206.74,
314.8,1.45,0.823,205.78,
314.8,1.53,0.819,204.85,
314.8,1.61,0.816,203.97,
314.8,1.69,0.813,203.14,
314.8,1.77,0.810,202.47,
314.8,1.85,0.808,202.12,
314.8,1.93,0.808,201.92,
314.8,2.01,0.807,201.71,0.9215
314.8,2.09,0.805,201.35,0.9201
314.8,2.17,0.803,200.75,0.9176
314.8,2.26,0.800,199.96,0.9144
314.8,2.34,0.796,199.02,0.9104
314.8,2.42,0.792,198.05,0.9060
314.8,2.50,0.788,197.07,0.9013
314.8,2.58,0.784,196.07,0.8963
314.8,2.66,0.780,195.05,0.8911
314.8,2.74,0.776,194.01,0.8855
314.8,2.82,0.772,192.95,0.8798
314.8,2.90,0.767,191.87,0.8739
314.8,2.98,0.763,190.75,0.8678
314.8,3.06,0.758,189.61,0.8616
314.8,3.14,0.754,188.43,0.8552
314.8,3.22,0.749,187.22,0.8488
314.8,3.30,0.744,185.97,0.8424
314.8,3.38,0.739,184.67,0.8360
314.8,3.46,0.733,183.31,0.8295
314.8,3.54,0.727,181.72,0.8228
314.8,3.62,0.719,179.86,0.8160
314.8,3.70,0.711,177.68,0.8089
314.8,3.79,0.702,175.38,0.8022
314.8,3.87,0.693,173.20,0.7962
314.8,3.95,0.686,171.46,0.7912
314.8,4.03,0.681,170.29,0.7870
314.8,4.11,0.677,169.25,0.7825
314.8,4.19,0.673,168.19,0.7775
314.8,4.27,0.669,167.13,0.7721
314.8,4.35,0.664,166.07,0.7663
314.8,4.43,0.660,165.06,0.7607
314.8,4.51,0.656,164.09,0.7550
314.8,4.59,0.653,163.16,0.7495
314.8,4.67,0.649,162.27,0.7441
314.8,4.75,0.646,161.42,0.7387
314.8,4.83,0.642,160.61,0.7335
314.8,4.91,0.639,159.83,0.7285
314.8,4.99,0.636,159.09,0.7236
314.8,5.07,0.634,158.38,0.7190
314.8,5.15,0.631,157.70,0.7145
314.8,5.23,0.628,157.05,0.7102
314.8,5.32,0.626,156.44,0.7062
314.8,5.40,0.623,155.85,0.7025
314.8,5.48,0.621,155.28,0.6990
314.8,5.56,0.619,154.71,0.6955
314.8,5.64,0.617,154.15,0.6922
314.8,5.72,0.614,153.59,0.6888
314.8,5.80,0.612,152.99,0.6862
314.8,5.88,0.609,152.34,0.6844
314.8,5.96,0.607,151.68,0.6836
314.8,6.04,0.604,151.07,0.6836
314.8,6.12,0.602,150.56,0.6834
314.8,6.20,0.601,150.16,0.6830
314.8,6.28,0.599,149.84,0.6823
314.8,6.36,0.598,149.58,0.6816
314.8,6.44,0.597,149.35,0.6810
314.8,6.52,0.597,149.15,0.6804
314.8,6.60,0.596,148.96,0.6799
314.8,6.68,0.595,148.80,0.6794
314.8,6.77,0.595,148.64,0.6790
314.8,6.85,0.594,148.49,0.6785
314.8,6.93,0.593,148.35,0.6780
314.8,7.01,0.593,148.20,0.6775
314.8,7.09,0.592,148.04,0.6770
314.8,7.17,0.591,147.87,0.6763
314.8,7.25,0.591,147.68,0.6756
314.8,7.33,0.590,147.47,0.6748
314.8,7.41,0.589,147.23,0.6738
314.8,7.49,0.588,146.96,0.6726
314.8,7.57,0.587,146.64,0.6708
314.8,7.65,0.585,146.26,0.6683
314.8,7.73,0.583,145.83,0.6651
314.8,7.81,0.582,145.43,0.6624
314.8,7.89,0.580,145.11,0.6603
314.8,7.97,0.579,144.80,0.6592
314.8,8.05,0.578,144.47,0.6588
314.8,8.13,0.576,144.08,0.6579
314.8,8.21,0.575,143.65,0.6564
314.8,8.30,0.573,143.19,0.6546
314.8,8.38,0.571,142.69,0.6525
314.8,8.46,0.569,142.18,0.6503
314.8,8.54,0.567,141.66,0.6481
314.8,8.62,0.565,141.13,0.6458
314.8,8.70,0.562,140.60,0.6436
314.8,8.78,0.560,140.09,0.6413
314.8,8.86,0.558,139.58,0.6390
314.8,8.94,0.556,139.10,0.6368
314.8,9.02,0.555,138.64,0.6346
314.8,9.10,0.553,138.22,0.6326
314.8,9.18,0.551,137.84,0.6306
314.8,9.26,0.550,137.50,0.6287
314.8,9.34,0.549,137.22,0.6270
314.8,9.42,0.548,136.99,0.6254
314.8,9.50,0.547,136.83,0.6238
314.8,9.58,0.547,136.76,0.6222
314.8,9.66,0.547,136.78,0.6205
314.8,9.74,0.548,136.91,0.6189
314.8,9.83,0.549,137.21,0.6182
314.8,9.91,0.551,137.64,0.6185
314.8,9.99,0.552,138.07,0.6195
314.8,10.07,0.554,138.53,0.6212
314.8,10.15,0.556,139.04,0.6234
314.8,10.23,0.558,139.61,0.6259
314.8,10.31,0.561,140.22,0.6288
314.8,10.39,0.564,140.89,0.6321
314.8,10.47,0.566,141.60,0.6358
314.8,10.55,0.569,142.34,0.6398
314.8,10.63,0.572,143.12,0.6442
314.8,10.71,0.576,143.93,0.6489
314.8,10.79,0.579,144.76,0.6538
314.8,10.87,0.582,145.61,0.6589
314.8,10.95,0.586,146.47,0.6642
314.8,11.03,0.589,147.33,0.6696
314.8,11.11,0.593,148.20,0.6751
314.8,11.19,0.596,149.06,0.6806
314.8,11.28,0.600,149.90,0.6861
314.8,11.36,0.603,150.74,0.6916
314.8,11.44,0.606,151.55,0.6970
314.8,11.52,0.609,152.30,0.7020
314.8,11.60,0.612,152.97,0.7065
314.8,11.68,0.614,153.54,0.7103
314.8,11.76,0.616,154.03,0.7135
314.8,11.84,0.618,154.58,0.7168
314.8,11.92,0.621,155.17,0.7201
314.8,12.00,0.623,155.79,0.7237
320.1,0.00,0.948,237.11,
320.1,0.08,0.947,236.87,
320.1,0.16,0.946,236.43,
320.1,0.24,0.943,235.82,
320.1,0.32,0.940,235.06,
320.1,0.40,0.937,234.18,
320.1,0.48,0.933,233.22,
320.1,0.56,0.929,232.20,
320.1,0.64,0.925,231.15,
320.1,0.72,0.920,230.06,
320.1,0.81,0.916,228.95,
320.1,0.89,0.911,227.82,
320.1,0.97,0.907,226.70,
320.1,1.05,0.902,225.59,
320.1,1.13,0.898,224.49,
320.1,1.21,0.894,223.43,
320.1,1.29,0.890,222.40,
320.1,1.37,0.886,221.39,
320.1,1.45,0.882,220.42,
320.1,1.53,0.878,219.48,
320.1,1.61,0.874,218.59,
320.1,1.69,0.872,217.93,
320.1,1.77,0.870,217.58,
320.1,1.85,0.870,217.43,
320.1,1.93,0.869,217.28,
320.1,2.01,0.869,217.13,0.9270
320.1,2.09,0.867,216.80,0.9253
320.1,2.17,0.865,216.22,0.9226
320.1,2.26,0.862,215.44,0.9191
320.1,2.34,0.858,214.48,0.9148
320.1,2.42,0.854,213.39,0.9099
320.1,2.50,0.849,212.24,0.9046
320.1,2.58,0.844,211.08,0.8991
320.1,2.66,0.840,209.89,0.8932
320.1,2.74,0.835,208.68,0.8872
320.1,2.82,0.830,207.45,0.8809
320.1,2.90,0.825,206.19,0.8745
320.1,2.98,0.820,204.90,0.8679
320.1,3.06,0.814,203.58,0.8612
320.1,3.14,0.809,202.23,0.8545
320.1,3.22,0.803,200.83,0.8477
320.1,3.30,0.797,199.29,0.8407
320.1,3.38,0.790,197.54,0.8335
320.1,3.46,0.782,195.54,0.8262
320.1,3.54,0.773,193.23,0.8186
320.1,3.62,0.762,190.60,0.8108
320.1,3.70,0.752,187.97,0.8036
320.1,3.79,0.742,185.46,0.7972
320.1,3.87,0.733,183.23,0.7915
320.1,3.95,0.726,181.56,0.7868
320.1,4.03,0.722,180.46,0.7829
320.1,4.11,0.718,179.49,0.7787
320.1,4.19,0.714,178.48,0.7739
320.1,4.27,0.710,177.47,0.7686
320.1,4.35,0.706,176.45,0.7630
320.1,4.43,0.702,175.44,0.7572
320.1,4.51,0.698,174.46,0.7513
320.1,4.59,0.694,173.53,0.7456
320.1,4.67,0.691,172.64,0.7400
320.1,4.75,0.687,171.78,0.7345
320.1,4.83,0.684,170.96,0.7292
320.1,4.91,0.681,170.17,0.7240
320.1,4.99,0.678,169.42,0.7190
320.1,5.07,0.675,168.70,0.7142
320.1,5.15,0.672,168.01,0.7097
320.1,5.23,0.669,167.35,0.7053
320.1,5.32,0.667,166.71,0.7011
320.1,5.40,0.664,166.07,0.6970
320.1,5.48,0.662,165.45,0.6929
320.1,5.56,0.659,164.82,0.6888
320.1,5.64,0.657,164.19,0.6849
320.1,5.72,0.654,163.51,0.6819
320.1,5.80,0.651,162.76,0.6796
320.1,5.88,0.648,161.97,0.6782
320.1,5.96,0.645,161.19,0.6776
320.1,6.04,0.642,160.45,0.6779
320.1,6.12,0.639,159.82,0.6779
320.1,6.20,0.637,159.30,0.6777
320.1,6.28,0.635,158.86,0.6772
320.1,6.36,0.634,158.50,0.6765
320.1,6.44,0.633,158.18,0.6757
320.1,6.52,0.632,157.90,0.6750
320.1,6.60,0.631,157.63,0.6743
320.1,6.68,0.629,157.37,0.6736
320.1,6.77,0.629,157.13,0.6729
320.1,6.85,0.628,156.88,0.6722
320.1,6.93,0.627,156.64,0.6714
320.1,7.01,0.626,156.38,0.6706
320.1,7.09,0.624,156.12,0.6698
320.1,7.17,0.623,155.84,0.6689
320.1,7.25,0.622,155.54,0.6678
320.1,7.33,0.621,155.21,0.6663
320.1,7.41,0.619,154.83,0.6644
320.1,7.49,0.618,154.40,0.6618
320.1,7.57,0.616,153.91,0.6585
320.1,7.65,0.614,153.39,0.6548
320.1,7.73,0.612,152.93,0.6516
320.1,7.81,0.610,152.55,0.6491
320.1,7.89,0.609,152.21,0.6473
320.1,7.97,0.608,151.88,0.6465
320.1,8.05,0.606,151.53,0.6464
320.1,8.13,0.605,151.14,0.6458
320.1,8.21,0.603,150.70,0.6446
320.1,8.30,0.601,150.22,0.6431
320.1,8.38,0.599,149.71,0.6411
320.1,8.46,0.597,149.19,0.6390
320.1,8.54,0.595,148.67,0.6368
320.1,8.62,0.593,148.14,0.6345
320.1,8.70,0.590,147.62,0.6323
320.1,8.78,0.588,147.11,0.6301
320.1,8.86,0.586,146.61,0.6279
320.1,8.94,0.585,146.15,0.6257
320.1,9.02,0.583,145.71,0.6237
320.1,9.10,0.581,145.31,0.6217
320.1,9.18,0.580,144.96,0.6198
320.1,9.26,0.579,144.66,0.6180
320.1,9.34,0.578,144.42,0.6162
320.1,9.42,0.577,144.26,0.6143
320.1,9.50,0.577,144.18,0.6123
320.1,9.58,0.577,144.19,0.6102
320.1,9.66,0.577,144.34,0.6084
320.1,9.74,0.579,144.65,0.6076
320.1,9.83,0.580,145.11,0.6078
320.1,9.91,0.582,145.61,0.6088
320.1,9.99,0.584,146.10,0.6104
320.1,10.07,0.586,146.61,0.6127
320.1,10.15,0.589,147.18,0.6154
320.1,10.23,0.591,147.79,0.6184
320.1,10.31,0.594,148.46,0.6218
320.1,10.39,0.597,149.17,0.6256
320.1,10.47,0.600,149.91,0.6296
320.1,10.55,0.603,150.69,0.6340
320.1,10.63,0.606,151.50,0.6387
320.1,10.71,0.609,152.33,0.6437
320.1,10.79,0.613,153.19,0.6488
320.1,10.87,0.616,154.05,0.6542
320.1,10.95,0.620,154.92,0.6597
320.1,11.03,0.623,155.80,0.6652
320.1,11.11,0.627,156.67,0.6709
320.1,11.19,0.630,157.53,0.6765
320.1,11.28,0.633,158.37,0.6820
320.1,11.36,0.637,159.15,0.6872
320.1,11.44,0.639,159.86,0.6919
320.1,11.52,0.642,160.47,0.6959
320.1,11.60,0.644,160.98,0.6993
320.1,11.68,0.646,161.46,0.7022
320.1,11.76,0.648,162.00,0.7053
320.1,11.84,0.650,162.59,0.7084
320.1,11.92,0.653,163.20,0.7117
320.1,12.00,0.655,163.84,0.7151
325.5,0.00,1.009,252.29,
325.5,0.08,1.008,252.05,
325.5,0.16,1.006,251.62,
325.5,0.24,1.004,251.02,
325.5,0.32,1.001,250.26,
325.5,0.40,0.998,249.39,
325.5,0.48,0.994,248.42,
325.5,0.56,0.990,247.38,
325.5,0.64,0.985,246.30,
325.5,0.72,0.981,245.20,
325.5,0.81,0.976,244.09,
325.5,0.89,0.972,242.97,
325.5,0.97,0.967,241.86,
325.5,1.05,0.963,240.76,
325.5,1.13,0.959,239.67,
325.5,1.21,0.954,238.60,
325.5,1.29,0.950,237.56,
325.5,1.37,0.946,236.54,
325.5,1.45,0.942,235.55,
325.5,1.53,0.939,234.63,
325.5,1.61,0.936,234.00,
325.5,1.69,0.935,233.64,
325.5,1.77,0.934,233.49,
325.5,1.85,0.933,233.37,
325.5,1.93,0.933,233.23,
325.5,2.01,0.932,233.08,0.9325
325.5,2.09,0.931,232.75,0.9305
325.5,2.17,0.929,232.16,0.9275
325.5,2.26,0.925,231.34,0.9237
325.5,2.34,0.921,230.34,0.9191
325.5,2.42,0.917,229.19,0.9138
325.5,2.50,0.912,227.92,0.9081
325.5,2.58,0.906,226.59,0.9019
325.5,2.66,0.901,225.23,0.8956
325.5,2.74,0.895,223.85,0.8890
325.5,2.82,0.890,222.44,0.8822
325.5,2.90,0.884,221.00,0.8753
325.5,2.98,0.878,219.53,0.8683
325.5,3.06,0.872,217.99,0.8611
325.5,3.14,0.865,216.31,0.8538
325.5,3.22,0.858,214.43,0.8462
325.5,3.30,0.849,212.31,0.8384
325.5,3.38,0.840,209.91,0.8304
325.5,3.46,0.829,207.17,0.8221
325.5,3.54,0.817,204.16,0.8138
325.5,3.62,0.805,201.23,0.8062
325.5,3.70,0.794,198.43,0.7994
325.5,3.79,0.783,195.80,0.7932
325.5,3.87,0.775,193.65,0.7879
325.5,3.95,0.768,192.06,0.7834
325.5,4.03,0.764,191.04,0.7798
325.5,4.11,0.761,190.13,0.7758
325.5,4.19,0.757,189.18,0.7712
325.5,4.27,0.753,188.22,0.7661
325.5,4.35,0.749,187.25,0.7606
325.5,4.43,0.745,186.27,0.7549
325.5,4.51,0.741,185.31,0.7490
325.5,4.59,0.738,184.39,0.7431
325.5,4.67,0.734,183.49,0.7374
325.5,4.75,0.731,182.64,0.7317
325.5,4.83,0.727,181.82,0.7263
325.5,4.91,0.724,181.04,0.7210
325.5,4.99,0.721,180.28,0.7160
325.5,5.07,0.718,179.56,0.7110
325.5,5.15,0.715,178.85,0.7062
325.5,5.23,0.713,178.16,0.7015
325.5,5.32,0.710,177.48,0.6968
325.5,5.40,0.707,176.81,0.6922
325.5,5.48,0.705,176.13,0.6876
325.5,5.56,0.702,175.44,0.6833
325.5,5.64,0.699,174.68,0.6798
325.5,5.72,0.695,173.86,0.6772
325.5,5.80,0.692,172.96,0.6753
325.5,5.88,0.688,172.05,0.6741
325.5,5.96,0.685,171.15,0.6737
325.5,6.04,0.681,170.27,0.6741
325.5,6.12,0.678,169.51,0.6743
325.5,6.20,0.675,168.86,0.6742
325.5,6.28,0.673,168.30,0.6738
325.5,6.36,0.671,167.81,0.6732
325.5,6.44,0.670,167.39,0.6724
325.5,6.52,0.668,167.00,0.6714
325.5,6.60,0.667,166.63,0.6705
325.5,6.68,0.665,166.28,0.6696
325.5,6.77,0.664,165.93,0.6687
325.5,6.85,0.662,165.58,0.6677
325.5,6.93,0.661,165.22,0.6667
325.5,7.01,0.659,164.86,0.6657
325.5,7.09,0.658,164.48,0.6644
325.5,7.17,0.656,164.07,0.6628
325.5,7.25,0.654,163.62,0.6607
325.5,7.33,0.652,163.12,0.6581
325.5,7.41,0.650,162.57,0.6548
325.5,7.49,0.648,161.96,0.6507
325.5,7.57,0.645,161.34,0.6466
325.5,7.65,0.643,160.80,0.6431
325.5,7.73,0.641,160.35,0.6401
325.5,7.81,0.640,159.96,0.6378
325.5,7.89,0.638,159.60,0.6364
325.5,7.97,0.637,159.25,0.6359
325.5,8.05,0.636,158.89,0.6360
325.5,8.13,0.634,158.48,0.6356
325.5,8.21,0.632,158.03,0.6347
325.5,8.30,0.630,157.54,0.6333
325.5,8.38,0.628,157.03,0.6316
325.5,8.46,0.626,156.50,0.6296
325.5,8.54,0.624,155.97,0.6274
325.5,8.62,0.622,155.44,0.6252
325.5,8.70,0.620,154.93,0.6230
325.5,8.78,0.618,154.42,0.6209
325.5,8.86,0.616,153.94,0.6187
325.5,8.94,0.614,153.49,0.6167
325.5,9.02,0.612,153.08,0.6147
325.5,9.10,0.611,152.71,0.6127
325.5,9.18,0.610,152.40,0.6107
325.5,9.26,0.609,152.15,0.6086
325.5,9.34,0.608,151.98,0.6064
325.5,9.42,0.608,151.90,0.6040
325.5,9.50,0.608,151.91,0.6015
325.5,9.58,0.608,152.07,0.5996
325.5,9.66,0.610,152.40,0.5988
325.5,9.74,0.611,152.87,0.5989
325.5,9.83,0.614,153.41,0.5998
325.5,9.91,0.616,153.95,0.6013
325.5,9.99,0.618,154.49,0.6034
325.5,10.07,0.620,155.04,0.6062
325.5,10.15,0.623,155.65,0.6094
325.5,10.23,0.625,156.31,0.6129
325.5,10.31,0.628,157.02,0.6167
325.5,10.39,0.631,157.76,0.6209
325.5,10.47,0.634,158.54,0.6253
325.5,10.55,0.637,159.35,0.6300
325.5,10.63,0.641,160.18,0.6350
325.5,10.71,0.644,161.03,0.6402
325.5,10.79,0.648,161.90,0.6456
325.5,10.87,0.651,162.78,0.6511
325.5,10.95,0.655,163.66,0.6568
325.5,11.03,0.658,164.54,0.6625
325.5,11.11,0.662,165.39,0.6680
325.5,11.19,0.665,166.19,0.6733
325.5,11.28,0.668,166.93,0.6781
325.5,11.36,0.670,167.59,0.6825
325.5,11.44,0.673,168.14,0.6861
325.5,11.52,0.674,168.60,0.6890
325.5,11.60,0.676,169.07,0.6918
325.5,11.68,0.678,169.60,0.6946
325.5,11.76,0.681,170.18,0.6975
325.5,11.84,0.683,170.78,0.7005
325.5,11.92,0.686,171.41,0.7037
325.5,12.00,0.688,172.06,0.7070
330.9,0.00,1.072,268.05,
330.9,0.08,1.071,267.82,
330.9,0.16,1.070,267.38,
330.9,0.24,1.067,266.77,
330.9,0.32,1.064,266.01,
330.9,0.40,1.061,265.14,
330.9,0.48,1.057,264.16,
330.9,0.56,1.052,263.12,
330.9,0.64,1.048,262.03,
330.9,0.72,1.044,260.92,
330.9,0.81,1.039,259.80,
330.9,0.89,1.035,258.68,
330.9,0.97,1.030,257.56,
330.9,1.05,1.026,256.45,
330.9,1.13,1.021,255.35,
330.9,1.21,1.017,254.26,
330.9,1.29,1.013,253.20,
330.9,1.37,1.009,252.17,
330.9,1.45,1.005,251.26,
330.9,1.53,1.003,250.64,
330.9,1.61,1.001,250.26,
330.9,1.69,1.000,250.08,
330.9,1.77,1.000,249.97,
330.9,1.85,0.999,249.82,
330.9,1.93,0.999,249.65,
330.9,2.01,0.998,249.47,0.9378
330.9,2.09,0.996,249.09,0.9355
330.9,2.17,0.994,248.44,0.9322
330.9,2.26,0.990,247.55,0.9280
330.9,2.34,0.986,246.47,0.9231
330.9,2.42,0.981,245.22,0.9174
330.9,2.50,0.975,243.84,0.9113
330.9,2.58,0.969,242.37,0.9047
330.9,2.66,0.963,240.83,0.8978
330.9,2.74,0.957,239.27,0.8907
330.9,2.82,0.951,237.68,0.8834
330.9,2.90,0.944,236.00,0.8760
330.9,2.98,0.937,234.20,0.8683
330.9,3.06,0.929,232.22,0.8605
330.9,3.14,0.920,230.02,0.8524
330.9,3.22,0.910,227.55,0.8440
330.9,3.30,0.899,224.76,0.8354
330.9,3.38,0.886,221.61,0.8264
330.9,3.46,0.873,218.30,0.8178
330.9,3.54,0.860,215.11,0.8099
330.9,3.62,0.848,212.04,0.8027
330.9,3.70,0.836,209.12,0.7961
330.9,3.79,0.826,206.55,0.7903
330.9,3.87,0.818,204.48,0.7852
330.9,3.95,0.812,202.97,0.7810
330.9,4.03,0.808,202.03,0.7776
330.9,4.11,0.805,201.18,0.7738
330.9,4.19,0.801,200.30,0.7694
330.9,4.27,0.798,199.39,0.7644
330.9,4.35,0.794,198.46,0.7590
330.9,4.43,0.790,197.53,0.7534
330.9,4.51,0.786,196.61,0.7475
330.9,4.59,0.783,195.70,0.7416
330.9,4.67,0.779,194.83,0.7358
330.9,4.75,0.776,193.98,0.7301
330.9,4.83,0.773,193.17,0.7245
330.9,4.91,0.770,192.39,0.7191
330.9,4.99,0.767,191.64,0.7138
330.9,5.07,0.764,190.90,0.7086
330.9,5.15,0.761,190.18,0.7035
330.9,5.23,0.758,189.47,0.6983
330.9,5.32,0.755,188.76,0.6932
330.9,5.40,0.752,188.06,0.6881
330.9,5.48,0.749,187.31,0.6836
330.9,5.56,0.746,186.50,0.6799
330.9,5.64,0.742,185.61,0.6770
330.9,5.72,0.739,184.63,0.6746
330.9,5.80,0.734,183.61,0.6729
330.9,5.88,0.730,182.57,0.6719
330.9,5.96,0.726,181.53,0.6717
330.9,6.04,0.722,180.51,0.6722
330.9,6.12,0.718,179.61,0.6724
330.9,6.20,0.715,178.82,0.6723
330.9,6.28,0.713,178.13,0.6719
330.9,6.36,0.710,177.52,0.6713
330.9,6.44,0.708,176.97,0.6704
330.9,6.52,0.706,176.46,0.6694
330.9,6.60,0.704,175.98,0.6683
330.9,6.68,0.702,175.52,0.6671
330.9,6.77,0.700,175.05,0.6660
330.9,6.85,0.698,174.59,0.6647
330.9,6.93,0.696,174.10,0.6633
330.9,7.01,0.694,173.60,0.6616
330.9,7.09,0.692,173.07,0.6595
330.9,7.17,0.690,172.49,0.6568
330.9,7.25,0.687,171.86,0.6536
330.9,7.33,0.685,171.17,0.6496
330.9,7.41,0.682,170.42,0.6449
330.9,7.49,0.679,169.71,0.6405
330.9,7.57,0.676,169.08,0.6367
330.9,7.65,0.674,168.54,0.6334
330.9,7.73,0.672,168.08,0.6307
330.9,7.81,0.671,167.66,0.6286
330.9,7.89,0.669,167.27,0.6274
330.9,7.97,0.668,166.90,0.6271
330.9,8.05,0.666,166.53,0.6274
330.9,8.13,0.664,166.11,0.6272
330.9,8.21,0.663,165.65,0.6265
330.9,8.30,0.661,165.15,0.6252
330.9,8.38,0.659,164.64,0.6236
330.9,8.46,0.656,164.11,0.6218
330.9,8.54,0.654,163.58,0.6197
330.9,8.62,0.652,163.05,0.6176
330.9,8.70,0.650,162.53,0.6154
330.9,8.78,0.648,162.04,0.6133
330.9,8.86,0.646,161.57,0.6112
330.9,8.94,0.645,161.14,0.6091
330.9,9.02,0.643,160.76,0.6069
330.9,9.10,0.642,160.44,0.6047
330.9,9.18,0.641,160.19,0.6023
330.9,9.26,0.640,160.01,0.5998
330.9,9.34,0.640,159.92,0.5971
330.9,9.42,0.640,159.94,0.5944
330.9,9.50,0.640,160.12,0.5926
330.9,9.58,0.642,160.45,0.5917
330.9,9.66,0.644,160.92,0.5918
330.9,9.74,0.646,161.48,0.5925
330.9,9.83,0.648,162.06,0.5939
330.9,9.91,0.651,162.64,0.5958
330.9,9.99,0.653,163.21,0.5984
330.9,10.07,0.655,163.80,0.6016
330.9,10.15,0.658,164.44,0.6051
330.9,10.23,0.661,165.13,0.6090
330.9,10.31,0.663,165.86,0.6132
330.9,10.39,0.667,166.64,0.6177
330.9,10.47,0.670,167.44,0.6225
330.9,10.55,0.673,168.27,0.6275
330.9,10.63,0.676,169.12,0.6327
330.9,10.71,0.680,169.99,0.6381
330.9,10.79,0.683,170.87,0.6437
330.9,10.87,0.687,171.74,0.6493
330.9,10.95,0.690,172.60,0.6549
330.9,11.03,0.694,173.42,0.6603
330.9,11.11,0.697,174.19,0.6653
330.9,11.19,0.700,174.88,0.6698
330.9,11.28,0.702,175.49,0.6738
330.9,11.36,0.704,175.98,0.6770
330.9,11.44,0.706,176.40,0.6795
330.9,11.52,0.707,176.87,0.6821
330.9,11.60,0.710,177.38,0.6848
330.9,11.68,0.712,177.94,0.6875
330.9,11.76,0.714,178.54,0.6903
330.9,11.84,0.717,179.16,0.6931
330.9,11.92,0.719,179.79,0.6962
330.9,12.00,0.722,180.46,0.6993
336.2,0.00,1.138,284.39,
336.2,0.08,1.137,284.14,
336.2,0.16,1.135,283.69,
336.2,0.24,1.132,283.06,
336.2,0.32,1.129,282.29,
336.2,0.40,1.126,281.40,
336.2,0.48,1.122,280.41,
336.2,0.56,1.117,279.35,
336.2,0.64,1.113,278.25,
336.2,0.72,1.109,277.13,
336.2,0.81,1.104,276.00,
336.2,0.89,1.099,274.86,
336.2,0.97,1.095,273.73,
336.2,1.05,1.090,272.60,
336.2,1.13,1.086,271.49,
336.2,1.21,1.082,270.39,
336.2,1.29,1.077,269.32,
336.2,1.37,1.074,268.45,
336.2,1.45,1.071,267.83,
336.2,1.53,1.070,267.43,
336.2,1.61,1.069,267.21,
336.2,1.69,1.068,267.07,
336.2,1.77,1.068,266.89,
336.2,1.85,1.067,266.68,
336.2,1.93,1.066,266.44,
336.2,2.01,1.065,266.17,0.9430
336.2,2.09,1.063,265.71,0.9403
336.2,2.17,1.060,264.96,0.9366
336.2,2.26,1.056,263.96,0.9320
336.2,2.34,1.051,262.75,0.9266
336.2,2.42,1.045,261.36,0.9205
336.2,2.50,1.039,259.83,0.9139
336.2,2.58,1.033,258.20,0.9068
336.2,2.66,1.026,256.48,0.8994
336.2,2.74,1.019,254.71,0.8918
336.2,2.82,1.011,252.82,0.8840
336.2,2.90,1.003,250.77,0.8759
336.2,2.98,0.994,248.52,0.8676
336.2,3.06,0.984,246.01,0.8590
336.2,3.14,0.973,243.20,0.8501
336.2,3.22,0.960,240.04,0.8409
336.2,3.30,0.946,236.52,0.8315
336.2,3.38,0.932,232.98,0.8226
336.2,3.46,0.918,229.56,0.8144
336.2,3.54,0.905,226.25,0.8069
336.2,3.62,0.892,223.09,0.8001
336.2,3.70,0.881,220.17,0.7938
336.2,3.79,0.871,217.70,0.7883
336.2,3.87,0.863,215.73,0.7835
336.2,3.95,0.857,214.30,0.7795
336.2,4.03,0.854,213.43,0.7763
336.2,4.11,0.851,212.66,0.7727
336.2,4.19,0.847,211.84,0.7684
336.2,4.27,0.844,210.99,0.7635
336.2,4.35,0.840,210.11,0.7582
336.2,4.43,0.837,209.22,0.7526
336.2,4.51,0.833,208.34,0.7467
336.2,4.59,0.830,207.46,0.7408
336.2,4.67,0.826,206.61,0.7349
336.2,4.75,0.823,205.79,0.7291
336.2,4.83,0.820,204.99,0.7235
336.2,4.91,0.817,204.22,0.7179
336.2,4.99,0.814,203.47,0.7124
336.2,5.07,0.811,202.73,0.7069
336.2,5.15,0.808,202.01,0.7014
336.2,5.23,0.805,201.29,0.6959
336.2,5.32,0.802,200.56,0.6905
336.2,5.40,0.799,199.78,0.6858
336.2,5.48,0.796,198.92,0.6819
336.2,5.56,0.792,197.98,0.6787
336.2,5.64,0.788,196.94,0.6760
336.2,5.72,0.783,195.83,0.6739
336.2,5.80,0.779,194.67,0.6723
336.2,5.88,0.774,193.50,0.6714
336.2,5.96,0.769,192.31,0.6712
336.2,6.04,0.765,191.15,0.6718
336.2,6.12,0.760,190.11,0.6720
336.2,6.20,0.757,189.17,0.6719
336.2,6.28,0.753,188.34,0.6714
336.2,6.36,0.750,187.59,0.6706
336.2,6.44,0.748,186.91,0.6696
336.2,6.52,0.745,186.27,0.6684
336.2,6.60,0.743,185.67,0.6671
336.2,6.68,0.740,185.08,0.6657
336.2,6.77,0.738,184.49,0.6642
336.2,6.85,0.735,183.87,0.6624
336.2,6.93,0.733,183.24,0.6603
336.2,7.01,0.730,182.56,0.6577
336.2,7.09,0.727,181.84,0.6546
336.2,7.17,0.724,181.06,0.6508
336.2,7.25,0.721,180.22,0.6462
336.2,7.33,0.717,179.34,0.6410
336.2,7.41,0.714,178.52,0.6364
336.2,7.49,0.711,177.79,0.6323
336.2,7.57,0.709,177.14,0.6287
336.2,7.65,0.706,176.58,0.6256
336.2,7.73,0.704,176.10,0.6230
336.2,7.81,0.703,175.65,0.6212
336.2,7.89,0.701,175.24,0.6202
336.2,7.97,0.699,174.85,0.6200
336.2,8.05,0.698,174.46,0.6205
336.2,8.13,0.696,174.03,0.6204
336.2,8.21,0.694,173.56,0.6197
336.2,8.30,0.692,173.06,0.6186
336.2,8.38,0.690,172.54,0.6171
336.2,8.46,0.688,172.00,0.6153
336.2,8.54,0.686,171.47,0.6133
336.2,8.62,0.684,170.94,0.6112
336.2,8.70,0.682,170.43,0.6091
336.2,8.78,0.680,169.95,0.6069
336.2,8.86,0.678,169.51,0.6047
336.2,8.94,0.676,169.12,0.6024
336.2,9.02,0.675,168.79,0.6000
336.2,9.10,0.674,168.53,0.5974
336.2,9.18,0.673,168.34,0.5946
336.2,9.26,0.673,168.25,0.5916
336.2,9.34,0.673,168.27,0.5889
336.2,9.42,0.674,168.46,0.5871
336.2,9.50,0.675,168.80,0.5862
336.2,9.58,0.677,169.26,0.5862
336.2,9.66,0.679,169.83,0.5869
336.2,9.74,0.682,170.43,0.5881
336.2,9.83,0.684,171.04,0.5898
336.2,9.91,0.687,171.64,0.5921
336.2,9.99,0.689,172.24,0.5951
336.2,10.07,0.691,172.85,0.5986
336.2,10.15,0.694,173.52,0.6025
336.2,10.23,0.697,174.22,0.6067
336.2,10.31,0.700,174.98,0.6111
336.2,10.39,0.703,175.76,0.6159
336.2,10.47,0.706,176.58,0.6209
336.2,10.55,0.710,177.42,0.6261
336.2,10.63,0.713,178.28,0.6315
336.2,10.71,0.717,179.15,0.6371
336.2,10.79,0.720,180.02,0.6427
336.2,10.87,0.723,180.85,0.6481
336.2,10.95,0.727,181.64,0.6532
336.2,11.03,0.729,182.36,0.6580
336.2,11.11,0.732,183.01,0.6622
336.2,11.19,0.734,183.56,0.6657
336.2,11.28,0.736,183.99,0.6685
336.2,11.36,0.738,184.39,0.6709
336.2,11.44,0.739,184.84,0.6733
336.2,11.52,0.741,185.34,0.6757
336.2,11.60,0.744,185.89,0.6783
336.2,11.68,0.746,186.47,0.6808
336.2,11.76,0.748,187.07,0.6834
336.2,11.84,0.751,187.69,0.6862
336.2,11.92,0.753,188.33,0.6890
336.2,12.00,0.756,189.00,0.6921
341.6,0.00,1.205,301.26,
341.6,0.08,1.204,300.98,
341.6,0.16,1.202,300.51,
341.6,0.24,1.199,299.86,
341.6,0.32,1.196,299.07,
341.6,0.40,1.193,298.15,
341.6,0.48,1.189,297.14,
341.6,0.56,1.184,296.06,
341.6,0.64,1.180,294.94,
341.6,0.72,1.175,293.81,
341.6,0.81,1.171,292.66,
341.6,0.89,1.166,291.51,
341.6,0.97,1.161,290.36,
341.6,1.05,1.157,289.22,
341.6,1.13,1.152,288.09,
341.6,1.21,1.148,287.01,
341.6,1.29,1.145,286.17,
341.6,1.37,1.142,285.56,
341.6,1.45,1.141,285.13,
341.6,1.53,1.139,284.85,
341.6,1.61,1.139,284.66,
341.6,1.69,1.138,284.44,
341.6,1.77,1.137,284.16,
341.6,1.85,1.135,283.83,
341.6,1.93,1.134,283.47,
341.6,2.01,1.132,283.09,0.9478
341.6,2.09,1.130,282.50,0.9447
341.6,2.17,1.126,281.61,0.9406
341.6,2.26,1.122,280.46,0.9355
341.6,2.34,1.116,279.08,0.9296
341.6,2.42,1.110,277.51,0.9231
341.6,2.50,1.103,275.79,0.9159
341.6,2.58,1.096,273.95,0.9083
341.6,2.66,1.088,272.00,0.9004
341.6,2.74,1.080,269.91,0.8922
341.6,2.82,1.071,267.64,0.8838
341.6,2.90,1.061,265.13,0.8751
341.6,2.98,1.049,262.33,0.8660
341.6,3.06,1.037,259.20,0.8567
341.6,3.14,1.023,255.70,0.8470
341.6,3.22,1.008,251.89,0.8372
341.6,3.30,0.993,248.14,0.8281
341.6,3.38,0.978,244.51,0.8198
341.6,3.46,0.964,241.01,0.8121
341.6,3.54,0.951,237.64,0.8049
341.6,3.62,0.938,234.46,0.7984
341.6,3.70,0.927,231.64,0.7924
341.6,3.79,0.917,229.27,0.7872
341.6,3.87,0.910,227.39,0.7826
341.6,3.95,0.904,226.06,0.7788
341.6,4.03,0.901,225.26,0.7758
341.6,4.11,0.898,224.56,0.7723
341.6,4.19,0.895,223.81,0.7681
341.6,4.27,0.892,223.01,0.7633
341.6,4.35,0.889,222.19,0.7581
341.6,4.43,0.885,221.35,0.7524
341.6,4.51,0.882,220.51,0.7466
341.6,4.59,0.879,219.66,0.7406
341.6,4.67,0.875,218.84,0.7347
341.6,4.75,0.872,218.05,0.7288
341.6,4.83,0.869,217.28,0.7230
341.6,4.91,0.866,216.54,0.7173
341.6,4.99,0.863,215.80,0.7115
341.6,5.07,0.860,215.08,0.7058
341.6,5.15,0.857,214.36,0.7000
341.6,5.23,0.854,213.62,0.6944
341.6,5.32,0.851,212.81,0.6897
341.6,5.40,0.848,211.92,0.6857
341.6,5.48,0.844,210.94,0.6823
341.6,5.56,0.839,209.86,0.6794
341.6,5.64,0.835,208.68,0.6769
341.6,5.72,0.830,207.43,0.6748
341.6,5.80,0.825,206.14,0.6733
341.6,5.88,0.819,204.82,0.6724
341.6,5.96,0.814,203.48,0.6723
341.6,6.04,0.809,202.17,0.6727
341.6,6.12,0.804,200.97,0.6729
341.6,6.20,0.800,199.89,0.6726
341.6,6.28,0.796,198.91,0.6720
341.6,6.36,0.792,198.02,0.6710
341.6,6.44,0.789,197.20,0.6698
341.6,6.52,0.786,196.43,0.6684
341.6,6.60,0.783,195.69,0.6668
341.6,6.68,0.780,194.95,0.6651
341.6,6.77,0.777,194.19,0.6630
341.6,6.85,0.774,193.40,0.6605
341.6,6.93,0.770,192.57,0.6575
341.6,7.01,0.767,191.69,0.6539
341.6,7.09,0.763,190.75,0.6495
341.6,7.17,0.759,189.74,0.6443
341.6,7.25,0.755,188.72,0.6389
341.6,7.33,0.751,187.79,0.6341
341.6,7.41,0.748,186.94,0.6298
341.6,7.49,0.745,186.17,0.6260
341.6,7.57,0.742,185.51,0.6225
341.6,7.65,0.740,184.93,0.6196
341.6,7.73,0.738,184.40,0.6172
341.6,7.81,0.736,183.93,0.6154
341.6,7.89,0.734,183.49,0.6145
341.6,7.97,0.732,183.08,0.6145
341.6,8.05,0.731,182.68,0.6150
341.6,8.13,0.729,182.24,0.6150
341.6,8.21,0.727,181.76,0.6144
341.6,8.30,0.725,181.25,0.6133
341.6,8.38,0.723,180.73,0.6118
341.6,8.46,0.721,180.19,0.6100
341.6,8.54,0.719,179.66,0.6080
341.6,8.62,0.717,179.14,0.6059
341.6,8.70,0.715,178.64,0.6037
341.6,8.78,0.713,178.19,0.6014
341.6,8.86,0.711,177.78,0.5990
341.6,8.94,0.710,177.44,0.5965
341.6,9.02,0.709,177.17,0.5937
341.6,9.10,0.708,176.98,0.5907
341.6,9.18,0.707,176.87,0.5875
341.6,9.26,0.708,176.92,0.5848
341.6,9.34,0.708,177.11,0.5831
341.6,9.42,0.710,177.45,0.5822
341.6,9.50,0.712,177.91,0.5822
341.6,9.58,0.714,178.46,0.5827
341.6,9.66,0.716,179.08,0.5838
341.6,9.74,0.719,179.70,0.5854
341.6,9.83,0.721,180.32,0.5874
341.6,9.91,0.724,180.94,0.5901
341.6,9.99,0.726,181.55,0.5933
341.6,10.07,0.729,182.17,0.5971
341.6,10.15,0.731,182.85,0.6012
341.6,10.23,0.734,183.56,0.6056
341.6,10.31,0.737,184.32,0.6102
341.6,10.39,0.740,185.11,0.6152
341.6,10.47,0.744,185.93,0.6203
341.6,10.55,0.747,186.78,0.6257
341.6,10.63,0.751,187.63,0.6312
341.6,10.71,0.754,188.47,0.6367
341.6,10.79,0.757,189.28,0.6419
341.6,10.87,0.760,190.03,0.6469
341.6,10.95,0.763,190.71,0.6513
341.6,11.03,0.765,191.31,0.6552
341.6,11.11,0.767,191.80,0.6584
341.6,11.19,0.769,192.17,0.6607
341.6,11.28,0.770,192.56,0.6629
341.6,11.36,0.772,193.00,0.6652
341.6,11.44,0.774,193.48,0.6675
341.6,11.52,0.776,194.01,0.6698
341.6,11.60,0.778,194.57,0.6722
341.6,11.68,0.781,195.15,0.6746
341.6,11.76,0.783,195.75,0.6770
341.6,11.84,0.785,196.37,0.6796
341.6,11.92,0.788,197.01,0.6823
341.6,12.00,0.791,197.67,0.6852
347.0,0.00,1.275,318.65,
347.0,0.08,1.273,318.34,
347.0,0.16,1.271,317.83,
347.0,0.24,1.269,317.15,
347.0,0.32,1.265,316.32,
347.0,0.40,1.261,315.37,
347.0,0.48,1.257,314.33,
347.0,0.56,1.253,313.22,
347.0,0.64,1.248,312.08,
347.0,0.72,1.244,310.93,
347.0,0.81,1.239,309.77,
347.0,0.89,1.234,308.61,
347.0,0.97,1.230,307.44,
347.0,1.05,1.225,306.29,
347.0,1.13,1.221,305.23,
347.0,1.21,1.218,304.41,
347.0,1.29,1.215,303.80,
347.0,1.37,1.213,303.34,
347.0,1.45,1.212,303.00,
347.0,1.53,1.211,302.73,
347.0,1.61,1.210,302.44,
347.0,1.69,1.208,302.07,
347.0,1.77,1.207,301.64,
347.0,1.85,1.205,301.17,
347.0,1.93,1.203,300.66,
347.0,2.01,1.200,300.12,0.9520
347.0,2.09,1.197,299.35,0.9485
347.0,2.17,1.193,298.28,0.9439
347.0,2.26,1.188,296.93,0.9383
347.0,2.34,1.181,295.35,0.9319
347.0,2.42,1.174,293.56,0.9248
347.0,2.50,1.166,291.60,0.9171
347.0,2.58,1.158,289.50,0.9090
347.0,2.66,1.149,287.24,0.9005
347.0,2.74,1.139,284.75,0.8918
347.0,2.82,1.128,282.00,0.8827
347.0,2.90,1.116,278.93,0.8733
347.0,2.98,1.102,275.50,0.8635
347.0,3.06,1.087,271.66,0.8534
347.0,3.14,1.071,267.64,0.8434
347.0,3.22,1.055,263.73,0.8343
347.0,3.30,1.040,259.92,0.8258
347.0,3.38,1.025,256.24,0.8179
347.0,3.46,1.011,252.71,0.8106
347.0,3.54,0.997,249.33,0.8038
347.0,3.62,0.985,246.24,0.7975
347.0,3.70,0.974,243.54,0.7918
347.0,3.79,0.965,241.27,0.7868
347.0,3.87,0.958,239.49,0.7825
347.0,3.95,0.953,238.24,0.7789
347.0,4.03,0.950,237.53,0.7759
347.0,4.11,0.948,236.90,0.7726
347.0,4.19,0.945,236.21,0.7685
347.0,4.27,0.942,235.48,0.7637
347.0,4.35,0.939,234.71,0.7585
347.0,4.43,0.936,233.92,0.7529
347.0,4.51,0.932,233.12,0.7470
347.0,4.59,0.929,232.32,0.7410
347.0,4.67,0.926,231.55,0.7350
347.0,4.75,0.923,230.80,0.7291
347.0,4.83,0.920,230.07,0.7232
347.0,4.91,0.917,229.36,0.7173
347.0,4.99,0.915,228.65,0.7113
347.0,5.07,0.912,227.95,0.7053
347.0,5.15,0.909,227.21,0.6998
347.0,5.23,0.906,226.38,0.6951
347.0,5.32,0.902,225.47,0.6910
347.0,5.40,0.898,224.47,0.6875
347.0,5.48,0.893,223.36,0.6844
347.0,5.56,0.889,222.13,0.6817
347.0,5.64,0.883,220.82,0.6792
347.0,5.72,0.878,219.43,0.6772
347.0,5.80,0.872,217.99,0.6757
347.0,5.88,0.866,216.52,0.6748
347.0,5.96,0.860,215.03,0.6745
347.0,6.04,0.854,213.55,0.6748
347.0,6.12,0.849,212.19,0.6748
347.0,6.20,0.844,210.95,0.6744
347.0,6.28,0.839,209.82,0.6735
347.0,6.36,0.835,208.78,0.6723
347.0,6.44,0.831,207.81,0.6708
347.0,6.52,0.828,206.90,0.6691
347.0,6.60,0.824,206.00,0.6671
347.0,6.68,0.820,205.08,0.6648
347.0,6.77,0.816,204.12,0.6620
347.0,6.85,0.812,203.12,0.6586
347.0,6.93,0.808,202.06,0.6545
347.0,7.01,0.804,200.94,0.6496
347.0,7.09,0.799,199.76,0.6440
347.0,7.17,0.794,198.61,0.6385
347.0,7.25,0.790,197.54,0.6335
347.0,7.33,0.786,196.56,0.6291
347.0,7.41,0.783,195.67,0.6250
347.0,7.49,0.779,194.87,0.6213
347.0,7.57,0.777,194.18,0.6180
347.0,7.65,0.774,193.56,0.6151
347.0,7.73,0.772,193.00,0.6128
347.0,7.81,0.770,192.50,0.6112
347.0,7.89,0.768,192.04,0.6103
347.0,7.97,0.766,191.61,0.6103
347.0,8.05,0.765,191.20,0.6109
347.0,8.13,0.763,190.74,0.6109
347.0,8.21,0.761,190.26,0.6102
347.0,8.30,0.759,189.74,0.6091
347.0,8.38,0.757,189.21,0.6076
347.0,8.46,0.755,188.68,0.6058
347.0,8.54,0.753,188.14,0.6037
347.0,8.62,0.751,187.63,0.6015
347.0,8.70,0.749,187.17,0.5992
347.0,8.78,0.747,186.75,0.5967
347.0,8.86,0.746,186.40,0.5940
347.0,8.94,0.744,186.11,0.5911
347.0,9.02,0.744,185.91,0.5879
347.0,9.10,0.743,185.81,0.5846
347.0,9.18,0.743,185.87,0.5821
347.0,9.26,0.744,186.07,0.5805
347.0,9.34,0.746,186.40,0.5797
347.0,9.42,0.747,186.84,0.5796
347.0,9.50,0.750,187.38,0.5801
347.0,9.58,0.752,187.99,0.5810
347.0,9.66,0.754,188.61,0.5824
347.0,9.74,0.757,189.24,0.5842
347.0,9.83,0.759,189.87,0.5865
347.0,9.91,0.762,190.49,0.5894
347.0,9.99,0.764,191.11,0.5928
347.0,10.07,0.767,191.73,0.5967
347.0,10.15,0.770,192.40,0.6010
347.0,10.23,0.772,193.12,0.6055
347.0,10.31,0.775,193.87,0.6103
347.0,10.39,0.779,194.66,0.6153
347.0,10.47,0.782,195.47,0.6206
347.0,10.55,0.785,196.30,0.6260
347.0,10.63,0.788,197.12,0.6313
347.0,10.71,0.792,197.89,0.6364
347.0,10.79,0.794,198.61,0.6411
347.0,10.87,0.797,199.24,0.6453
347.0,10.95,0.799,199.78,0.6489
347.0,11.03,0.801,200.21,0.6516
347.0,11.11,0.802,200.54,0.6537
347.0,11.19,0.804,200.92,0.6557
347.0,11.28,0.805,201.34,0.6578
347.0,11.36,0.807,201.81,0.6599
347.0,11.44,0.809,202.31,0.6621
347.0,11.52,0.811,202.84,0.6643
347.0,11.60,0.814,203.40,0.6664
347.0,11.68,0.816,203.97,0.6687
347.0,11.76,0.818,204.57,0.6710
347.0,11.84,0.821,205.18,0.6734
347.0,11.92,0.823,205.81,0.6759
347.0,12.00,0.826,206.47,0.6786
352.3,0.00,1.346,336.52,
352.3,0.08,1.345,336.17,
352.3,0.16,1.342,335.62,
352.3,0.24,1.340,334.89,
352.3,0.32,1.336,334.02,
352.3,0.40,1.332,333.03,
352.3,0.48,1.328,331.95,
352.3,0.56,1.323,330.82,
352.3,0.64,1.319,329.66,
352.3,0.72,1.314,328.50,
352.3,0.81,1.309,327.32,
352.3,0.89,1.305,326.14,
352.3,0.97,1.300,324.96,
352.3,1.05,1.296,323.95,
352.3,1.13,1.293,323.15,
352.3,1.21,1.290,322.53,
352.3,1.29,1.288,322.04,
352.3,1.37,1.287,321.63,
352.3,1.45,1.285,321.26,
352.3,1.53,1.284,320.88,
352.3,1.61,1.282,320.41,
352.3,1.69,1.279,319.86,
352.3,1.77,1.277,319.25,
352.3,1.85,1.274,318.58,
352.3,1.93,1.271,317.87,
352.3,2.01,1.269,317.13,0.9557
352.3,2.09,1.265,316.15,0.9517
352.3,2.17,1.259,314.86,0.9465
352.3,2.26,1.253,313.27,0.9404
352.3,2.34,1.246,311.44,0.9335
352.3,2.42,1.238,309.39,0.9258
352.3,2.50,1.229,307.15,0.9175
352.3,2.58,1.219,304.72,0.9088
352.3,2.66,1.208,302.04,0.8998
352.3,2.74,1.196,299.06,0.8904
352.3,2.82,1.183,295.74,0.8807
352.3,2.90,1.168,292.02,0.8705
352.3,2.98,1.152,287.90,0.8601
352.3,3.06,1.135,283.74,0.8501
352.3,3.14,1.119,279.68,0.8409
352.3,3.22,1.103,275.73,0.8323
352.3,3.30,1.088,271.92,0.8243
352.3,3.38,1.073,268.24,0.8169
352.3,3.46,1.059,264.72,0.8099
352.3,3.54,1.046,261.42,0.8034
352.3,3.62,1.034,258.45,0.7974
352.3,3.70,1.023,255.86,0.7920
352.3,3.79,1.015,253.69,0.7872
352.3,3.87,1.008,252.01,0.7830
352.3,3.95,1.003,250.85,0.7795
352.3,4.03,1.001,250.22,0.7768
352.3,4.11,0.999,249.67,0.7735
352.3,4.19,0.996,249.06,0.7694
352.3,4.27,0.994,248.39,0.7647
352.3,4.35,0.991,247.68,0.7594
352.3,4.43,0.988,246.94,0.7538
352.3,4.51,0.985,246.19,0.7478
352.3,4.59,0.982,245.45,0.7419
352.3,4.67,0.979,244.74,0.7359
352.3,4.75,0.976,244.05,0.7300
352.3,4.83,0.973,243.37,0.7240
352.3,4.91,0.971,242.70,0.7179
352.3,4.99,0.968,242.02,0.7119
352.3,5.07,0.965,241.29,0.7065
352.3,5.15,0.962,240.46,0.7018
352.3,5.23,0.958,239.55,0.6978
352.3,5.32,0.954,238.53,0.6942
352.3,5.40,0.950,237.40,0.6910
352.3,5.48,0.945,236.15,0.6881
352.3,5.56,0.939,234.79,0.6854
352.3,5.64,0.933,233.33,0.6830
352.3,5.72,0.927,231.80,0.6809
352.3,5.80,0.921,230.21,0.6793
352.3,5.88,0.914,228.57,0.6782
352.3,5.96,0.908,226.92,0.6778
352.3,6.04,0.901,225.27,0.6779
352.3,6.12,0.895,223.74,0.6777
352.3,6.20,0.889,222.34,0.6769
352.3,6.28,0.884,221.05,0.6758
352.3,6.36,0.879,219.85,0.6743
352.3,6.44,0.875,218.73,0.6724
352.3,6.52,0.871,217.65,0.6702
352.3,6.60,0.866,216.55,0.6677
352.3,6.68,0.862,215.41,0.6646
352.3,6.77,0.857,214.23,0.6609
352.3,6.85,0.852,212.98,0.6564
352.3,6.93,0.847,211.66,0.6511
352.3,7.01,0.841,210.31,0.6451
352.3,7.09,0.836,209.01,0.6396
352.3,7.17,0.831,207.80,0.6346
352.3,7.25,0.827,206.68,0.6300
352.3,7.33,0.823,205.64,0.6257
352.3,7.41,0.819,204.71,0.6218
352.3,7.49,0.816,203.88,0.6183
352.3,7.57,0.813,203.14,0.6150
352.3,7.65,0.810,202.48,0.6122
352.3,7.73,0.808,201.89,0.6099
352.3,7.81,0.805,201.36,0.6083
352.3,7.89,0.804,200.88,0.6074
352.3,7.97,0.802,200.43,0.6074
352.3,8.05,0.800,200.01,0.6079
352.3,8.13,0.798,199.54,0.6078
352.3,8.21,0.796,199.05,0.6072
352.3,8.30,0.794,198.53,0.6060
352.3,8.38,0.792,197.99,0.6044
352.3,8.46,0.790,197.46,0.6024
352.3,8.54,0.788,196.93,0.6003
352.3,8.62,0.786,196.45,0.5979
352.3,8.70,0.784,196.02,0.5954
352.3,8.78,0.783,195.66,0.5926
352.3,8.86,0.781,195.36,0.5895
352.3,8.94,0.781,195.15,0.5862
352.3,9.02,0.780,195.06,0.5829
352.3,9.10,0.780,195.12,0.5806
352.3,9.18,0.781,195.32,0.5791
352.3,9.26,0.783,195.65,0.5784
352.3,9.34,0.784,196.08,0.5783
352.3,9.42,0.786,196.59,0.5787
352.3,9.50,0.789,197.18,0.5796
352.3,9.58,0.791,197.79,0.5808
352.3,9.66,0.794,198.41,0.5824
352.3,9.74,0.796,199.04,0.5844
352.3,9.83,0.799,199.66,0.5868
352.3,9.91,0.801,200.28,0.5898
352.3,9.99,0.804,200.89,0.5933
352.3,10.07,0.806,201.50,0.5974
352.3,10.15,0.809,202.16,0.6017
352.3,10.23,0.811,202.86,0.6063
352.3,10.31,0.814,203.60,0.6111
352.3,10.39,0.817,204.37,0.6162
352.3,10.47,0.821,205.16,0.6214
352.3,10.55,0.824,205.95,0.6266
352.3,10.63,0.827,206.69,0.6316
352.3,10.71,0.829,207.36,0.6360
352.3,10.79,0.832,207.94,0.6399
352.3,10.87,0.834,208.42,0.6431
352.3,10.95,0.835,208.78,0.6454
352.3,11.03,0.836,209.10,0.6473
352.3,11.11,0.838,209.46,0.6492
352.3,11.19,0.839,209.87,0.6512
352.3,11.28,0.841,210.31,0.6531
352.3,11.36,0.843,210.78,0.6551
352.3,11.44,0.845,211.29,0.6571
352.3,11.52,0.847,211.82,0.6591
352.3,11.60,0.849,212.36,0.6611
352.3,11.68,0.852,212.92,0.6631
352.3,11.76,0.854,213.50,0.6652
352.3,11.84,0.856,214.11,0.6674
352.3,11.92,0.859,214.73,0.6698
352.3,12.00,0.861,215.37,0.6722
357.7,0.00,1.419,354.86,
357.7,0.08,1.418,354.45,
357.7,0.16,1.415,353.85,
357.7,0.24,1.412,353.07,
357.7,0.32,1.409,352.15,
357.7,0.40,1.404,351.11,
357.7,0.48,1.400,349.99,
357.7,0.56,1.395,348.84,
357.7,0.64,1.391,347.67,
357.7,0.72,1.386,346.48,
357.7,0.81,1.381,345.29,
357.7,0.89,1.376,344.12,
357.7,0.97,1.373,343.15,
357.7,1.05,1.369,342.37,
357.7,1.13,1.367,341.73,
357.7,1.21,1.365,341.19,
357.7,1.29,1.363,340.72,
357.7,1.37,1.361,340.25,
357.7,1.45,1.359,339.75,
357.7,1.53,1.357,339.16,
357.7,1.61,1.354,338.47,
357.7,1.69,1.351,337.70,
357.7,1.77,1.347,336.85,
357.7,1.85,1.344,335.96,
357.7,1.93,1.340,335.01,
357.7,2.01,1.336,334.03,0.9587
357.7,2.09,1.331,332.80,0.9540
357.7,2.17,1.325,331.23,0.9483
357.7,2.26,1.317,329.37,0.9416
357.7,2.34,1.309,327.25,0.9340
357.7,2.42,1.300,324.89,0.9257
357.7,2.50,1.289,322.31,0.9169
357.7,2.58,1.278,319.46,0.9076
357.7,2.66,1.265,316.27,0.8980
357.7,2.74,1.251,312.71,0.8880
357.7,2.82,1.235,308.72,0.8776
357.7,2.90,1.218,304.40,0.8669
357.7,2.98,1.200,300.12,0.8570
357.7,3.06,1.184,295.95,0.8478
357.7,3.14,1.168,291.89,0.8392
357.7,3.22,1.152,287.97,0.8312
357.7,3.30,1.137,284.18,0.8237
357.7,3.38,1.122,280.55,0.8167
357.7,3.46,1.108,277.11,0.8100
357.7,3.54,1.096,273.93,0.8038
357.7,3.62,1.084,271.08,0.7981
357.7,3.70,1.074,268.61,0.7928
357.7,3.79,1.066,266.56,0.7882
357.7,3.87,1.060,264.97,0.7842
357.7,3.95,1.056,263.91,0.7808
357.7,4.03,1.053,263.37,0.7781
357.7,4.11,1.052,262.90,0.7749
357.7,4.19,1.049,262.36,0.7708
357.7,4.27,1.047,261.76,0.7661
357.7,4.35,1.044,261.11,0.7608
357.7,4.43,1.042,260.42,0.7551
357.7,4.51,1.039,259.74,0.7492
357.7,4.59,1.036,259.08,0.7433
357.7,4.67,1.034,258.44,0.7374
357.7,4.75,1.031,257.81,0.7314
357.7,4.83,1.029,257.19,0.7253
357.7,4.91,1.026,256.55,0.7194
357.7,4.99,1.023,255.83,0.7143
357.7,5.07,1.020,255.03,0.7097
357.7,5.15,1.016,254.12,0.7058
357.7,5.23,1.012,253.10,0.7022
357.7,5.32,1.008,251.97,0.6990
357.7,5.40,1.003,250.71,0.6959
357.7,5.48,0.997,249.32,0.6931
357.7,5.56,0.991,247.81,0.6903
357.7,5.64,0.985,246.20,0.6878
357.7,5.72,0.978,244.52,0.6856
357.7,5.80,0.971,242.76,0.6838
357.7,5.88,0.964,240.96,0.6826
357.7,5.96,0.957,239.14,0.6819
357.7,6.04,0.949,237.31,0.6817
357.7,6.12,0.942,235.61,0.6812
357.7,6.20,0.936,234.04,0.6801
357.7,6.28,0.930,232.58,0.6786
357.7,6.36,0.925,231.22,0.6767
357.7,6.44,0.920,229.93,0.6744
357.7,6.52,0.915,228.64,0.6716
357.7,6.60,0.909,227.31,0.6683
357.7,6.68,0.904,225.92,0.6642
357.7,6.77,0.898,224.46,0.6594
357.7,6.85,0.892,222.94,0.6537
357.7,6.93,0.886,221.41,0.6477
357.7,7.01,0.880,219.96,0.6422
357.7,7.09,0.874,218.59,0.6371
357.7,7.17,0.869,217.31,0.6324
357.7,7.25,0.864,216.12,0.6280
357.7,7.33,0.860,215.03,0.6240
357.7,7.41,0.856,214.05,0.6202
357.7,7.49,0.853,213.18,0.6166
357.7,7.57,0.850,212.40,0.6134
357.7,7.65,0.847,211.70,0.6106
357.7,7.73,0.844,211.08,0.6083
357.7,7.81,0.842,210.52,0.6066
357.7,7.89,0.840,210.01,0.6057
357.7,7.97,0.838,209.55,0.6056
357.7,8.05,0.836,209.11,0.6060
357.7,8.13,0.835,208.64,0.6058
357.7,8.21,0.833,208.13,0.6050
357.7,8.30,0.830,207.61,0.6037
357.7,8.38,0.828,207.07,0.6019
357.7,8.46,0.826,206.54,0.5998
357.7,8.54,0.824,206.04,0.5975
357.7,8.62,0.822,205.60,0.5949
357.7,8.70,0.821,205.22,0.5921
357.7,8.78,0.820,204.92,0.5889
357.7,8.86,0.819,204.70,0.5854
357.7,8.94,0.818,204.62,0.5824
357.7,9.02,0.819,204.68,0.5803
357.7,9.10,0.820,204.88,0.5789
357.7,9.18,0.821,205.20,0.5783
357.7,9.26,0.822,205.61,0.5782
357.7,9.34,0.824,206.10,0.5786
357.7,9.42,0.827,206.65,0.5794
357.7,9.50,0.829,207.23,0.5805
357.7,9.58,0.831,207.83,0.5819
357.7,9.66,0.834,208.44,0.5836
357.7,9.74,0.836,209.05,0.5857
357.7,9.83,0.839,209.66,0.5882
357.7,9.91,0.841,210.27,0.5912
357.7,9.99,0.843,210.85,0.5948
357.7,10.07,0.846,211.45,0.5988
357.7,10.15,0.848,212.08,0.6031
357.7,10.23,0.851,212.76,0.6077
357.7,10.31,0.854,213.48,0.6125
357.7,10.39,0.857,214.22,0.6175
357.7,10.47,0.860,214.97,0.6225
357.7,10.55,0.863,215.67,0.6273
357.7,10.63,0.865,216.29,0.6315
357.7,10.71,0.867,216.82,0.6350
357.7,10.79,0.869,217.24,0.6378
357.7,10.87,0.870,217.54,0.6398
357.7,10.95,0.871,217.84,0.6416
357.7,11.03,0.873,218.18,0.6434
357.7,11.11,0.874,218.57,0.6452
357.7,11.19,0.876,218.99,0.6470
357.7,11.28,0.878,219.43,0.6488
357.7,11.36,0.880,219.91,0.6506
357.7,11.44,0.882,220.41,0.6524
357.7,11.52,0.884,220.92,0.6542
357.7,11.60,0.886,221.45,0.6560
357.7,11.68,0.888,221.99,0.6579
357.7,11.76,0.890,222.55,0.6598
357.7,11.84,0.893,223.13,0.6618
357.7,11.92,0.895,223.74,0.6639
357.7,12.00,0.897,224.37,0.6661
363.1,0.00,1.495,373.63,
363.1,0.08,1.493,373.16,
363.1,0.16,1.490,372.50,
363.1,0.24,1.487,371.66,
363.1,0.32,1.483,370.67,
363.1,0.40,1.478,369.58,
363.1,0.48,1.474,368.43,
363.1,0.56,1.469,367.27,
363.1,0.64,1.464,366.08,
363.1,0.72,1.459,364.87,
363.1,0.81,1.455,363.74,
363.1,0.89,1.451,362.81,
363.1,0.97,1.448,362.04,
363.1,1.05,1.446,361.38,
363.1,1.13,1.443,360.80,
363.1,1.21,1.441,360.24,
363.1,1.29,1.439,359.67,
363.1,1.37,1.436,359.04,
363.1,1.45,1.433,358.30,
363.1,1.53,1.430,357.45,
363.1,1.61,1.426,356.50,
363.1,1.69,1.422,355.47,
363.1,1.77,1.417,354.36,
363.1,1.85,1.413,353.18,
363.1,1.93,1.408,351.96,
363.1,2.01,1.403,350.69,0.9607
363.1,2.09,1.397,349.17,0.9555
363.1,2.17,1.389,347.30,0.9491
363.1,2.26,1.380,345.12,0.9418
363.1,2.34,1.371,342.66,0.9336
363.1,2.42,1.360,339.95,0.9246
363.1,2.50,1.348,336.93,0.9152
363.1,2.58,1.334,333.55,0.9054
363.1,2.66,1.319,329.77,0.8952
363.1,2.74,1.302,325.53,0.8845
363.1,2.82,1.284,321.09,0.8739
363.1,2.90,1.267,316.74,0.8641
363.1,2.98,1.250,312.49,0.8550
363.1,3.06,1.233,308.35,0.8464
363.1,3.14,1.217,304.34,0.8384
363.1,3.22,1.202,300.48,0.8309
363.1,3.30,1.187,296.77,0.8239
363.1,3.38,1.173,293.24,0.8172
363.1,3.46,1.160,289.93,0.8108
363.1,3.54,1.148,286.89,0.8048
363.1,3.62,1.137,284.16,0.7993
363.1,3.70,1.127,281.80,0.7942
363.1,3.79,1.119,279.86,0.7897
363.1,3.87,1.114,278.38,0.7858
363.1,3.95,1.110,277.41,0.7826
363.1,4.03,1.108,276.96,0.7800
363.1,4.11,1.106,276.57,0.7768
363.1,4.19,1.104,276.11,0.7727
363.1,4.27,1.102,275.58,0.7680
363.1,4.35,1.100,274.99,0.7626
363.1,4.43,1.098,274.38,0.7569
363.1,4.51,1.095,273.79,0.7511
363.1,4.59,1.093,273.21,0.7453
363.1,4.67,1.091,272.66,0.7394
363.1,4.75,1.088,272.11,0.7334
363.1,4.83,1.086,271.51,0.7278
363.1,4.91,1.083,270.82,0.7229
363.1,4.99,1.080,270.04,0.7186
363.1,5.07,1.077,269.16,0.7148
363.1,5.15,1.073,268.15,0.7113
363.1,5.23,1.068,267.03,0.7081
363.1,5.32,1.063,265.77,0.7051
363.1,5.40,1.057,264.37,0.7021
363.1,5.48,1.051,262.84,0.6991
363.1,5.56,1.045,261.18,0.6962
363.1,5.64,1.038,259.42,0.6936
363.1,5.72,1.030,257.57,0.6912
363.1,5.80,1.023,255.65,0.6892
363.1,5.88,1.015,253.68,0.6876
363.1,5.96,1.007,251.67,0.6866
363.1,6.04,0.999,249.66,0.6861
363.1,6.12,0.991,247.78,0.6852
363.1,6.20,0.984,246.03,0.6837
363.1,6.28,0.978,244.40,0.6817
363.1,6.36,0.971,242.86,0.6793
363.1,6.44,0.965,241.36,0.6764
363.1,6.52,0.959,239.82,0.6729
363.1,6.60,0.953,238.21,0.6686
363.1,6.68,0.946,236.54,0.6634
363.1,6.77,0.939,234.80,0.6574
363.1,6.85,0.932,233.09,0.6515
363.1,6.93,0.926,231.47,0.6460
363.1,7.01,0.920,229.93,0.6410
363.1,7.09,0.914,228.48,0.6362
363.1,7.17,0.908,227.12,0.6318
363.1,7.25,0.903,225.87,0.6276
363.1,7.33,0.899,224.73,0.6236
363.1,7.41,0.895,223.69,0.6198
363.1,7.49,0.891,222.77,0.6162
363.1,7.57,0.888,221.95,0.6129
363.1,7.65,0.885,221.21,0.6101
363.1,7.73,0.882,220.55,0.6077
363.1,7.81,0.880,219.96,0.6060
363.1,7.89,0.878,219.44,0.6049
363.1,7.97,0.876,218.96,0.6046
363.1,8.05,0.874,218.51,0.6049
363.1,8.13,0.872,218.03,0.6046
363.1,8.21,0.870,217.51,0.6036
363.1,8.30,0.868,216.98,0.6021
363.1,8.38,0.866,216.45,0.6001
363.1,8.46,0.864,215.93,0.5978
363.1,8.54,0.862,215.48,0.5952
363.1,8.62,0.860,215.09,0.5924
363.1,8.70,0.859,214.77,0.5891
363.1,8.78,0.858,214.55,0.5857
363.1,8.86,0.858,214.48,0.5829
363.1,8.94,0.858,214.55,0.5810
363.1,9.02,0.859,214.74,0.5799
363.1,9.10,0.860,215.04,0.5793
363.1,9.18,0.862,215.43,0.5793
363.1,9.26,0.864,215.89,0.5797
363.1,9.34,0.866,216.40,0.5804
363.1,9.42,0.868,216.95,0.5813
363.1,9.50,0.870,217.52,0.5825
363.1,9.58,0.872,218.10,0.5840
363.1,9.66,0.875,218.68,0.5857
363.1,9.74,0.877,219.27,0.5878
363.1,9.83,0.879,219.85,0.5903
363.1,9.91,0.882,220.43,0.5933
363.1,9.99,0.884,220.98,0.5969
363.1,10.07,0.886,221.55,0.6008
363.1,10.15,0.889,222.15,0.6051
363.1,10.23,0.891,222.79,0.6095
363.1,10.31,0.894,223.47,0.6142
363.1,10.39,0.897,224.17,0.6190
363.1,10.47,0.899,224.83,0.6235
363.1,10.55,0.902,225.40,0.6275
363.1,10.63,0.903,225.87,0.6307
363.1,10.71,0.905,226.22,0.6331
363.1,10.79,0.906,226.48,0.6348
363.1,10.87,0.907,226.76,0.6365
363.1,10.95,0.908,227.09,0.6382
363.1,11.03,0.910,227.45,0.6398
363.1,11.11,0.911,227.84,0.6415
363.1,11.19,0.913,228.26,0.6432
363.1,11.28,0.915,228.71,0.6448
363.1,11.36,0.917,229.17,0.6465
363.1,11.44,0.919,229.64,0.6481
363.1,11.52,0.921,230.13,0.6496
363.1,11.60,0.923,230.63,0.6512
363.1,11.68,0.925,231.15,0.6529
363.1,11.76,0.927,231.69,0.6545
363.1,11.84,0.929,232.25,0.6563
363.1,11.92,0.931,232.83,0.6582
363.1,12.00,0.934,233.44,0.6602
368.5,0.00,1.571,392.81,
368.5,0.08,1.569,392.27,
368.5,0.16,1.566,391.53,
368.5,0.24,1.562,390.62,
368.5,0.32,1.558,389.57,
368.5,0.40,1.554,388.44,
368.5,0.48,1.549,387.28,
368.5,0.56,1.544,386.09,
368.5,0.64,1.540,384.89,
368.5,0.72,1.535,383.81,
368.5,0.81,1.532,382.91,
368.5,0.89,1.529,382.14,
368.5,0.97,1.526,381.46,
368.5,1.05,1.523,380.82,
368.5,1.13,1.521,380.19,
368.5,1.21,1.518,379.50,
368.5,1.29,1.515,378.73,
368.5,1.37,1.511,377.83,
368.5,1.45,1.507,376.80,
368.5,1.53,1.503,375.66,
368.5,1.61,1.498,374.41,
368.5,1.69,1.492,373.07,
368.5,1.77,1.487,371.65,
368.5,1.85,1.481,370.16,
368.5,1.93,1.474,368.61,
368.5,2.01,1.468,367.02,0.9618
368.5,2.09,1.461,365.16,0.9559
368.5,2.17,1.452,362.94,0.9489
368.5,2.26,1.442,360.40,0.9408
368.5,2.34,1.430,357.57,0.9319
368.5,2.42,1.418,354.41,0.9224
368.5,2.50,1.403,350.85,0.9125
368.5,2.58,1.387,346.87,0.9021
368.5,2.66,1.370,342.43,0.8912
368.5,2.74,1.352,337.94,0.8809
368.5,2.82,1.334,333.53,0.8712
368.5,2.90,1.317,329.23,0.8622
368.5,2.98,1.300,325.04,0.8538
368.5,3.06,1.284,320.99,0.8459
368.5,3.14,1.268,317.08,0.8384
368.5,3.22,1.253,313.33,0.8314
368.5,3.30,1.239,309.75,0.8247
368.5,3.38,1.225,306.36,0.8183
368.5,3.46,1.213,303.19,0.8122
368.5,3.54,1.201,300.28,0.8064
368.5,3.62,1.191,297.68,0.8011
368.5,3.70,1.182,295.45,0.7962
368.5,3.79,1.174,293.62,0.7918
368.5,3.87,1.169,292.24,0.7880
368.5,3.95,1.165,291.37,0.7848
368.5,4.03,1.164,291.01,0.7822
368.5,4.11,1.163,290.71,0.7790
368.5,4.19,1.161,290.32,0.7749
368.5,4.27,1.159,289.86,0.7701
368.5,4.35,1.157,289.35,0.7647
368.5,4.43,1.155,288.84,0.7592
368.5,4.51,1.153,288.36,0.7535
368.5,4.59,1.152,287.88,0.7478
368.5,4.67,1.150,287.41,0.7420
368.5,4.75,1.147,286.86,0.7369
368.5,4.83,1.145,286.22,0.7323
368.5,4.91,1.142,285.48,0.7283
368.5,4.99,1.139,284.63,0.7247
368.5,5.07,1.135,283.66,0.7214
368.5,5.15,1.130,282.55,0.7183
368.5,5.23,1.125,281.31,0.7153
368.5,5.32,1.120,279.92,0.7122
368.5,5.40,1.114,278.38,0.7092
368.5,5.48,1.107,276.69,0.7060
368.5,5.56,1.099,274.87,0.7030
368.5,5.64,1.092,272.95,0.7001
368.5,5.72,1.084,270.93,0.6974
368.5,5.80,1.075,268.84,0.6951
368.5,5.88,1.067,266.69,0.6932
368.5,5.96,1.058,264.49,0.6918
368.5,6.04,1.049,262.29,0.6909
368.5,6.12,1.041,260.22,0.6895
368.5,6.20,1.033,258.29,0.6875
368.5,6.28,1.026,256.48,0.6850
368.5,6.36,1.019,254.74,0.6820
368.5,6.44,1.012,252.96,0.6783
368.5,6.52,1.005,251.13,0.6738
368.5,6.60,0.997,249.22,0.6683
368.5,6.68,0.989,247.26,0.6622
368.5,6.77,0.982,245.38,0.6565
368.5,6.85,0.974,243.57,0.6511
368.5,6.93,0.967,241.84,0.6460
368.5,7.01,0.961,240.21,0.6413
368.5,7.09,0.955,238.67,0.6368
368.5,7.17,0.949,237.24,0.6326
368.5,7.25,0.944,235.92,0.6285
368.5,7.33,0.939,234.72,0.6245
368.5,7.41,0.935,233.63,0.6206
368.5,7.49,0.931,232.66,0.6170
368.5,7.57,0.927,231.79,0.6136
368.5,7.65,0.924,231.01,0.6106
368.5,7.73,0.921,230.32,0.6081
368.5,7.81,0.919,229.71,0.6062
368.5,7.89,0.917,229.16,0.6050
368.5,7.97,0.915,228.67,0.6045
368.5,8.05,0.913,228.21,0.6045
368.5,8.13,0.911,227.71,0.6040
368.5,8.21,0.909,227.19,0.6027
368.5,8.30,0.907,226.66,0.6010
368.5,8.38,0.905,226.13,0.5988
368.5,8.46,0.903,225.66,0.5962
368.5,8.54,0.901,225.26,0.5933
368.5,8.62,0.900,224.93,0.5900
368.5,8.70,0.899,224.72,0.5868
368.5,8.78,0.899,224.65,0.5844
368.5,8.86,0.899,224.72,0.5827
368.5,8.94,0.900,224.90,0.5817
368.5,9.02,0.901,225.18,0.5813
368.5,9.10,0.902,225.54,0.5814
368.5,9.18,0.904,225.97,0.5818
368.5,9.26,0.906,226.44,0.5824
368.5,9.34,0.908,226.94,0.5833
368.5,9.42,0.910,227.46,0.5843
368.5,9.50,0.912,228.00,0.5855
368.5,9.58,0.914,228.54,0.5869
368.5,9.66,0.916,229.10,0.5886
368.5,9.74,0.919,229.65,0.5906
368.5,9.83,0.921,230.19,0.5931
368.5,9.91,0.923,230.73,0.5960
368.5,9.99,0.925,231.25,0.5994
368.5,10.07,0.927,231.77,0.6032
368.5,10.15,0.929,232.33,0.6072
368.5,10.23,0.932,232.93,0.6115
368.5,10.31,0.934,233.56,0.6160
368.5,10.39,0.937,234.17,0.6203
368.5,10.47,0.939,234.68,0.6240
368.5,10.55,0.940,235.09,0.6269
368.5,10.63,0.941,235.37,0.6289
368.5,10.71,0.942,235.60,0.6304
368.5,10.79,0.943,235.87,0.6320
368.5,10.87,0.945,236.18,0.6336
368.5,10.95,0.946,236.52,0.6351
368.5,11.03,0.948,236.88,0.6367
368.5,11.11,0.949,237.27,0.6382
368.5,11.19,0.951,237.68,0.6397
368.5,11.28,0.952,238.10,0.6412
368.5,11.36,0.954,238.53,0.6426
368.5,11.44,0.956,238.98,0.6439
368.5,11.52,0.958,239.44,0.6453
368.5,11.60,0.960,239.91,0.6467
368.5,11.68,0.962,240.40,0.6481
368.5,11.76,0.964,240.91,0.6495
368.5,11.84,0.966,241.44,0.6510
368.5,11.92,0.968,242.00,0.6527
368.5,12.00,0.970,242.58,0.6545
373.8,0.00,1.650,412.38,
373.8,0.08,1.647,411.76,
373.8,0.16,1.644,410.94,
373.8,0.24,1.640,409.95,
373.8,0.32,1.635,408.84,
373.8,0.40,1.631,407.69,
373.8,0.48,1.626,406.50,
373.8,0.56,1.621,405.33,
373.8,0.64,1.617,404.31,
373.8,0.72,1.614,403.43,
373.8,0.81,1.611,402.66,
373.8,0.89,1.608,401.95,
373.8,0.97,1.605,401.26,
373.8,1.05,1.602,400.53,
373.8,1.13,1.599,399.71,
373.8,1.21,1.595,398.77,
373.8,1.29,1.591,397.70,
373.8,1.37,1.586,396.49,
373.8,1.45,1.581,395.15,
373.8,1.53,1.575,393.67,
373.8,1.61,1.568,392.07,
373.8,1.69,1.562,390.38,
373.8,1.77,1.554,388.61,
373.8,1.85,1.547,386.76,
373.8,1.93,1.539,384.86,
373.8,2.01,1.532,382.90,0.9617
373.8,2.09,1.523,380.66,0.9551
373.8,2.17,1.512,378.06,0.9474
373.8,2.26,1.500,375.11,0.9386
373.8,2.34,1.487,371.82,0.9291
373.8,2.42,1.472,368.11,0.9190
373.8,2.50,1.456,363.94,0.9085
373.8,2.58,1.438,359.39,0.8977
373.8,2.66,1.419,354.87,0.8876
373.8,2.74,1.402,350.45,0.8782
373.8,2.82,1.385,346.13,0.8694
373.8,2.90,1.368,341.92,0.8612
373.8,2.98,1.351,337.85,0.8534
373.8,3.06,1.336,333.92,0.8461
373.8,3.14,1.321,330.15,0.8391
373.8,3.22,1.306,326.55,0.8324
373.8,3.30,1.293,323.13,0.8260
373.8,3.38,1.280,319.91,0.8199
373.8,3.46,1.268,316.90,0.8141
373.8,3.54,1.256,314.12,0.8085
373.8,3.62,1.247,311.66,0.8033
373.8,3.70,1.238,309.54,0.7986
373.8,3.79,1.231,307.83,0.7943
373.8,3.87,1.226,306.56,0.7906
373.8,3.95,1.223,305.79,0.7874
373.8,4.03,1.222,305.53,0.7848
373.8,4.11,1.221,305.31,0.7816
373.8,4.19,1.220,305.00,0.7775
373.8,4.27,1.218,304.62,0.7726
373.8,4.35,1.217,304.22,0.7673
373.8,4.43,1.215,303.83,0.7619
373.8,4.51,1.214,303.46,0.7564
373.8,4.59,1.212,303.07,0.7511
373.8,4.67,1.210,302.59,0.7464
373.8,4.75,1.208,302.01,0.7423
373.8,4.83,1.205,301.32,0.7386
373.8,4.91,1.202,300.51,0.7353
373.8,4.99,1.198,299.58,0.7322
373.8,5.07,1.194,298.51,0.7293
373.8,5.15,1.189,297.29,0.7263
373.8,5.23,1.184,295.92,0.7233
373.8,5.32,1.178,294.38,0.7201
373.8,5.40,1.171,292.70,0.7169
373.8,5.48,1.163,290.86,0.7136
373.8,5.56,1.156,288.88,0.7103
373.8,5.64,1.147,286.78,0.7071
373.8,5.72,1.138,284.59,0.7041
373.8,5.80,1.129,282.31,0.7014
373.8,5.88,1.120,279.98,0.6991
373.8,5.96,1.110,277.59,0.6972
373.8,6.04,1.101,275.19,0.6958
373.8,6.12,1.092,272.93,0.6938
373.8,6.20,1.083,270.80,0.6913
373.8,6.28,1.075,268.79,0.6882
373.8,6.36,1.067,266.78,0.6844
373.8,6.44,1.059,264.69,0.6797
373.8,6.52,1.050,262.53,0.6740
373.8,6.60,1.041,260.37,0.6680
373.8,6.68,1.033,258.28,0.6624
373.8,6.77,1.025,256.27,0.6572
373.8,6.85,1.017,254.35,0.6522
373.8,6.93,1.010,252.52,0.6475
373.8,7.01,1.003,250.79,0.6431
373.8,7.09,0.997,249.17,0.6388
373.8,7.17,0.991,247.67,0.6345
373.8,7.25,0.985,246.28,0.6304
373.8,7.33,0.980,245.01,0.6264
373.8,7.41,0.975,243.86,0.6224
373.8,7.49,0.971,242.84,0.6187
373.8,7.57,0.968,241.93,0.6151
373.8,7.65,0.964,241.12,0.6120
373.8,7.73,0.962,240.39,0.6093
373.8,7.81,0.959,239.75,0.6071
373.8,7.89,0.957,239.18,0.6057
373.8,7.97,0.955,238.67,0.6050
373.8,8.05,0.953,238.20,0.6047
373.8,8.13,0.951,237.70,0.6039
373.8,8.21,0.949,237.17,0.6023
373.8,8.30,0.947,236.64,0.6003
373.8,8.38,0.945,236.15,0.5978
373.8,8.46,0.943,235.74,0.5949
373.8,8.54,0.942,235.40,0.5916
373.8,8.62,0.941,235.19,0.5888
373.8,8.70,0.941,235.13,0.5867
373.8,8.78,0.941,235.19,0.5853
373.8,8.86,0.941,235.36,0.5845
373.8,8.94,0.942,235.62,0.5842
373.8,9.02,0.944,235.95,0.5844
373.8,9.10,0.945,236.33,0.5848
373.8,9.18,0.947,236.75,0.5854
373.8,9.26,0.949,237.20,0.5861
373.8,9.34,0.951,237.66,0.5870
373.8,9.42,0.953,238.15,0.5880
373.8,9.50,0.955,238.65,0.5891
373.8,9.58,0.957,239.15,0.5904
373.8,9.66,0.959,239.66,0.5920
373.8,9.74,0.961,240.17,0.5939
373.8,9.83,0.963,240.66,0.5962
373.8,9.91,0.965,241.15,0.5989
373.8,9.99,0.966,241.62,0.6021
373.8,10.07,0.968,242.08,0.6057
373.8,10.15,0.970,242.59,0.6095
373.8,10.23,0.973,243.13,0.6135
373.8,10.31,0.975,243.68,0.6175
373.8,10.39,0.977,244.14,0.6209
373.8,10.47,0.978,244.48,0.6235
373.8,10.55,0.979,244.70,0.6252
373.8,10.63,0.980,244.92,0.6266
373.8,10.71,0.981,245.17,0.6281
373.8,10.79,0.982,245.45,0.6296
373.8,10.87,0.983,245.76,0.6310
373.8,10.95,0.984,246.09,0.6324
373.8,11.03,0.986,246.45,0.6338
373.8,11.11,0.987,246.82,0.6352
373.8,11.19,0.989,247.20,0.6365
373.8,11.28,0.990,247.59,0.6377
373.8,11.36,0.992,247.99,0.6389
373.8,11.44,0.994,248.40,0.6400
373.8,11.52,0.995,248.82,0.6412
373.8,11.60,0.997,249.26,0.6423
373.8,11.68,0.999,249.72,0.6434
373.8,11.76,1.001,250.20,0.6446
373.8,11.84,1.003,250.70,0.6459
373.8,11.92,1.005,251.21,0.6473
373.8,12.00,1.007,251.76,0.6488
379.2,0.00,1.729,432.31,
379.2,0.08,1.726,431.59,
379.2,0.16,1.723,430.68,
379.2,0.24,1.718,429.61,
379.2,0.32,1.714,428.47,
379.2,0.40,1.709,427.30,
379.2,0.48,1.705,426.18,
379.2,0.56,1.701,425.21,
379.2,0.64,1.697,424.35,
379.2,0.72,1.694,423.58,
379.2,0.81,1.691,422.83,
379.2,0.89,1.688,422.05,
379.2,0.97,1.685,421.16,
379.2,1.05,1.681,420.16,
379.2,1.13,1.676,419.02,
379.2,1.21,1.671,417.76,
379.2,1.29,1.665,416.37,
379.2,1.37,1.659,414.84,
379.2,1.45,1.653,413.17,
379.2,1.53,1.645,411.35,
379.2,1.61,1.638,409.38,
379.2,1.69,1.629,407.30,
379.2,1.77,1.621,405.14,
379.2,1.85,1.612,402.89,
379.2,1.93,1.602,400.58,
379.2,2.01,1.593,398.22,0.9604
379.2,2.09,1.582,395.56,0.9531
379.2,2.17,1.570,392.53,0.9445
379.2,2.26,1.556,389.12,0.9351
379.2,2.34,1.541,385.27,0.9250
379.2,2.42,1.524,380.93,0.9144
379.2,2.50,1.505,376.35,0.9039
379.2,2.58,1.487,371.85,0.8941
379.2,2.66,1.470,367.43,0.8850
379.2,2.74,1.452,363.12,0.8764
379.2,2.82,1.436,358.93,0.8684
379.2,2.90,1.419,354.87,0.8609
379.2,2.98,1.404,350.94,0.8536
379.2,3.06,1.389,347.16,0.8467
379.2,3.14,1.374,343.55,0.8400
379.2,3.22,1.360,340.11,0.8337
379.2,3.30,1.347,336.86,0.8276
379.2,3.38,1.335,333.82,0.8218
379.2,3.46,1.324,331.00,0.8163
379.2,3.54,1.314,328.42,0.8110
379.2,3.62,1.304,326.09,0.8060
379.2,3.70,1.296,324.10,0.8013
379.2,3.79,1.290,322.50,0.7971
379.2,3.87,1.285,321.35,0.7934
379.2,3.95,1.283,320.68,0.7903
379.2,4.03,1.282,320.51,0.7877
379.2,4.11,1.282,320.38,0.7844
379.2,4.19,1.281,320.16,0.7802
379.2,4.27,1.280,319.88,0.7753
379.2,4.35,1.278,319.61,0.7703
379.2,4.43,1.277,319.36,0.7652
379.2,4.51,1.276,319.05,0.7604
379.2,4.59,1.275,318.65,0.7563
379.2,4.67,1.273,318.14,0.7526
379.2,4.75,1.270,317.52,0.7494
379.2,4.83,1.267,316.78,0.7464
379.2,4.91,1.264,315.89,0.7435
379.2,4.99,1.259,314.84,0.7406
379.2,5.07,1.255,313.64,0.7376
379.2,5.15,1.249,312.28,0.7346
379.2,5.23,1.243,310.77,0.7315
379.2,5.32,1.236,309.10,0.7283
379.2,5.40,1.229,307.27,0.7250
379.2,5.48,1.221,305.30,0.7216
379.2,5.56,1.213,303.17,0.7181
379.2,5.64,1.204,300.90,0.7145
379.2,5.72,1.194,298.52,0.7111
379.2,5.80,1.184,296.06,0.7079
379.2,5.88,1.174,293.53,0.7051
379.2,5.96,1.164,290.94,0.7027
379.2,6.04,1.153,288.34,0.7007
379.2,6.12,1.143,285.87,0.6981
379.2,6.20,1.134,283.55,0.6949
379.2,6.28,1.125,281.27,0.6910
379.2,6.36,1.116,278.92,0.6862
379.2,6.44,1.106,276.51,0.6804
379.2,6.52,1.097,274.13,0.6747
379.2,6.60,1.087,271.83,0.6693
379.2,6.68,1.078,269.61,0.6642
379.2,6.77,1.070,267.47,0.6594
379.2,6.85,1.062,265.44,0.6548
379.2,6.93,1.054,263.51,0.6503
379.2,7.01,1.047,261.70,0.6458
379.2,7.09,1.040,260.01,0.6415
379.2,7.17,1.034,258.43,0.6372
379.2,7.25,1.028,256.97,0.6329
379.2,7.33,1.023,255.64,0.6289
379.2,7.41,1.018,254.42,0.6249
379.2,7.49,1.013,253.33,0.6211
379.2,7.57,1.009,252.36,0.6174
379.2,7.65,1.006,251.51,0.6140
379.2,7.73,1.003,250.76,0.6111
379.2,7.81,1.000,250.09,0.6087
379.2,7.89,0.998,249.50,0.6069
379.2,7.97,0.996,248.98,0.6059
379.2,8.05,0.994,248.49,0.6053
379.2,8.13,0.992,247.98,0.6041
379.2,8.21,0.990,247.45,0.6022
379.2,8.30,0.988,246.95,0.5998
379.2,8.38,0.986,246.52,0.5970
379.2,8.46,0.985,246.18,0.5939
379.2,8.54,0.984,245.98,0.5914
379.2,8.62,0.984,245.91,0.5897
379.2,8.70,0.984,245.96,0.5886
379.2,8.78,0.984,246.11,0.5881
379.2,8.86,0.985,246.34,0.5880
379.2,8.94,0.987,246.63,0.5881
379.2,9.02,0.988,246.95,0.5884
379.2,9.10,0.989,247.31,0.5888
379.2,9.18,0.991,247.70,0.5894
379.2,9.26,0.992,248.11,0.5902
379.2,9.34,0.994,248.54,0.5911
379.2,9.42,0.996,248.98,0.5921
379.2,9.50,0.998,249.43,0.5932
379.2,9.58,1.000,249.89,0.5944
379.2,9.66,1.001,250.34,0.5958
379.2,9.74,1.003,250.79,0.5975
379.2,9.83,1.005,251.23,0.5995
379.2,9.91,1.007,251.66,0.6020
379.2,9.99,1.008,252.06,0.6048
379.2,10.07,1.010,252.47,0.6081
379.2,10.15,1.012,252.91,0.6116
379.2,10.23,1.014,253.38,0.6152
379.2,10.31,1.015,253.78,0.6183
379.2,10.39,1.016,254.05,0.6205
379.2,10.47,1.017,254.22,0.6220
379.2,10.55,1.018,254.42,0.6234
379.2,10.63,1.019,254.64,0.6248
379.2,10.71,1.020,254.90,0.6261
379.2,10.79,1.021,255.18,0.6275
379.2,10.87,1.022,255.48,0.6288
379.2,10.95,1.023,255.80,0.6300
379.2,11.03,1.024,256.12,0.6312
379.2,11.11,1.026,256.45,0.6323
379.2,11.19,1.027,256.79,0.6334
379.2,11.28,1.029,257.15,0.6344
379.2,11.36,1.030,257.51,0.6353
379.2,11.44,1.032,257.89,0.6363
379.2,11.52,1.033,258.28,0.6372
379.2,11.60,1.035,258.68,0.6380
379.2,11.68,1.036,259.10,0.6389
379.2,11.76,1.038,259.53,0.6398
379.2,11.84,1.040,259.99,0.6408
379.2,11.92,1.042,260.47,0.6419
379.2,12.00,1.044,260.98,0.6432
384.6,0.00,1.810,452.57,
384.6,0.08,1.807,451.75,
384.6,0.16,1.803,450.74,
384.6,0.24,1.799,449.63,
384.6,0.32,1.794,448.47,
384.6,0.40,1.790,447.41,
384.6,0.48,1.786,446.49,
384.6,0.56,1.783,445.65,
384.6,0.64,1.779,444.86,
384.6,0.72,1.776,443.98,
384.6,0.81,1.772,443.00,
384.6,0.89,1.768,441.91,
384.6,0.97,1.763,440.69,
384.6,1.05,1.757,439.36,
384.6,1.13,1.752,437.89,
384.6,1.21,1.745,436.30,
384.6,1.29,1.738,434.57,
384.6,1.37,1.731,432.70,
384.6,1.45,1.723,430.68,
384.6,1.53,1.714,428.52,
384.6,1.61,1.705,426.20,
384.6,1.69,1.695,423.72,
384.6,1.77,1.684,421.12,
384.6,1.85,1.674,418.44,
384.6,1.93,1.663,415.68,
384.6,2.01,1.651,412.86,0.9577
384.6,2.09,1.639,409.75,0.9496
384.6,2.17,1.625,406.24,0.9402
384.6,2.26,1.609,402.27,0.9302
384.6,2.34,1.591,397.80,0.9197
384.6,2.42,1.573,393.27,0.9096
384.6,2.50,1.555,388.81,0.9002
384.6,2.58,1.538,384.43,0.8914
384.6,2.66,1.521,380.17,0.8832
384.6,2.74,1.504,376.00,0.8753
384.6,2.82,1.488,371.95,0.8678
384.6,2.90,1.472,368.03,0.8606
384.6,2.98,1.457,364.25,0.8537
384.6,3.06,1.443,360.64,0.8472
384.6,3.14,1.429,357.19,0.8409
384.6,3.22,1.416,353.94,0.8349
384.6,3.30,1.404,350.88,0.8292
384.6,3.38,1.392,348.04,0.8238
384.6,3.46,1.382,345.43,0.8186
384.6,3.54,1.372,343.06,0.8136
384.6,3.62,1.364,340.96,0.8089
384.6,3.70,1.356,339.12,0.8044
384.6,3.79,1.351,337.65,0.8002
384.6,3.87,1.346,336.61,0.7965
384.6,3.95,1.344,336.04,0.7934
384.6,4.03,1.344,335.97,0.7907
384.6,4.11,1.344,335.94,0.7873
384.6,4.19,1.343,335.81,0.7831
384.6,4.27,1.343,335.68,0.7785
384.6,4.35,1.342,335.55,0.7739
384.6,4.43,1.341,335.34,0.7698
384.6,4.51,1.340,335.03,0.7663
384.6,4.59,1.338,334.61,0.7632
384.6,4.67,1.336,334.06,0.7603
384.6,4.75,1.333,333.35,0.7575
384.6,4.83,1.330,332.49,0.7546
384.6,4.91,1.326,331.46,0.7517
384.6,4.99,1.321,330.28,0.7487
384.6,5.07,1.316,328.94,0.7457
384.6,5.15,1.310,327.45,0.7426
384.6,5.23,1.303,325.80,0.7394
384.6,5.32,1.296,324.00,0.7361
384.6,5.40,1.288,322.05,0.7328
384.6,5.48,1.280,319.94,0.7293
384.6,5.56,1.271,317.68,0.7257
384.6,5.64,1.261,315.27,0.7219
384.6,5.72,1.251,312.72,0.7181
384.6,5.80,1.240,310.06,0.7144
384.6,5.88,1.229,307.32,0.7110
384.6,5.96,1.218,304.52,0.7080
384.6,6.04,1.207,301.71,0.7053
384.6,6.12,1.196,299.03,0.7020
384.6,6.20,1.186,296.47,0.6981
384.6,6.28,1.175,293.85,0.6931
384.6,6.36,1.165,291.17,0.6875
384.6,6.44,1.154,288.57,0.6820
384.6,6.52,1.144,286.04,0.6769
384.6,6.60,1.134,283.60,0.6721
384.6,6.68,1.125,281.25,0.6674
384.6,6.77,1.116,279.01,0.6627
384.6,6.85,1.108,276.89,0.6580
384.6,6.93,1.100,274.88,0.6534
384.6,7.01,1.092,272.99,0.6489
384.6,7.09,1.085,271.22,0.6444
384.6,7.17,1.078,269.57,0.6400
384.6,7.25,1.072,268.03,0.6357
384.6,7.33,1.066,266.62,0.6316
384.6,7.41,1.061,265.33,0.6276
384.6,7.49,1.057,264.17,0.6237
384.6,7.57,1.053,263.13,0.6201
384.6,7.65,1.049,262.21,0.6166
384.6,7.73,1.046,261.42,0.6134
384.6,7.81,1.043,260.73,0.6106
384.6,7.89,1.040,260.12,0.6085
384.6,7.97,1.038,259.58,0.6071
384.6,8.05,1.036,259.08,0.6062
384.6,8.13,1.034,258.57,0.6045
384.6,8.21,1.032,258.05,0.6023
384.6,8.30,1.030,257.61,0.5995
384.6,8.38,1.029,257.27,0.5968
384.6,8.46,1.028,257.07,0.5947
384.6,8.54,1.028,257.00,0.5934
384.6,8.62,1.028,257.04,0.5926
384.6,8.70,1.029,257.15,0.5922
384.6,8.78,1.029,257.32,0.5920
384.6,8.86,1.030,257.53,0.5920
384.6,8.94,1.031,257.79,0.5921
384.6,9.02,1.032,258.08,0.5924
384.6,9.10,1.034,258.41,0.5929
384.6,9.18,1.035,258.76,0.5935
384.6,9.26,1.037,259.14,0.5942
384.6,9.34,1.038,259.52,0.5951
384.6,9.42,1.040,259.92,0.5961
384.6,9.50,1.041,260.32,0.5972
384.6,9.58,1.043,260.72,0.5984
384.6,9.66,1.044,261.11,0.5997
384.6,9.74,1.046,261.50,0.6010
384.6,9.83,1.047,261.87,0.6028
384.6,9.91,1.049,262.22,0.6048
384.6,9.99,1.050,262.55,0.6074
384.6,10.07,1.052,262.88,0.6103
384.6,10.15,1.053,263.25,0.6133
384.6,10.23,1.054,263.58,0.6161
384.6,10.31,1.055,263.78,0.6180
384.6,10.39,1.056,263.92,0.6193
384.6,10.47,1.056,264.10,0.6206
384.6,10.55,1.057,264.31,0.6219
384.6,10.63,1.058,264.53,0.6232
384.6,10.71,1.059,264.78,0.6244
384.6,10.79,1.060,265.03,0.6256
384.6,10.87,1.061,265.29,0.6266
384.6,10.95,1.062,265.57,0.6276
384.6,11.03,1.063,265.85,0.6286
384.6,11.11,1.065,266.14,0.6294
384.6,11.19,1.066,266.44,0.6303
384.6,11.28,1.067,266.76,0.6311
384.6,11.36,1.068,267.08,0.6318
384.6,11.44,1.070,267.42,0.6325
384.6,11.52,1.071,267.77,0.6332
384.6,11.60,1.073,268.14,0.6338
384.6,11.68,1.074,268.51,0.6345
384.6,11.76,1.076,268.90,0.6351
384.6,11.84,1.077,269.32,0.6358
384.6,11.92,1.079,269.75,0.6366
384.6,12.00,1.081,270.22,0.6376
389.9,0.00,1.893,473.14,
389.9,0.08,1.889,472.21,
389.9,0.16,1.884,471.12,
389.9,0.24,1.880,470.01,
389.9,0.32,1.876,469.02,
389.9,0.40,1.873,468.14,
389.9,0.48,1.869,467.24,
389.9,0.56,1.865,466.24,
389.9,0.64,1.861,465.15,
389.9,0.72,1.856,463.94,
389.9,0.81,1.850,462.62,
389.9,0.89,1.845,461.19,
389.9,0.97,1.839,459.63,
389.9,1.05,1.832,457.95,
389.9,1.13,1.825,456.14,
389.9,1.21,1.817,454.19,
389.9,1.29,1.808,452.11,
389.9,1.37,1.800,449.88,
389.9,1.45,1.790,447.51,
389.9,1.53,1.780,444.98,
389.9,1.61,1.769,442.30,
389.9,1.69,1.758,439.45,
389.9,1.77,1.746,436.44,
389.9,1.85,1.733,433.28,
389.9,1.93,1.720,430.04,
389.9,2.01,1.707,426.73,0.9535
389.9,2.09,1.692,423.12,0.9445
389.9,2.17,1.676,419.04,0.9345
389.9,2.26,1.658,414.55,0.9243
389.9,2.34,1.640,410.08,0.9147
389.9,2.42,1.623,405.69,0.9057
389.9,2.50,1.606,401.38,0.8972
389.9,2.58,1.589,397.15,0.8891
389.9,2.66,1.572,393.01,0.8813
389.9,2.74,1.556,388.99,0.8739
389.9,2.82,1.540,385.09,0.8668
389.9,2.90,1.525,381.33,0.8600
389.9,2.98,1.511,377.72,0.8535
389.9,3.06,1.497,374.29,0.8474
389.9,3.14,1.484,371.03,0.8415
389.9,3.22,1.472,367.97,0.8359
389.9,3.30,1.460,365.12,0.8306
389.9,3.38,1.450,362.50,0.8255
389.9,3.46,1.440,360.12,0.8207
389.9,3.54,1.432,357.99,0.8161
389.9,3.62,1.425,356.13,0.8117
389.9,3.70,1.418,354.55,0.8075
389.9,3.79,1.413,353.27,0.8035
389.9,3.87,1.409,352.34,0.7998
389.9,3.95,1.408,351.89,0.7966
389.9,4.03,1.408,351.92,0.7938
389.9,4.11,1.408,351.98,0.7904
389.9,4.19,1.408,352.00,0.7863
389.9,4.27,1.408,352.00,0.7824
389.9,4.35,1.408,351.90,0.7791
389.9,4.43,1.407,351.69,0.7762
389.9,4.51,1.405,351.33,0.7734
389.9,4.59,1.403,350.81,0.7706
389.9,4.67,1.401,350.13,0.7678
389.9,4.75,1.397,349.29,0.7649
389.9,4.83,1.393,348.30,0.7620
389.9,4.91,1.389,347.14,0.7591
389.9,4.99,1.383,345.83,0.7561
389.9,5.07,1.377,344.36,0.7530
389.9,5.15,1.371,342.74,0.7498
389.9,5.23,1.364,340.96,0.7466
389.9,5.32,1.356,339.03,0.7432
389.9,5.40,1.348,336.95,0.7398
389.9,5.48,1.339,334.72,0.7362
389.9,5.56,1.329,332.33,0.7325
389.9,5.64,1.319,329.80,0.7287
389.9,5.72,1.308,327.11,0.7247
389.9,5.80,1.297,324.28,0.7206
389.9,5.88,1.285,321.34,0.7166
389.9,5.96,1.273,318.33,0.7129
389.9,6.04,1.261,315.29,0.7095
389.9,6.12,1.250,312.39,0.7054
389.9,6.20,1.238,309.48,0.7005
389.9,6.28,1.226,306.56,0.6951
389.9,6.36,1.215,303.71,0.6900
389.9,6.44,1.204,300.94,0.6852
389.9,6.52,1.193,298.29,0.6803
389.9,6.60,1.183,295.74,0.6755
389.9,6.68,1.173,293.30,0.6707
389.9,6.77,1.164,290.98,0.6659
389.9,6.85,1.155,288.77,0.6611
389.9,6.93,1.147,286.68,0.6564
389.9,7.01,1.139,284.70,0.6517
389.9,7.09,1.131,282.84,0.6472
389.9,7.17,1.124,281.10,0.6427
389.9,7.25,1.118,279.49,0.6384
389.9,7.33,1.112,277.99,0.6342
389.9,7.41,1.106,276.62,0.6301
389.9,7.49,1.101,275.37,0.6263
389.9,7.57,1.097,274.25,0.6226
389.9,7.65,1.093,273.26,0.6191
389.9,7.73,1.090,272.40,0.6158
389.9,7.81,1.087,271.67,0.6128
389.9,7.89,1.084,271.04,0.6103
389.9,7.97,1.082,270.48,0.6085
389.9,8.05,1.080,269.98,0.6071
389.9,8.13,1.078,269.46,0.6050
389.9,8.21,1.076,269.00,0.6024
389.9,8.30,1.075,268.67,0.6001
389.9,8.38,1.074,268.47,0.5985
389.9,8.46,1.074,268.38,0.5975
389.9,8.54,1.073,268.36,0.5967
389.9,8.62,1.074,268.40,0.5961
389.9,8.70,1.074,268.49,0.5958
389.9,8.78,1.075,268.64,0.5956
389.9,8.86,1.075,268.82,0.5956
389.9,8.94,1.076,269.05,0.5957
389.9,9.02,1.077,269.31,0.5960
389.9,9.10,1.078,269.60,0.5965
389.9,9.18,1.080,269.91,0.5971
389.9,9.26,1.081,270.24,0.5978
389.9,9.34,1.082,270.58,0.5987
389.9,9.42,1.084,270.92,0.5997
389.9,9.50,1.085,271.27,0.6007
389.9,9.58,1.086,271.61,0.6019
389.9,9.66,1.088,271.94,0.6031
389.9,9.74,1.089,272.25,0.6044
389.9,9.83,1.090,272.54,0.6057
389.9,9.91,1.091,272.82,0.6074
389.9,9.99,1.092,273.06,0.6095
389.9,10.07,1.093,273.31,0.6119
389.9,10.15,1.094,273.56,0.6143
389.9,10.23,1.095,273.69,0.6158
389.9,10.31,1.095,273.82,0.6171
389.9,10.39,1.096,273.97,0.6184
389.9,10.47,1.097,274.14,0.6196
389.9,10.55,1.097,274.33,0.6207
389.9,10.63,1.098,274.52,0.6218
389.9,10.71,1.099,274.72,0.6227
389.9,10.79,1.100,274.93,0.6236
389.9,10.87,1.101,275.14,0.6244
389.9,10.95,1.101,275.37,0.6252
389.9,11.03,1.102,275.61,0.6259
389.9,11.11,1.103,275.86,0.6265
389.9,11.19,1.105,276.13,0.6271
389.9,11.28,1.106,276.40,0.6277
389.9,11.36,1.107,276.68,0.6282
389.9,11.44,1.108,276.98,0.6287
389.9,11.52,1.109,277.29,0.6291
389.9,11.60,1.110,277.61,0.6296
389.9,11.68,1.112,277.95,0.6300
389.9,11.76,1.113,278.30,0.6304
389.9,11.84,1.115,278.66,0.6308
389.9,11.92,1.116,279.05,0.6313
389.9,12.00,1.118,279.46,0.6320
395.3,0.00,1.976,493.98,
395.3,0.08,1.972,492.95,
395.3,0.16,1.968,491.90,
395.3,0.24,1.964,490.94,
395.3,0.32,1.960,489.89,
395.3,0.40,1.955,488.75,
395.3,0.48,1.950,487.51,
395.3,0.56,1.945,486.17,
395.3,0.64,1.939,484.73,
395.3,0.72,1.933,483.18,
395.3,0.81,1.926,481.51,
395.3,0.89,1.919,479.72,
395.3,0.97,1.911,477.80,
395.3,1.05,1.903,475.76,
395.3,1.13,1.894,473.59,
395.3,1.21,1.885,471.27,
395.3,1.29,1.875,468.82,
395.3,1.37,1.865,466.22,
395.3,1.45,1.854,463.47,
395.3,1.53,1.842,460.56,
395.3,1.61,1.830,457.50,
395.3,1.69,1.817,454.27,
395.3,1.77,1.803,450.87,
395.3,1.85,1.789,447.30,
395.3,1.93,1.774,443.55,
395.3,2.01,1.759,439.71,0.9476
395.3,2.09,1.742,435.54,0.9379
395.3,2.17,1.724,431.11,0.9281
395.3,2.26,1.707,426.74,0.9189
395.3,2.34,1.690,422.41,0.9101
395.3,2.42,1.673,418.15,0.9017
395.3,2.50,1.656,413.97,0.8937
395.3,2.58,1.639,409.87,0.8861
395.3,2.66,1.624,405.89,0.8787
395.3,2.74,1.608,402.02,0.8718
395.3,2.82,1.593,398.29,0.8651
395.3,2.90,1.579,394.71,0.8588
395.3,2.98,1.565,391.29,0.8528
395.3,3.06,1.552,388.05,0.8470
395.3,3.14,1.540,385.00,0.8416
395.3,3.22,1.529,382.15,0.8364
395.3,3.30,1.518,379.53,0.8314
395.3,3.38,1.509,377.14,0.8267
395.3,3.46,1.500,375.00,0.8223
395.3,3.54,1.493,373.13,0.8181
395.3,3.62,1.486,371.53,0.8140
395.3,3.70,1.481,370.22,0.8102
395.3,3.79,1.477,369.22,0.8066
395.3,3.87,1.474,368.54,0.8031
395.3,3.95,1.473,368.22,0.7999
395.3,4.03,1.473,368.35,0.7970
395.3,4.11,1.474,368.54,0.7937
395.3,4.19,1.475,368.67,0.7906
395.3,4.27,1.475,368.67,0.7878
395.3,4.35,1.474,368.51,0.7851
395.3,4.43,1.473,368.18,0.7823
395.3,4.51,1.471,367.69,0.7795
395.3,4.59,1.468,367.04,0.7767
395.3,4.67,1.465,366.24,0.7739
395.3,4.75,1.461,365.27,0.7710
395.3,4.83,1.457,364.15,0.7681
395.3,4.91,1.451,362.87,0.7651
395.3,4.99,1.446,361.43,0.7621
395.3,5.07,1.439,359.84,0.7590
395.3,5.15,1.432,358.09,0.7558
395.3,5.23,1.425,356.19,0.7525
395.3,5.32,1.417,354.14,0.7491
395.3,5.40,1.408,351.93,0.7456
395.3,5.48,1.398,349.57,0.7420
395.3,5.56,1.388,347.07,0.7382
395.3,5.64,1.378,344.41,0.7343
395.3,5.72,1.366,341.61,0.7302
395.3,5.80,1.355,338.65,0.7260
395.3,5.88,1.342,335.55,0.7216
395.3,5.96,1.329,332.33,0.7172
395.3,6.04,1.316,329.07,0.7130
395.3,6.12,1.303,325.85,0.7081
395.3,6.20,1.291,322.68,0.7031
395.3,6.28,1.278,319.59,0.6982
395.3,6.36,1.266,316.62,0.6933
395.3,6.44,1.255,313.75,0.6883
395.3,6.52,1.244,311.00,0.6833
395.3,6.60,1.233,308.35,0.6784
395.3,6.68,1.223,305.82,0.6734
395.3,6.77,1.214,303.40,0.6685
395.3,6.85,1.204,301.10,0.6636
395.3,6.93,1.196,298.91,0.6588
395.3,7.01,1.187,296.84,0.6540
395.3,7.09,1.180,294.89,0.6494
395.3,7.17,1.172,293.07,0.6449
395.3,7.25,1.165,291.36,0.6405
395.3,7.33,1.159,289.78,0.6363
395.3,7.41,1.153,288.32,0.6322
395.3,7.49,1.148,286.98,0.6283
395.3,7.57,1.143,285.78,0.6246
395.3,7.65,1.139,284.70,0.6211
395.3,7.73,1.135,283.76,0.6179
395.3,7.81,1.132,282.94,0.6149
395.3,7.89,1.129,282.26,0.6121
395.3,7.97,1.127,281.69,0.6098
395.3,8.05,1.125,281.18,0.6079
395.3,8.13,1.123,280.71,0.6056
395.3,8.21,1.122,280.38,0.6038
395.3,8.30,1.121,280.13,0.6024
395.3,8.38,1.120,279.96,0.6012
395.3,8.46,1.119,279.86,0.6002
395.3,8.54,1.119,279.82,0.5995
395.3,8.62,1.119,279.84,0.5989
395.3,8.70,1.120,279.91,0.5986
395.3,8.78,1.120,280.02,0.5984
395.3,8.86,1.121,280.18,0.5984
395.3,8.94,1.121,280.37,0.5985
395.3,9.02,1.122,280.59,0.5989
395.3,9.10,1.123,280.84,0.5993
395.3,9.18,1.124,281.10,0.5999
395.3,9.26,1.126,281.38,0.6006
395.3,9.34,1.127,281.66,0.6014
395.3,9.42,1.128,281.95,0.6023
395.3,9.50,1.129,282.23,0.6033
395.3,9.58,1.130,282.51,0.6044
395.3,9.66,1.131,282.77,0.6056
395.3,9.74,1.132,283.01,0.6068
395.3,9.83,1.133,283.23,0.6081
395.3,9.91,1.134,283.41,0.6094
395.3,9.99,1.134,283.57,0.6109
395.3,10.07,1.135,283.71,0.6128
395.3,10.15,1.135,283.79,0.6141
395.3,10.23,1.136,283.89,0.6153
395.3,10.31,1.136,284.00,0.6165
395.3,10.39,1.136,284.12,0.6175
395.3,10.47,1.137,284.25,0.6185
395.3,10.55,1.138,284.38,0.6193
395.3,10.63,1.138,284.53,0.6201
395.3,10.71,1.139,284.68,0.6208
395.3,10.79,1.139,284.85,0.6215
395.3,10.87,1.140,285.02,0.6220
395.3,10.95,1.141,285.20,0.6226
395.3,11.03,1.142,285.40,0.6230
395.3,11.11,1.142,285.60,0.6234
395.3,11.19,1.143,285.82,0.6238
395.3,11.28,1.144,286.05,0.6241
395.3,11.36,1.145,286.29,0.6244
395.3,11.44,1.146,286.54,0.6247
395.3,11.52,1.147,286.80,0.6249
395.3,11.60,1.148,287.08,0.6251
395.3,11.68,1.150,287.38,0.6253
395.3,11.76,1.151,287.68,0.6255
395.3,11.84,1.152,288.00,0.6258
395.3,11.92,1.153,288.34,0.6260
395.3,12.00,1.155,288.69,0.6263
400.7,0.00,2.060,515.09,
400.7,0.08,2.056,513.95,
400.7,0.16,2.051,512.73,
400.7,0.24,2.046,511.42,
400.7,0.32,2.040,510.03,
400.7,0.40,2.034,508.53,
400.7,0.48,2.028,506.94,
400.7,0.56,2.021,505.24,
400.7,0.64,2.014,503.44,
400.7,0.72,2.006,501.52,
400.7,0.81,1.998,499.48,
400.7,0.89,1.989,497.32,
400.7,0.97,1.980,495.03,
400.7,1.05,1.970,492.61,
400.7,1.13,1.960,490.05,
400.7,1.21,1.949,487.36,
400.7,1.29,1.938,484.52,
400.7,1.37,1.926,481.53,
400.7,1.45,1.914,478.38,
400.7,1.53,1.900,475.08,
400.7,1.61,1.886,471.62,
400.7,1.69,1.872,467.99,
400.7,1.77,1.857,464.18,
400.7,1.85,1.841,460.21,
400.7,1.93,1.824,456.05,
400.7,2.01,1.807,451.71,0.9401
400.7,2.09,1.790,447.38,0.9306
400.7,2.17,1.772,443.08,0.9216
400.7,2.26,1.755,438.82,0.9129
400.7,2.34,1.738,434.62,0.9047
400.7,2.42,1.722,430.50,0.8968
400.7,2.50,1.706,426.46,0.8892
400.7,2.58,1.690,422.53,0.8821
400.7,2.66,1.675,418.70,0.8752
400.7,2.74,1.660,415.01,0.8687
400.7,2.82,1.646,411.47,0.8626
400.7,2.90,1.632,408.08,0.8567
400.7,2.98,1.619,404.86,0.8511
400.7,3.06,1.607,401.83,0.8458
400.7,3.14,1.596,399.01,0.8408
400.7,3.22,1.586,396.40,0.8360
400.7,3.30,1.576,394.01,0.8315
400.7,3.38,1.568,391.88,0.8273
400.7,3.46,1.560,390.00,0.8232
400.7,3.54,1.554,388.39,0.8194
400.7,3.62,1.548,387.08,0.8158
400.7,3.70,1.544,386.06,0.8123
400.7,3.79,1.541,385.36,0.8091
400.7,3.87,1.540,384.99,0.8060
400.7,3.95,1.540,384.96,0.8030
400.7,4.03,1.541,385.28,0.8003
400.7,4.11,1.542,385.48,0.7975
400.7,4.19,1.542,385.51,0.7947
400.7,4.27,1.542,385.38,0.7920
400.7,4.35,1.540,385.09,0.7893
400.7,4.43,1.539,384.64,0.7865
400.7,4.51,1.536,384.03,0.7838
400.7,4.59,1.533,383.26,0.7810
400.7,4.67,1.529,382.33,0.7782
400.7,4.75,1.525,381.24,0.7753
400.7,4.83,1.520,379.99,0.7724
400.7,4.91,1.514,378.59,0.7694
400.7,4.99,1.508,377.03,0.7664
400.7,5.07,1.501,375.32,0.7632
400.7,5.15,1.494,373.45,0.7600
400.7,5.23,1.486,371.43,0.7567
400.7,5.32,1.477,369.26,0.7532
400.7,5.40,1.468,366.94,0.7497
400.7,5.48,1.458,364.46,0.7460
400.7,5.56,1.447,361.84,0.7422
400.7,5.64,1.436,359.07,0.7382
400.7,5.72,1.425,356.14,0.7341
400.7,5.80,1.412,353.08,0.7298
400.7,5.88,1.399,349.86,0.7253
400.7,5.96,1.386,346.50,0.7207
400.7,6.04,1.372,343.01,0.7158
400.7,6.12,1.358,339.60,0.7109
400.7,6.20,1.345,336.31,0.7059
400.7,6.28,1.332,333.12,0.7008
400.7,6.36,1.320,330.04,0.6957
400.7,6.44,1.308,327.07,0.6906
400.7,6.52,1.297,324.21,0.6854
400.7,6.60,1.286,321.46,0.6803
400.7,6.68,1.275,318.82,0.6752
400.7,6.77,1.265,316.31,0.6702
400.7,6.85,1.256,313.90,0.6652
400.7,6.93,1.246,311.62,0.6603
400.7,7.01,1.238,309.45,0.6555
400.7,7.09,1.230,307.40,0.6508
400.7,7.17,1.222,305.48,0.6462
400.7,7.25,1.215,303.67,0.6417
400.7,7.33,1.208,301.99,0.6375
400.7,7.41,1.202,300.44,0.6334
400.7,7.49,1.196,299.01,0.6295
400.7,7.57,1.191,297.72,0.6258
400.7,7.65,1.186,296.55,0.6223
400.7,7.73,1.182,295.51,0.6190
400.7,7.81,1.178,294.61,0.6161
400.7,7.89,1.175,293.83,0.6134
400.7,7.97,1.173,293.20,0.6109
400.7,8.05,1.171,292.70,0.6088
400.7,8.13,1.169,292.29,0.6070
400.7,8.21,1.168,291.96,0.6053
400.7,8.30,1.167,291.70,0.6040
400.7,8.38,1.166,291.52,0.6028
400.7,8.46,1.166,291.40,0.6018
400.7,8.54,1.165,291.33,0.6011
400.7,8.62,1.165,291.32,0.6006
400.7,8.70,1.165,291.36,0.6002
400.7,8.78,1.166,291.44,0.6000
400.7,8.86,1.166,291.56,0.6000
400.7,8.94,1.167,291.71,0.6002
400.7,9.02,1.168,291.89,0.6004
400.7,9.10,1.168,292.08,0.6009
400.7,9.18,1.169,292.29,0.6014
400.7,9.26,1.170,292.52,0.6021
400.7,9.34,1.171,292.74,0.6028
400.7,9.42,1.172,292.96,0.6037
400.7,9.50,1.173,293.18,0.6046
400.7,9.58,1.174,293.38,0.6057
400.7,9.66,1.174,293.57,0.6067
400.7,9.74,1.175,293.73,0.6079
400.7,9.83,1.175,293.87,0.6091
400.7,9.91,1.176,293.97,0.6103
400.7,9.99,1.176,294.03,0.6115
400.7,10.07,1.176,294.06,0.6127
400.7,10.15,1.176,294.11,0.6138
400.7,10.23,1.177,294.16,0.6148
400.7,10.31,1.177,294.22,0.6156
400.7,10.39,1.177,294.29,0.6164
400.7,10.47,1.177,294.37,0.6171
400.7,10.55,1.178,294.45,0.6177
400.7,10.63,1.178,294.55,0.6182
400.7,10.71,1.179,294.65,0.6187
400.7,10.79,1.179,294.77,0.6191
400.7,10.87,1.180,294.89,0.6194
400.7,10.95,1.180,295.03,0.6197
400.7,11.03,1.181,295.17,0.6199
400.7,11.11,1.181,295.33,0.6200
400.7,11.19,1.182,295.50,0.6202
400.7,11.28,1.183,295.68,0.6203
400.7,11.36,1.183,295.87,0.6203
400.7,11.44,1.184,296.08,0.6204
400.7,11.52,1.185,296.30,0.6204
400.7,11.60,1.186,296.53,0.6204
400.7,11.68,1.187,296.77,0.6204
400.7,11.76,1.188,297.03,0.6204
400.7,11.84,1.189,297.31,0.6204
400.7,11.92,1.190,297.60,0.6204
400.7,12.00,1.192,297.90,0.6205
406.0,0.00,2.146,536.47,
406.0,0.08,2.139,534.73,
406.0,0.16,2.132,533.12,
406.0,0.24,2.126,531.44,
406.0,0.32,2.119,529.67,
406.0,0.40,2.111,527.81,
406.0,0.48,2.103,525.84,
406.0,0.56,2.095,523.76,
406.0,0.64,2.086,521.57,
406.0,0.72,2.077,519.26,
406.0,0.81,2.067,516.83,
406.0,0.89,2.057,514.28,
406.0,0.97,2.046,511.60,
406.0,1.05,2.035,508.78,
406.0,1.13,2.023,505.82,
406.0,1.21,2.011,502.72,
406.0,1.29,1.998,499.48,
406.0,1.37,1.984,496.08,
406.0,1.45,1.970,492.52,
406.0,1.53,1.955,488.80,
406.0,1.61,1.940,484.92,
406.0,1.69,1.923,480.87,
406.0,1.77,1.907,476.64,
406.0,1.85,1.889,472.32,
406.0,1.93,1.871,467.67,
406.0,2.01,1.850,462.56,0.9307
406.0,2.09,1.832,457.93,0.9216
406.0,2.17,1.815,453.71,0.9131
406.0,2.26,1.798,449.57,0.9050
406.0,2.34,1.782,445.50,0.8972
406.0,2.42,1.766,441.51,0.8899
406.0,2.50,1.750,437.62,0.8829
406.0,2.58,1.735,433.84,0.8763
406.0,2.66,1.721,430.18,0.8699
406.0,2.74,1.707,426.67,0.8639
406.0,2.82,1.693,423.30,0.8583
406.0,2.90,1.680,420.11,0.8529
406.0,2.98,1.668,417.09,0.8478
406.0,3.06,1.657,414.28,0.8430
406.0,3.14,1.647,411.67,0.8384
406.0,3.22,1.637,409.29,0.8341
406.0,3.30,1.629,407.15,0.8301
406.0,3.38,1.621,405.26,0.8262
406.0,3.46,1.615,403.64,0.8226
406.0,3.54,1.609,402.31,0.8192
406.0,3.62,1.605,401.27,0.8160
406.0,3.70,1.602,400.54,0.8130
406.0,3.79,1.601,400.16,0.8102
406.0,3.87,1.602,400.49,0.8078
406.0,3.95,1.608,401.90,0.8059
406.0,4.03,1.612,403.03,0.8035
406.0,4.11,1.613,403.36,0.8009
406.0,4.19,1.613,403.29,0.7982
406.0,4.27,1.612,403.05,0.7955
406.0,4.35,1.611,402.66,0.7928
406.0,4.43,1.608,402.10,0.7901
406.0,4.51,1.606,401.38,0.7874
406.0,4.59,1.602,400.50,0.7846
406.0,4.67,1.598,399.47,0.7818
406.0,4.75,1.593,398.28,0.7790
406.0,4.83,1.588,396.93,0.7761
406.0,4.91,1.582,395.42,0.7731
406.0,4.99,1.575,393.76,0.7700
406.0,5.07,1.568,391.94,0.7669
406.0,5.15,1.560,389.98,0.7636
406.0,5.23,1.551,387.86,0.7603
406.0,5.32,1.542,385.58,0.7568
406.0,5.40,1.533,383.16,0.7532
406.0,5.48,1.522,380.59,0.7495
406.0,5.56,1.511,377.86,0.7456
406.0,5.64,1.500,374.99,0.7416
406.0,5.72,1.488,371.97,0.7374
406.0,5.80,1.475,368.78,0.7330
406.0,5.88,1.461,365.23,0.7284
406.0,5.96,1.444,360.95,0.7231
406.0,6.04,1.428,356.95,0.7178
406.0,6.12,1.413,353.34,0.7126
406.0,6.20,1.400,349.93,0.7074
406.0,6.28,1.387,346.63,0.7021
406.0,6.36,1.374,343.43,0.6969
406.0,6.44,1.361,340.35,0.6916
406.0,6.52,1.350,337.38,0.6863
406.0,6.60,1.338,334.52,0.6811
406.0,6.68,1.327,331.77,0.6759
406.0,6.77,1.317,329.14,0.6707
406.0,6.85,1.307,326.63,0.6656
406.0,6.93,1.297,324.24,0.6606
406.0,7.01,1.288,321.96,0.6557
406.0,7.09,1.279,319.81,0.6510
406.0,7.17,1.271,317.78,0.6463
406.0,7.25,1.263,315.87,0.6418
406.0,7.33,1.256,314.09,0.6375
406.0,7.41,1.250,312.43,0.6334
406.0,7.49,1.244,310.91,0.6295
406.0,7.57,1.238,309.51,0.6258
406.0,7.65,1.233,308.24,0.6223
406.0,7.73,1.228,307.10,0.6191
406.0,7.81,1.225,306.13,0.6162
406.0,7.89,1.222,305.44,0.6138
406.0,7.97,1.220,305.03,0.6117
406.0,8.05,1.218,304.49,0.6095
406.0,8.13,1.216,304.05,0.6076
406.0,8.21,1.215,303.71,0.6061
406.0,8.30,1.214,303.43,0.6047
406.0,8.38,1.213,303.23,0.6036
406.0,8.46,1.212,303.09,0.6027
406.0,8.54,1.212,303.00,0.6019
406.0,8.62,1.212,302.96,0.6014
406.0,8.70,1.212,302.96,0.6010
406.0,8.78,1.212,303.00,0.6008
406.0,8.86,1.212,303.08,0.6008
406.0,8.94,1.213,303.19,0.6009
406.0,9.02,1.213,303.31,0.6012
406.0,9.10,1.214,303.46,0.6016
406.0,9.18,1.214,303.61,0.6021
406.0,9.26,1.215,303.77,0.6027
406.0,9.34,1.216,303.93,0.6034
406.0,9.42,1.216,304.09,0.6042
406.0,9.50,1.217,304.24,0.6051
406.0,9.58,1.217,304.37,0.6060
406.0,9.66,1.218,304.47,0.6070
406.0,9.74,1.218,304.56,0.6081
406.0,9.83,1.218,304.61,0.6092
406.0,9.91,1.219,304.64,0.6103
406.0,9.99,1.218,304.44,0.6112
406.0,10.07,1.217,304.26,0.6119
406.0,10.15,1.217,304.23,0.6127
406.0,10.23,1.217,304.22,0.6134
406.0,10.31,1.217,304.23,0.6140
406.0,10.39,1.217,304.25,0.6145
406.0,10.47,1.217,304.27,0.6150
406.0,10.55,1.217,304.31,0.6153
406.0,10.63,1.217,304.35,0.6156
406.0,10.71,1.218,304.40,0.6158
406.0,10.79,1.218,304.46,0.6159
406.0,10.87,1.218,304.54,0.6160
406.0,10.95,1.218,304.62,0.6160
406.0,11.03,1.219,304.71,0.6160
406.0,11.11,1.219,304.82,0.6159
406.0,11.19,1.220,304.94,0.6158
406.0,11.28,1.220,305.07,0.6157
406.0,11.36,1.221,305.21,0.6155
406.0,11.44,1.221,305.37,0.6154
406.0,11.52,1.222,305.53,0.6152
406.0,11.60,1.223,305.72,0.6150
406.0,11.68,1.224,305.91,0.6148
406.0,11.76,1.224,306.12,0.6146
406.0,11.84,1.226,306.41,0.6145
406.0,11.92,1.227,306.82,0.6145
406.0,12.00,1.228,307.09,0.6145
411.4,0.00,2.233,558.17,
411.4,0.08,2.223,555.74,
411.4,0.16,2.214,553.48,
411.4,0.24,2.205,551.35,
411.4,0.32,2.197,549.19,
411.4,0.40,2.188,546.93,
411.4,0.48,2.178,544.56,
411.4,0.56,2.168,542.07,
411.4,0.64,2.158,539.48,
411.4,0.72,2.147,536.76,
411.4,0.81,2.136,533.92,
411.4,0.89,2.124,530.95,
411.4,0.97,2.111,527.85,
411.4,1.05,2.098,524.61,
411.4,1.13,2.085,521.23,
411.4,1.21,2.071,517.71,
411.4,1.29,2.056,514.03,
411.4,1.37,2.041,510.20,
411.4,1.45,2.025,506.20,
411.4,1.53,2.008,502.05,
411.4,1.61,1.991,497.76,
411.4,1.69,1.974,493.40,
411.4,1.77,1.956,488.99,
411.4,1.85,1.936,483.94,
411.4,1.93,1.912,478.01,
411.4,2.01,1.889,472.36,0.9194
411.4,2.09,1.869,467.26,0.9106
411.4,2.17,1.851,462.69,0.9024
411.4,2.26,1.834,458.58,0.8949
411.4,2.34,1.818,454.62,0.8877
411.4,2.42,1.803,450.75,0.8809
411.4,2.50,1.788,446.99,0.8745
411.4,2.58,1.773,443.35,0.8684
411.4,2.66,1.759,439.85,0.8627
411.4,2.74,1.746,436.49,0.8572
411.4,2.82,1.733,433.30,0.8521
411.4,2.90,1.721,430.28,0.8472
411.4,2.98,1.710,427.46,0.8426
411.4,3.06,1.699,424.84,0.8383
411.4,3.14,1.690,422.44,0.8343
411.4,3.22,1.681,420.28,0.8305
411.4,3.30,1.673,418.37,0.8269
411.4,3.38,1.667,416.72,0.8236
411.4,3.46,1.661,415.35,0.8205
411.4,3.54,1.657,414.27,0.8175
411.4,3.62,1.655,413.68,0.8149
411.4,3.70,1.655,413.85,0.8129
411.4,3.79,1.660,414.88,0.8113
411.4,3.87,1.669,417.20,0.8102
411.4,3.95,1.681,420.13,0.8088
411.4,4.03,1.687,421.63,0.8067
411.4,4.11,1.689,422.30,0.8043
411.4,4.19,1.690,422.44,0.8018
411.4,4.27,1.689,422.16,0.7991
411.4,4.35,1.687,421.68,0.7965
411.4,4.43,1.684,421.05,0.7939
411.4,4.51,1.681,420.25,0.7912
411.4,4.59,1.677,419.29,0.7884
411.4,4.67,1.673,418.18,0.7857
411.4,4.75,1.668,416.91,0.7829
411.4,4.83,1.662,415.49,0.7800
411.4,4.91,1.656,413.90,0.7770
411.4,4.99,1.649,412.17,0.7739
411.4,5.07,1.641,410.28,0.7708
411.4,5.15,1.633,408.24,0.7675
411.4,5.23,1.624,406.04,0.7642
411.4,5.32,1.615,403.70,0.7607
411.4,5.40,1.605,401.20,0.7571
411.4,5.48,1.594,398.56,0.7533
411.4,5.56,1.583,395.76,0.7494
411.4,5.64,1.571,392.69,0.7453
411.4,5.72,1.557,389.26,0.7409
411.4,5.80,1.542,385.38,0.7361
411.4,5.88,1.522,380.47,0.7305
411.4,5.96,1.501,375.26,0.7245
411.4,6.04,1.484,370.91,0.7188
411.4,6.12,1.468,366.97,0.7133
411.4,6.20,1.453,363.31,0.7078
411.4,6.28,1.439,359.87,0.7024
411.4,6.36,1.426,356.55,0.6970
411.4,6.44,1.413,353.35,0.6915
411.4,6.52,1.401,350.25,0.6861
411.4,6.60,1.389,347.27,0.6808
411.4,6.68,1.378,344.41,0.6754
411.4,6.77,1.367,341.66,0.6702
411.4,6.85,1.356,339.03,0.6650
411.4,6.93,1.346,336.52,0.6599
411.4,7.01,1.337,334.13,0.6549
411.4,7.09,1.327,331.86,0.6501
411.4,7.17,1.319,329.72,0.6454
411.4,7.25,1.311,327.70,0.6409
411.4,7.33,1.303,325.81,0.6366
411.4,7.41,1.296,324.04,0.6324
411.4,7.49,1.290,322.40,0.6285
411.4,7.57,1.284,320.90,0.6248
411.4,7.65,1.278,319.62,0.6215
411.4,7.73,1.274,318.62,0.6187
411.4,7.81,1.272,317.93,0.6163
411.4,7.89,1.270,317.61,0.6142
411.4,7.97,1.269,317.24,0.6121
411.4,8.05,1.266,316.62,0.6099
411.4,8.13,1.264,316.11,0.6080
411.4,8.21,1.263,315.72,0.6064
411.4,8.30,1.262,315.43,0.6051
411.4,8.38,1.261,315.20,0.6040
411.4,8.46,1.260,315.03,0.6031
411.4,8.54,1.260,314.91,0.6024
411.4,8.62,1.259,314.84,0.6018
411.4,8.70,1.259,314.81,0.6015
411.4,8.78,1.259,314.81,0.6013
411.4,8.86,1.259,314.85,0.6012
411.4,8.94,1.260,314.90,0.6013
411.4,9.02,1.260,314.98,0.6015
411.4,9.10,1.260,315.07,0.6019
411.4,9.18,1.261,315.16,0.6023
411.4,9.26,1.261,315.26,0.6029
411.4,9.34,1.261,315.36,0.6035
411.4,9.42,1.262,315.45,0.6043
411.4,9.50,1.262,315.52,0.6051
411.4,9.58,1.262,315.57,0.6059
411.4,9.66,1.262,315.62,0.6069
411.4,9.74,1.263,315.66,0.6079
411.4,9.83,1.262,315.61,0.6089
411.4,9.91,1.261,315.25,0.6095
411.4,9.99,1.259,314.79,0.6099
411.4,10.07,1.258,314.39,0.6103
411.4,10.15,1.257,314.15,0.6107
411.4,10.23,1.256,314.04,0.6110
411.4,10.31,1.256,313.99,0.6114
411.4,10.39,1.256,313.95,0.6117
411.4,10.47,1.256,313.92,0.6118
411.4,10.55,1.256,313.90,0.6119
411.4,10.63,1.256,313.88,0.6119
411.4,10.71,1.256,313.88,0.6119
411.4,10.79,1.256,313.89,0.6118
411.4,10.87,1.256,313.90,0.6116
411.4,10.95,1.256,313.93,0.6114
411.4,11.03,1.256,313.97,0.6112
411.4,11.11,1.256,314.03,0.6109
411.4,11.19,1.256,314.09,0.6106
411.4,11.28,1.257,314.17,0.6102
411.4,11.36,1.257,314.26,0.6099
411.4,11.44,1.257,314.36,0.6095
411.4,11.52,1.258,314.47,0.6091
411.4,11.60,1.259,314.63,0.6087
411.4,11.68,1.260,314.89,0.6085
411.4,11.76,1.261,315.30,0.6085
411.4,11.84,1.263,315.79,0.6086
411.4,11.92,1.265,316.20,0.6087
411.4,12.00,1.265,316.30,0.6085
416.8,0.00,2.321,580.18,
416.8,0.08,2.308,577.08,
416.8,0.16,2.297,574.17,
416.8,0.24,2.286,571.40,
416.8,0.32,2.275,568.71,
416.8,0.40,2.264,566.03,
416.8,0.48,2.253,563.23,
416.8,0.56,2.241,560.32,
416.8,0.64,2.229,557.30,
416.8,0.72,2.217,554.15,
416.8,0.81,2.204,550.88,
416.8,0.89,2.190,547.47,
416.8,0.97,2.176,543.93,
416.8,1.05,2.161,540.24,
416.8,1.13,2.146,536.42,
416.8,1.21,2.130,532.44,
416.8,1.29,2.113,528.31,
416.8,1.37,2.096,524.03,
416.8,1.45,2.079,519.66,
416.8,1.53,2.061,515.21,
416.8,1.61,2.043,510.71,
416.8,1.69,2.024,506.10,
416.8,1.77,2.002,500.53,
416.8,1.85,1.976,493.96,
416.8,1.93,1.950,487.40,
416.8,2.01,1.925,481.30,0.9064
416.8,2.09,1.903,475.78,0.8980
416.8,2.17,1.883,470.84,0.8902
416.8,2.26,1.866,466.40,0.8831
416.8,2.34,1.850,462.40,0.8765
416.8,2.42,1.835,458.64,0.8703
416.8,2.50,1.820,455.00,0.8645
416.8,2.58,1.806,451.49,0.8590
416.8,2.66,1.792,448.12,0.8538
416.8,2.74,1.780,444.91,0.8489
416.8,2.82,1.768,441.88,0.8444
416.8,2.90,1.756,439.03,0.8401
416.8,2.98,1.746,436.38,0.8361
416.8,3.06,1.736,433.95,0.8323
416.8,3.14,1.727,431.75,0.8288
416.8,3.22,1.719,429.79,0.8255
416.8,3.30,1.712,428.09,0.8225
416.8,3.38,1.707,426.73,0.8197
416.8,3.46,1.704,425.96,0.8174
416.8,3.54,1.704,425.90,0.8156
416.8,3.62,1.707,426.64,0.8143
416.8,3.70,1.713,428.36,0.8137
416.8,3.79,1.726,431.51,0.8133
416.8,3.87,1.743,435.78,0.8128
416.8,3.95,1.757,439.15,0.8118
416.8,4.03,1.764,441.00,0.8098
416.8,4.11,1.768,442.00,0.8076
416.8,4.19,1.770,442.44,0.8053
416.8,4.27,1.770,442.40,0.8029
416.8,4.35,1.768,441.94,0.8003
416.8,4.43,1.765,441.25,0.7977
416.8,4.51,1.762,440.41,0.7951
416.8,4.59,1.758,439.40,0.7924
416.8,4.67,1.753,438.24,0.7897
416.8,4.75,1.748,436.92,0.7869
416.8,4.83,1.742,435.44,0.7840
416.8,4.91,1.735,433.81,0.7811
416.8,4.99,1.728,432.03,0.7780
416.8,5.07,1.720,430.09,0.7749
416.8,5.15,1.712,428.00,0.7716
416.8,5.23,1.703,425.76,0.7683
416.8,5.32,1.693,423.37,0.7648
416.8,5.40,1.683,420.78,0.7611
416.8,5.48,1.672,417.88,0.7572
416.8,5.56,1.659,414.63,0.7531
416.8,5.64,1.644,410.99,0.7487
416.8,5.72,1.627,406.76,0.7438
416.8,5.80,1.605,401.37,0.7379
416.8,5.88,1.581,395.19,0.7313
416.8,5.96,1.559,389.64,0.7249
416.8,6.04,1.540,384.96,0.7190
416.8,6.12,1.523,380.69,0.7131
416.8,6.20,1.507,376.72,0.7074
416.8,6.28,1.492,373.02,0.7017
416.8,6.36,1.478,369.54,0.6961
416.8,6.44,1.465,366.21,0.6906
416.8,6.52,1.452,362.98,0.6850
416.8,6.60,1.439,359.87,0.6795
416.8,6.68,1.428,356.88,0.6741
416.8,6.77,1.416,354.01,0.6687
416.8,6.85,1.405,351.25,0.6635
416.8,6.93,1.394,348.61,0.6583
416.8,7.01,1.384,346.10,0.6533
416.8,7.09,1.375,343.71,0.6484
416.8,7.17,1.366,341.44,0.6437
416.8,7.25,1.357,339.30,0.6391
416.8,7.33,1.349,337.28,0.6348
416.8,7.41,1.342,335.44,0.6307
416.8,7.49,1.335,333.83,0.6270
416.8,7.57,1.330,332.49,0.6237
416.8,7.65,1.326,331.44,0.6209
416.8,7.73,1.323,330.73,0.6186
416.8,7.81,1.322,330.40,0.6165
416.8,7.89,1.321,330.25,0.6145
416.8,7.97,1.319,329.81,0.6124
416.8,8.05,1.316,329.12,0.6101
416.8,8.13,1.314,328.53,0.6081
416.8,8.21,1.312,328.08,0.6065
416.8,8.30,1.311,327.73,0.6051
416.8,8.38,1.310,327.47,0.6041
416.8,8.46,1.309,327.28,0.6032
416.8,8.54,1.309,327.13,0.6025
416.8,8.62,1.308,327.02,0.6019
416.8,8.70,1.308,326.95,0.6016
416.8,8.78,1.308,326.91,0.6013
416.8,8.86,1.308,326.89,0.6013
416.8,8.94,1.308,326.90,0.6013
416.8,9.02,1.308,326.92,0.6015
416.8,9.10,1.308,326.96,0.6018
416.8,9.18,1.308,326.99,0.6023
416.8,9.26,1.308,327.03,0.6028
416.8,9.34,1.308,327.05,0.6034
416.8,9.42,1.308,327.08,0.6040
416.8,9.50,1.308,327.10,0.6048
416.8,9.58,1.308,327.12,0.6057
416.8,9.66,1.309,327.13,0.6067
416.8,9.74,1.308,326.97,0.6074
416.8,9.83,1.306,326.47,0.6078
416.8,9.91,1.303,325.81,0.6079
416.8,9.99,1.301,325.14,0.6079
416.8,10.07,1.298,324.53,0.6079
416.8,10.15,1.296,324.10,0.6079
416.8,10.23,1.295,323.80,0.6079
416.8,10.31,1.294,323.62,0.6079
416.8,10.39,1.294,323.51,0.6080
416.8,10.47,1.294,323.42,0.6079
416.8,10.55,1.293,323.34,0.6077
416.8,10.63,1.293,323.27,0.6075
416.8,10.71,1.293,323.21,0.6072
416.8,10.79,1.293,323.16,0.6069
416.8,10.87,1.292,323.12,0.6065
416.8,10.95,1.292,323.09,0.6061
416.8,11.03,1.292,323.07,0.6056
416.8,11.11,1.292,323.07,0.6051
416.8,11.19,1.292,323.07,0.6046
416.8,11.28,1.292,323.09,0.6041
416.8,11.36,1.293,323.13,0.6035
416.8,11.44,1.293,323.24,0.6030
416.8,11.52,1.294,323.47,0.6026
416.8,11.60,1.295,323.82,0.6025
416.8,11.68,1.297,324.33,0.6025
416.8,11.76,1.299,324.87,0.6026
416.8,11.84,1.301,325.36,0.6027
416.8,11.92,1.303,325.64,0.6027
416.8,12.00,1.302,325.56,0.6024
422.1,0.00,2.410,602.54,
422.1,0.08,2.395,598.77,
422.1,0.16,2.381,595.20,
422.1,0.24,2.367,591.79,
422.1,0.32,2.354,588.50,
422.1,0.40,2.341,585.25,
422.1,0.48,2.328,582.00,
422.1,0.56,2.315,578.64,
422.1,0.64,2.301,575.16,
422.1,0.72,2.286,571.56,
422.1,0.81,2.271,567.82,
422.1,0.89,2.256,563.96,
422.1,0.97,2.240,559.95,
422.1,1.05,2.223,555.80,
422.1,1.13,2.206,551.50,
422.1,1.21,2.188,547.09,
422.1,1.29,2.170,542.58,
422.1,1.37,2.152,538.01,
422.1,1.45,2.133,533.36,
422.1,1.53,2.115,528.67,
422.1,1.61,2.095,523.67,
422.1,1.69,2.070,517.55,
422.1,1.77,2.042,510.45,
422.1,1.85,2.012,503.03,
422.1,1.93,1.984,496.03,
422.1,2.01,1.958,489.53,0.8919
422.1,2.09,1.935,483.66,0.8840
422.1,2.17,1.914,478.40,0.8767
422.1,2.26,1.895,473.68,0.8701
422.1,2.34,1.878,469.44,0.8640
422.1,2.42,1.862,465.60,0.8583
422.1,2.50,1.848,462.06,0.8531
422.1,2.58,1.835,458.66,0.8483
422.1,2.66,1.822,455.42,0.8437
422.1,2.74,1.809,452.35,0.8395
422.1,2.82,1.798,449.46,0.8355
422.1,2.90,1.787,446.76,0.8318
422.1,2.98,1.777,444.28,0.8284
422.1,3.06,1.768,442.02,0.8253
422.1,3.14,1.760,440.01,0.8223
422.1,3.22,1.754,438.43,0.8198
422.1,3.30,1.750,437.40,0.8177
422.1,3.38,1.748,437.04,0.8161
422.1,3.46,1.750,437.43,0.8151
422.1,3.54,1.755,438.68,0.8147
422.1,3.62,1.764,441.09,0.8149
422.1,3.70,1.780,444.99,0.8151
422.1,3.79,1.801,450.18,0.8155
422.1,3.87,1.821,455.21,0.8155
422.1,3.95,1.836,458.92,0.8146
422.1,4.03,1.844,461.10,0.8129
422.1,4.11,1.850,462.40,0.8109
422.1,4.19,1.852,463.12,0.8087
422.1,4.27,1.853,463.33,0.8065
422.1,4.35,1.852,463.10,0.8041
422.1,4.43,1.850,462.49,0.8016
422.1,4.51,1.846,461.62,0.7990
422.1,4.59,1.842,460.59,0.7964
422.1,4.67,1.838,459.40,0.7937
422.1,4.75,1.832,458.06,0.7910
422.1,4.83,1.826,456.56,0.7881
422.1,4.91,1.820,454.91,0.7852
422.1,4.99,1.812,453.11,0.7822
422.1,5.07,1.805,451.15,0.7791
422.1,5.15,1.796,449.03,0.7758
422.1,5.23,1.787,446.66,0.7724
422.1,5.32,1.776,444.00,0.7688
422.1,5.40,1.764,441.00,0.7650
422.1,5.48,1.751,437.64,0.7609
422.1,5.56,1.735,433.87,0.7565
422.1,5.64,1.717,429.25,0.7514
422.1,5.72,1.694,423.45,0.7452
422.1,5.80,1.667,416.64,0.7383
422.1,5.88,1.640,410.00,0.7313
422.1,5.96,1.617,404.13,0.7246
422.1,6.04,1.597,399.13,0.7184
422.1,6.12,1.578,394.55,0.7123
422.1,6.20,1.561,390.29,0.7063
422.1,6.28,1.545,386.31,0.7004
422.1,6.36,1.530,382.58,0.6946
422.1,6.44,1.516,379.06,0.6888
422.1,6.52,1.503,375.70,0.6832
422.1,6.60,1.490,372.45,0.6775
422.1,6.68,1.477,369.32,0.6720
422.1,6.77,1.465,366.31,0.6666
422.1,6.85,1.454,363.42,0.6612
422.1,6.93,1.443,360.65,0.6560
422.1,7.01,1.432,358.00,0.6509
422.1,7.09,1.422,355.47,0.6460
422.1,7.17,1.412,353.09,0.6412
422.1,7.25,1.404,350.90,0.6368
422.1,7.33,1.396,348.93,0.6327
422.1,7.41,1.389,347.22,0.6290
422.1,7.49,1.383,345.78,0.6257
422.1,7.57,1.379,344.66,0.6230
422.1,7.65,1.376,343.91,0.6207
422.1,7.73,1.374,343.54,0.6185
422.1,7.81,1.374,343.47,0.6166
422.1,7.89,1.373,343.26,0.6146
422.1,7.97,1.371,342.75,0.6124
422.1,8.05,1.368,341.99,0.6101
422.1,8.13,1.365,341.33,0.6081
422.1,8.21,1.363,340.81,0.6064
422.1,8.30,1.362,340.40,0.6050
422.1,8.38,1.360,340.08,0.6039
422.1,8.46,1.359,339.85,0.6030
422.1,8.54,1.359,339.66,0.6023
422.1,8.62,1.358,339.52,0.6018
422.1,8.70,1.358,339.41,0.6014
422.1,8.78,1.357,339.32,0.6012
422.1,8.86,1.357,339.26,0.6011
422.1,8.94,1.357,339.22,0.6011
422.1,9.02,1.357,339.18,0.6013
422.1,9.10,1.357,339.15,0.6016
422.1,9.18,1.357,339.13,0.6019
422.1,9.26,1.356,339.11,0.6024
422.1,9.34,1.356,339.10,0.6030
422.1,9.42,1.356,339.08,0.6037
422.1,9.50,1.356,339.07,0.6045
422.1,9.58,1.356,339.03,0.6053
422.1,9.66,1.355,338.72,0.6059
422.1,9.74,1.352,338.10,0.6060
422.1,9.83,1.349,337.26,0.6058
422.1,9.91,1.346,336.38,0.6055
422.1,9.99,1.342,335.52,0.6052
422.1,10.07,1.339,334.73,0.6048
422.1,10.15,1.336,334.11,0.6045
422.1,10.23,1.335,333.65,0.6042
422.1,10.31,1.333,333.31,0.6039
422.1,10.39,1.332,333.07,0.6036
422.1,10.47,1.332,332.90,0.6033
422.1,10.55,1.331,332.76,0.6029
422.1,10.63,1.331,332.63,0.6025
422.1,10.71,1.330,332.50,0.6020
422.1,10.79,1.330,332.39,0.6014
422.1,10.87,1.329,332.29,0.6008
422.1,10.95,1.329,332.20,0.6002
422.1,11.03,1.328,332.12,0.5995
422.1,11.11,1.328,332.06,0.5988
422.1,11.19,1.328,332.03,0.5981
422.1,11.28,1.328,332.09,0.5975
422.1,11.36,1.329,332.25,0.5970
422.1,11.44,1.330,332.53,0.5967
422.1,11.52,1.332,332.96,0.5965
422.1,11.60,1.334,333.53,0.5966
422.1,11.68,1.336,334.10,0.5967
422.1,11.76,1.338,334.62,0.5968
422.1,11.84,1.340,335.04,0.5969
422.1,11.92,1.341,335.15,0.5967
422.1,12.00,1.340,334.91,0.5963
427.5,0.00,2.501,625.26,
427.5,0.08,2.483,620.82,
427.5,0.16,2.466,616.61,
427.5,0.24,2.450,612.57,
427.5,0.32,2.435,608.66,
427.5,0.40,2.419,604.82,
427.5,0.48,2.404,601.00,
427.5,0.56,2.389,597.15,
427.5,0.64,2.373,593.20,
427.5,0.72,2.356,589.12,
427.5,0.81,2.340,584.90,
427.5,0.89,2.322,580.55,
427.5,0.97,2.304,576.06,
427.5,1.05,2.286,571.47,
427.5,1.13,2.267,566.79,
427.5,1.21,2.248,562.02,
427.5,1.29,2.229,557.19,
427.5,1.37,2.209,552.30,
427.5,1.45,2.189,547.37,
427.5,1.53,2.167,541.79,
427.5,1.61,2.140,535.09,
427.5,1.69,2.110,527.47,
427.5,1.77,2.077,519.30,
427.5,1.85,2.046,511.44,
427.5,1.93,2.016,504.05,
427.5,2.01,1.989,497.22,0.8763
427.5,2.09,1.964,491.06,0.8689
427.5,2.17,1.942,485.55,0.8622
427.5,2.26,1.922,480.62,0.8561
427.5,2.34,1.905,476.20,0.8506
427.5,2.42,1.889,472.22,0.8455
427.5,2.50,1.874,468.61,0.8409
427.5,2.58,1.861,465.30,0.8367
427.5,2.66,1.849,462.17,0.8329
427.5,2.74,1.837,459.22,0.8293
427.5,2.82,1.826,456.46,0.8259
427.5,2.90,1.816,453.90,0.8229
427.5,2.98,1.807,451.63,0.8202
427.5,3.06,1.799,449.77,0.8178
427.5,3.14,1.794,448.42,0.8159
427.5,3.22,1.791,447.69,0.8145
427.5,3.30,1.791,447.66,0.8137
427.5,3.38,1.794,448.44,0.8135
427.5,3.46,1.801,450.14,0.8140
427.5,3.54,1.813,453.23,0.8149
427.5,3.62,1.831,457.78,0.8159
427.5,3.70,1.854,463.61,0.8169
427.5,3.79,1.880,469.98,0.8178
427.5,3.87,1.901,475.35,0.8180
427.5,3.95,1.918,479.38,0.8174
427.5,4.03,1.927,481.87,0.8159
427.5,4.11,1.934,483.46,0.8140
427.5,4.19,1.938,484.44,0.8121
427.5,4.27,1.940,484.88,0.8099
427.5,4.35,1.939,484.84,0.8077
427.5,4.43,1.938,484.41,0.8053
427.5,4.51,1.935,483.65,0.8029
427.5,4.59,1.931,482.64,0.8003
427.5,4.67,1.926,481.45,0.7977
427.5,4.75,1.920,480.12,0.7950
427.5,4.83,1.914,478.62,0.7922
427.5,4.91,1.908,476.98,0.7894
427.5,4.99,1.901,475.14,0.7864
427.5,5.07,1.892,473.06,0.7832
427.5,5.15,1.883,470.70,0.7799
427.5,5.23,1.872,468.02,0.7763
427.5,5.32,1.860,465.00,0.7725
427.5,5.40,1.846,461.58,0.7685
427.5,5.48,1.831,457.69,0.7641
427.5,5.56,1.811,452.72,0.7587
427.5,5.64,1.786,446.59,0.7524
427.5,5.72,1.758,439.41,0.7453
427.5,5.80,1.728,431.88,0.7377
427.5,5.88,1.700,424.94,0.7305
427.5,5.96,1.675,418.77,0.7236
427.5,6.04,1.654,413.47,0.7171
427.5,6.12,1.634,408.60,0.7108
427.5,6.20,1.616,404.07,0.7045
427.5,6.28,1.599,399.83,0.6984
427.5,6.36,1.583,395.85,0.6924
427.5,6.44,1.568,392.10,0.6865
427.5,6.52,1.554,388.55,0.6807
427.5,6.60,1.541,385.15,0.6750
427.5,6.68,1.527,381.87,0.6693
427.5,6.77,1.515,378.72,0.6638
427.5,6.85,1.503,375.68,0.6584
427.5,6.93,1.491,372.77,0.6531
427.5,7.01,1.480,370.01,0.6480
427.5,7.09,1.470,367.44,0.6432
427.5,7.17,1.460,365.08,0.6387
427.5,7.25,1.452,362.96,0.6345
427.5,7.33,1.444,361.12,0.6308
427.5,7.41,1.438,359.56,0.6276
427.5,7.49,1.433,358.33,0.6249
427.5,7.57,1.430,357.51,0.6225
427.5,7.65,1.428,357.07,0.6204
427.5,7.73,1.428,356.98,0.6184
427.5,7.81,1.428,356.93,0.6165
427.5,7.89,1.427,356.65,0.6144
427.5,7.97,1.424,356.07,0.6122
427.5,8.05,1.421,355.24,0.6099
427.5,8.13,1.418,354.52,0.6078
427.5,8.21,1.416,353.94,0.6061
427.5,8.30,1.414,353.47,0.6047
427.5,8.38,1.412,353.09,0.6036
427.5,8.46,1.411,352.80,0.6027
427.5,8.54,1.410,352.57,0.6019
427.5,8.62,1.410,352.38,0.6014
427.5,8.70,1.409,352.22,0.6010
427.5,8.78,1.408,352.09,0.6008
427.5,8.86,1.408,351.98,0.6007
427.5,8.94,1.408,351.88,0.6007
427.5,9.02,1.407,351.80,0.6008
427.5,9.10,1.407,351.72,0.6011
427.5,9.18,1.407,351.66,0.6015
427.5,9.26,1.406,351.60,0.6020
427.5,9.34,1.406,351.54,0.6026
427.5,9.42,1.406,351.48,0.6033
427.5,9.50,1.405,351.35,0.6039
427.5,9.58,1.404,350.90,0.6042
427.5,9.66,1.401,350.15,0.6041
427.5,9.74,1.397,349.15,0.6037
427.5,9.83,1.392,348.09,0.6032
427.5,9.91,1.388,347.03,0.6026
427.5,9.99,1.384,345.99,0.6019
427.5,10.07,1.380,345.03,0.6012
427.5,10.15,1.377,344.25,0.6006
427.5,10.23,1.375,343.64,0.6000
427.5,10.31,1.373,343.15,0.5994
427.5,10.39,1.371,342.78,0.5988
427.5,10.47,1.370,342.50,0.5982
427.5,10.55,1.369,342.27,0.5976
427.5,10.63,1.368,342.07,0.5969
427.5,10.71,1.368,341.89,0.5962
427.5,10.79,1.367,341.71,0.5955
427.5,10.87,1.366,341.54,0.5946
427.5,10.95,1.366,341.40,0.5938
427.5,11.03,1.365,341.30,0.5930
427.5,11.11,1.365,341.28,0.5923
427.5,11.19,1.365,341.35,0.5916
427.5,11.28,1.366,341.53,0.5911
427.5,11.36,1.367,341.86,0.5908
427.5,11.44,1.369,342.35,0.5907
427.5,11.52,1.372,342.94,0.5908
427.5,11.60,1.374,343.52,0.5909
427.5,11.68,1.376,344.06,0.5910
427.5,11.76,1.378,344.55,0.5911
427.5,11.84,1.379,344.82,0.5910
427.5,11.92,1.379,344.77,0.5907
427.5,12.00,1.378,344.38,0.5902
432.9,0.00,2.593,648.35,
432.9,0.08,2.573,643.25,
432.9,0.16,2.554,638.40,
432.9,0.24,2.535,633.74,
432.9,0.32,2.517,629.22,
432.9,0.40,2.499,624.80,
432.9,0.48,2.482,620.41,
432.9,0.56,2.464,616.01,
432.9,0.64,2.446,611.54,
432.9,0.72,2.428,606.96,
432.9,0.81,2.409,602.25,
432.9,0.89,2.390,597.43,
432.9,0.97,2.370,592.51,
432.9,1.05,2.350,587.50,
432.9,1.13,2.330,582.42,
432.9,1.21,2.309,577.29,
432.9,1.29,2.288,572.10,
432.9,1.37,2.267,566.81,
432.9,1.45,2.242,560.55,
432.9,1.53,2.213,553.23,
432.9,1.61,2.180,545.06,
432.9,1.69,2.145,536.26,
432.9,1.77,2.110,527.58,
432.9,1.85,2.077,519.35,
432.9,1.93,2.047,511.65,
432.9,2.01,2.018,504.54,0.8596
432.9,2.09,1.993,498.15,0.8529
432.9,2.17,1.970,492.45,0.8469
432.9,2.26,1.949,487.37,0.8414
432.9,2.34,1.931,482.84,0.8366
432.9,2.42,1.915,478.79,0.8322
432.9,2.50,1.901,475.14,0.8283
432.9,2.58,1.887,471.83,0.8247
432.9,2.66,1.875,468.78,0.8215
432.9,2.74,1.864,465.95,0.8186
432.9,2.82,1.854,463.38,0.8160
432.9,2.90,1.845,461.17,0.8139
432.9,2.98,1.838,459.43,0.8121
432.9,3.06,1.833,458.25,0.8109
432.9,3.14,1.831,457.73,0.8102
432.9,3.22,1.832,457.98,0.8102
432.9,3.30,1.836,459.09,0.8108
432.9,3.38,1.845,461.24,0.8121
432.9,3.46,1.860,464.93,0.8137
432.9,3.54,1.880,470.06,0.8155
432.9,3.62,1.906,476.43,0.8172
432.9,3.70,1.935,483.71,0.8189
432.9,3.79,1.962,490.47,0.8200
432.9,3.87,1.985,496.15,0.8204
432.9,3.95,2.002,500.48,0.8200
432.9,4.03,2.013,503.26,0.8187
432.9,4.11,2.020,505.12,0.8171
432.9,4.19,2.025,506.33,0.8153
432.9,4.27,2.028,506.98,0.8133
432.9,4.35,2.029,507.13,0.8112
432.9,4.43,2.027,506.85,0.8090
432.9,4.51,2.025,506.22,0.8066
432.9,4.59,2.021,505.30,0.8042
432.9,4.67,2.017,504.15,0.8016
432.9,4.75,2.011,502.84,0.7990
432.9,4.83,2.005,501.35,0.7962
432.9,4.91,1.998,499.62,0.7934
432.9,4.99,1.991,497.64,0.7903
432.9,5.07,1.981,495.35,0.7871
432.9,5.15,1.971,492.73,0.7836
432.9,5.23,1.959,489.74,0.7799
432.9,5.32,1.945,486.34,0.7759
432.9,5.40,1.929,482.30,0.7714
432.9,5.48,1.908,477.05,0.7659
432.9,5.56,1.883,470.65,0.7595
432.9,5.64,1.853,463.24,0.7522
432.9,5.72,1.820,455.11,0.7443
432.9,5.80,1.789,447.29,0.7365
432.9,5.88,1.760,440.06,0.7290
432.9,5.96,1.734,433.61,0.7219
432.9,6.04,1.712,428.02,0.7152
432.9,6.12,1.692,422.89,0.7087
432.9,6.20,1.672,418.10,0.7023
432.9,6.28,1.654,413.62,0.6960
432.9,6.36,1.638,409.41,0.6898
432.9,6.44,1.622,405.44,0.6838
432.9,6.52,1.607,401.69,0.6778
432.9,6.60,1.592,398.11,0.6720
432.9,6.68,1.579,394.67,0.6663
432.9,6.77,1.565,391.37,0.6607
432.9,6.85,1.553,388.21,0.6552
432.9,6.93,1.541,385.23,0.6500
432.9,7.01,1.530,382.45,0.6451
432.9,7.09,1.520,379.90,0.6405
432.9,7.17,1.510,377.60,0.6363
432.9,7.25,1.502,375.58,0.6326
432.9,7.33,1.496,373.88,0.6294
432.9,7.41,1.490,372.54,0.6267
432.9,7.49,1.486,371.61,0.6242
432.9,7.57,1.484,371.07,0.6220
432.9,7.65,1.484,370.88,0.6200
432.9,7.73,1.484,370.89,0.6181
432.9,7.81,1.483,370.77,0.6162
432.9,7.89,1.482,370.42,0.6141
432.9,7.97,1.479,369.78,0.6119
432.9,8.05,1.476,368.88,0.6095
432.9,8.13,1.472,368.11,0.6075
432.9,8.21,1.470,367.46,0.6057
432.9,8.30,1.468,366.94,0.6043
432.9,8.38,1.466,366.51,0.6031
432.9,8.46,1.465,366.16,0.6022
432.9,8.54,1.463,365.87,0.6015
432.9,8.62,1.463,365.64,0.6009
432.9,8.70,1.462,365.44,0.6005
432.9,8.78,1.461,365.26,0.6003
432.9,8.86,1.460,365.10,0.6002
432.9,8.94,1.460,364.95,0.6002
432.9,9.02,1.459,364.82,0.6003
432.9,9.10,1.459,364.70,0.6006
432.9,9.18,1.458,364.59,0.6010
432.9,9.26,1.458,364.48,0.6014
432.9,9.34,1.458,364.38,0.6020
432.9,9.42,1.456,364.10,0.6025
432.9,9.50,1.454,363.50,0.6025
432.9,9.58,1.450,362.62,0.6022
432.9,9.66,1.446,361.50,0.6016
432.9,9.74,1.441,360.26,0.6008
432.9,9.83,1.436,359.02,0.5999
432.9,9.91,1.431,357.79,0.5990
432.9,9.99,1.426,356.59,0.5981
432.9,10.07,1.422,355.48,0.5971
432.9,10.15,1.418,354.56,0.5962
432.9,10.23,1.415,353.81,0.5953
432.9,10.31,1.413,353.21,0.5945
432.9,10.39,1.411,352.72,0.5936
432.9,10.47,1.409,352.32,0.5928
432.9,10.55,1.408,352.00,0.5920
432.9,10.63,1.407,351.73,0.5911
432.9,10.71,1.406,351.47,0.5902
432.9,10.79,1.405,351.24,0.5892
432.9,10.87,1.404,351.05,0.5883
432.9,10.95,1.404,350.92,0.5874
432.9,11.03,1.404,350.88,0.5866
432.9,11.11,1.404,350.95,0.5859
432.9,11.19,1.405,351.15,0.5854
432.9,11.28,1.406,351.50,0.5851
432.9,11.36,1.408,352.03,0.5851
432.9,11.44,1.410,352.61,0.5851
432.9,11.52,1.413,353.17,0.5852
432.9,11.60,1.415,353.71,0.5852
432.9,11.68,1.417,354.23,0.5853
432.9,11.76,1.418,354.60,0.5853
432.9,11.84,1.419,354.72,0.5851
432.9,11.92,1.418,354.54,0.5847
432.9,12.00,1.416,354.01,0.5841
438.3,0.00,2.687,671.84,
438.3,0.08,2.664,666.08,
438.3,0.16,2.642,660.59,
438.3,0.24,2.621,655.32,
438.3,0.32,2.601,650.20,
438.3,0.40,2.581,645.20,
438.3,0.48,2.561,640.25,
438.3,0.56,2.541,635.30,
438.3,0.64,2.521,630.30,
438.3,0.72,2.501,625.20,
438.3,0.81,2.480,620.00,
438.3,0.89,2.459,614.70,
438.3,0.97,2.437,609.33,
438.3,1.05,2.416,603.89,
438.3,1.13,2.394,598.40,
438.3,1.21,2.371,592.87,
438.3,1.29,2.348,587.03,
438.3,1.37,2.320,580.06,
438.3,1.45,2.288,572.08,
438.3,1.53,2.253,563.31,
438.3,1.61,2.216,553.96,
438.3,1.69,2.178,544.51,
438.3,1.77,2.142,535.47,
438.3,1.85,2.108,526.94,
438.3,1.93,2.076,518.97,
438.3,2.01,2.047,511.66,0.8422
438.3,2.09,2.020,505.11,0.8363
438.3,2.17,1.997,499.28,0.8310
438.3,2.26,1.976,494.11,0.8263
438.3,2.34,1.958,489.53,0.8222
438.3,2.42,1.942,485.46,0.8185
438.3,2.50,1.927,481.84,0.8153
438.3,2.58,1.914,478.59,0.8126
438.3,2.66,1.903,475.65,0.8101
438.3,2.74,1.892,473.03,0.8081
438.3,2.82,1.883,470.82,0.8064
438.3,2.90,1.877,469.14,0.8053
438.3,2.98,1.872,468.06,0.8048
438.3,3.06,1.871,467.70,0.8049
438.3,3.14,1.873,468.16,0.8056
438.3,3.22,1.878,469.53,0.8071
438.3,3.30,1.889,472.14,0.8092
438.3,3.38,1.905,476.34,0.8115
438.3,3.46,1.928,481.96,0.8139
438.3,3.54,1.955,488.79,0.8164
438.3,3.62,1.987,496.64,0.8188
438.3,3.70,2.018,504.52,0.8208
438.3,3.79,2.046,511.58,0.8221
438.3,3.87,2.070,517.55,0.8227
438.3,3.95,2.089,522.17,0.8225
438.3,4.03,2.101,525.22,0.8214
438.3,4.11,2.109,527.32,0.8199
438.3,4.19,2.115,528.75,0.8183
438.3,4.27,2.118,529.59,0.8165
438.3,4.35,2.120,529.90,0.8145
438.3,4.43,2.119,529.76,0.8124
438.3,4.51,2.117,529.23,0.8101
438.3,4.59,2.114,528.39,0.8078
438.3,4.67,2.109,527.30,0.8053
438.3,4.75,2.104,526.00,0.8027
438.3,4.83,2.098,524.46,0.8000
438.3,4.91,2.091,522.63,0.7971
438.3,4.99,2.082,520.49,0.7940
438.3,5.07,2.072,517.99,0.7906
438.3,5.15,2.060,515.10,0.7870
438.3,5.23,2.047,511.78,0.7831
438.3,5.32,2.030,507.56,0.7785
438.3,5.40,2.008,502.11,0.7728
438.3,5.48,1.982,495.52,0.7663
438.3,5.56,1.952,487.93,0.7589
438.3,5.64,1.918,479.49,0.7508
438.3,5.72,1.884,471.00,0.7427
438.3,5.80,1.852,462.91,0.7347
438.3,5.88,1.822,455.42,0.7270
438.3,5.96,1.795,448.69,0.7197
438.3,6.04,1.771,442.84,0.7128
438.3,6.12,1.750,437.46,0.7061
438.3,6.20,1.730,432.43,0.6996
438.3,6.28,1.711,427.72,0.6931
438.3,6.36,1.693,423.30,0.6868
438.3,6.44,1.677,419.14,0.6807
438.3,6.52,1.661,415.20,0.6746
438.3,6.60,1.646,411.45,0.6687
438.3,6.68,1.631,407.86,0.6629
438.3,6.77,1.618,404.43,0.6573
438.3,6.85,1.605,401.19,0.6520
438.3,6.93,1.593,398.18,0.6470
438.3,7.01,1.582,395.40,0.6423
438.3,7.09,1.572,392.90,0.6381
438.3,7.17,1.563,390.69,0.6344
438.3,7.25,1.555,388.81,0.6312
438.3,7.33,1.549,387.33,0.6284
438.3,7.41,1.545,386.27,0.6258
438.3,7.49,1.542,385.59,0.6235
438.3,7.57,1.541,385.27,0.6215
438.3,7.65,1.541,385.23,0.6196
438.3,7.73,1.541,385.19,0.6177
438.3,7.81,1.540,385.00,0.6157
438.3,7.89,1.538,384.59,0.6137
438.3,7.97,1.536,383.88,0.6114
438.3,8.05,1.532,382.93,0.6090
438.3,8.13,1.528,382.10,0.6070
438.3,8.21,1.526,381.40,0.6052
438.3,8.30,1.523,380.82,0.6038
438.3,8.38,1.521,380.34,0.6026
438.3,8.46,1.520,379.94,0.6017
438.3,8.54,1.518,379.61,0.6009
438.3,8.62,1.517,379.33,0.6004
438.3,8.70,1.516,379.07,0.6000
438.3,8.78,1.515,378.84,0.5997
438.3,8.86,1.515,378.63,0.5996
438.3,8.94,1.514,378.44,0.5996
438.3,9.02,1.513,378.26,0.5997
438.3,9.10,1.512,378.08,0.6000
438.3,9.18,1.512,377.92,0.6004
438.3,9.26,1.511,377.74,0.6008
438.3,9.34,1.509,377.30,0.6010
438.3,9.42,1.506,376.55,0.6008
438.3,9.50,1.502,375.54,0.6002
438.3,9.58,1.497,374.30,0.5994
438.3,9.66,1.492,372.91,0.5984
438.3,9.74,1.486,371.50,0.5973
438.3,9.83,1.480,370.10,0.5962
438.3,9.91,1.475,368.72,0.5950
438.3,9.99,1.469,367.37,0.5938
438.3,10.07,1.465,366.13,0.5926
438.3,10.15,1.460,365.09,0.5915
438.3,10.23,1.457,364.22,0.5904
438.3,10.31,1.454,363.51,0.5893
438.3,10.39,1.452,362.92,0.5882
438.3,10.47,1.450,362.44,0.5872
438.3,10.55,1.448,362.04,0.5861
438.3,10.63,1.447,361.69,0.5851
438.3,10.71,1.446,361.38,0.5840
438.3,10.79,1.445,361.13,0.5829
438.3,10.87,1.444,360.96,0.5819
438.3,10.95,1.444,360.89,0.5811
438.3,11.03,1.444,360.94,0.5804
438.3,11.11,1.445,361.13,0.5799
438.3,11.19,1.446,361.49,0.5796
438.3,11.28,1.448,362.02,0.5795
438.3,11.36,1.450,362.56,0.5795
438.3,11.44,1.452,363.10,0.5796
438.3,11.52,1.455,363.63,0.5796
438.3,11.60,1.457,364.13,0.5797
438.3,11.68,1.458,364.57,0.5797
438.3,11.76,1.459,364.81,0.5796
438.3,11.84,1.459,364.80,0.5793
438.3,11.92,1.458,364.49,0.5788
438.3,12.00,1.455,363.84,0.5781
443.6,0.00,2.783,695.73,
443.6,0.08,2.757,689.32,
443.6,0.16,2.733,683.20,
443.6,0.24,2.709,677.32,
443.6,0.32,2.686,671.61,
443.6,0.40,2.664,666.03,
443.6,0.48,2.642,660.52,
443.6,0.56,2.620,655.04,
443.6,0.64,2.598,649.50,
443.6,0.72,2.575,643.86,
443.6,0.81,2.553,638.14,
443.6,0.89,2.529,632.34,
443.6,0.97,2.506,626.50,
443.6,1.05,2.482,620.61,
443.6,1.13,2.459,614.69,
443.6,1.21,2.432,608.11,
443.6,1.29,2.402,600.39,
443.6,1.37,2.367,591.73,
443.6,1.45,2.329,582.33,
443.6,1.53,2.290,572.41,
443.6,1.61,2.249,562.27,
443.6,1.69,2.210,552.47,
443.6,1.77,2.173,543.14,
443.6,1.85,2.137,534.36,
443.6,1.93,2.105,526.20,
443.6,2.01,2.075,518.74,0.8243
443.6,2.09,2.048,512.09,0.8192
443.6,2.17,2.025,506.20,0.8147
443.6,2.26,2.004,501.00,0.8109
443.6,2.34,1.986,496.43,0.8076
443.6,2.42,1.970,492.41,0.8048
443.6,2.50,1.956,488.88,0.8024
443.6,2.58,1.943,485.76,0.8005
443.6,2.66,1.932,483.02,0.7990
443.6,2.74,1.923,480.75,0.7979
443.6,2.82,1.916,479.05,0.7975
443.6,2.90,1.912,478.02,0.7976
443.6,2.98,1.911,477.76,0.7985
443.6,3.06,1.913,478.36,0.8000
443.6,3.14,1.920,479.93,0.8024
443.6,3.22,1.932,482.99,0.8052
443.6,3.30,1.950,487.62,0.8082
443.6,3.38,1.975,493.63,0.8113
443.6,3.46,2.003,500.84,0.8144
443.6,3.54,2.036,509.05,0.8175
443.6,3.62,2.071,517.75,0.8203
443.6,3.70,2.104,525.92,0.8225
443.6,3.79,2.133,533.26,0.8241
443.6,3.87,2.158,539.51,0.8249
443.6,3.95,2.178,544.39,0.8249
443.6,4.03,2.191,547.69,0.8239
443.6,4.11,2.200,550.01,0.8226
443.6,4.19,2.207,551.64,0.8211
443.6,4.27,2.211,552.65,0.8194
443.6,4.35,2.212,553.11,0.8176
443.6,4.43,2.212,553.08,0.8156
443.6,4.51,2.211,552.64,0.8134
443.6,4.59,2.207,551.86,0.8112
443.6,4.67,2.203,550.83,0.8088
443.6,4.75,2.198,549.53,0.8062
443.6,4.83,2.192,547.93,0.8034
443.6,4.91,2.184,545.99,0.8005
443.6,4.99,2.175,543.67,0.7973
443.6,5.07,2.164,540.95,0.7938
443.6,5.15,2.151,537.72,0.7900
443.6,5.23,2.133,533.36,0.7852
443.6,5.32,2.111,527.76,0.7795
443.6,5.40,2.084,521.06,0.7728
443.6,5.48,2.054,513.38,0.7654
443.6,5.56,2.019,504.83,0.7573
443.6,5.64,1.983,495.87,0.7489
443.6,5.72,1.949,487.13,0.7405
443.6,5.80,1.915,478.79,0.7323
443.6,5.88,1.884,471.04,0.7245
443.6,5.96,1.856,464.07,0.7170
443.6,6.04,1.832,457.98,0.7100
443.6,6.12,1.809,452.35,0.7032
443.6,6.20,1.788,447.10,0.6965
443.6,6.28,1.769,442.18,0.6900
443.6,6.36,1.750,437.57,0.6836
443.6,6.44,1.733,433.23,0.6773
443.6,6.52,1.716,429.12,0.6712
443.6,6.60,1.701,425.21,0.6652
443.6,6.68,1.686,421.49,0.6595
443.6,6.77,1.672,417.97,0.6540
443.6,6.85,1.659,414.69,0.6489
443.6,6.93,1.647,411.66,0.6442
443.6,7.01,1.636,408.92,0.6399
443.6,7.09,1.626,406.49,0.6361
443.6,7.17,1.618,404.41,0.6329
443.6,7.25,1.611,402.77,0.6300
443.6,7.33,1.606,401.54,0.6273
443.6,7.41,1.603,400.70,0.6249
443.6,7.49,1.601,400.21,0.6228
443.6,7.57,1.600,400.04,0.6208
443.6,7.65,1.600,400.00,0.6190
443.6,7.73,1.600,399.88,0.6171
443.6,7.81,1.599,399.63,0.6152
443.6,7.89,1.597,399.16,0.6131
443.6,7.97,1.594,398.40,0.6108
443.6,8.05,1.590,397.40,0.6084
443.6,8.13,1.586,396.51,0.6064
443.6,8.21,1.583,395.76,0.6046
443.6,8.30,1.581,395.13,0.6032
443.6,8.38,1.578,394.60,0.6020
443.6,8.46,1.577,394.16,0.6011
443.6,8.54,1.575,393.78,0.6003
443.6,8.62,1.574,393.45,0.5998
443.6,8.70,1.573,393.14,0.5994
443.6,8.78,1.571,392.86,0.5991
443.6,8.86,1.570,392.59,0.5990
443.6,8.94,1.569,392.34,0.5990
443.6,9.02,1.568,392.11,0.5991
443.6,9.10,1.568,391.88,0.5994
443.6,9.18,1.566,391.58,0.5996
443.6,9.26,1.564,390.97,0.5995
443.6,9.34,1.560,390.07,0.5991
443.6,9.42,1.556,388.92,0.5983
443.6,9.50,1.550,387.56,0.5973
443.6,9.58,1.544,386.04,0.5961
443.6,9.66,1.538,384.47,0.5948
443.6,9.74,1.532,382.91,0.5934
443.6,9.83,1.525,381.36,0.5921
443.6,9.91,1.519,379.85,0.5907
443.6,9.99,1.514,378.38,0.5893
443.6,10.07,1.508,377.02,0.5878
443.6,10.15,1.503,375.87,0.5865
443.6,10.23,1.500,374.91,0.5851
443.6,10.31,1.496,374.10,0.5839
443.6,10.39,1.494,373.44,0.5826
443.6,10.47,1.492,372.89,0.5814
443.6,10.55,1.490,372.42,0.5802
443.6,10.63,1.488,372.02,0.5790
443.6,10.71,1.487,371.70,0.5778
443.6,10.79,1.486,371.46,0.5767
443.6,10.87,1.485,371.34,0.5758
443.6,10.95,1.485,371.35,0.5751
443.6,11.03,1.486,371.53,0.5745
443.6,11.11,1.488,371.88,0.5743
443.6,11.19,1.489,372.36,0.5742
443.6,11.28,1.491,372.86,0.5741
443.6,11.36,1.493,373.35,0.5741
443.6,11.44,1.495,373.84,0.5741
443.6,11.52,1.497,374.32,0.5741
443.6,11.60,1.499,374.78,0.5741
443.6,11.68,1.500,375.10,0.5741
443.6,11.76,1.501,375.21,0.5739
443.6,11.84,1.500,375.09,0.5735
443.6,11.92,1.499,374.66,0.5730
443.6,12.00,1.496,373.90,0.5722
449.0,0.00,2.880,720.04,
449.0,0.08,2.852,712.99,
449.0,0.16,2.825,706.25,
449.0,0.24,2.799,699.76,
449.0,0.32,2.774,693.46,
449.0,0.40,2.749,687.32,
449.0,0.48,2.725,681.26,
449.0,0.56,2.701,675.22,
449.0,0.64,2.676,669.10,
449.0,0.72,2.652,662.90,
449.0,0.81,2.627,656.65,
449.0,0.89,2.601,650.34,
449.0,0.97,2.576,644.00,
449.0,1.05,2.550,637.57,
449.0,1.13,2.521,630.15,
449.0,1.21,2.487,621.64,
449.0,1.29,2.449,612.26,
449.0,1.37,2.409,602.20,
449.0,1.45,2.367,591.69,
449.0,1.53,2.324,580.93,
449.0,1.61,2.282,570.41,
449.0,1.69,2.241,560.32,
449.0,1.77,2.203,550.75,
449.0,1.85,2.167,541.79,
449.0,1.93,2.134,533.49,
449.0,2.01,2.104,525.96,0.8062
449.0,2.09,2.077,519.26,0.8019
449.0,2.17,2.053,513.37,0.7984
449.0,2.26,2.033,508.21,0.7955
449.0,2.34,2.015,503.72,0.7931
449.0,2.42,1.999,499.81,0.7912
449.0,2.50,1.986,496.43,0.7898
449.0,2.58,1.974,493.51,0.7888
449.0,2.66,1.964,491.12,0.7884
449.0,2.74,1.957,489.34,0.7886
449.0,2.82,1.953,488.28,0.7894
449.0,2.90,1.952,488.04,0.7910
449.0,2.98,1.955,488.72,0.7935
449.0,3.06,1.962,490.51,0.7966
449.0,3.14,1.976,493.94,0.8001
449.0,3.22,1.996,498.91,0.8038
449.0,3.30,2.021,505.25,0.8076
449.0,3.38,2.051,512.75,0.8113
449.0,3.46,2.085,521.22,0.8150
449.0,3.54,2.122,530.39,0.8186
449.0,3.62,2.158,539.41,0.8216
449.0,3.70,2.191,547.86,0.8241
449.0,3.79,2.222,555.46,0.8259
449.0,3.87,2.248,561.96,0.8269
449.0,3.95,2.268,567.08,0.8270
449.0,4.03,2.282,570.61,0.8263
449.0,4.11,2.293,573.14,0.8251
449.0,4.19,2.300,574.95,0.8238
449.0,4.27,2.304,576.11,0.8222
449.0,4.35,2.307,576.69,0.8205
449.0,4.43,2.307,576.76,0.8186
449.0,4.51,2.306,576.38,0.8165
449.0,4.59,2.303,575.68,0.8143
449.0,4.67,2.299,574.69,0.8120
449.0,4.75,2.294,573.38,0.8094
449.0,4.83,2.287,571.71,0.8066
449.0,4.91,2.279,569.65,0.8036
449.0,4.99,2.269,567.15,0.8002
449.0,5.07,2.256,563.99,0.7964
449.0,5.15,2.238,559.55,0.7916
449.0,5.23,2.216,553.89,0.7858
449.0,5.32,2.189,547.15,0.7791
449.0,5.40,2.158,539.45,0.7716
449.0,5.48,2.124,530.89,0.7635
449.0,5.56,2.087,521.71,0.7550
449.0,5.64,2.050,512.52,0.7464
449.0,5.72,2.014,503.55,0.7379
449.0,5.80,1.980,494.98,0.7296
449.0,5.88,1.948,486.99,0.7216
449.0,5.96,1.919,479.79,0.7140
449.0,6.04,1.894,473.46,0.7068
449.0,6.12,1.870,467.62,0.6999
449.0,6.20,1.849,462.17,0.6932
449.0,6.28,1.828,457.06,0.6865
449.0,6.36,1.809,452.27,0.6801
449.0,6.44,1.791,447.76,0.6738
449.0,6.52,1.774,443.50,0.6677
449.0,6.60,1.758,439.45,0.6617
449.0,6.68,1.743,435.63,0.6561
449.0,6.77,1.728,432.05,0.6509
449.0,6.85,1.715,428.74,0.6460
449.0,6.93,1.703,425.73,0.6417
449.0,7.01,1.692,423.05,0.6379
449.0,7.09,1.683,420.76,0.6346
449.0,7.17,1.676,418.92,0.6316
449.0,7.25,1.670,417.50,0.6288
449.0,7.33,1.666,416.46,0.6263
449.0,7.41,1.663,415.77,0.6241
449.0,7.49,1.662,415.41,0.6220
449.0,7.57,1.661,415.28,0.6201
449.0,7.65,1.661,415.16,0.6183
449.0,7.73,1.660,414.99,0.6164
449.0,7.81,1.659,414.68,0.6145
449.0,7.89,1.657,414.15,0.6124
449.0,7.97,1.653,413.34,0.6101
449.0,8.05,1.649,412.29,0.6077
449.0,8.13,1.645,411.35,0.6057
449.0,8.21,1.642,410.56,0.6040
449.0,8.30,1.640,409.88,0.6025
449.0,8.38,1.637,409.31,0.6014
449.0,8.46,1.635,408.82,0.6004
449.0,8.54,1.634,408.40,0.5997
449.0,8.62,1.632,408.01,0.5992
449.0,8.70,1.631,407.65,0.5987
449.0,8.78,1.629,407.30,0.5985
449.0,8.86,1.628,406.98,0.5983
449.0,8.94,1.627,406.67,0.5983
449.0,9.02,1.625,406.37,0.5985
449.0,9.10,1.624,405.91,0.5985
449.0,9.18,1.621,405.13,0.5981
449.0,9.26,1.616,404.07,0.5974
449.0,9.34,1.611,402.77,0.5964
449.0,9.42,1.605,401.29,0.5952
449.0,9.50,1.599,399.65,0.5938
449.0,9.58,1.592,397.94,0.5923
449.0,9.66,1.585,396.23,0.5907
449.0,9.74,1.578,394.54,0.5892
449.0,9.83,1.571,392.87,0.5876
449.0,9.91,1.565,391.24,0.5860
449.0,9.99,1.559,389.66,0.5844
449.0,10.07,1.553,388.21,0.5828
449.0,10.15,1.548,386.97,0.5813
449.0,10.23,1.544,385.92,0.5798
449.0,10.31,1.540,385.05,0.5784
449.0,10.39,1.537,384.32,0.5770
449.0,10.47,1.535,383.71,0.5756
449.0,10.55,1.533,383.20,0.5742
449.0,10.63,1.531,382.78,0.5730
449.0,10.71,1.530,382.47,0.5718
449.0,10.79,1.529,382.28,0.5708
449.0,10.87,1.529,382.24,0.5700
449.0,10.95,1.529,382.37,0.5695
449.0,11.03,1.531,382.70,0.5692
449.0,11.11,1.532,383.11,0.5690
449.0,11.19,1.534,383.53,0.5689
449.0,11.28,1.536,383.96,0.5689
449.0,11.36,1.538,384.40,0.5688
449.0,11.44,1.539,384.83,0.5688
449.0,11.52,1.541,385.26,0.5688
449.0,11.60,1.542,385.62,0.5687
449.0,11.68,1.543,385.83,0.5686
449.0,11.76,1.543,385.84,0.5683
449.0,11.84,1.542,385.61,0.5679
449.0,11.92,1.540,385.09,0.5673
449.0,12.00,1.537,384.23,0.5665
454.4,0.00,2.979,744.79,
454.4,0.08,2.948,737.11,
454.4,0.16,2.919,729.75,
454.4,0.24,2.891,722.66,
454.4,0.32,2.863,715.78,
454.4,0.40,2.836,709.07,
454.4,0.48,2.810,702.46,
454.4,0.56,2.783,695.81,
454.4,0.64,2.756,689.09,
454.4,0.72,2.729,682.32,
454.4,0.81,2.702,675.51,
454.4,0.89,2.675,668.68,
454.4,0.97,2.646,661.53,
454.4,1.05,2.613,653.23,
454.4,1.13,2.576,643.91,
454.4,1.21,2.535,633.77,
454.4,1.29,2.492,623.02,
454.4,1.37,2.447,611.87,
454.4,1.45,2.402,600.53,
454.4,1.53,2.357,589.32,
454.4,1.61,2.314,578.52,
454.4,1.69,2.273,568.21,
454.4,1.77,2.234,558.48,
454.4,1.85,2.198,549.39,
454.4,1.93,2.164,541.03,
454.4,2.01,2.134,533.47,0.7879
454.4,2.09,2.107,526.80,0.7847
454.4,2.17,2.084,520.97,0.7822
454.4,2.26,2.064,515.91,0.7802
454.4,2.34,2.046,511.55,0.7789
454.4,2.42,2.031,507.83,0.7780
454.4,2.50,2.019,504.66,0.7776
454.4,2.58,2.008,502.07,0.7778
454.4,2.66,2.001,500.15,0.7787
454.4,2.74,1.996,499.01,0.7803
454.4,2.82,1.995,498.73,0.7827
454.4,2.90,1.998,499.42,0.7859
454.4,2.98,2.006,501.43,0.7899
454.4,3.06,2.021,505.14,0.7941
454.4,3.14,2.042,510.38,0.7984
454.4,3.22,2.068,516.94,0.8028
454.4,3.30,2.099,524.65,0.8072
454.4,3.38,2.133,533.30,0.8116
454.4,3.46,2.171,542.69,0.8157
454.4,3.54,2.209,552.29,0.8195
454.4,3.62,2.246,561.57,0.8228
454.4,3.70,2.281,570.28,0.8255
454.4,3.79,2.313,578.13,0.8275
454.4,3.87,2.339,584.86,0.8287
454.4,3.95,2.361,590.20,0.8290
454.4,4.03,2.376,593.94,0.8284
454.4,4.11,2.387,596.66,0.8274
454.4,4.19,2.395,598.63,0.8262
454.4,4.27,2.400,599.91,0.8248
454.4,4.35,2.402,600.59,0.8231
454.4,4.43,2.403,600.74,0.8213
454.4,4.51,2.402,600.44,0.8194
454.4,4.59,2.399,599.83,0.8172
454.4,4.67,2.396,598.88,0.8149
454.4,4.75,2.390,597.54,0.8123
454.4,4.83,2.383,595.79,0.8094
454.4,4.91,2.374,593.59,0.8063
454.4,4.99,2.362,590.46,0.8024
454.4,5.07,2.344,586.01,0.7975
454.4,5.15,2.321,580.37,0.7916
454.4,5.23,2.295,573.66,0.7849
454.4,5.32,2.264,566.01,0.7775
454.4,5.40,2.230,557.52,0.7695
454.4,5.48,2.193,548.34,0.7609
454.4,5.56,2.156,538.90,0.7522
454.4,5.64,2.118,529.49,0.7435
454.4,5.72,2.081,520.30,0.7349
454.4,5.80,2.046,511.51,0.7264
454.4,5.88,2.013,503.31,0.7183
454.4,5.96,1.984,495.89,0.7107
454.4,6.04,1.957,489.35,0.7034
454.4,6.12,1.933,483.31,0.6965
454.4,6.20,1.911,477.67,0.6896
454.4,6.28,1.890,472.38,0.6830
454.4,6.36,1.870,467.43,0.6765
454.4,6.44,1.851,462.78,0.6702
454.4,6.52,1.834,458.38,0.6641
454.4,6.60,1.817,454.21,0.6583
454.4,6.68,1.801,450.31,0.6530
454.4,6.77,1.787,446.70,0.6480
454.4,6.85,1.774,443.40,0.6436
454.4,6.93,1.762,440.44,0.6397
454.4,7.01,1.752,437.92,0.6363
454.4,7.09,1.743,435.84,0.6331
454.4,7.17,1.737,434.19,0.6303
454.4,7.25,1.732,432.93,0.6277
454.4,7.33,1.728,432.01,0.6253
454.4,7.41,1.726,431.43,0.6231
454.4,7.49,1.724,431.11,0.6212
454.4,7.57,1.724,430.92,0.6193
454.4,7.65,1.723,430.75,0.6175
454.4,7.73,1.722,430.51,0.6156
454.4,7.81,1.721,430.15,0.6137
454.4,7.89,1.718,429.57,0.6116
454.4,7.97,1.715,428.71,0.6094
454.4,8.05,1.710,427.61,0.6070
454.4,8.13,1.707,426.63,0.6050
454.4,8.21,1.703,425.79,0.6033
454.4,8.30,1.700,425.07,0.6019
454.4,8.38,1.698,424.46,0.6007
454.4,8.46,1.696,423.93,0.5998
454.4,8.54,1.694,423.45,0.5991
454.4,8.62,1.692,423.00,0.5985
454.4,8.70,1.690,422.58,0.5981
454.4,8.78,1.689,422.17,0.5978
454.4,8.86,1.687,421.78,0.5977
454.4,8.94,1.686,421.39,0.5976
454.4,9.02,1.683,420.74,0.5973
454.4,9.10,1.679,419.78,0.5967
454.4,9.18,1.674,418.56,0.5957
454.4,9.26,1.668,417.12,0.5945
454.4,9.34,1.662,415.51,0.5931
454.4,9.42,1.655,413.76,0.5915
454.4,9.50,1.648,411.92,0.5898
454.4,9.58,1.640,410.08,0.5881
454.4,9.66,1.633,408.25,0.5864
454.4,9.74,1.626,406.44,0.5847
454.4,9.83,1.619,404.66,0.5830
454.4,9.91,1.612,402.93,0.5812
454.4,9.99,1.605,401.27,0.5794
454.4,10.07,1.599,399.73,0.5776
454.4,10.15,1.594,398.42,0.5760
454.4,10.23,1.589,397.31,0.5744
454.4,10.31,1.586,396.38,0.5728
454.4,10.39,1.582,395.61,0.5713
454.4,10.47,1.580,394.97,0.5698
454.4,10.55,1.578,394.43,0.5684
454.4,10.63,1.576,394.02,0.5672
454.4,10.71,1.575,393.75,0.5661
454.4,10.79,1.575,393.64,0.5652
454.4,10.87,1.575,393.72,0.5647
454.4,10.95,1.576,393.98,0.5644
454.4,11.03,1.577,394.29,0.5641
454.4,11.11,1.579,394.63,0.5639
454.4,11.19,1.580,394.98,0.5638
454.4,11.28,1.581,395.35,0.5637
454.4,11.36,1.583,395.72,0.5636
454.4,11.44,1.584,396.10,0.5635
454.4,11.52,1.586,396.45,0.5635
454.4,11.60,1.587,396.71,0.5634
454.4,11.68,1.587,396.82,0.5632
454.4,11.76,1.587,396.73,0.5629
454.4,11.84,1.586,396.41,0.5624
454.4,11.92,1.583,395.80,0.5618
454.4,12.00,1.579,394.86,0.5609
459.7,0.00,3.080,770.00,
459.7,0.08,3.047,761.69,
459.7,0.16,3.015,753.71,
459.7,0.24,2.984,746.03,
459.7,0.32,2.954,738.58,
459.7,0.40,2.925,731.31,
459.7,0.48,2.896,724.08,
459.7,0.56,2.867,716.80,
459.7,0.64,2.838,709.46,
459.7,0.72,2.808,702.10,
459.7,0.81,2.779,694.72,
459.7,0.89,2.747,686.67,
459.7,0.97,2.710,677.46,
459.7,1.05,2.669,667.28,
459.7,1.13,2.625,656.35,
459.7,1.21,2.579,644.87,
459.7,1.29,2.532,633.06,
459.7,1.37,2.484,621.11,
459.7,1.45,2.437,609.27,
459.7,1.53,2.391,597.80,
459.7,1.61,2.347,586.79,
459.7,1.69,2.305,576.32,
459.7,1.77,2.266,566.48,
459.7,1.85,2.229,557.33,
459.7,1.93,2.196,548.96,
459.7,2.01,2.166,541.45,0.7699
459.7,2.09,2.139,534.87,0.7678
459.7,2.17,2.117,529.16,0.7663
459.7,2.26,2.097,524.27,0.7655
459.7,2.34,2.080,520.11,0.7652
459.7,2.42,2.066,516.62,0.7654
459.7,2.50,2.055,513.77,0.7663
459.7,2.58,2.047,511.65,0.7678
459.7,2.66,2.041,510.35,0.7702
459.7,2.74,2.040,509.97,0.7734
459.7,2.82,2.042,510.62,0.7775
459.7,2.90,2.051,512.85,0.7821
459.7,2.98,2.067,516.76,0.7870
459.7,3.06,2.089,522.17,0.7920
459.7,3.14,2.116,528.88,0.7970
459.7,3.22,2.147,536.70,0.8021
459.7,3.30,2.182,545.44,0.8070
459.7,3.38,2.220,554.91,0.8118
459.7,3.46,2.259,564.81,0.8163
459.7,3.54,2.299,574.66,0.8203
459.7,3.62,2.337,584.19,0.8238
459.7,3.70,2.373,593.13,0.8267
459.7,3.79,2.405,601.21,0.8289
459.7,3.87,2.433,608.15,0.8303
459.7,3.95,2.455,613.70,0.8308
459.7,4.03,2.470,617.62,0.8303
459.7,4.11,2.482,620.50,0.8295
459.7,4.19,2.490,622.61,0.8284
459.7,4.27,2.496,624.01,0.8271
459.7,4.35,2.499,624.77,0.8255
459.7,4.43,2.500,624.98,0.8238
459.7,4.51,2.499,624.81,0.8219
459.7,4.59,2.497,624.28,0.8198
459.7,4.67,2.493,623.34,0.8174
459.7,4.75,2.488,621.98,0.8148
459.7,4.83,2.480,620.09,0.8118
459.7,4.91,2.468,617.00,0.8079
459.7,4.99,2.450,612.62,0.8029
459.7,5.07,2.428,607.07,0.7971
459.7,5.15,2.402,600.47,0.7904
459.7,5.23,2.372,592.93,0.7830
459.7,5.32,2.338,584.59,0.7751
459.7,5.40,2.302,575.56,0.7666
459.7,5.48,2.264,566.07,0.7579
459.7,5.56,2.226,556.42,0.7491
459.7,5.64,2.187,546.81,0.7403
459.7,5.72,2.150,537.42,0.7315
459.7,5.80,2.114,528.44,0.7231
459.7,5.88,2.080,520.04,0.7149
459.7,5.96,2.050,512.43,0.7071
459.7,6.04,2.023,505.69,0.6999
459.7,6.12,1.998,499.47,0.6929
459.7,6.20,1.975,493.65,0.6860
459.7,6.28,1.953,488.21,0.6794
459.7,6.36,1.932,483.12,0.6729
459.7,6.44,1.913,478.33,0.6666
459.7,6.52,1.895,473.80,0.6607
459.7,6.60,1.878,469.54,0.6552
459.7,6.68,1.862,465.59,0.6501
459.7,6.77,1.848,461.97,0.6456
459.7,6.85,1.835,458.72,0.6417
459.7,6.93,1.824,455.93,0.6381
459.7,7.01,1.814,453.60,0.6348
459.7,7.09,1.807,451.69,0.6318
459.7,7.17,1.801,450.16,0.6290
459.7,7.25,1.796,448.99,0.6265
459.7,7.33,1.793,448.15,0.6242
459.7,7.41,1.790,447.59,0.6222
459.7,7.49,1.789,447.24,0.6202
459.7,7.57,1.788,446.99,0.6184
459.7,7.65,1.787,446.76,0.6166
459.7,7.73,1.786,446.47,0.6147
459.7,7.81,1.784,446.05,0.6128
459.7,7.89,1.782,445.42,0.6108
459.7,7.97,1.778,444.52,0.6086
459.7,8.05,1.773,443.37,0.6062
459.7,8.13,1.769,442.36,0.6042
459.7,8.21,1.766,441.48,0.6026
459.7,8.30,1.763,440.72,0.6012
459.7,8.38,1.760,440.07,0.6001
459.7,8.46,1.758,439.50,0.5992
459.7,8.54,1.756,438.95,0.5984
459.7,8.62,1.754,438.44,0.5978
459.7,8.70,1.752,437.94,0.5974
459.7,8.78,1.750,437.47,0.5971
459.7,8.86,1.748,436.93,0.5969
459.7,8.94,1.744,436.09,0.5963
459.7,9.02,1.740,434.95,0.5953
459.7,9.10,1.734,433.57,0.5941
459.7,9.18,1.728,431.98,0.5927
459.7,9.26,1.721,430.24,0.5911
459.7,9.34,1.713,428.37,0.5893
459.7,9.42,1.706,426.42,0.5875
459.7,9.50,1.698,424.46,0.5856
459.7,9.58,1.690,422.50,0.5838
459.7,9.66,1.682,420.56,0.5819
459.7,9.74,1.675,418.65,0.5800
459.7,9.83,1.667,416.79,0.5781
459.7,9.91,1.660,414.98,0.5762
459.7,9.99,1.653,413.24,0.5743
459.7,10.07,1.647,411.64,0.5725
459.7,10.15,1.641,410.27,0.5707
459.7,10.23,1.636,409.12,0.5689
459.7,10.31,1.633,408.15,0.5673
459.7,10.39,1.629,407.35,0.5657
459.7,10.47,1.627,406.69,0.5642
459.7,10.55,1.625,406.16,0.5628
459.7,10.63,1.623,405.79,0.5617
459.7,10.71,1.622,405.60,0.5608
459.7,10.79,1.622,405.60,0.5602
459.7,10.87,1.623,405.76,0.5598
459.7,10.95,1.624,405.96,0.5595
459.7,11.03,1.625,406.19,0.5592
459.7,11.11,1.626,406.45,0.5590
459.7,11.19,1.627,406.72,0.5588
459.7,11.28,1.628,407.02,0.5586
459.7,11.36,1.629,407.32,0.5585
459.7,11.44,1.631,407.63,0.5584
459.7,11.52,1.632,407.90,0.5583
459.7,11.60,1.632,408.07,0.5582
459.7,11.68,1.632,408.09,0.5580
459.7,11.76,1.632,407.93,0.5576
459.7,11.84,1.630,407.53,0.5571
459.7,11.92,1.627,406.84,0.5564
459.7,12.00,1.623,405.83,0.5555
465.1,0.00,3.183,795.67,
465.1,0.08,3.147,786.74,
465.1,0.16,3.113,778.16,
465.1,0.24,3.080,769.89,
465.1,0.32,3.047,761.87,
465.1,0.40,3.016,754.00,
465.1,0.48,2.984,746.10,
465.1,0.56,2.953,738.15,
465.1,0.64,2.921,730.19,
465.1,0.72,2.889,722.14,
465.1,0.81,2.852,713.08,
465.1,0.89,2.812,702.92,
465.1,0.97,2.767,691.85,
465.1,1.05,2.720,680.10,
465.1,1.13,2.671,667.85,
465.1,1.21,2.621,655.34,
465.1,1.29,2.571,642.75,
465.1,1.37,2.521,630.31,
465.1,1.45,2.473,618.21,
465.1,1.53,2.426,606.53,
465.1,1.61,2.382,595.38,
465.1,1.69,2.339,584.81,
465.1,1.77,2.300,574.92,
465.1,1.85,2.263,565.78,
465.1,1.93,2.230,557.47,
465.1,2.01,2.200,550.07,0.7522
465.1,2.09,2.175,543.63,0.7513
465.1,2.17,2.152,538.12,0.7510
465.1,2.26,2.134,533.45,0.7514
465.1,2.34,2.118,529.55,0.7523
465.1,2.42,2.106,526.38,0.7538
465.1,2.50,2.096,523.98,0.7561
465.1,2.58,2.090,522.46,0.7592
465.1,2.66,2.088,521.92,0.7632
465.1,2.74,2.090,522.54,0.7681
465.1,2.82,2.100,524.91,0.7734
465.1,2.90,2.116,528.94,0.7789
465.1,2.98,2.138,534.43,0.7846
465.1,3.06,2.165,541.21,0.7903
465.1,3.14,2.196,549.06,0.7959
465.1,3.22,2.231,557.81,0.8015
465.1,3.30,2.269,567.26,0.8068
465.1,3.38,2.309,577.20,0.8119
465.1,3.46,2.349,587.36,0.8167
465.1,3.54,2.390,597.45,0.8209
465.1,3.62,2.429,607.21,0.8246
465.1,3.70,2.465,616.36,0.8277
465.1,3.79,2.499,624.64,0.8301
465.1,3.87,2.527,631.78,0.8316
465.1,3.95,2.550,637.51,0.8323
465.1,4.03,2.566,641.60,0.8320
465.1,4.11,2.579,644.63,0.8313
465.1,4.19,2.587,646.85,0.8303
465.1,4.27,2.593,648.34,0.8291
465.1,4.35,2.597,649.16,0.8277
465.1,4.43,2.598,649.50,0.8260
465.1,4.51,2.598,649.46,0.8242
465.1,4.59,2.596,648.99,0.8220
465.1,4.67,2.592,648.07,0.8197
465.1,4.75,2.586,646.45,0.8168
465.1,4.83,2.574,643.49,0.8128
465.1,4.91,2.557,639.25,0.8079
465.1,4.99,2.535,633.86,0.8020
465.1,5.07,2.510,627.44,0.7954
465.1,5.15,2.480,620.10,0.7882
465.1,5.23,2.448,611.97,0.7803
465.1,5.32,2.413,603.18,0.7720
465.1,5.40,2.375,593.84,0.7634
465.1,5.48,2.337,584.17,0.7546
465.1,5.56,2.297,574.34,0.7457
465.1,5.64,2.258,564.55,0.7368
465.1,5.72,2.220,554.98,0.7280
465.1,5.80,2.183,545.81,0.7195
465.1,5.88,2.149,537.23,0.7113
465.1,5.96,2.118,529.44,0.7035
465.1,6.04,2.090,522.52,0.6963
465.1,6.12,2.065,516.13,0.6892
465.1,6.20,2.041,510.16,0.6824
465.1,6.28,2.018,504.59,0.6758
465.1,6.36,1.997,499.36,0.6693
465.1,6.44,1.978,494.44,0.6632
465.1,6.52,1.959,489.80,0.6576
465.1,6.60,1.942,485.49,0.6524
465.1,6.68,1.926,481.52,0.6478
465.1,6.77,1.912,477.96,0.6437
465.1,6.85,1.900,474.88,0.6400
465.1,6.93,1.889,472.26,0.6365
465.1,7.01,1.880,470.05,0.6333
465.1,7.09,1.873,468.24,0.6304
465.1,7.17,1.867,466.78,0.6278
465.1,7.25,1.863,465.64,0.6254
465.1,7.33,1.859,464.80,0.6231
465.1,7.41,1.857,464.21,0.6211
465.1,7.49,1.855,463.80,0.6192
465.1,7.57,1.854,463.49,0.6174
465.1,7.65,1.853,463.20,0.6156
465.1,7.73,1.851,462.86,0.6138
465.1,7.81,1.850,462.40,0.6120
465.1,7.89,1.847,461.73,0.6100
465.1,7.97,1.843,460.78,0.6078
465.1,8.05,1.838,459.60,0.6055
465.1,8.13,1.834,458.54,0.6035
465.1,8.21,1.831,457.63,0.6019
465.1,8.30,1.827,456.84,0.6005
465.1,8.38,1.825,456.15,0.5994
465.1,8.46,1.822,455.51,0.5985
465.1,8.54,1.820,454.89,0.5978
465.1,8.62,1.817,454.30,0.5972
465.1,8.70,1.815,453.74,0.5967
465.1,8.78,1.812,453.01,0.5962
465.1,8.86,1.808,451.97,0.5953
465.1,8.94,1.803,450.65,0.5941
465.1,9.02,1.796,449.11,0.5926
465.1,9.10,1.789,447.37,0.5909
465.1,9.18,1.782,445.49,0.5891
465.1,9.26,1.774,443.50,0.5872
465.1,9.34,1.766,441.45,0.5852
465.1,9.42,1.757,439.37,0.5832
465.1,9.50,1.749,437.30,0.5812
465.1,9.58,1.741,435.25,0.5792
465.1,9.66,1.733,433.22,0.5773
465.1,9.74,1.725,431.23,0.5753
465.1,9.83,1.717,429.29,0.5733
465.1,9.91,1.710,427.42,0.5713
465.1,9.99,1.702,425.62,0.5693
465.1,10.07,1.696,423.98,0.5673
465.1,10.15,1.690,422.57,0.5654
465.1,10.23,1.686,421.39,0.5636
465.1,10.31,1.682,420.41,0.5619
465.1,10.39,1.678,419.60,0.5603
465.1,10.47,1.676,418.94,0.5588
465.1,10.55,1.674,418.45,0.5576
465.1,10.63,1.673,418.15,0.5567
465.1,10.71,1.672,418.07,0.5560
465.1,10.79,1.672,418.09,0.5555
465.1,10.87,1.673,418.16,0.5551
465.1,10.95,1.673,418.26,0.5547
465.1,11.03,1.674,418.40,0.5544
465.1,11.11,1.674,418.57,0.5542
465.1,11.19,1.675,418.77,0.5539
465.1,11.28,1.676,418.99,0.5538
465.1,11.36,1.677,419.22,0.5536
465.1,11.44,1.678,419.45,0.5535
465.1,11.52,1.679,419.64,0.5534
465.1,11.60,1.679,419.73,0.5532
465.1,11.68,1.679,419.69,0.5529
465.1,11.76,1.678,419.45,0.5525
465.1,11.84,1.676,418.99,0.5520
465.1,11.92,1.673,418.25,0.5513
465.1,12.00,1.669,417.18,0.5503
470.5,0.00,3.287,821.84,
470.5,0.08,3.249,812.29,
470.5,0.16,3.212,803.11,
470.5,0.24,3.177,794.26,
470.5,0.32,3.143,785.66,
470.5,0.40,3.108,777.09,
470.5,0.48,3.074,768.49,
470.5,0.56,3.039,759.87,
470.5,0.64,3.004,750.95,
470.5,0.72,2.963,740.85,
470.5,0.81,2.919,729.70,
470.5,0.89,2.871,717.72,
470.5,0.97,2.820,705.10,
470.5,1.05,2.768,692.06,
470.5,1.13,2.715,678.81,
470.5,1.21,2.662,665.55,
470.5,1.29,2.610,652.51,
470.5,1.37,2.559,639.80,
470.5,1.45,2.510,627.50,
470.5,1.53,2.463,615.70,
470.5,1.61,2.418,604.46,
470.5,1.69,2.375,593.86,
470.5,1.77,2.336,583.98,
470.5,1.85,2.300,574.91,
470.5,1.93,2.267,566.72,
470.5,2.01,2.238,559.49,0.7352
470.5,2.09,2.213,553.26,0.7356
470.5,2.17,2.192,548.00,0.7366
470.5,2.26,2.174,543.61,0.7382
470.5,2.34,2.160,540.05,0.7404
470.5,2.42,2.149,537.32,0.7434
470.5,2.50,2.142,535.51,0.7473
470.5,2.58,2.139,534.73,0.7522
470.5,2.66,2.141,535.34,0.7578
470.5,2.74,2.151,537.77,0.7638
470.5,2.82,2.167,541.83,0.7699
470.5,2.90,2.189,547.33,0.7762
470.5,2.98,2.216,554.08,0.7825
470.5,3.06,2.248,561.88,0.7888
470.5,3.14,2.282,570.55,0.7949
470.5,3.22,2.320,579.89,0.8009
470.5,3.30,2.359,589.72,0.8065
470.5,3.38,2.400,599.91,0.8119
470.5,3.46,2.441,610.29,0.8168
470.5,3.54,2.482,620.60,0.8213
470.5,3.62,2.522,630.57,0.8252
470.5,3.70,2.560,639.92,0.8285
470.5,3.79,2.594,648.38,0.8310
470.5,3.87,2.623,655.69,0.8327
470.5,3.95,2.646,661.58,0.8335
470.5,4.03,2.663,665.83,0.8334
470.5,4.11,2.676,668.98,0.8328
470.5,4.19,2.685,671.30,0.8319
470.5,4.27,2.691,672.86,0.8308
470.5,4.35,2.695,673.78,0.8295
470.5,4.43,2.697,674.29,0.8279
470.5,4.51,2.697,674.36,0.8261
470.5,4.59,2.696,673.95,0.8239
470.5,4.67,2.690,672.56,0.8211
470.5,4.75,2.679,669.79,0.8171
470.5,4.83,2.663,665.77,0.8122
470.5,4.91,2.642,660.62,0.8065
470.5,4.99,2.618,654.44,0.8000
470.5,5.07,2.590,647.38,0.7928
470.5,5.15,2.558,639.54,0.7851
470.5,5.23,2.524,631.05,0.7770
470.5,5.32,2.488,622.02,0.7686
470.5,5.40,2.450,612.52,0.7599
470.5,5.48,2.411,602.69,0.7511
470.5,5.56,2.371,592.69,0.7421
470.5,5.64,2.331,582.74,0.7332
470.5,5.72,2.292,573.00,0.7244
470.5,5.80,2.255,563.67,0.7159
470.5,5.88,2.220,554.93,0.7077
470.5,5.96,2.188,546.97,0.6999
470.5,6.04,2.160,539.89,0.6926
470.5,6.12,2.133,533.35,0.6857
470.5,6.20,2.109,527.25,0.6789
470.5,6.28,2.086,521.55,0.6723
470.5,6.36,2.065,516.20,0.6660
470.5,6.44,2.045,511.16,0.6602
470.5,6.52,2.026,506.45,0.6549
470.5,6.60,2.008,502.10,0.6502
470.5,6.68,1.993,498.21,0.6459
470.5,6.77,1.979,494.81,0.6420
470.5,6.85,1.967,491.87,0.6383
470.5,6.93,1.957,489.34,0.6350
470.5,7.01,1.949,487.20,0.6319
470.5,7.09,1.942,485.42,0.6291
470.5,7.17,1.936,483.97,0.6265
470.5,7.25,1.931,482.81,0.6242
470.5,7.33,1.928,481.92,0.6220
470.5,7.41,1.925,481.26,0.6200
470.5,7.49,1.923,480.79,0.6182
470.5,7.57,1.922,480.43,0.6164
470.5,7.65,1.920,480.09,0.6147
470.5,7.73,1.919,479.70,0.6129
470.5,7.81,1.917,479.19,0.6111
470.5,7.89,1.914,478.48,0.6091
470.5,7.97,1.910,477.50,0.6070
470.5,8.05,1.905,476.28,0.6047
470.5,8.13,1.901,475.20,0.6028
470.5,8.21,1.897,474.25,0.6012
470.5,8.30,1.894,473.43,0.5999
470.5,8.38,1.891,472.68,0.5988
470.5,8.46,1.888,471.96,0.5979
470.5,8.54,1.885,471.27,0.5971
470.5,8.62,1.882,470.59,0.5965
470.5,8.70,1.879,469.64,0.5956
470.5,8.78,1.874,468.40,0.5944
470.5,8.86,1.868,466.90,0.5929
470.5,8.94,1.861,465.19,0.5912
470.5,9.02,1.853,463.30,0.5893
470.5,9.10,1.845,461.28,0.5873
470.5,9.18,1.837,459.16,0.5852
470.5,9.26,1.828,457.01,0.5831
470.5,9.34,1.819,454.83,0.5810
470.5,9.42,1.811,452.66,0.5789
470.5,9.50,1.802,450.50,0.5768
470.5,9.58,1.793,448.36,0.5747
470.5,9.66,1.785,446.26,0.5726
470.5,9.74,1.777,444.21,0.5705
470.5,9.83,1.769,442.22,0.5684
470.5,9.91,1.761,440.30,0.5664
470.5,9.99,1.754,438.47,0.5643
470.5,10.07,1.747,436.80,0.5623
470.5,10.15,1.742,435.38,0.5604
470.5,10.23,1.737,434.18,0.5585
470.5,10.31,1.733,433.20,0.5568
470.5,10.39,1.730,432.39,0.5552
470.5,10.47,1.727,431.77,0.5539
470.5,10.55,1.725,431.35,0.5529
470.5,10.63,1.725,431.14,0.5522
470.5,10.71,1.724,431.00,0.5516
470.5,10.79,1.724,430.92,0.5511
470.5,10.87,1.724,430.89,0.5506
470.5,10.95,1.724,430.89,0.5502
470.5,11.03,1.724,430.94,0.5498
470.5,11.11,1.724,431.02,0.5495
470.5,11.19,1.725,431.13,0.5493
470.5,11.28,1.725,431.27,0.5491
470.5,11.36,1.726,431.43,0.5489
470.5,11.44,1.726,431.59,0.5487
470.5,11.52,1.727,431.71,0.5486
470.5,11.60,1.727,431.74,0.5484
470.5,11.68,1.727,431.64,0.5481
470.5,11.76,1.725,431.35,0.5477
470.5,11.84,1.723,430.84,0.5472
470.5,11.92,1.720,430.05,0.5464
470.5,12.00,1.716,428.94,0.5455
475.8,0.00,3.394,848.50,
475.8,0.08,3.353,838.34,
475.8,0.16,3.314,828.57,
475.8,0.24,3.277,819.15,
475.8,0.32,3.239,809.86,
475.8,0.40,3.202,800.55,
475.8,0.48,3.165,791.23,
475.8,0.56,3.125,781.25,
475.8,0.64,3.080,770.07,
475.8,0.72,3.032,757.91,
475.8,0.81,2.980,744.97,
475.8,0.89,2.926,731.46,
475.8,0.97,2.870,717.58,
475.8,1.05,2.814,703.62,
475.8,1.13,2.759,689.78,
475.8,1.21,2.705,676.13,
475.8,1.29,2.651,662.78,
475.8,1.37,2.599,649.82,
475.8,1.45,2.549,637.35,
475.8,1.53,2.502,625.45,
475.8,1.61,2.457,614.19,
475.8,1.69,2.414,603.62,
475.8,1.77,2.375,593.83,
475.8,1.85,2.340,584.88,
475.8,1.93,2.307,576.87,
475.8,2.01,2.280,569.88,0.7191
475.8,2.09,2.256,563.93,0.7208
475.8,2.17,2.236,558.97,0.7231
475.8,2.26,2.220,554.94,0.7261
475.8,2.34,2.207,551.81,0.7299
475.8,2.42,2.199,549.65,0.7346
475.8,2.50,2.194,548.59,0.7403
475.8,2.58,2.197,549.18,0.7467
475.8,2.66,2.206,551.58,0.7532
475.8,2.74,2.222,555.59,0.7600
475.8,2.82,2.244,561.00,0.7669
475.8,2.90,2.271,567.64,0.7738
475.8,2.98,2.301,575.31,0.7807
475.8,3.06,2.335,583.80,0.7874
475.8,3.14,2.372,592.96,0.7939
475.8,3.22,2.411,602.65,0.8001
475.8,3.30,2.451,612.74,0.8060
475.8,3.38,2.492,623.10,0.8116
475.8,3.46,2.534,633.59,0.8168
475.8,3.54,2.576,644.07,0.8214
475.8,3.62,2.617,654.22,0.8255
475.8,3.70,2.655,663.75,0.8290
475.8,3.79,2.689,672.37,0.8317
475.8,3.87,2.719,679.84,0.8335
475.8,3.95,2.743,685.86,0.8345
475.8,4.03,2.761,690.24,0.8345
475.8,4.11,2.774,693.50,0.8340
475.8,4.19,2.784,695.89,0.8332
475.8,4.27,2.790,697.52,0.8322
475.8,4.35,2.795,698.64,0.8310
475.8,4.43,2.797,699.31,0.8294
475.8,4.51,2.798,699.42,0.8275
475.8,4.59,2.793,698.29,0.8247
475.8,4.67,2.783,695.79,0.8208
475.8,4.75,2.768,692.06,0.8160
475.8,4.83,2.749,687.21,0.8103
475.8,4.91,2.725,681.36,0.8039
475.8,4.99,2.699,674.64,0.7970
475.8,5.07,2.669,667.17,0.7895
475.8,5.15,2.636,659.05,0.7816
475.8,5.23,2.601,650.35,0.7734
475.8,5.32,2.565,641.16,0.7649
475.8,5.40,2.526,631.57,0.7562
475.8,5.48,2.487,621.66,0.7474
475.8,5.56,2.446,611.53,0.7384
475.8,5.64,2.406,601.43,0.7295
475.8,5.72,2.366,591.54,0.7208
475.8,5.80,2.328,582.07,0.7122
475.8,5.88,2.293,573.18,0.7041
475.8,5.96,2.260,565.07,0.6963
475.8,6.04,2.231,557.85,0.6891
475.8,6.12,2.205,551.18,0.6822
475.8,6.20,2.180,544.96,0.6755
475.8,6.28,2.157,539.15,0.6690
475.8,6.36,2.135,533.67,0.6631
475.8,6.44,2.114,528.54,0.6576
475.8,6.52,2.095,523.80,0.6528
475.8,6.60,2.078,519.55,0.6483
475.8,6.68,2.063,515.80,0.6442
475.8,6.77,2.050,512.50,0.6403
475.8,6.85,2.038,509.62,0.6368
475.8,6.93,2.029,507.13,0.6336
475.8,7.01,2.020,505.00,0.6306
475.8,7.09,2.013,503.20,0.6278
475.8,7.17,2.007,501.71,0.6253
475.8,7.25,2.002,500.51,0.6230
475.8,7.33,1.998,499.54,0.6209
475.8,7.41,1.995,498.80,0.6189
475.8,7.49,1.993,498.24,0.6171
475.8,7.57,1.991,497.82,0.6154
475.8,7.65,1.990,497.44,0.6137
475.8,7.73,1.988,497.01,0.6120
475.8,7.81,1.986,496.46,0.6102
475.8,7.89,1.983,495.71,0.6083
475.8,7.97,1.979,494.69,0.6062
475.8,8.05,1.974,493.45,0.6040
475.8,8.13,1.969,492.33,0.6021
475.8,8.21,1.965,491.36,0.6006
475.8,8.30,1.962,490.49,0.5993
475.8,8.38,1.959,489.66,0.5982
475.8,8.46,1.955,488.86,0.5973
475.8,8.54,1.952,488.01,0.5964
475.8,8.62,1.947,486.85,0.5952
475.8,8.70,1.942,485.41,0.5937
475.8,8.78,1.935,483.72,0.5919
475.8,8.86,1.927,481.83,0.5900
475.8,8.94,1.919,479.78,0.5879
475.8,9.02,1.911,477.63,0.5857
475.8,9.10,1.902,475.41,0.5834
475.8,9.18,1.893,473.16,0.5812
475.8,9.26,1.884,470.89,0.5789
475.8,9.34,1.874,468.61,0.5767
475.8,9.42,1.865,466.34,0.5744
475.8,9.50,1.856,464.10,0.5723
475.8,9.58,1.848,461.90,0.5701
475.8,9.66,1.839,459.75,0.5680
475.8,9.74,1.831,457.65,0.5658
475.8,9.83,1.823,455.63,0.5637
475.8,9.91,1.815,453.68,0.5616
475.8,9.99,1.807,451.83,0.5595
475.8,10.07,1.801,450.14,0.5575
475.8,10.15,1.795,448.72,0.5556
475.8,10.23,1.790,447.54,0.5537
475.8,10.31,1.786,446.56,0.5520
475.8,10.39,1.783,445.79,0.5507
475.8,10.47,1.781,445.23,0.5496
475.8,10.55,1.779,444.86,0.5488
475.8,10.63,1.778,444.55,0.5480
475.8,10.71,1.777,444.30,0.5474
475.8,10.79,1.776,444.10,0.5468
475.8,10.87,1.776,443.96,0.5463
475.8,10.95,1.775,443.87,0.5458
475.8,11.03,1.775,443.82,0.5454
475.8,11.11,1.775,443.83,0.5451
475.8,11.19,1.776,443.88,0.5448
475.8,11.28,1.776,443.95,0.5446
475.8,11.36,1.776,444.03,0.5444
475.8,11.44,1.776,444.10,0.5442
475.8,11.52,1.777,444.15,0.5440
475.8,11.60,1.777,444.13,0.5438
475.8,11.68,1.776,443.99,0.5435
475.8,11.76,1.775,443.66,0.5431
475.8,11.84,1.772,443.11,0.5426
475.8,11.92,1.769,442.29,0.5418
475.8,12.00,1.765,441.15,0.5409
481.2,0.00,3.503,875.69,
481.2,0.08,3.460,864.92,
481.2,0.16,3.418,854.57,
481.2,0.24,3.378,844.50,
481.2,0.32,3.338,834.43,
481.2,0.40,3.297,824.29,
481.2,0.48,3.253,813.13,
481.2,0.56,3.203,800.84,
481.2,0.64,3.150,787.62,
481.2,0.72,3.095,773.69,
481.2,0.81,3.037,759.30,
481.2,0.89,2.979,744.79,
481.2,0.97,2.921,730.27,
481.2,1.05,2.863,715.82,
481.2,1.13,2.806,701.54,
481.2,1.21,2.750,687.53,
481.2,1.29,2.696,673.88,
481.2,1.37,2.643,660.68,
481.2,1.45,2.592,648.03,
481.2,1.53,2.544,636.02,
481.2,1.61,2.499,624.74,
481.2,1.69,2.457,614.27,
481.2,1.77,2.418,604.62,
481.2,1.85,2.383,595.87,
481.2,1.93,2.352,588.10,
481.2,2.01,2.326,581.40,0.7041
481.2,2.09,2.303,575.79,0.7072
481.2,2.17,2.285,571.21,0.7110
481.2,2.26,2.270,567.61,0.7156
481.2,2.34,2.260,565.04,0.7211
481.2,2.42,2.255,563.70,0.7276
481.2,2.50,2.257,564.22,0.7346
481.2,2.58,2.266,566.50,0.7418
481.2,2.66,2.281,570.36,0.7492
481.2,2.74,2.302,575.62,0.7567
481.2,2.82,2.328,582.04,0.7642
481.2,2.90,2.358,589.45,0.7716
481.2,2.98,2.391,597.70,0.7788
481.2,3.06,2.427,606.66,0.7859
481.2,3.14,2.465,616.21,0.7927
481.2,3.22,2.505,626.19,0.7992
481.2,3.30,2.546,636.49,0.8054
481.2,3.38,2.588,646.96,0.8112
481.2,3.46,2.630,657.48,0.8165
481.2,3.54,2.672,667.91,0.8213
481.2,3.62,2.712,678.11,0.8256
481.2,3.70,2.751,687.79,0.8292
481.2,3.79,2.786,696.56,0.8321
481.2,3.87,2.817,704.16,0.8341
481.2,3.95,2.841,710.31,0.8351
481.2,4.03,2.859,714.79,0.8352
481.2,4.11,2.873,718.13,0.8349
481.2,4.19,2.882,720.59,0.8342
481.2,4.27,2.890,722.39,0.8333
481.2,4.35,2.895,723.72,0.8321
481.2,4.43,2.897,724.31,0.8304
481.2,4.51,2.894,723.50,0.8276
481.2,4.59,2.885,721.35,0.8238
481.2,4.67,2.872,717.98,0.8191
481.2,4.75,2.854,713.51,0.8136
481.2,4.83,2.832,708.08,0.8074
481.2,4.91,2.807,701.79,0.8007
481.2,4.99,2.779,694.73,0.7935
481.2,5.07,2.748,686.98,0.7859
481.2,5.15,2.715,678.63,0.7779
481.2,5.23,2.679,669.76,0.7696
481.2,5.32,2.642,660.47,0.7611
481.2,5.40,2.603,650.82,0.7524
481.2,5.48,2.564,640.92,0.7436
481.2,5.56,2.523,630.83,0.7347
481.2,5.64,2.483,620.66,0.7259
481.2,5.72,2.443,610.65,0.7172
481.2,5.80,2.404,601.05,0.7087
481.2,5.88,2.368,592.03,0.7006
481.2,5.96,2.335,583.79,0.6929
481.2,6.04,2.306,576.45,0.6858
481.2,6.12,2.279,569.66,0.6790
481.2,6.20,2.253,563.34,0.6724
481.2,6.28,2.230,557.39,0.6662
481.2,6.36,2.207,551.81,0.6606
481.2,6.44,2.187,546.67,0.6556
481.2,6.52,2.168,542.04,0.6509
481.2,6.60,2.152,537.89,0.6466
481.2,6.68,2.137,534.21,0.6425
481.2,6.77,2.124,530.94,0.6388
481.2,6.85,2.112,528.08,0.6354
481.2,6.93,2.102,525.59,0.6322
481.2,7.01,2.094,523.46,0.6293
481.2,7.09,2.087,521.64,0.6267
481.2,7.17,2.080,520.10,0.6242
481.2,7.25,2.075,518.83,0.6220
481.2,7.33,2.071,517.78,0.6199
481.2,7.41,2.068,516.93,0.6179
481.2,7.49,2.065,516.24,0.6161
481.2,7.57,2.063,515.70,0.6144
481.2,7.65,2.061,515.25,0.6127
481.2,7.73,2.059,514.78,0.6111
481.2,7.81,2.057,514.20,0.6094
481.2,7.89,2.054,513.42,0.6075
481.2,7.97,2.049,512.37,0.6055
481.2,8.05,2.044,511.09,0.6034
481.2,8.13,2.040,509.95,0.6016
481.2,8.21,2.036,508.95,0.6001
481.2,8.30,2.032,508.00,0.5988
481.2,8.38,2.028,507.09,0.5977
481.2,8.46,2.024,506.02,0.5965
481.2,8.54,2.019,504.64,0.5950
481.2,8.62,2.012,502.99,0.5931
481.2,8.70,2.004,501.12,0.5911
481.2,8.78,1.996,499.06,0.5889
481.2,8.86,1.988,496.89,0.5866
481.2,8.94,1.979,494.64,0.5843
481.2,9.02,1.969,492.34,0.5820
481.2,9.10,1.960,489.99,0.5796
481.2,9.18,1.950,487.62,0.5772
481.2,9.26,1.941,485.23,0.5748
481.2,9.34,1.931,482.85,0.5725
481.2,9.42,1.922,480.50,0.5702
481.2,9.50,1.913,478.18,0.5679
481.2,9.58,1.904,475.92,0.5656
481.2,9.66,1.895,473.72,0.5635
481.2,9.74,1.886,471.60,0.5613
481.2,9.83,1.878,469.55,0.5592
481.2,9.91,1.870,467.59,0.5571
481.2,9.99,1.863,465.74,0.5550
481.2,10.07,1.856,464.06,0.5530
481.2,10.15,1.851,462.66,0.5511
481.2,10.23,1.846,461.50,0.5493
481.2,10.31,1.842,460.55,0.5478
481.2,10.39,1.839,459.84,0.5467
481.2,10.47,1.837,459.26,0.5457
481.2,10.55,1.835,458.76,0.5448
481.2,10.63,1.833,458.33,0.5440
481.2,10.71,1.832,457.96,0.5433
481.2,10.79,1.831,457.65,0.5427
481.2,10.87,1.830,457.43,0.5422
481.2,10.95,1.829,457.29,0.5417
481.2,11.03,1.829,457.20,0.5413
481.2,11.11,1.829,457.15,0.5410
481.2,11.19,1.829,457.13,0.5407
481.2,11.28,1.829,457.13,0.5405
481.2,11.36,1.829,457.13,0.5402
481.2,11.44,1.828,457.10,0.5400
481.2,11.52,1.828,457.05,0.5398
481.2,11.60,1.828,456.95,0.5395
481.2,11.68,1.827,456.76,0.5393
481.2,11.76,1.826,456.41,0.5389
481.2,11.84,1.823,455.84,0.5383
481.2,11.92,1.820,455.00,0.5376
481.2,12.00,1.815,453.85,0.5366
486.6,0.00,3.614,903.41,
486.6,0.08,3.568,892.05,
486.6,0.16,3.524,881.09,
486.6,0.24,3.481,870.22,
486.6,0.32,3.436,859.05,
486.6,0.40,3.387,846.68,
486.6,0.48,3.333,833.24,
486.6,0.56,3.276,818.96,
486.6,0.64,3.217,804.26,
486.6,0.72,3.157,789.33,
486.6,0.81,3.097,774.26,
486.6,0.89,3.037,759.13,
486.6,0.97,2.976,744.06,
486.6,1.05,2.917,729.13,
486.6,1.13,2.858,714.43,
486.6,1.21,2.800,700.06,
486.6,1.29,2.744,686.11,
486.6,1.37,2.691,672.68,
486.6,1.45,2.639,659.85,
486.6,1.53,2.591,647.73,
486.6,1.61,2.546,636.41,
486.6,1.69,2.504,625.98,
486.6,1.77,2.466,616.52,
486.6,1.85,2.432,608.03,
486.6,1.93,2.402,600.57,
486.6,2.01,2.377,594.23,0.6904
486.6,2.09,2.356,589.02,0.6951
486.6,2.17,2.340,584.88,0.7005
486.6,2.26,2.327,581.83,0.7068
486.6,2.34,2.321,580.25,0.7141
486.6,2.42,2.322,580.59,0.7217
486.6,2.50,2.331,582.68,0.7295
486.6,2.58,2.345,586.30,0.7375
486.6,2.66,2.365,591.24,0.7455
486.6,2.74,2.389,597.33,0.7535
486.6,2.82,2.418,604.44,0.7615
486.6,2.90,2.450,612.44,0.7693
486.6,2.98,2.485,621.20,0.7769
486.6,3.06,2.522,630.59,0.7843
486.6,3.14,2.562,640.46,0.7914
486.6,3.22,2.603,650.69,0.7982
486.6,3.30,2.645,661.13,0.8046
486.6,3.38,2.687,671.67,0.8106
486.6,3.46,2.729,682.16,0.8161
486.6,3.54,2.770,692.47,0.8210
486.6,3.62,2.810,702.47,0.8254
486.6,3.70,2.848,712.02,0.8291
486.6,3.79,2.884,720.89,0.8321
486.6,3.87,2.914,728.60,0.8343
486.6,3.95,2.939,734.85,0.8355
486.6,4.03,2.958,739.42,0.8357
486.6,4.11,2.971,742.83,0.8354
486.6,4.19,2.982,745.41,0.8349
486.6,4.27,2.990,747.46,0.8340
486.6,4.35,2.994,748.50,0.8324
486.6,4.43,2.992,748.08,0.8297
486.6,4.51,2.985,746.35,0.8260
486.6,4.59,2.974,743.43,0.8215
486.6,4.67,2.958,739.44,0.8163
486.6,4.75,2.938,734.49,0.8104
486.6,4.83,2.915,728.65,0.8040
486.6,4.91,2.888,722.02,0.7971
486.6,4.99,2.859,714.67,0.7897
486.6,5.07,2.827,706.68,0.7820
486.6,5.15,2.793,698.16,0.7739
486.6,5.23,2.757,689.17,0.7656
486.6,5.32,2.719,679.81,0.7571
486.6,5.40,2.681,670.16,0.7485
486.6,5.48,2.641,660.31,0.7397
486.6,5.56,2.601,650.33,0.7310
486.6,5.64,2.561,640.32,0.7223
486.6,5.72,2.521,630.36,0.7137
486.6,5.80,2.483,620.65,0.7053
486.6,5.88,2.446,611.52,0.6973
486.6,5.96,2.413,603.18,0.6898
486.6,6.04,2.383,595.72,0.6828
486.6,6.12,2.355,588.84,0.6761
486.6,6.20,2.330,582.40,0.6697
486.6,6.28,2.305,576.34,0.6640
486.6,6.36,2.283,570.77,0.6587
486.6,6.44,2.263,565.72,0.6538
486.6,6.52,2.245,561.16,0.6492
486.6,6.60,2.228,557.07,0.6450
486.6,6.68,2.214,553.42,0.6411
486.6,6.77,2.201,550.19,0.6375
486.6,6.85,2.189,547.34,0.6341
486.6,6.93,2.179,544.86,0.6311
486.6,7.01,2.171,542.70,0.6283
486.6,7.09,2.163,540.84,0.6257
486.6,7.17,2.157,539.24,0.6233
486.6,7.25,2.152,537.88,0.6211
486.6,7.33,2.147,536.73,0.6190
486.6,7.41,2.143,535.76,0.6171
486.6,7.49,2.140,534.93,0.6153
486.6,7.57,2.137,534.22,0.6136
486.6,7.65,2.134,533.60,0.6119
486.6,7.73,2.132,533.03,0.6103
486.6,7.81,2.130,532.42,0.6086
486.6,7.89,2.126,531.61,0.6068
486.6,7.97,2.122,530.53,0.6049
486.6,8.05,2.117,529.24,0.6028
486.6,8.13,2.112,528.07,0.6011
486.6,8.21,2.108,527.00,0.5996
486.6,8.30,2.104,525.95,0.5983
486.6,8.38,2.099,524.64,0.5967
486.6,8.46,2.092,523.04,0.5949
486.6,8.54,2.085,521.18,0.5928
486.6,8.62,2.077,519.14,0.5905
486.6,8.70,2.068,517.00,0.5882
486.6,8.78,2.059,514.75,0.5858
486.6,8.86,2.050,512.42,0.5834
486.6,8.94,2.040,510.02,0.5809
486.6,9.02,2.030,507.58,0.5785
486.6,9.10,2.020,505.10,0.5760
486.6,9.18,2.010,502.61,0.5735
486.6,9.26,2.000,500.12,0.5710
486.6,9.34,1.991,497.64,0.5686
486.6,9.42,1.981,495.20,0.5661
486.6,9.50,1.971,492.80,0.5638
486.6,9.58,1.962,490.48,0.5615
486.6,9.66,1.953,488.24,0.5592
486.6,9.74,1.944,486.09,0.5571
486.6,9.83,1.936,484.04,0.5550
486.6,9.91,1.928,482.09,0.5529
486.6,9.99,1.921,480.26,0.5509
486.6,10.07,1.914,478.61,0.5489
486.6,10.15,1.909,477.23,0.5470
486.6,10.23,1.904,476.10,0.5454
486.6,10.31,1.901,475.20,0.5442
486.6,10.39,1.898,474.40,0.5431
486.6,10.47,1.895,473.69,0.5420
486.6,10.55,1.892,473.05,0.5411
486.6,10.63,1.890,472.52,0.5403
486.6,10.71,1.888,472.10,0.5396
486.6,10.79,1.887,471.77,0.5390
486.6,10.87,1.886,471.52,0.5385
486.6,10.95,1.885,471.34,0.5380
486.6,11.03,1.885,471.20,0.5376
486.6,11.11,1.884,471.10,0.5373
486.6,11.19,1.884,471.01,0.5370
486.6,11.28,1.884,470.93,0.5367
486.6,11.36,1.883,470.83,0.5365
486.6,11.44,1.883,470.71,0.5362
486.6,11.52,1.882,470.54,0.5360
486.6,11.60,1.881,470.32,0.5357
486.6,11.68,1.880,470.03,0.5353
486.6,11.76,1.879,469.64,0.5349
486.6,11.84,1.876,469.06,0.5344
486.6,11.92,1.873,468.22,0.5337
486.6,12.00,1.868,467.06,0.5328
491.9,0.00,3.727,931.69,
491.9,0.08,3.679,919.73,
491.9,0.16,3.632,908.01,
491.9,0.24,3.582,895.61,
491.9,0.32,3.528,882.00,
491.9,0.40,3.470,867.59,
491.9,0.48,3.411,852.72,
491.9,0.56,3.350,837.50,
491.9,0.64,3.288,822.01,
491.9,0.72,3.225,806.35,
491.9,0.81,3.162,790.61,
491.9,0.89,3.100,774.88,
491.9,0.97,3.037,759.27,
491.9,1.05,2.975,743.85,
491.9,1.13,2.915,728.74,
491.9,1.21,2.856,714.01,
491.9,1.29,2.799,699.77,
491.9,1.37,2.744,686.11,
491.9,1.45,2.692,673.12,
491.9,1.53,2.644,660.90,
491.9,1.61,2.598,649.53,
491.9,1.69,2.556,639.12,
491.9,1.77,2.519,629.76,
491.9,1.85,2.486,621.54,
491.9,1.93,2.458,614.45,
491.9,2.01,2.434,608.53,0.6784
491.9,2.09,2.415,603.78,0.6846
491.9,2.17,2.401,600.20,0.6919
491.9,2.26,2.394,598.38,0.6997
491.9,2.34,2.394,598.46,0.7079
491.9,2.42,2.401,600.20,0.7163
491.9,2.50,2.414,603.40,0.7248
491.9,2.58,2.432,607.94,0.7333
491.9,2.66,2.455,613.68,0.7419
491.9,2.74,2.482,620.49,0.7503
491.9,2.82,2.513,628.24,0.7587
491.9,2.90,2.547,636.79,0.7669
491.9,2.98,2.584,646.00,0.7749
491.9,3.06,2.623,655.75,0.7826
491.9,3.14,2.664,665.90,0.7900
491.9,3.22,2.705,676.31,0.7971
491.9,3.30,2.747,686.85,0.8037
491.9,3.38,2.790,697.40,0.8099
491.9,3.46,2.831,707.81,0.8155
491.9,3.54,2.872,717.95,0.8206
491.9,3.62,2.911,727.68,0.8251
491.9,3.70,2.948,736.88,0.8288
491.9,3.79,2.982,745.42,0.8319
491.9,3.87,3.012,753.11,0.8341
491.9,3.95,3.038,759.45,0.8355
491.9,4.03,3.056,764.09,0.8358
491.9,4.11,3.070,767.56,0.8356
491.9,4.19,3.081,770.35,0.8351
491.9,4.27,3.087,771.84,0.8336
491.9,4.35,3.088,771.90,0.8310
491.9,4.43,3.083,770.70,0.8276
491.9,4.51,3.073,768.33,0.8234
491.9,4.59,3.059,764.87,0.8186
491.9,4.67,3.042,760.42,0.8130
491.9,4.75,3.020,755.05,0.8069
491.9,4.83,2.995,748.86,0.8003
491.9,4.91,2.968,741.92,0.7932
491.9,4.99,2.937,734.33,0.7857
491.9,5.07,2.905,726.16,0.7779
491.9,5.15,2.870,717.51,0.7698
491.9,5.23,2.834,708.45,0.7615
491.9,5.32,2.796,699.07,0.7530
491.9,5.40,2.758,689.46,0.7444
491.9,5.48,2.719,679.70,0.7358
491.9,5.56,2.680,669.88,0.7272
491.9,5.64,2.640,660.08,0.7187
491.9,5.72,2.602,650.39,0.7104
491.9,5.80,2.564,640.88,0.7022
491.9,5.88,2.527,631.71,0.6943
491.9,5.96,2.493,623.27,0.6869
491.9,6.04,2.463,615.72,0.6801
491.9,6.12,2.435,608.74,0.6736
491.9,6.20,2.409,602.19,0.6676
491.9,6.28,2.385,596.17,0.6621
491.9,6.36,2.363,590.68,0.6570
491.9,6.44,2.343,585.70,0.6522
491.9,6.52,2.325,581.21,0.6478
491.9,6.60,2.309,577.17,0.6437
491.9,6.68,2.294,573.57,0.6399
491.9,6.77,2.281,570.36,0.6364
491.9,6.85,2.270,567.52,0.6332
491.9,6.93,2.260,565.02,0.6303
491.9,7.01,2.251,562.82,0.6275
491.9,7.09,2.244,560.90,0.6250
491.9,7.17,2.237,559.23,0.6227
491.9,7.25,2.231,557.78,0.6205
491.9,7.33,2.226,556.51,0.6185
491.9,7.41,2.222,555.40,0.6166
491.9,7.49,2.218,554.41,0.6147
491.9,7.57,2.214,553.53,0.6130
491.9,7.65,2.211,552.70,0.6113
491.9,7.73,2.208,551.92,0.6096
491.9,7.81,2.205,551.14,0.6080
491.9,7.89,2.201,550.30,0.6063
491.9,7.97,2.197,549.20,0.6044
491.9,8.05,2.192,547.88,0.6024
491.9,8.13,2.187,546.68,0.6007
491.9,8.21,2.182,545.43,0.5991
491.9,8.30,2.176,543.88,0.5972
491.9,8.38,2.168,542.07,0.5951
491.9,8.46,2.160,540.11,0.5928
491.9,8.54,2.152,538.00,0.5905
491.9,8.62,2.143,535.78,0.5881
491.9,8.70,2.134,533.45,0.5856
491.9,8.78,2.124,531.03,0.5831
491.9,8.86,2.114,528.54,0.5805
491.9,8.94,2.104,526.00,0.5779
491.9,9.02,2.094,523.42,0.5753
491.9,9.10,2.083,520.82,0.5727
491.9,9.18,2.073,518.21,0.5701
491.9,9.26,2.062,515.62,0.5676
491.9,9.34,2.052,513.05,0.5650
491.9,9.42,2.042,510.53,0.5625
491.9,9.50,2.032,508.06,0.5601
491.9,9.58,2.023,505.68,0.5577
491.9,9.66,2.014,503.39,0.5554
491.9,9.74,2.005,501.21,0.5532
491.9,9.83,1.997,499.15,0.5511
491.9,9.91,1.989,497.23,0.5491
491.9,9.99,1.982,495.43,0.5472
491.9,10.07,1.975,493.81,0.5453
491.9,10.15,1.970,492.48,0.5436
491.9,10.23,1.965,491.35,0.5422
491.9,10.31,1.961,490.32,0.5409
491.9,10.39,1.958,489.40,0.5397
491.9,10.47,1.954,488.62,0.5387
491.9,10.55,1.952,487.97,0.5378
491.9,10.63,1.950,487.44,0.5370
491.9,10.71,1.948,487.00,0.5364
491.9,10.79,1.947,486.65,0.5358
491.9,10.87,1.945,486.37,0.5353
491.9,10.95,1.945,486.14,0.5348
491.9,11.03,1.944,485.94,0.5345
491.9,11.11,1.943,485.77,0.5341
491.9,11.19,1.942,485.61,0.5338
491.9,11.28,1.942,485.45,0.5335
491.9,11.36,1.941,485.26,0.5332
491.9,11.44,1.940,485.03,0.5329
491.9,11.52,1.939,484.75,0.5326
491.9,11.60,1.938,484.40,0.5323
491.9,11.68,1.936,483.98,0.5319
491.9,11.76,1.934,483.45,0.5314
491.9,11.84,1.931,482.81,0.5309
491.9,11.92,1.928,481.98,0.5302
491.9,12.00,1.923,480.83,0.5293
497.3,0.00,3.842,960.53,
497.3,0.08,3.791,947.80,
497.3,0.16,3.737,934.18,
497.3,0.24,3.679,919.86,
497.3,0.32,3.620,904.96,
497.3,0.40,3.558,889.58,
497.3,0.48,3.495,873.80,
497.3,0.56,3.431,857.73,
497.3,0.64,3.366,841.45,
497.3,0.72,3.300,825.06,
497.3,0.81,3.235,808.66,
497.3,0.89,3.169,792.33,
497.3,0.97,3.105,776.18,
497.3,1.05,3.041,760.29,
497.3,1.13,2.979,744.77,
497.3,1.21,2.919,729.69,
497.3,1.29,2.861,715.17,
497.3,1.37,2.805,701.28,
497.3,1.45,2.753,688.13,
497.3,1.53,2.703,675.81,
497.3,1.61,2.658,664.41,
497.3,1.69,2.616,654.02,
497.3,1.77,2.579,644.75,
497.3,1.85,2.547,636.68,
497.3,1.93,2.520,629.91,
497.3,2.01,2.498,624.47,0.6681
497.3,2.09,2.482,620.38,0.6761
497.3,2.17,2.473,618.19,0.6846
497.3,2.26,2.471,617.79,0.6933
497.3,2.34,2.476,619.03,0.7021
497.3,2.42,2.487,621.79,0.7111
497.3,2.50,2.504,625.93,0.7201
497.3,2.58,2.525,631.32,0.7292
497.3,2.66,2.551,637.82,0.7382
497.3,2.74,2.581,645.29,0.7471
497.3,2.82,2.614,653.62,0.7559
497.3,2.90,2.651,662.65,0.7645
497.3,2.98,2.689,672.27,0.7729
497.3,3.06,2.729,682.32,0.7809
497.3,3.14,2.771,692.69,0.7886
497.3,3.22,2.813,703.24,0.7959
497.3,3.30,2.855,713.83,0.8028
497.3,3.38,2.897,724.32,0.8091
497.3,3.46,2.938,734.60,0.8149
497.3,3.54,2.978,744.51,0.8201
497.3,3.62,3.016,753.94,0.8246
497.3,3.70,3.051,762.73,0.8284
497.3,3.79,3.083,770.77,0.8315
497.3,3.87,3.112,777.92,0.8337
497.3,3.95,3.136,784.04,0.8351
497.3,4.03,3.155,788.73,0.8355
497.3,4.11,3.169,792.21,0.8353
497.3,4.19,3.177,794.25,0.8340
497.3,4.27,3.180,794.93,0.8318
497.3,4.35,3.177,794.33,0.8288
497.3,4.43,3.170,792.53,0.8250
497.3,4.51,3.158,789.62,0.8204
497.3,4.59,3.143,785.69,0.8153
497.3,4.67,3.123,780.81,0.8095
497.3,4.75,3.100,775.08,0.8031
497.3,4.83,3.074,768.57,0.7963
497.3,4.91,3.046,761.38,0.7891
497.3,4.99,3.014,753.59,0.7815
497.3,5.07,2.981,745.28,0.7736
497.3,5.15,2.946,736.54,0.7655
497.3,5.23,2.910,727.45,0.7572
497.3,5.32,2.872,718.10,0.7488
497.3,5.40,2.834,708.58,0.7403
497.3,5.48,2.796,698.96,0.7319
497.3,5.56,2.757,689.34,0.7235
497.3,5.64,2.719,679.80,0.7152
497.3,5.72,2.682,670.42,0.7071
497.3,5.80,2.645,661.28,0.6993
497.3,5.88,2.610,652.49,0.6917
497.3,5.96,2.576,644.11,0.6845
497.3,6.04,2.546,636.49,0.6779
497.3,6.12,2.518,629.44,0.6717
497.3,6.20,2.492,622.96,0.6659
497.3,6.28,2.468,617.04,0.6606
497.3,6.36,2.447,611.65,0.6556
497.3,6.44,2.427,606.76,0.6510
497.3,6.52,2.409,602.34,0.6467
497.3,6.60,2.393,598.35,0.6428
497.3,6.68,2.379,594.77,0.6392
497.3,6.77,2.366,591.57,0.6358
497.3,6.85,2.355,588.72,0.6327
497.3,6.93,2.345,586.18,0.6298
497.3,7.01,2.336,583.93,0.6272
497.3,7.09,2.328,581.94,0.6247
497.3,7.17,2.321,580.17,0.6225
497.3,7.25,2.314,578.61,0.6203
497.3,7.33,2.309,577.20,0.6183
497.3,7.41,2.304,575.94,0.6164
497.3,7.49,2.299,574.78,0.6145
497.3,7.57,2.295,573.70,0.6128
497.3,7.65,2.291,572.67,0.6110
497.3,7.73,2.287,571.65,0.6093
497.3,7.81,2.282,570.62,0.6076
497.3,7.89,2.278,569.54,0.6058
497.3,7.97,2.274,568.38,0.6040
497.3,8.05,2.268,567.04,0.6021
497.3,8.13,2.262,565.56,0.6002
497.3,8.21,2.255,563.86,0.5981
497.3,8.30,2.248,561.99,0.5958
497.3,8.38,2.240,559.96,0.5935
497.3,8.46,2.231,557.78,0.5911
497.3,8.54,2.222,555.48,0.5886
497.3,8.62,2.212,553.07,0.5861
497.3,8.70,2.202,550.56,0.5834
497.3,8.78,2.192,547.98,0.5808
497.3,8.86,2.181,545.34,0.5781
497.3,8.94,2.171,542.66,0.5754
497.3,9.02,2.160,539.94,0.5727
497.3,9.10,2.149,537.22,0.5700
497.3,9.18,2.138,534.51,0.5673
497.3,9.26,2.127,531.81,0.5647
497.3,9.34,2.117,529.16,0.5621
497.3,9.42,2.106,526.56,0.5595
497.3,9.50,2.096,524.03,0.5570
497.3,9.58,2.086,521.59,0.5546
497.3,9.66,2.077,519.26,0.5522
497.3,9.74,2.068,517.04,0.5500
497.3,9.83,2.060,514.97,0.5479
497.3,9.91,2.052,513.05,0.5459
497.3,9.99,2.045,511.29,0.5440
497.3,10.07,2.039,509.73,0.5422
497.3,10.15,2.033,508.35,0.5407
497.3,10.23,2.029,507.14,0.5393
497.3,10.31,2.024,506.09,0.5380
497.3,10.39,2.021,505.19,0.5369
497.3,10.47,2.018,504.42,0.5359
497.3,10.55,2.015,503.77,0.5351
497.3,10.63,2.013,503.23,0.5344
497.3,10.71,2.011,502.78,0.5337
497.3,10.79,2.010,502.39,0.5332
497.3,10.87,2.008,502.07,0.5327
497.3,10.95,2.007,501.79,0.5323
497.3,11.03,2.006,501.54,0.5319
497.3,11.11,2.005,501.30,0.5315
497.3,11.19,2.004,501.06,0.5312
497.3,11.28,2.003,500.80,0.5309
497.3,11.36,2.002,500.51,0.5306
497.3,11.44,2.001,500.18,0.5302
497.3,11.52,1.999,499.78,0.5299
497.3,11.60,1.997,499.30,0.5295
497.3,11.68,1.995,498.73,0.5290
497.3,11.76,1.992,498.06,0.5285
497.3,11.84,1.989,497.26,0.5278
497.3,11.92,1.985,496.32,0.5271
497.3,12.00,1.981,495.20,0.5263
502.7,0.00,3.960,990.03,
502.7,0.08,3.904,976.01,
502.7,0.16,3.845,961.20,
502.7,0.24,3.783,945.79,
502.7,0.32,3.719,929.86,
502.7,0.40,3.654,913.51,
502.7,0.48,3.587,896.82,
502.7,0.56,3.520,879.91,
502.7,0.64,3.451,862.85,
502.7,0.72,3.383,845.75,
502.7,0.81,3.315,828.69,
502.7,0.89,3.247,811.77,
502.7,0.97,3.180,795.09,
502.7,1.05,3.115,778.73,
502.7,1.13,3.051,762.80,
502.7,1.21,2.990,747.38,
502.7,1.29,2.930,732.58,
502.7,1.37,2.874,718.47,
502.7,1.45,2.821,705.17,
502.7,1.53,2.771,692.76,
502.7,1.61,2.725,681.33,
502.7,1.69,2.684,670.98,
502.7,1.77,2.647,661.80,
502.7,1.85,2.616,653.89,
502.7,1.93,2.589,647.36,
502.7,2.01,2.569,642.15,0.6597
502.7,2.09,2.557,639.25,0.6686
502.7,2.17,2.553,638.29,0.6777
502.7,2.26,2.556,639.03,0.6871
502.7,2.34,2.565,641.33,0.6965
502.7,2.42,2.580,645.06,0.7061
502.7,2.50,2.600,650.07,0.7157
502.7,2.58,2.625,656.24,0.7252
502.7,2.66,2.654,663.44,0.7347
502.7,2.74,2.686,671.52,0.7441
502.7,2.82,2.721,680.36,0.7533
502.7,2.90,2.759,689.83,0.7622
502.7,2.98,2.799,699.78,0.7709
502.7,3.06,2.840,710.09,0.7793
502.7,3.14,2.882,720.62,0.7873
502.7,3.22,2.925,731.24,0.7948
502.7,3.30,2.967,741.81,0.8018
502.7,3.38,3.009,752.20,0.8084
502.7,3.46,3.049,762.28,0.8143
502.7,3.54,3.088,771.91,0.8196
502.7,3.62,3.124,780.96,0.8241
502.7,3.70,3.157,789.30,0.8280
502.7,3.79,3.187,796.79,0.8310
502.7,3.87,3.213,803.29,0.8332
502.7,3.95,3.235,808.68,0.8345
502.7,4.03,3.253,813.23,0.8348
502.7,4.11,3.264,815.98,0.8340
502.7,4.19,3.269,817.31,0.8322
502.7,4.27,3.269,817.33,0.8296
502.7,4.35,3.264,816.12,0.8262
502.7,4.43,3.255,813.78,0.8220
502.7,4.51,3.242,810.38,0.8172
502.7,4.59,3.224,806.01,0.8117
502.7,4.67,3.203,800.75,0.8057
502.7,4.75,3.179,794.70,0.7992
502.7,4.83,3.152,787.93,0.7922
502.7,4.91,3.122,780.54,0.7849
502.7,4.99,3.090,772.59,0.7772
502.7,5.07,3.057,764.19,0.7693
502.7,5.15,3.022,755.41,0.7612
502.7,5.23,2.985,746.35,0.7530
502.7,5.32,2.948,737.08,0.7447
502.7,5.40,2.911,727.68,0.7363
502.7,5.48,2.873,718.26,0.7280
502.7,5.56,2.836,708.88,0.7198
502.7,5.64,2.799,699.64,0.7118
502.7,5.72,2.762,690.62,0.7040
502.7,5.80,2.728,681.90,0.6965
502.7,5.88,2.694,673.58,0.6893
502.7,5.96,2.663,665.75,0.6826
502.7,6.04,2.632,658.08,0.6762
502.7,6.12,2.605,651.16,0.6702
502.7,6.20,2.579,644.82,0.6647
502.7,6.28,2.556,639.01,0.6595
502.7,6.36,2.535,633.71,0.6547
502.7,6.44,2.516,628.89,0.6503
502.7,6.52,2.498,624.52,0.6462
502.7,6.60,2.482,620.56,0.6424
502.7,6.68,2.468,616.99,0.6389
502.7,6.77,2.455,613.78,0.6357
502.7,6.85,2.444,610.90,0.6327
502.7,6.93,2.433,608.31,0.6299
502.7,7.01,2.424,606.00,0.6273
502.7,7.09,2.416,603.91,0.6249
502.7,7.17,2.408,602.04,0.6227
502.7,7.25,2.401,600.34,0.6206
502.7,7.33,2.395,598.79,0.6186
502.7,7.41,2.389,597.36,0.6167
502.7,7.49,2.384,596.01,0.6148
502.7,7.57,2.379,594.72,0.6130
502.7,7.65,2.374,593.46,0.6112
502.7,7.73,2.369,592.19,0.6094
502.7,7.81,2.364,590.88,0.6076
502.7,7.89,2.358,589.52,0.6058
502.7,7.97,2.352,588.11,0.6038
502.7,8.05,2.346,586.60,0.6018
502.7,8.13,2.339,584.84,0.5997
502.7,8.21,2.332,582.90,0.5974
502.7,8.30,2.323,580.80,0.5950
502.7,8.38,2.314,578.55,0.5925
502.7,8.46,2.305,576.17,0.5899
502.7,8.54,2.295,573.68,0.5873
502.7,8.62,2.284,571.09,0.5846
502.7,8.70,2.274,568.41,0.5819
502.7,8.78,2.263,565.67,0.5791
502.7,8.86,2.252,562.88,0.5763
502.7,8.94,2.240,560.06,0.5735
502.7,9.02,2.229,557.22,0.5707
502.7,9.10,2.218,554.38,0.5679
502.7,9.18,2.206,551.56,0.5652
502.7,9.26,2.195,548.77,0.5624
502.7,9.34,2.184,546.03,0.5598
502.7,9.42,2.173,543.36,0.5571
502.7,9.50,2.163,540.77,0.5546
502.7,9.58,2.153,538.28,0.5521
502.7,9.66,2.144,535.91,0.5498
502.7,9.74,2.135,533.67,0.5475
502.7,9.83,2.126,531.58,0.5453
502.7,9.91,2.119,529.65,0.5433
502.7,9.99,2.112,527.90,0.5414
502.7,10.07,2.105,526.35,0.5398
502.7,10.15,2.100,525.01,0.5383
502.7,10.23,2.095,523.83,0.5370
502.7,10.31,2.091,522.81,0.5358
502.7,10.39,2.088,521.92,0.5348
502.7,10.47,2.085,521.16,0.5339
502.7,10.55,2.082,520.51,0.5331
502.7,10.63,2.080,519.95,0.5324
502.7,10.71,2.078,519.47,0.5318
502.7,10.79,2.076,519.06,0.5313
502.7,10.87,2.075,518.69,0.5308
502.7,10.95,2.073,518.35,0.5304
502.7,11.03,2.072,518.03,0.5300
502.7,11.11,2.071,517.72,0.5296
502.7,11.19,2.070,517.40,0.5293
502.7,11.28,2.068,517.04,0.5290
502.7,11.36,2.067,516.65,0.5286
502.7,11.44,2.065,516.20,0.5282
502.7,11.52,2.063,515.67,0.5278
502.7,11.60,2.060,515.06,0.5273
502.7,11.68,2.057,514.35,0.5268
502.7,11.76,2.054,513.52,0.5262
502.7,11.84,2.050,512.55,0.5255
502.7,11.92,2.046,511.44,0.5246
502.7,12.00,2.041,510.17,0.5237
508.1,0.00,4.083,1020.68,
508.1,0.08,4.023,1005.85,
508.1,0.16,3.960,990.05,
508.1,0.24,3.894,973.56,
508.1,0.32,3.826,956.62,
508.1,0.40,3.757,939.32,
508.1,0.48,3.687,921.75,
508.1,0.56,3.616,904.01,
508.1,0.64,3.545,886.19,
508.1,0.72,3.474,868.38,
508.1,0.81,3.403,850.69,
508.1,0.89,3.333,833.20,
508.1,0.97,3.264,816.00,
508.1,1.05,3.197,799.20,
508.1,1.13,3.132,782.88,
508.1,1.21,3.069,767.14,
508.1,1.29,3.008,752.07,
508.1,1.37,2.951,737.77,
508.1,1.45,2.897,724.32,
508.1,1.53,2.847,711.84,
508.1,1.61,2.802,700.40,
508.1,1.69,2.760,690.10,
508.1,1.77,2.724,681.12,
508.1,1.85,2.694,673.60,
508.1,1.93,2.667,666.69,
508.1,2.01,2.645,661.25,0.6530
508.1,2.09,2.634,658.51,0.6624
508.1,2.17,2.634,658.41,0.6721
508.1,2.26,2.641,660.21,0.6821
508.1,2.34,2.654,663.47,0.6921
508.1,2.42,2.672,668.07,0.7022
508.1,2.50,2.695,673.87,0.7123
508.1,2.58,2.723,680.74,0.7223
508.1,2.66,2.754,688.54,0.7323
508.1,2.74,2.789,697.15,0.7420
508.1,2.82,2.826,706.42,0.7516
508.1,2.90,2.865,716.22,0.7609
508.1,2.98,2.906,726.43,0.7699
508.1,3.06,2.948,736.90,0.7785
508.1,3.14,2.990,747.50,0.7867
508.1,3.22,3.032,758.10,0.7944
508.1,3.30,3.074,768.57,0.8016
508.1,3.38,3.115,778.77,0.8082
508.1,3.46,3.154,788.56,0.8142
508.1,3.54,3.191,797.82,0.8196
508.1,3.62,3.226,806.41,0.8242
508.1,3.70,3.257,814.20,0.8280
508.1,3.79,3.284,821.03,0.8308
508.1,3.87,3.308,826.90,0.8325
508.1,3.95,3.333,833.26,0.8335
508.1,4.03,3.351,837.87,0.8337
508.1,4.11,3.361,840.37,0.8326
508.1,4.19,3.365,841.13,0.8305
508.1,4.27,3.362,840.54,0.8275
508.1,4.35,3.355,838.79,0.8237
508.1,4.43,3.344,835.96,0.8192
508.1,4.51,3.328,832.12,0.8141
508.1,4.59,3.310,827.38,0.8084
508.1,4.67,3.287,821.81,0.8022
508.1,4.75,3.262,815.49,0.7955
508.1,4.83,3.234,808.51,0.7884
508.1,4.91,3.204,800.97,0.7810
508.1,4.99,3.172,792.93,0.7733
508.1,5.07,3.138,784.49,0.7654
508.1,5.15,3.103,775.73,0.7573
508.1,5.23,3.067,766.74,0.7492
508.1,5.32,3.030,757.61,0.7410
508.1,5.40,2.994,748.40,0.7328
508.1,5.48,2.957,739.22,0.7247
508.1,5.56,2.921,730.15,0.7168
508.1,5.64,2.885,721.27,0.7090
508.1,5.72,2.851,712.68,0.7015
508.1,5.80,2.818,704.57,0.6945
508.1,5.88,2.787,696.83,0.6879
508.1,5.96,2.753,688.28,0.6812
508.1,6.04,2.722,680.40,0.6751
508.1,6.12,2.694,673.40,0.6693
508.1,6.20,2.669,667.14,0.6640
508.1,6.28,2.646,661.42,0.6590
508.1,6.36,2.625,656.19,0.6544
508.1,6.44,2.606,651.42,0.6501
508.1,6.52,2.588,647.08,0.6462
508.1,6.60,2.573,643.13,0.6425
508.1,6.68,2.558,639.55,0.6392
508.1,6.77,2.545,636.31,0.6360
508.1,6.85,2.534,633.38,0.6331
508.1,6.93,2.523,630.72,0.6304
508.1,7.01,2.513,628.31,0.6279
508.1,7.09,2.504,626.12,0.6256
508.1,7.17,2.496,624.11,0.6234
508.1,7.25,2.489,622.27,0.6213
508.1,7.33,2.482,620.54,0.6193
508.1,7.41,2.476,618.92,0.6173
508.1,7.49,2.469,617.36,0.6155
508.1,7.57,2.463,615.84,0.6136
508.1,7.65,2.457,614.32,0.6118
508.1,7.73,2.451,612.79,0.6099
508.1,7.81,2.445,611.22,0.6079
508.1,7.89,2.439,609.72,0.6058
508.1,7.97,2.434,608.46,0.6038
508.1,8.05,2.427,606.77,0.6018
508.1,8.13,2.419,604.82,0.5996
508.1,8.21,2.411,602.65,0.5972
508.1,8.30,2.401,600.33,0.5946
508.1,8.38,2.391,597.87,0.5920
508.1,8.46,2.381,595.29,0.5893
508.1,8.54,2.370,592.60,0.5865
508.1,8.62,2.359,589.83,0.5837
508.1,8.70,2.348,586.99,0.5808
508.1,8.78,2.336,584.09,0.5780
508.1,8.86,2.325,581.16,0.5751
508.1,8.94,2.313,578.20,0.5722
508.1,9.02,2.301,575.24,0.5693
508.1,9.10,2.289,572.29,0.5664
508.1,9.18,2.277,569.37,0.5636
508.1,9.26,2.266,566.49,0.5608
508.1,9.34,2.255,563.67,0.5580
508.1,9.42,2.244,560.93,0.5554
508.1,9.50,2.233,558.28,0.5528
508.1,9.58,2.223,555.75,0.5503
508.1,9.66,2.213,553.34,0.5479
508.1,9.74,2.204,551.08,0.5456
508.1,9.83,2.196,549.01,0.5434
508.1,9.91,2.188,547.09,0.5413
508.1,9.99,2.181,545.28,0.5395
508.1,10.07,2.175,543.71,0.5380
508.1,10.15,2.169,542.37,0.5366
508.1,10.23,2.165,541.22,0.5354
508.1,10.31,2.161,540.22,0.5343
508.1,10.39,2.157,539.34,0.5333
508.1,10.47,2.154,538.58,0.5325
508.1,10.55,2.152,537.91,0.5317
508.1,10.63,2.149,537.33,0.5311
508.1,10.71,2.147,536.82,0.5305
508.1,10.79,2.145,536.36,0.5300
508.1,10.87,2.144,535.94,0.5295
508.1,10.95,2.142,535.54,0.5291
508.1,11.03,2.141,535.15,0.5287
508.1,11.11,2.139,534.76,0.5283
508.1,11.19,2.137,534.34,0.5280
508.1,11.28,2.136,533.88,0.5276
508.1,11.36,2.134,533.38,0.5272
508.1,11.44,2.131,532.80,0.5268
508.1,11.52,2.129,532.14,0.5263
508.1,11.60,2.126,531.39,0.5258
508.1,11.68,2.122,530.52,0.5251
508.1,11.76,2.118,529.51,0.5244
508.1,11.84,2.113,528.32,0.5234
508.1,11.92,2.108,527.04,0.5224
508.1,12.00,2.103,525.69,0.5215
513.4,0.00,4.210,1052.56,
513.4,0.08,4.148,1036.96,
513.4,0.16,4.082,1020.40,
513.4,0.24,4.012,1003.05,
513.4,0.32,3.940,985.12,
513.4,0.40,3.868,966.89,
513.4,0.48,3.794,948.45,
513.4,0.56,3.720,929.91,
513.4,0.64,3.645,911.35,
513.4,0.72,3.571,892.86,
513.4,0.81,3.498,874.55,
513.4,0.89,3.426,856.50,
513.4,0.97,3.355,838.82,
513.4,1.05,3.286,821.58,
513.4,1.13,3.220,804.90,
513.4,1.21,3.155,788.85,
513.4,1.29,3.094,773.54,
513.4,1.37,3.036,759.06,
513.4,1.45,2.982,745.50,
513.4,1.53,2.932,732.99,
513.4,1.61,2.887,721.71,
513.4,1.69,2.847,711.79,
513.4,1.77,2.813,703.18,
513.4,1.85,2.779,694.78,
513.4,1.93,2.749,687.20,
513.4,2.01,2.727,681.76,0.6481
513.4,2.09,2.716,679.03,0.6578
513.4,2.17,2.716,678.99,0.6680
513.4,2.26,2.725,681.29,0.6784
513.4,2.34,2.742,685.42,0.6890
513.4,2.42,2.763,690.80,0.6996
513.4,2.50,2.789,697.29,0.7101
513.4,2.58,2.819,704.76,0.7206
513.4,2.66,2.852,713.08,0.7309
513.4,2.74,2.888,722.11,0.7410
513.4,2.82,2.927,731.72,0.7509
513.4,2.90,2.967,741.77,0.7604
513.4,2.98,3.009,752.13,0.7697
513.4,3.06,3.051,762.67,0.7785
513.4,3.14,3.093,773.25,0.7869
513.4,3.22,3.135,783.74,0.7947
513.4,3.30,3.176,794.01,0.8021
513.4,3.38,3.216,803.92,0.8088
513.4,3.46,3.253,813.34,0.8148
513.4,3.54,3.289,822.13,0.8201
513.4,3.62,3.320,830.12,0.8244
513.4,3.70,3.349,837.16,0.8276
513.4,3.79,3.375,843.63,0.8297
513.4,3.87,3.405,851.23,0.8314
513.4,3.95,3.433,858.25,0.8323
513.4,4.03,3.451,862.74,0.8323
513.4,4.11,3.461,865.13,0.8311
513.4,4.19,3.463,865.74,0.8288
513.4,4.27,3.459,864.77,0.8255
513.4,4.35,3.450,862.53,0.8214
513.4,4.43,3.437,859.27,0.8166
513.4,4.51,3.420,855.06,0.8112
513.4,4.59,3.400,849.99,0.8053
513.4,4.67,3.377,844.16,0.7989
513.4,4.75,3.351,837.64,0.7921
513.4,4.83,3.322,830.51,0.7849
513.4,4.91,3.291,822.87,0.7775
513.4,4.99,3.259,814.80,0.7698
513.4,5.07,3.226,806.38,0.7619
513.4,5.15,3.191,797.70,0.7539
513.4,5.23,3.155,788.85,0.7458
513.4,5.32,3.120,779.90,0.7378
513.4,5.40,3.084,770.95,0.7298
513.4,5.48,3.048,762.07,0.7219
513.4,5.56,3.014,753.43,0.7143
513.4,5.64,2.981,745.18,0.7070
513.4,5.72,2.950,737.45,0.7002
513.4,5.80,2.919,729.65,0.6936
513.4,5.88,2.882,720.56,0.6869
513.4,5.96,2.846,711.56,0.6804
513.4,6.04,2.814,703.52,0.6744
513.4,6.12,2.785,696.34,0.6689
513.4,6.20,2.760,689.94,0.6637
513.4,6.28,2.737,684.24,0.6590
513.4,6.36,2.716,679.05,0.6545
513.4,6.44,2.697,674.31,0.6504
513.4,6.52,2.680,669.98,0.6466
513.4,6.60,2.664,666.02,0.6431
513.4,6.68,2.650,662.41,0.6398
513.4,6.77,2.636,659.12,0.6368
513.4,6.85,2.624,656.11,0.6340
513.4,6.93,2.613,653.36,0.6314
513.4,7.01,2.603,650.84,0.6289
513.4,7.09,2.594,648.52,0.6266
513.4,7.17,2.585,646.36,0.6244
513.4,7.25,2.577,644.34,0.6223
513.4,7.33,2.570,642.42,0.6203
513.4,7.41,2.562,640.58,0.6184
513.4,7.49,2.555,638.79,0.6165
513.4,7.57,2.548,637.03,0.6145
513.4,7.65,2.541,635.27,0.6124
513.4,7.73,2.534,633.48,0.6102
513.4,7.81,2.528,631.92,0.6080
513.4,7.89,2.523,630.80,0.6060
513.4,7.97,2.518,629.42,0.6041
513.4,8.05,2.510,627.55,0.6021
513.4,8.13,2.502,625.42,0.5998
513.4,8.21,2.492,623.07,0.5973
513.4,8.30,2.482,620.54,0.5946
513.4,8.38,2.471,617.87,0.5919
513.4,8.46,2.460,615.10,0.5890
513.4,8.54,2.449,612.23,0.5861
513.4,8.62,2.437,609.28,0.5832
513.4,8.70,2.425,606.27,0.5802
513.4,8.78,2.413,603.22,0.5772
513.4,8.86,2.401,600.15,0.5742
513.4,8.94,2.388,597.06,0.5713
513.4,9.02,2.376,593.98,0.5683
513.4,9.10,2.364,590.92,0.5653
513.4,9.18,2.352,587.90,0.5624
513.4,9.26,2.340,584.93,0.5596
513.4,9.34,2.328,582.04,0.5568
513.4,9.42,2.317,579.24,0.5541
513.4,9.50,2.306,576.54,0.5515
513.4,9.58,2.296,573.98,0.5489
513.4,9.66,2.286,571.58,0.5464
513.4,9.74,2.277,569.37,0.5440
513.4,9.83,2.269,567.26,0.5418
513.4,9.91,2.261,565.24,0.5398
513.4,9.99,2.254,563.40,0.5382
513.4,10.07,2.247,561.80,0.5368
513.4,10.15,2.242,560.43,0.5355
513.4,10.23,2.237,559.26,0.5344
513.4,10.31,2.233,558.26,0.5334
513.4,10.39,2.230,557.38,0.5324
513.4,10.47,2.226,556.61,0.5316
513.4,10.55,2.224,555.92,0.5309
513.4,10.63,2.221,555.31,0.5303
513.4,10.71,2.219,554.76,0.5297
513.4,10.79,2.217,554.25,0.5292
513.4,10.87,2.215,553.77,0.5288
513.4,10.95,2.213,553.30,0.5284
513.4,11.03,2.211,552.83,0.5280
513.4,11.11,2.209,552.35,0.5276
513.4,11.19,2.207,551.83,0.5272
513.4,11.28,2.205,551.26,0.5268
513.4,11.36,2.203,550.64,0.5263
513.4,11.44,2.200,549.93,0.5259
513.4,11.52,2.197,549.13,0.5253
513.4,11.60,2.193,548.19,0.5246
513.4,11.68,2.188,547.08,0.5237
513.4,11.76,2.183,545.80,0.5225
513.4,11.84,2.178,544.50,0.5215
513.4,11.92,2.173,543.19,0.5205
513.4,12.00,2.167,541.74,0.5197
518.8,0.00,4.343,1085.69,
518.8,0.08,4.277,1069.31,
518.8,0.16,4.208,1052.00,
518.8,0.24,4.136,1033.92,
518.8,0.32,4.061,1015.23,
518.8,0.40,3.985,996.13,
518.8,0.48,3.907,976.84,
518.8,0.56,3.830,957.51,
518.8,0.64,3.753,938.23,
518.8,0.72,3.676,919.08,
518.8,0.81,3.601,900.17,
518.8,0.89,3.526,881.59,
518.8,0.97,3.454,863.43,
518.8,1.05,3.383,845.78,
518.8,1.13,3.315,828.75,
518.8,1.21,3.250,812.42,
518.8,1.29,3.188,796.90,
518.8,1.37,3.129,782.34,
518.8,1.45,3.076,768.89,
518.8,1.53,3.027,756.69,
518.8,1.61,2.983,745.87,
518.8,1.69,2.944,735.99,
518.8,1.77,2.905,726.17,
518.8,1.85,2.867,716.73,
518.8,1.93,2.836,709.06,
518.8,2.01,2.814,703.60,0.6447
518.8,2.09,2.804,700.88,0.6548
518.8,2.17,2.803,700.85,0.6653
518.8,2.26,2.813,703.18,0.6761
518.8,2.34,2.830,707.55,0.6870
518.8,2.42,2.854,713.56,0.6980
518.8,2.50,2.883,720.65,0.7090
518.8,2.58,2.915,728.63,0.7198
518.8,2.66,2.949,737.37,0.7304
518.8,2.74,2.987,746.73,0.7409
518.8,2.82,3.026,756.58,0.7510
518.8,2.90,3.067,766.79,0.7608
518.8,2.98,3.109,777.21,0.7702
518.8,3.06,3.151,787.73,0.7792
518.8,3.14,3.193,798.19,0.7877
518.8,3.22,3.234,808.48,0.7957
518.8,3.30,3.274,818.45,0.8031
518.8,3.38,3.312,827.96,0.8096
518.8,3.46,3.347,836.82,0.8153
518.8,3.54,3.380,844.88,0.8199
518.8,3.62,3.408,851.95,0.8235
518.8,3.70,3.437,859.16,0.8262
518.8,3.79,3.471,867.66,0.8284
518.8,3.87,3.506,876.59,0.8300
518.8,3.95,3.534,883.52,0.8308
518.8,4.03,3.552,887.94,0.8306
518.8,4.11,3.561,890.24,0.8293
518.8,4.19,3.563,890.77,0.8269
518.8,4.27,3.559,889.71,0.8234
518.8,4.35,3.549,887.25,0.8191
518.8,4.43,3.534,883.62,0.8141
518.8,4.51,3.516,879.10,0.8085
518.8,4.59,3.495,873.77,0.8024
518.8,4.67,3.471,867.73,0.7959
518.8,4.75,3.444,861.06,0.7889
518.8,4.83,3.415,853.85,0.7817
518.8,4.91,3.385,846.18,0.7742
518.8,4.99,3.353,838.13,0.7665
518.8,5.07,3.319,829.79,0.7587
518.8,5.15,3.285,821.25,0.7508
518.8,5.23,3.250,812.58,0.7429
518.8,5.32,3.216,803.91,0.7350
518.8,5.40,3.182,795.39,0.7273
518.8,5.48,3.149,787.16,0.7199
518.8,5.56,3.117,779.35,0.7129
518.8,5.64,3.088,772.05,0.7063
518.8,5.72,3.056,764.05,0.6997
518.8,5.80,3.019,754.72,0.6930
518.8,5.88,2.979,744.81,0.6863
518.8,5.96,2.943,735.64,0.6800
518.8,6.04,2.910,727.42,0.6742
518.8,6.12,2.880,720.07,0.6689
518.8,6.20,2.854,713.51,0.6639
518.8,6.28,2.831,707.65,0.6593
518.8,6.36,2.810,702.41,0.6551
518.8,6.44,2.791,697.67,0.6511
518.8,6.52,2.773,693.32,0.6474
518.8,6.60,2.757,689.33,0.6440
518.8,6.68,2.743,685.66,0.6409
518.8,6.77,2.729,682.30,0.6379
518.8,6.85,2.717,679.20,0.6352
518.8,6.93,2.705,676.33,0.6326
518.8,7.01,2.695,673.68,0.6302
518.8,7.09,2.685,671.20,0.6279
518.8,7.17,2.675,668.87,0.6258
518.8,7.25,2.667,666.65,0.6237
518.8,7.33,2.658,664.53,0.6217
518.8,7.41,2.650,662.47,0.6196
518.8,7.49,2.642,660.45,0.6174
518.8,7.57,2.634,658.42,0.6151
518.8,7.65,2.626,656.40,0.6127
518.8,7.73,2.619,654.77,0.6104
518.8,7.81,2.615,653.64,0.6083
518.8,7.89,2.610,652.54,0.6064
518.8,7.97,2.604,650.97,0.6044
518.8,8.05,2.596,648.93,0.6024
518.8,8.13,2.587,646.63,0.6001
518.8,8.21,2.576,644.11,0.5976
518.8,8.30,2.566,641.41,0.5949
518.8,8.38,2.554,638.55,0.5920
518.8,8.46,2.542,635.58,0.5891
518.8,8.54,2.530,632.53,0.5861
518.8,8.62,2.518,629.41,0.5830
518.8,8.70,2.505,626.25,0.5799
518.8,8.78,2.492,623.05,0.5769
518.8,8.86,2.479,619.83,0.5738
518.8,8.94,2.466,616.62,0.5707
518.8,9.02,2.454,613.42,0.5677
518.8,9.10,2.441,610.26,0.5647
518.8,9.18,2.429,607.14,0.5617
518.8,9.26,2.416,604.10,0.5588
518.8,9.34,2.405,601.14,0.5560
518.8,9.42,2.393,598.30,0.5532
518.8,9.50,2.382,595.61,0.5505
518.8,9.58,2.372,593.08,0.5478
518.8,9.66,2.363,590.72,0.5452
518.8,9.74,2.354,588.43,0.5428
518.8,9.83,2.345,586.20,0.5407
518.8,9.91,2.336,584.11,0.5389
518.8,9.99,2.329,582.24,0.5373
518.8,10.07,2.322,580.60,0.5361
518.8,10.15,2.317,579.19,0.5349
518.8,10.23,2.312,577.98,0.5339
518.8,10.31,2.308,576.95,0.5329
518.8,10.39,2.304,576.05,0.5321
518.8,10.47,2.301,575.26,0.5313
518.8,10.55,2.298,574.55,0.5306
518.8,10.63,2.296,573.90,0.5300
518.8,10.71,2.293,573.30,0.5295
518.8,10.79,2.291,572.73,0.5290
518.8,10.87,2.289,572.19,0.5285
518.8,10.95,2.287,571.64,0.5281
518.8,11.03,2.284,571.08,0.5277
518.8,11.11,2.282,570.50,0.5273
518.8,11.19,2.279,569.87,0.5269
518.8,11.28,2.277,569.19,0.5264
518.8,11.36,2.274,568.41,0.5258
518.8,11.44,2.270,567.52,0.5252
518.8,11.52,2.266,566.48,0.5243
518.8,11.60,2.261,565.27,0.5232
518.8,11.68,2.256,563.91,0.5220
518.8,11.76,2.250,562.59,0.5209
518.8,11.84,2.245,561.29,0.5199
518.8,11.92,2.240,559.89,0.5190
518.8,12.00,2.233,558.33,0.5182
524.2,0.00,4.480,1120.09,
524.2,0.08,4.412,1102.94,
524.2,0.16,4.340,1084.88,
524.2,0.24,4.264,1066.07,
524.2,0.32,4.187,1046.67,
524.2,0.40,4.107,1026.86,
524.2,0.48,4.027,1006.81,
524.2,0.56,3.947,986.71,
524.2,0.64,3.867,966.72,
524.2,0.72,3.788,946.94,
524.2,0.81,3.710,927.45,
524.2,0.89,3.633,908.35,
524.2,0.97,3.559,889.74,
524.2,1.05,3.487,871.71,
524.2,1.13,3.418,854.38,
524.2,1.21,3.352,837.91,
524.2,1.29,3.290,822.43,
524.2,1.37,3.232,808.07,
524.2,1.45,3.180,794.98,
524.2,1.53,3.133,783.26,
524.2,1.61,3.088,771.99,
524.2,1.69,3.043,760.75,
524.2,1.77,2.999,749.71,
524.2,1.85,2.960,739.98,
524.2,1.93,2.929,732.24,
524.2,2.01,2.907,726.73,0.6426
524.2,2.09,2.896,723.98,0.6531
524.2,2.17,2.896,723.95,0.6639
524.2,2.26,2.905,726.30,0.6749
524.2,2.34,2.923,730.69,0.6862
524.2,2.42,2.947,736.80,0.6975
524.2,2.50,2.977,744.28,0.7088
524.2,2.58,3.011,752.68,0.7199
524.2,2.66,3.047,761.75,0.7309
524.2,2.74,3.085,771.34,0.7416
524.2,2.82,3.125,781.34,0.7519
524.2,2.90,3.166,791.60,0.7619
524.2,2.98,3.208,802.00,0.7715
524.2,3.06,3.250,812.40,0.7806
524.2,3.14,3.291,822.64,0.7891
524.2,3.22,3.330,832.57,0.7969
524.2,3.30,3.368,842.01,0.8039
524.2,3.38,3.403,850.79,0.8099
524.2,3.46,3.435,858.74,0.8149
524.2,3.54,3.463,865.83,0.8187
524.2,3.62,3.495,873.80,0.8219
524.2,3.70,3.532,883.05,0.8247
524.2,3.79,3.573,893.27,0.8269
524.2,3.87,3.609,902.30,0.8284
524.2,3.95,3.637,909.18,0.8291
524.2,4.03,3.654,913.55,0.8288
524.2,4.11,3.663,915.80,0.8273
524.2,4.19,3.665,916.27,0.8248
524.2,4.27,3.661,915.16,0.8213
524.2,4.35,3.651,912.65,0.8168
524.2,4.43,3.636,908.92,0.8117
524.2,4.51,3.617,904.17,0.8059
524.2,4.59,3.595,898.64,0.7996
524.2,4.67,3.570,892.46,0.7930
524.2,4.75,3.543,885.70,0.7860
524.2,4.83,3.514,878.45,0.7787
524.2,4.91,3.483,870.80,0.7712
524.2,4.99,3.451,862.83,0.7636
524.2,5.07,3.419,854.64,0.7558
524.2,5.15,3.385,846.35,0.7481
524.2,5.23,3.352,838.12,0.7404
524.2,5.32,3.320,830.07,0.7330
524.2,5.40,3.289,822.33,0.7259
524.2,5.48,3.260,815.04,0.7191
524.2,5.56,3.232,808.06,0.7127
524.2,5.64,3.200,799.91,0.7062
524.2,5.72,3.162,790.43,0.6995
524.2,5.80,3.120,779.97,0.6927
524.2,5.88,3.079,769.85,0.6862
524.2,5.96,3.042,760.50,0.6801
524.2,6.04,3.008,752.10,0.6745
524.2,6.12,2.978,744.59,0.6693
524.2,6.20,2.951,737.86,0.6645
524.2,6.28,2.927,731.84,0.6600
524.2,6.36,2.906,726.45,0.6559
524.2,6.44,2.886,721.60,0.6521
524.2,6.52,2.869,717.20,0.6486
524.2,6.60,2.853,713.16,0.6453
524.2,6.68,2.838,709.42,0.6422
524.2,6.77,2.824,705.95,0.6394
524.2,6.85,2.811,702.74,0.6367
524.2,6.93,2.799,699.74,0.6342
524.2,7.01,2.788,696.93,0.6318
524.2,7.09,2.777,694.27,0.6296
524.2,7.17,2.767,691.75,0.6273
524.2,7.25,2.757,689.33,0.6251
524.2,7.33,2.748,686.97,0.6229
524.2,7.41,2.739,684.65,0.6205
524.2,7.49,2.729,682.32,0.6180
524.2,7.57,2.720,680.08,0.6154
524.2,7.65,2.713,678.36,0.6130
524.2,7.73,2.708,677.12,0.6109
524.2,7.81,2.705,676.16,0.6089
524.2,7.89,2.700,674.88,0.6069
524.2,7.97,2.693,673.14,0.6050
524.2,8.05,2.684,670.92,0.6029
524.2,8.13,2.674,668.44,0.6006
524.2,8.21,2.663,665.75,0.5981
524.2,8.30,2.652,662.89,0.5953
524.2,8.38,2.639,659.87,0.5924
524.2,8.46,2.627,656.73,0.5894
524.2,8.54,2.614,653.50,0.5862
524.2,8.62,2.601,650.21,0.5831
524.2,8.70,2.588,646.89,0.5799
524.2,8.78,2.574,643.55,0.5768
524.2,8.86,2.561,640.20,0.5736
524.2,8.94,2.547,636.86,0.5705
524.2,9.02,2.534,633.55,0.5674
524.2,9.10,2.521,630.29,0.5643
524.2,9.18,2.508,627.10,0.5613
524.2,9.26,2.496,624.01,0.5583
524.2,9.34,2.484,621.04,0.5553
524.2,9.42,2.473,618.21,0.5525
524.2,9.50,2.462,615.56,0.5496
524.2,9.58,2.452,613.04,0.5469
524.2,9.66,2.442,610.56,0.5444
524.2,9.74,2.433,608.15,0.5422
524.2,9.83,2.423,605.83,0.5401
524.2,9.91,2.415,603.70,0.5384
524.2,9.99,2.407,601.79,0.5370
524.2,10.07,2.400,600.11,0.5358
524.2,10.15,2.395,598.65,0.5347
524.2,10.23,2.390,597.39,0.5338
524.2,10.31,2.385,596.31,0.5329
524.2,10.39,2.381,595.36,0.5321
524.2,10.47,2.378,594.53,0.5314
524.2,10.55,2.375,593.79,0.5307
524.2,10.63,2.372,593.09,0.5302
524.2,10.71,2.370,592.44,0.5296
524.2,10.79,2.367,591.81,0.5291
524.2,10.87,2.365,591.18,0.5287
524.2,10.95,2.362,590.55,0.5282
524.2,11.03,2.360,589.90,0.5278
524.2,11.11,2.357,589.20,0.5273
524.2,11.19,2.354,588.43,0.5268
524.2,11.28,2.350,587.56,0.5261
524.2,11.36,2.346,586.56,0.5253
524.2,11.44,2.342,585.41,0.5243
524.2,11.52,2.336,584.08,0.5231
524.2,11.60,2.331,582.68,0.5218
524.2,11.68,2.325,581.33,0.5206
524.2,11.76,2.320,580.00,0.5196
524.2,11.84,2.315,578.64,0.5186
524.2,11.92,2.309,577.14,0.5178
524.2,12.00,2.302,575.49,0.5171
529.5,0.00,4.623,1155.77,
529.5,0.08,4.551,1137.86,
529.5,0.16,4.476,1119.05,
529.5,0.24,4.398,1099.51,
529.5,0.32,4.318,1079.41,
529.5,0.40,4.236,1058.92,
529.5,0.48,4.153,1038.19,
529.5,0.56,4.070,1017.41,
529.5,0.64,3.987,996.74,
529.5,0.72,3.905,976.33,
529.5,0.81,3.825,956.29,
529.5,0.89,3.747,936.70,
529.5,0.97,3.671,917.72,
529.5,1.05,3.598,899.46,
529.5,1.13,3.528,882.08,
529.5,1.21,3.463,865.71,
529.5,1.29,3.402,850.47,
529.5,1.37,3.346,836.52,
529.5,1.45,3.295,823.76,
529.5,1.53,3.244,811.09,
529.5,1.61,3.194,798.45,
529.5,1.69,3.144,786.01,
529.5,1.77,3.097,774.35,
529.5,1.85,3.058,764.49,
529.5,1.93,3.027,756.66,
529.5,2.01,3.004,751.08,0.6419
529.5,2.09,2.993,748.29,0.6526
529.5,2.17,2.993,748.23,0.6636
529.5,2.26,3.002,750.57,0.6749
529.5,2.34,3.020,754.98,0.6864
529.5,2.42,3.044,761.11,0.6980
529.5,2.50,3.075,768.64,0.7095
529.5,2.58,3.109,777.23,0.7209
529.5,2.66,3.146,786.53,0.7321
529.5,2.74,3.185,796.27,0.7430
529.5,2.82,3.225,806.32,0.7535
529.5,2.90,3.266,816.54,0.7636
529.5,2.98,3.307,826.77,0.7732
529.5,3.06,3.347,836.84,0.7821
529.5,3.14,3.386,846.56,0.7903
529.5,3.22,3.423,855.78,0.7976
529.5,3.30,3.457,864.31,0.8039
529.5,3.38,3.488,871.99,0.8091
529.5,3.46,3.517,879.24,0.8133
529.5,3.54,3.551,887.82,0.8170
529.5,3.62,3.591,897.70,0.8203
529.5,3.70,3.635,908.69,0.8231
529.5,3.79,3.678,919.44,0.8253
529.5,3.87,3.714,928.45,0.8267
529.5,3.95,3.741,935.31,0.8272
529.5,4.03,3.759,939.66,0.8268
529.5,4.11,3.768,941.90,0.8252
529.5,4.19,3.769,942.35,0.8226
529.5,4.27,3.765,941.22,0.8189
529.5,4.35,3.755,938.68,0.8144
529.5,4.43,3.740,934.93,0.8092
529.5,4.51,3.721,930.15,0.8033
529.5,4.59,3.698,924.52,0.7970
529.5,4.67,3.673,918.24,0.7902
529.5,4.75,3.646,911.45,0.7832
529.5,4.83,3.617,904.23,0.7759
529.5,4.91,3.587,896.69,0.7684
529.5,4.99,3.556,888.96,0.7609
529.5,5.07,3.525,881.17,0.7534
529.5,5.15,3.494,873.46,0.7461
529.5,5.23,3.464,865.96,0.7389
529.5,5.32,3.435,858.80,0.7320
529.5,5.40,3.408,852.12,0.7256
529.5,5.48,3.381,845.30,0.7194
529.5,5.56,3.348,837.06,0.7130
529.5,5.64,3.310,827.52,0.7063
529.5,5.72,3.267,816.82,0.6995
529.5,5.80,3.224,805.97,0.6928
529.5,5.88,3.183,795.67,0.6865
529.5,5.96,3.145,786.14,0.6806
529.5,6.04,3.110,777.57,0.6751
529.5,6.12,3.080,769.88,0.6701
529.5,6.20,3.052,762.99,0.6654
529.5,6.28,3.027,756.81,0.6611
529.5,6.36,3.005,751.27,0.6571
529.5,6.44,2.985,746.27,0.6534
529.5,6.52,2.967,741.74,0.6500
529.5,6.60,2.950,737.60,0.6468
529.5,6.68,2.935,733.76,0.6438
529.5,6.77,2.921,730.18,0.6411
529.5,6.85,2.907,726.83,0.6385
529.5,6.93,2.895,723.68,0.6360
529.5,7.01,2.883,720.69,0.6336
529.5,7.09,2.871,717.83,0.6312
529.5,7.17,2.860,715.07,0.6288
529.5,7.25,2.849,712.37,0.6263
529.5,7.33,2.839,709.70,0.6238
529.5,7.41,2.828,707.02,0.6210
529.5,7.49,2.818,704.61,0.6183
529.5,7.57,2.811,702.75,0.6159
529.5,7.65,2.805,701.37,0.6137
529.5,7.73,2.802,700.38,0.6116
529.5,7.81,2.797,699.28,0.6096
529.5,7.89,2.791,697.82,0.6076
529.5,7.97,2.784,695.91,0.6057
529.5,8.05,2.774,693.51,0.6036
529.5,8.13,2.763,690.87,0.6012
529.5,8.21,2.752,688.01,0.5987
529.5,8.30,2.740,684.98,0.5959
529.5,8.38,2.727,681.80,0.5929
529.5,8.46,2.714,678.50,0.5898
529.5,8.54,2.700,675.11,0.5866
529.5,8.62,2.687,671.66,0.5834
529.5,8.70,2.673,668.19,0.5801
529.5,8.78,2.659,664.70,0.5769
529.5,8.86,2.645,661.22,0.5737
529.5,8.94,2.631,657.77,0.5704
529.5,9.02,2.617,654.37,0.5673
529.5,9.10,2.604,651.05,0.5641
529.5,9.18,2.591,647.83,0.5610
529.5,9.26,2.579,644.73,0.5579
529.5,9.34,2.567,641.78,0.5549
529.5,9.42,2.556,639.00,0.5519
529.5,9.50,2.545,636.31,0.5491
529.5,9.58,2.535,633.66,0.5465
529.5,9.66,2.524,631.06,0.5441
529.5,9.74,2.514,628.54,0.5420
529.5,9.83,2.505,626.17,0.5400
529.5,9.91,2.496,623.99,0.5384
529.5,9.99,2.488,622.02,0.5370
529.5,10.07,2.481,620.29,0.5359
529.5,10.15,2.475,618.78,0.5349
529.5,10.23,2.470,617.47,0.5340
529.5,10.31,2.465,616.33,0.5332
529.5,10.39,2.461,615.33,0.5325
529.5,10.47,2.458,614.44,0.5318
529.5,10.55,2.455,613.64,0.5312
529.5,10.63,2.452,612.89,0.5306
529.5,10.71,2.449,612.17,0.5301
529.5,10.79,2.446,611.46,0.5296
529.5,10.87,2.443,610.76,0.5291
529.5,10.95,2.440,610.02,0.5286
529.5,11.03,2.437,609.23,0.5281
529.5,11.11,2.433,608.35,0.5274
529.5,11.19,2.429,607.37,0.5266
529.5,11.28,2.425,606.26,0.5257
529.5,11.36,2.420,605.00,0.5245
529.5,11.44,2.414,603.56,0.5232
529.5,11.52,2.408,602.12,0.5218
529.5,11.60,2.403,600.72,0.5206
529.5,11.68,2.397,599.37,0.5196
529.5,11.76,2.392,598.01,0.5186
529.5,11.84,2.386,596.55,0.5177
529.5,11.92,2.380,594.95,0.5169
529.5,12.00,2.373,593.21,0.5162
534.9,0.00,4.771,1192.74,
534.9,0.08,4.696,1174.07,
534.9,0.16,4.618,1154.53,
534.9,0.24,4.537,1134.27,
534.9,0.32,4.454,1113.47,
534.9,0.40,4.369,1092.29,
534.9,0.48,4.284,1070.90,
534.9,0.56,4.198,1049.47,
534.9,0.64,4.113,1028.17,
534.9,0.72,4.029,1007.18,
534.9,0.81,3.947,986.66,
534.9,0.89,3.867,966.77,
534.9,0.97,3.790,947.62,
534.9,1.05,3.717,929.35,
534.9,1.13,3.648,912.11,
534.9,1.21,3.584,896.03,
534.9,1.29,3.525,881.24,
534.9,1.37,3.469,867.29,
534.9,1.45,3.413,853.23,
534.9,1.53,3.357,839.21,
534.9,1.61,3.302,825.40,
534.9,1.69,3.248,812.07,
534.9,1.77,3.201,800.23,
534.9,1.85,3.161,790.22,
534.9,1.93,3.129,782.26,
534.9,2.01,3.106,776.61,0.6423
534.9,2.09,3.095,773.75,0.6531
534.9,2.17,3.095,773.64,0.6644
534.9,2.26,3.104,775.95,0.6759
534.9,2.34,3.121,780.34,0.6875
534.9,2.42,3.146,786.48,0.6993
534.9,2.50,3.176,794.04,0.7110
534.9,2.58,3.211,802.67,0.7226
534.9,2.66,3.248,812.04,0.7340
534.9,2.74,3.287,821.80,0.7450
534.9,2.82,3.327,831.73,0.7555
534.9,2.90,3.367,841.63,0.7655
534.9,2.98,3.405,851.35,0.7748
534.9,3.06,3.443,860.71,0.7833
534.9,3.14,3.478,869.54,0.7909
534.9,3.22,3.511,877.67,0.7974
534.9,3.30,3.540,884.92,0.8029
534.9,3.38,3.570,892.48,0.8075
534.9,3.46,3.606,901.53,0.8116
534.9,3.54,3.648,911.89,0.8153
534.9,3.62,3.693,923.37,0.8186
534.9,3.70,3.741,935.35,0.8214
534.9,3.79,3.784,946.10,0.8235
534.9,3.87,3.820,955.12,0.8247
534.9,3.95,3.848,962.00,0.8252
534.9,4.03,3.865,966.37,0.8247
534.9,4.11,3.874,968.62,0.8230
534.9,4.19,3.876,969.10,0.8203
534.9,4.27,3.872,967.98,0.8166
534.9,4.35,3.862,965.45,0.8120
534.9,4.43,3.847,961.71,0.8067
534.9,4.51,3.828,956.93,0.8008
534.9,4.59,3.805,951.31,0.7943
534.9,4.67,3.780,945.03,0.7875
534.9,4.75,3.753,938.30,0.7805
534.9,4.83,3.725,931.28,0.7733
534.9,4.91,3.696,924.10,0.7660
534.9,4.99,3.668,916.89,0.7588
534.9,5.07,3.639,909.79,0.7518
534.9,5.15,3.612,902.93,0.7449
534.9,5.23,3.586,896.44,0.7384
534.9,5.32,3.562,890.43,0.7323
534.9,5.40,3.534,883.62,0.7262
534.9,5.48,3.502,875.38,0.7199
534.9,5.56,3.463,865.85,0.7134
534.9,5.64,3.421,855.13,0.7066
534.9,5.72,3.375,843.79,0.6999
534.9,5.80,3.331,832.76,0.6933
534.9,5.88,3.289,822.28,0.6872
534.9,5.96,3.250,812.56,0.6814
534.9,6.04,3.215,803.81,0.6760
534.9,6.12,3.184,795.96,0.6711
534.9,6.20,3.156,788.90,0.6666
534.9,6.28,3.130,782.56,0.6624
534.9,6.36,3.107,776.86,0.6586
534.9,6.44,3.087,771.71,0.6550
534.9,6.52,3.068,767.04,0.6516
534.9,6.60,3.051,762.77,0.6486
534.9,6.68,3.035,758.80,0.6457
534.9,6.77,3.020,755.08,0.6429
534.9,6.85,3.006,751.55,0.6403
534.9,6.93,2.993,748.18,0.6378
534.9,7.01,2.980,744.95,0.6352
534.9,7.09,2.967,741.80,0.6326
534.9,7.17,2.955,738.72,0.6300
534.9,7.25,2.943,735.67,0.6272
534.9,7.33,2.931,732.64,0.6243
534.9,7.41,2.920,730.06,0.6215
534.9,7.49,2.912,728.02,0.6190
534.9,7.57,2.906,726.45,0.6167
534.9,7.65,2.901,725.32,0.6145
534.9,7.73,2.897,724.29,0.6125
534.9,7.81,2.892,723.01,0.6105
534.9,7.89,2.886,721.38,0.6085
534.9,7.97,2.877,719.29,0.6065
534.9,8.05,2.867,716.72,0.6043
534.9,8.13,2.856,713.90,0.6020
534.9,8.21,2.844,710.88,0.5993
534.9,8.30,2.831,707.68,0.5965
534.9,8.38,2.817,704.34,0.5935
534.9,8.46,2.804,700.88,0.5903
534.9,8.54,2.789,697.34,0.5871
534.9,8.62,2.775,693.74,0.5837
534.9,8.70,2.760,690.12,0.5804
534.9,8.78,2.746,686.51,0.5771
534.9,8.86,2.732,682.92,0.5738
534.9,8.94,2.718,679.39,0.5705
534.9,9.02,2.704,675.94,0.5673
534.9,9.10,2.690,672.60,0.5640
534.9,9.18,2.678,669.38,0.5608
534.9,9.26,2.665,666.31,0.5577
534.9,9.34,2.654,663.39,0.5546
534.9,9.42,2.642,660.53,0.5517
534.9,9.50,2.631,657.71,0.5491
534.9,9.58,2.620,654.93,0.5466
534.9,9.66,2.609,652.21,0.5443
534.9,9.74,2.598,649.61,0.5422
534.9,9.83,2.589,647.18,0.5403
534.9,9.91,2.580,644.95,0.5388
534.9,9.99,2.572,642.92,0.5375
534.9,10.07,2.565,641.13,0.5364
534.9,10.15,2.558,639.57,0.5355
534.9,10.23,2.553,638.20,0.5346
534.9,10.31,2.548,636.99,0.5339
534.9,10.39,2.544,635.93,0.5331
534.9,10.47,2.540,634.98,0.5325
534.9,10.55,2.536,634.10,0.5319
534.9,10.63,2.533,633.29,0.5313
534.9,10.71,2.530,632.50,0.5308
534.9,10.79,2.527,631.69,0.5303
534.9,10.87,2.523,630.86,0.5297
534.9,10.95,2.520,629.96,0.5291
534.9,11.03,2.516,628.98,0.5283
534.9,11.11,2.512,627.88,0.5274
534.9,11.19,2.507,626.65,0.5263
534.9,11.28,2.501,625.25,0.5250
534.9,11.36,2.495,623.72,0.5236
534.9,11.44,2.489,622.24,0.5222
534.9,11.52,2.483,620.80,0.5210
534.9,11.60,2.478,619.40,0.5199
534.9,11.68,2.472,618.02,0.5188
534.9,11.76,2.466,616.58,0.5179
534.9,11.84,2.460,615.03,0.5170
534.9,11.92,2.453,613.35,0.5162
534.9,12.00,2.446,611.51,0.5156
540.3,0.00,4.924,1231.01,
540.3,0.08,4.846,1211.60,
540.3,0.16,4.765,1191.32,
540.3,0.24,4.681,1170.35,
540.3,0.32,4.595,1148.85,
540.3,0.40,4.508,1126.99,
540.3,0.48,4.420,1104.95,
540.3,0.56,4.332,1082.88,
540.3,0.64,4.244,1060.99,
540.3,0.72,4.158,1039.58,
540.3,0.81,4.075,1018.79,
540.3,0.89,3.995,998.78,
540.3,0.97,3.919,979.66,
540.3,1.05,3.846,961.59,
540.3,1.13,3.779,944.68,
540.3,1.21,3.716,929.07,
540.3,1.29,3.655,913.77,
540.3,1.37,3.593,898.35,
540.3,1.45,3.532,882.97,
540.3,1.53,3.471,867.80,
540.3,1.61,3.412,853.00,
540.3,1.69,3.357,839.32,
540.3,1.77,3.309,827.27,
540.3,1.85,3.268,817.10,
540.3,1.93,3.236,809.01,
540.3,2.01,3.213,803.24,0.6436
540.3,2.09,3.201,800.29,0.6546
540.3,2.17,3.200,800.12,0.6660
540.3,2.26,3.210,802.38,0.6777
540.3,2.34,3.227,806.73,0.6895
540.3,2.42,3.251,812.86,0.7013
540.3,2.50,3.282,820.41,0.7132
540.3,2.58,3.316,829.06,0.7249
540.3,2.66,3.353,838.37,0.7363
540.3,2.74,3.391,847.83,0.7473
540.3,2.82,3.429,857.25,0.7576
540.3,2.90,3.466,866.46,0.7672
540.3,2.98,3.501,875.30,0.7760
540.3,3.06,3.534,883.58,0.7838
540.3,3.14,3.565,891.14,0.7905
540.3,3.22,3.592,897.96,0.7961
540.3,3.30,3.623,905.84,0.8012
540.3,3.38,3.661,915.22,0.8057
540.3,3.46,3.704,925.92,0.8099
540.3,3.54,3.751,937.75,0.8136
540.3,3.62,3.802,950.44,0.8169
540.3,3.70,3.850,962.56,0.8196
540.3,3.79,3.893,973.35,0.8215
540.3,3.87,3.930,982.42,0.8227
540.3,3.95,3.957,989.34,0.8230
540.3,4.03,3.975,993.76,0.8224
540.3,4.11,3.984,996.07,0.8207
540.3,4.19,3.986,996.60,0.8179
540.3,4.27,3.982,995.53,0.8142
540.3,4.35,3.972,993.05,0.8095
540.3,4.43,3.957,989.34,0.8042
540.3,4.51,3.938,984.61,0.7982
540.3,4.59,3.916,979.02,0.7917
540.3,4.67,3.892,972.88,0.7850
540.3,4.75,3.866,966.47,0.7781
540.3,4.83,3.840,959.93,0.7711
540.3,4.91,3.814,953.39,0.7642
540.3,4.99,3.788,946.98,0.7575
540.3,5.07,3.763,940.85,0.7511
540.3,5.15,3.740,935.12,0.7449
540.3,5.23,3.719,929.64,0.7391
540.3,5.32,3.692,922.89,0.7332
540.3,5.40,3.659,914.72,0.7270
540.3,5.48,3.621,905.26,0.7206
540.3,5.56,3.579,894.64,0.7140
540.3,5.64,3.532,883.10,0.7072
540.3,5.72,3.486,871.55,0.7006
540.3,5.80,3.441,860.33,0.6942
540.3,5.88,3.399,849.66,0.6881
540.3,5.96,3.359,839.76,0.6825
540.3,6.04,3.323,830.83,0.6773
540.3,6.12,3.291,822.81,0.6725
540.3,6.20,3.262,815.58,0.6681
540.3,6.28,3.236,809.08,0.6640
540.3,6.36,3.213,803.22,0.6602
540.3,6.44,3.192,797.93,0.6567
540.3,6.52,3.172,793.11,0.6535
540.3,6.60,3.155,788.70,0.6505
540.3,6.68,3.138,784.56,0.6476
540.3,6.77,3.122,780.62,0.6448
540.3,6.85,3.107,776.84,0.6421
540.3,6.93,3.093,773.18,0.6394
540.3,7.01,3.078,769.62,0.6367
540.3,7.09,3.064,766.12,0.6338
540.3,7.17,3.051,762.64,0.6308
540.3,7.25,3.037,759.30,0.6277
540.3,7.33,3.026,756.50,0.6249
540.3,7.41,3.017,754.24,0.6223
540.3,7.49,3.010,752.46,0.6199
540.3,7.57,3.004,751.10,0.6177
540.3,7.65,3.000,750.02,0.6156
540.3,7.73,2.995,748.81,0.6135
540.3,7.81,2.989,747.35,0.6115
540.3,7.89,2.982,745.54,0.6094
540.3,7.97,2.973,743.28,0.6074
540.3,8.05,2.962,740.54,0.6052
540.3,8.13,2.950,737.55,0.6028
540.3,8.21,2.937,734.36,0.6001
540.3,8.30,2.924,731.00,0.5972
540.3,8.38,2.910,727.50,0.5941
540.3,8.46,2.896,723.89,0.5909
540.3,8.54,2.881,720.19,0.5876
540.3,8.62,2.866,716.45,0.5842
540.3,8.70,2.851,712.70,0.5808
540.3,8.78,2.836,708.99,0.5774
540.3,8.86,2.821,705.33,0.5740
540.3,8.94,2.807,701.76,0.5707
540.3,9.02,2.793,698.30,0.5674
540.3,9.10,2.780,694.96,0.5641
540.3,9.18,2.767,691.78,0.5609
540.3,9.26,2.755,688.72,0.5577
540.3,9.34,2.743,685.68,0.5548
540.3,9.42,2.731,682.69,0.5520
540.3,9.50,2.719,679.74,0.5495
540.3,9.58,2.707,676.84,0.5471
540.3,9.66,2.696,674.03,0.5449
540.3,9.74,2.685,671.36,0.5428
540.3,9.83,2.675,668.87,0.5410
540.3,9.91,2.666,666.56,0.5395
540.3,9.99,2.658,664.48,0.5383
540.3,10.07,2.650,662.62,0.5373
540.3,10.15,2.644,660.99,0.5363
540.3,10.23,2.638,659.55,0.5355
540.3,10.31,2.633,658.28,0.5347
540.3,10.39,2.629,657.15,0.5340
540.3,10.47,2.624,656.12,0.5334
540.3,10.55,2.621,655.18,0.5328
540.3,10.63,2.617,654.28,0.5322
540.3,10.71,2.614,653.38,0.5316
540.3,10.79,2.610,652.43,0.5310
540.3,10.87,2.606,651.42,0.5303
540.3,10.95,2.601,650.32,0.5294
540.3,11.03,2.596,649.10,0.5284
540.3,11.11,2.591,647.73,0.5272
540.3,11.19,2.585,646.19,0.5258
540.3,11.28,2.578,644.60,0.5243
540.3,11.36,2.572,643.06,0.5229
540.3,11.44,2.566,641.56,0.5216
540.3,11.52,2.560,640.11,0.5204
540.3,11.60,2.555,638.69,0.5194
540.3,11.68,2.549,637.25,0.5184
540.3,11.76,2.543,635.73,0.5174
540.3,11.84,2.536,634.09,0.5166
540.3,11.92,2.529,632.33,0.5158
540.3,12.00,2.522,630.40,0.5152
545.6,0.00,5.082,1270.62,
545.6,0.08,5.002,1250.45,
545.6,0.16,4.918,1229.45,
545.6,0.24,4.831,1207.77,
545.6,0.32,4.742,1185.58,
545.6,0.40,4.652,1163.05,
545.6,0.48,4.561,1140.35,
545.6,0.56,4.471,1117.66,
545.6,0.64,4.382,1095.38,
545.6,0.72,4.295,1073.74,
545.6,0.81,4.212,1052.88,
545.6,0.89,4.132,1032.95,
545.6,0.97,4.056,1014.06,
545.6,1.05,3.985,996.37,
545.6,1.13,3.919,979.79,
545.6,1.21,3.853,963.14,
545.6,1.29,3.785,946.37,
545.6,1.37,3.719,929.65,
545.6,1.45,3.653,913.14,
545.6,1.53,3.588,896.99,
545.6,1.61,3.527,881.63,
545.6,1.69,3.471,867.70,
545.6,1.77,3.422,855.44,
545.6,1.85,3.380,845.07,
545.6,1.93,3.347,836.82,
545.6,2.01,3.324,830.93,0.6458
545.6,2.09,3.311,827.87,0.6569
545.6,2.17,3.310,827.60,0.6684
545.6,2.26,3.319,829.79,0.6801
545.6,2.34,3.336,834.09,0.6920
545.6,2.42,3.361,840.18,0.7039
545.6,2.50,3.391,847.72,0.7159
545.6,2.58,3.425,856.30,0.7276
545.6,2.66,3.461,865.13,0.7389
545.6,2.74,3.496,873.91,0.7495
545.6,2.82,3.530,882.46,0.7594
545.6,2.90,3.562,890.61,0.7684
545.6,2.98,3.593,898.18,0.7763
545.6,3.06,3.620,905.01,0.7832
545.6,3.14,3.646,911.54,0.7891
545.6,3.22,3.678,919.61,0.7945
545.6,3.30,3.717,929.18,0.7994
545.6,3.38,3.760,940.08,0.8040
545.6,3.46,3.808,952.12,0.8081
545.6,3.54,3.860,965.12,0.8119
545.6,3.62,3.913,978.22,0.8151
545.6,3.70,3.962,990.41,0.8176
545.6,3.79,4.005,1001.28,0.8195
545.6,3.87,4.042,1010.42,0.8206
545.6,3.95,4.070,1017.43,0.8209
545.6,4.03,4.088,1021.94,0.8202
545.6,4.11,4.097,1024.33,0.8184
545.6,4.19,4.100,1024.94,0.8156
545.6,4.27,4.096,1023.95,0.8118
545.6,4.35,4.086,1021.55,0.8071
545.6,4.43,4.072,1017.93,0.8017
545.6,4.51,4.053,1013.26,0.7957
545.6,4.59,4.031,1007.83,0.7893
545.6,4.67,4.008,1002.11,0.7827
545.6,4.75,3.985,996.30,0.7761
545.6,4.83,3.962,990.52,0.7696
545.6,4.91,3.940,984.90,0.7633
545.6,4.99,3.918,979.57,0.7572
545.6,5.07,3.899,974.68,0.7515
545.6,5.15,3.878,969.58,0.7459
545.6,5.23,3.852,962.96,0.7402
545.6,5.32,3.820,954.93,0.7341
545.6,5.40,3.782,945.62,0.7279
545.6,5.48,3.741,935.16,0.7214
545.6,5.56,3.695,923.68,0.7147
545.6,5.64,3.647,911.82,0.7081
545.6,5.72,3.600,900.08,0.7016
545.6,5.80,3.555,888.67,0.6953
545.6,5.88,3.511,877.82,0.6894
545.6,5.96,3.471,867.74,0.6838
545.6,6.04,3.435,858.63,0.6788
545.6,6.12,3.402,850.42,0.6741
545.6,6.20,3.372,843.03,0.6697
545.6,6.28,3.345,836.37,0.6658
545.6,6.36,3.321,830.35,0.6621
545.6,6.44,3.300,824.91,0.6586
545.6,6.52,3.280,819.95,0.6555
545.6,6.60,3.261,815.35,0.6525
545.6,6.68,3.244,810.96,0.6496
545.6,6.77,3.227,806.72,0.6467
545.6,6.85,3.210,802.61,0.6438
545.6,6.93,3.194,798.59,0.6409
545.6,7.01,3.179,794.63,0.6378
545.6,7.09,3.163,790.69,0.6346
545.6,7.17,3.148,787.06,0.6314
545.6,7.25,3.136,784.01,0.6285
545.6,7.33,3.126,781.49,0.6258
545.6,7.41,3.118,779.45,0.6233
545.6,7.49,3.111,777.83,0.6210
545.6,7.57,3.106,776.57,0.6188
545.6,7.65,3.101,775.33,0.6167
545.6,7.73,3.096,773.95,0.6146
545.6,7.81,3.089,772.31,0.6125
545.6,7.89,3.081,770.33,0.6105
545.6,7.97,3.072,767.89,0.6083
545.6,8.05,3.060,764.98,0.6061
545.6,8.13,3.047,761.82,0.6037
545.6,8.21,3.034,758.47,0.6009
545.6,8.30,3.020,754.94,0.5979
545.6,8.38,3.005,751.28,0.5948
545.6,8.46,2.990,747.52,0.5915
545.6,8.54,2.975,743.67,0.5881
545.6,8.62,2.959,739.80,0.5847
545.6,8.70,2.944,735.96,0.5812
545.6,8.78,2.929,732.19,0.5778
545.6,8.86,2.914,728.50,0.5744
545.6,8.94,2.900,724.92,0.5710
545.6,9.02,2.886,721.47,0.5676
545.6,9.10,2.873,718.18,0.5643
545.6,9.18,2.860,714.96,0.5612
545.6,9.26,2.847,711.76,0.5582
545.6,9.34,2.834,708.59,0.5554
545.6,9.42,2.822,705.47,0.5528
545.6,9.50,2.810,702.40,0.5503
545.6,9.58,2.798,699.39,0.5479
545.6,9.66,2.786,696.50,0.5458
545.6,9.74,2.775,693.76,0.5438
545.6,9.83,2.765,691.19,0.5420
545.6,9.91,2.755,688.82,0.5405
545.6,9.99,2.747,686.66,0.5393
545.6,10.07,2.739,684.74,0.5383
545.6,10.15,2.732,683.04,0.5374
545.6,10.23,2.726,681.53,0.5366
545.6,10.31,2.721,680.18,0.5359
545.6,10.39,2.716,678.97,0.5351
545.6,10.47,2.711,677.86,0.5345
545.6,10.55,2.707,676.84,0.5338
545.6,10.63,2.703,675.82,0.5332
545.6,10.71,2.699,674.76,0.5325
545.6,10.79,2.694,673.62,0.5317
545.6,10.87,2.690,672.39,0.5308
545.6,10.95,2.684,671.03,0.5296
545.6,11.03,2.678,669.52,0.5283
545.6,11.11,2.671,667.85,0.5267
545.6,11.19,2.665,666.19,0.5252
545.6,11.28,2.658,664.59,0.5238
545.6,11.36,2.652,663.04,0.5225
545.6,11.44,2.646,661.53,0.5213
545.6,11.52,2.640,660.06,0.5202
545.6,11.60,2.634,658.60,0.5191
545.6,11.68,2.628,657.07,0.5182
545.6,11.76,2.622,655.47,0.5172
545.6,11.84,2.615,653.75,0.5164
545.6,11.92,2.608,651.90,0.5157
545.6,12.00,2.600,649.90,0.5150
551.0,0.00,5.246,1311.55,
551.0,0.08,5.163,1290.65,
551.0,0.16,5.076,1268.92,
551.0,0.24,4.986,1246.54,
551.0,0.32,4.895,1223.66,
551.0,0.40,4.802,1200.47,
551.0,0.48,4.708,1177.12,
551.0,0.56,4.616,1154.00,
551.0,0.64,4.526,1131.54,
551.0,0.72,4.440,1109.88,
551.0,0.81,4.357,1089.15,
551.0,0.89,4.278,1069.49,
551.0,0.97,4.204,1051.03,
551.0,1.05,4.133,1033.31,
551.0,1.13,4.061,1015.33,
551.0,1.21,3.989,997.24,
551.0,1.29,3.917,979.19,
551.0,1.37,3.845,961.36,
551.0,1.45,3.776,943.90,
551.0,1.53,3.708,927.04,
551.0,1.61,3.645,911.37,
551.0,1.69,3.589,897.17,
551.0,1.77,3.539,884.67,
551.0,1.85,3.496,874.09,
551.0,1.93,3.463,865.66,
551.0,2.01,3.438,859.61,0.6487
551.0,2.09,3.426,856.43,0.6599
551.0,2.17,3.424,856.05,0.6714
551.0,2.26,3.433,858.14,0.6831
551.0,2.34,3.449,862.36,0.6950
551.0,2.42,3.474,868.39,0.7070
551.0,2.50,3.504,875.88,0.7190
551.0,2.58,3.536,883.93,0.7305
551.0,2.66,3.568,891.90,0.7414
551.0,2.74,3.598,899.62,0.7514
551.0,2.82,3.628,906.92,0.7605
551.0,2.90,3.654,913.62,0.7686
551.0,2.98,3.678,919.57,0.7756
551.0,3.06,3.704,925.98,0.7817
551.0,3.14,3.736,934.09,0.7875
551.0,3.22,3.775,943.71,0.7928
551.0,3.30,3.819,954.67,0.7977
551.0,3.38,3.867,966.78,0.8023
551.0,3.46,3.919,979.86,0.8064
551.0,3.54,3.974,993.51,0.8101
551.0,3.62,4.027,1006.71,0.8132
551.0,3.70,4.076,1018.99,0.8156
551.0,3.79,4.120,1029.97,0.8174
551.0,3.87,4.157,1039.22,0.8185
551.0,3.95,4.185,1046.35,0.8187
551.0,4.03,4.204,1050.98,0.8180
551.0,4.11,4.214,1053.50,0.8161
551.0,4.19,4.217,1054.22,0.8133
551.0,4.27,4.213,1053.35,0.8094
551.0,4.35,4.204,1051.06,0.8047
551.0,4.43,4.190,1047.55,0.7993
551.0,4.51,4.172,1043.02,0.7933
551.0,4.59,4.152,1038.09,0.7871
551.0,4.67,4.132,1033.08,0.7809
551.0,4.75,4.113,1028.14,0.7748
551.0,4.83,4.094,1023.39,0.7689
551.0,4.91,4.076,1018.97,0.7633
551.0,4.99,4.060,1014.97,0.7580
551.0,5.07,4.040,1010.10,0.7527
551.0,5.15,4.015,1003.69,0.7471
551.0,5.23,3.984,995.88,0.7413
551.0,5.32,3.947,986.79,0.7352
551.0,5.40,3.906,976.56,0.7289
551.0,5.48,3.861,965.31,0.7224
551.0,5.56,3.813,953.37,0.7158
551.0,5.64,3.765,941.32,0.7092
551.0,5.72,3.718,929.39,0.7028
551.0,5.80,3.671,917.79,0.6967
551.0,5.88,3.627,906.74,0.6908
551.0,5.96,3.586,896.48,0.6854
551.0,6.04,3.549,887.19,0.6804
551.0,6.12,3.515,878.81,0.6758
551.0,6.20,3.485,871.25,0.6716
551.0,6.28,3.458,864.42,0.6677
551.0,6.36,3.433,858.25,0.6640
551.0,6.44,3.411,852.65,0.6607
551.0,6.52,3.390,847.53,0.6575
551.0,6.60,3.371,842.64,0.6545
551.0,6.68,3.352,837.91,0.6514
551.0,6.77,3.333,833.30,0.6484
551.0,6.85,3.315,828.78,0.6452
551.0,6.93,3.297,824.31,0.6420
551.0,7.01,3.280,819.91,0.6386
551.0,7.09,3.264,815.99,0.6353
551.0,7.17,3.251,812.65,0.6323
551.0,7.25,3.239,809.84,0.6296
551.0,7.33,3.230,807.50,0.6270
551.0,7.41,3.222,805.58,0.6245
551.0,7.49,3.216,804.04,0.6223
551.0,7.57,3.211,802.67,0.6201
551.0,7.65,3.205,801.25,0.6179
551.0,7.73,3.199,799.69,0.6158
551.0,7.81,3.192,797.88,0.6137
551.0,7.89,3.183,795.72,0.6116
551.0,7.97,3.172,793.11,0.6094
551.0,8.05,3.160,790.03,0.6071
551.0,8.13,3.147,786.71,0.6046
551.0,8.21,3.133,783.19,0.6018
551.0,8.30,3.118,779.51,0.5988
551.0,8.38,3.103,775.69,0.5955
551.0,8.46,3.087,771.77,0.5922
551.0,8.54,3.071,767.78,0.5887
551.0,8.62,3.055,763.83,0.5852
551.0,8.70,3.040,759.94,0.5818
551.0,8.78,3.025,756.14,0.5783
551.0,8.86,3.010,752.45,0.5749
551.0,8.94,2.996,748.90,0.5714
551.0,9.02,2.982,745.49,0.5681
551.0,9.10,2.968,742.10,0.5649
551.0,9.18,2.955,738.74,0.5619
551.0,9.26,2.942,735.41,0.5591
551.0,9.34,2.928,732.12,0.5564
551.0,9.42,2.916,728.88,0.5538
551.0,9.50,2.903,725.69,0.5514
551.0,9.58,2.890,722.59,0.5491
551.0,9.66,2.878,719.62,0.5470
551.0,9.74,2.867,716.80,0.5450
551.0,9.83,2.857,714.15,0.5433
551.0,9.91,2.847,711.70,0.5418
551.0,9.99,2.838,709.46,0.5406
551.0,10.07,2.830,707.46,0.5396
551.0,10.15,2.823,705.68,0.5387
551.0,10.23,2.816,704.09,0.5379
551.0,10.31,2.811,702.66,0.5371
551.0,10.39,2.805,701.37,0.5364
551.0,10.47,2.801,700.18,0.5357
551.0,10.55,2.796,699.03,0.5350
551.0,10.63,2.791,697.84,0.5342
551.0,10.71,2.786,696.57,0.5333
551.0,10.79,2.781,695.20,0.5323
551.0,10.87,2.775,693.69,0.5311
551.0,10.95,2.768,692.03,0.5296
551.0,11.03,2.761,690.25,0.5280
551.0,11.11,2.754,688.52,0.5264
551.0,11.19,2.747,686.85,0.5250
551.0,11.28,2.741,685.24,0.5237
551.0,11.36,2.735,683.67,0.5224
551.0,11.44,2.729,682.14,0.5213
551.0,11.52,2.723,680.63,0.5202
551.0,11.60,2.716,679.09,0.5191
551.0,11.68,2.710,677.49,0.5182
551.0,11.76,2.703,675.81,0.5173
551.0,11.84,2.696,674.02,0.5164
551.0,11.92,2.688,672.09,0.5157
551.0,12.00,2.680,670.02,0.5150
556.4,0.00,5.415,1353.84,
556.4,0.08,5.329,1332.20,
556.4,0.16,5.239,1309.76,
556.4,0.24,5.147,1286.68,
556.4,0.32,5.052,1263.12,
556.4,0.40,4.957,1239.27,
556.4,0.48,4.862,1215.39,
556.4,0.56,4.769,1192.14,
556.4,0.64,4.679,1169.69,
556.4,0.72,4.593,1148.20,
556.4,0.81,4.511,1127.79,
556.4,0.89,4.434,1108.58,
556.4,0.97,4.358,1089.57,
556.4,1.05,4.281,1070.28,
556.4,1.13,4.203,1050.87,
556.4,1.21,4.126,1031.52,
556.4,1.29,4.050,1012.39,
556.4,1.37,3.975,993.63,
556.4,1.45,3.902,975.42,
556.4,1.53,3.833,958.14,
556.4,1.61,3.769,942.15,
556.4,1.69,3.711,927.66,
556.4,1.77,3.660,914.90,
556.4,1.85,3.616,904.09,
556.4,1.93,3.582,895.45,
556.4,2.01,3.557,889.23,0.6522
556.4,2.09,3.544,885.90,0.6633
556.4,2.17,3.542,885.38,0.6748
556.4,2.26,3.549,887.36,0.6865
556.4,2.34,3.566,891.49,0.6984
556.4,2.42,3.590,897.44,0.7104
556.4,2.50,3.618,904.49,0.7221
556.4,2.58,3.646,911.50,0.7332
556.4,2.66,3.673,918.23,0.7433
556.4,2.74,3.698,924.52,0.7526
556.4,2.82,3.721,930.20,0.7607
556.4,2.90,3.741,935.24,0.7678
556.4,2.98,3.766,941.55,0.7742
556.4,3.06,3.798,949.56,0.7803
556.4,3.14,3.836,959.10,0.7859
556.4,3.22,3.880,969.98,0.7912
556.4,3.30,3.928,982.02,0.7961
556.4,3.38,3.980,995.04,0.8005
556.4,3.46,4.035,1008.83,0.8046
556.4,3.54,4.091,1022.65,0.8082
556.4,3.62,4.144,1035.98,0.8112
556.4,3.70,4.194,1048.40,0.8136
556.4,3.79,4.238,1059.52,0.8154
556.4,3.87,4.276,1068.92,0.8163
556.4,3.95,4.305,1076.19,0.8165
556.4,4.03,4.324,1080.98,0.8158
556.4,4.11,4.335,1083.65,0.8139
556.4,4.19,4.338,1084.53,0.8110
556.4,4.27,4.335,1083.81,0.8072
556.4,4.35,4.327,1081.67,0.8025
556.4,4.43,4.313,1078.30,0.7971
556.4,4.51,4.297,1074.25,0.7913
556.4,4.59,4.281,1070.14,0.7855
556.4,4.67,4.265,1066.13,0.7798
556.4,4.75,4.249,1062.33,0.7744
556.4,4.83,4.236,1058.89,0.7692
556.4,4.91,4.223,1055.66,0.7644
556.4,4.99,4.204,1051.06,0.7593
556.4,5.07,4.180,1044.93,0.7539
556.4,5.15,4.150,1037.41,0.7483
556.4,5.23,4.114,1028.62,0.7424
556.4,5.32,4.075,1018.69,0.7363
556.4,5.40,4.031,1007.75,0.7300
556.4,5.48,3.984,995.99,0.7236
556.4,5.56,3.935,983.85,0.7171
556.4,5.64,3.886,971.60,0.7106
556.4,5.72,3.838,959.47,0.7043
556.4,5.80,3.791,947.67,0.6983
556.4,5.88,3.746,936.44,0.6925
556.4,5.96,3.704,925.99,0.6871
556.4,6.04,3.666,916.52,0.6822
556.4,6.12,3.632,907.97,0.6777
556.4,6.20,3.601,900.24,0.6735
556.4,6.28,3.573,893.24,0.6697
556.4,6.36,3.548,886.91,0.6661
556.4,6.44,3.525,881.16,0.6628
556.4,6.52,3.503,875.74,0.6596
556.4,6.60,3.482,870.47,0.6564
556.4,6.68,3.461,865.32,0.6531
556.4,6.77,3.441,860.26,0.6498
556.4,6.85,3.421,855.26,0.6463
556.4,6.93,3.402,850.42,0.6428
556.4,7.01,3.385,846.17,0.6395
556.4,7.09,3.370,842.51,0.6364
556.4,7.17,3.357,839.36,0.6335
556.4,7.25,3.347,836.69,0.6308
556.4,7.33,3.338,834.43,0.6283
556.4,7.41,3.330,832.55,0.6259
556.4,7.49,3.324,830.93,0.6237
556.4,7.57,3.318,829.39,0.6214
556.4,7.65,3.311,827.79,0.6192
556.4,7.73,3.304,826.06,0.6171
556.4,7.81,3.296,824.07,0.6149
556.4,7.89,3.287,821.74,0.6127
556.4,7.97,3.276,818.96,0.6105
556.4,8.05,3.263,815.71,0.6082
556.4,8.13,3.249,812.22,0.6056
556.4,8.21,3.234,808.54,0.6027
556.4,8.30,3.219,804.69,0.5996
556.4,8.38,3.203,800.72,0.5963
556.4,8.46,3.187,796.65,0.5928
556.4,8.54,3.170,792.58,0.5893
556.4,8.62,3.154,788.59,0.5858
556.4,8.70,3.139,784.68,0.5824
556.4,8.78,3.124,780.89,0.5789
556.4,8.86,3.109,777.23,0.5754
556.4,8.94,3.095,773.68,0.5721
556.4,9.02,3.081,770.15,0.5689
556.4,9.10,3.067,766.63,0.5659
556.4,9.18,3.053,763.13,0.5630
556.4,9.26,3.039,759.68,0.5603
556.4,9.34,3.025,756.26,0.5577
556.4,9.42,3.012,752.90,0.5552
556.4,9.50,2.998,749.61,0.5528
556.4,9.58,2.986,746.42,0.5506
556.4,9.66,2.973,743.36,0.5484
556.4,9.74,2.962,740.45,0.5465
556.4,9.83,2.951,737.72,0.5448
556.4,9.91,2.941,735.18,0.5433
556.4,9.99,2.931,732.86,0.5421
556.4,10.07,2.923,730.78,0.5411
556.4,10.15,2.916,728.91,0.5402
556.4,10.23,2.909,727.24,0.5393
556.4,10.31,2.903,725.72,0.5385
556.4,10.39,2.897,724.33,0.5377
556.4,10.47,2.892,723.04,0.5370
556.4,10.55,2.887,721.71,0.5361
556.4,10.63,2.881,720.29,0.5352
556.4,10.71,2.875,718.77,0.5340
556.4,10.79,2.868,717.10,0.5327
556.4,10.87,2.861,715.28,0.5311
556.4,10.95,2.854,713.40,0.5294
556.4,11.03,2.846,711.60,0.5279
556.4,11.11,2.839,709.86,0.5265
556.4,11.19,2.833,708.18,0.5251
556.4,11.28,2.826,706.54,0.5238
556.4,11.36,2.820,704.94,0.5226
556.4,11.44,2.813,703.37,0.5215
556.4,11.52,2.807,701.80,0.5204
556.4,11.60,2.801,700.19,0.5194
556.4,11.68,2.794,698.52,0.5184
556.4,11.76,2.787,696.77,0.5175
556.4,11.84,2.780,694.90,0.5167
556.4,11.92,2.772,692.91,0.5159
556.4,12.00,2.763,690.76,0.5152
561.7,0.00,5.590,1397.50,
561.7,0.08,5.501,1375.13,
561.7,0.16,5.408,1351.97,
561.7,0.24,5.313,1328.20,
561.7,0.32,5.216,1303.97,
561.7,0.40,5.118,1279.49,
561.7,0.48,5.022,1255.46,
561.7,0.56,4.929,1232.27,
561.7,0.64,4.840,1210.05,
561.7,0.72,4.756,1188.92,
561.7,0.81,4.675,1168.81,
561.7,0.89,4.594,1148.49,
561.7,0.97,4.512,1127.91,
561.7,1.05,4.429,1107.21,
561.7,1.13,4.346,1086.58,
561.7,1.21,4.265,1066.16,
561.7,1.29,4.184,1046.12,
561.7,1.37,4.107,1026.63,
561.7,1.45,4.032,1007.90,
561.7,1.53,3.961,990.26,
561.7,1.61,3.896,973.92,
561.7,1.69,3.836,959.12,
561.7,1.77,3.784,946.07,
561.7,1.85,3.740,935.01,
561.7,1.93,3.705,926.15,
561.7,2.01,3.679,919.74,0.6561
561.7,2.09,3.665,916.23,0.6671
561.7,2.17,3.662,915.56,0.6785
561.7,2.26,3.670,917.40,0.6902
561.7,2.34,3.686,921.41,0.7020
561.7,2.42,3.708,927.11,0.7138
561.7,2.50,3.732,932.98,0.7250
561.7,2.58,3.754,938.57,0.7353
561.7,2.66,3.775,943.69,0.7445
561.7,2.74,3.793,948.18,0.7527
561.7,2.82,3.810,952.50,0.7599
561.7,2.90,3.834,958.55,0.7666
561.7,2.98,3.865,966.33,0.7729
561.7,3.06,3.903,975.64,0.7789
561.7,3.14,3.945,986.30,0.7844
561.7,3.22,3.993,998.13,0.7896
561.7,3.30,4.044,1010.96,0.7944
561.7,3.38,4.098,1024.59,0.7988
561.7,3.46,4.155,1038.65,0.8028
561.7,3.54,4.211,1052.63,0.8063
561.7,3.62,4.265,1066.13,0.8093
561.7,3.70,4.315,1078.72,0.8117
561.7,3.79,4.360,1090.01,0.8134
561.7,3.87,4.398,1099.59,0.8143
561.7,3.95,4.428,1107.05,0.8144
561.7,4.03,4.448,1112.03,0.8137
561.7,4.11,4.460,1114.89,0.8118
561.7,4.19,4.464,1115.96,0.8089
561.7,4.27,4.462,1115.42,0.8051
561.7,4.35,4.454,1113.47,0.8004
561.7,4.43,4.442,1110.46,0.7951
561.7,4.51,4.429,1107.34,0.7898
561.7,4.59,4.417,1104.34,0.7846
561.7,4.67,4.406,1101.58,0.7797
561.7,4.75,4.397,1099.22,0.7750
561.7,4.83,4.386,1096.57,0.7705
561.7,4.91,4.369,1092.31,0.7657
561.7,4.99,4.346,1086.54,0.7606
561.7,5.07,4.318,1079.38,0.7552
561.7,5.15,4.284,1070.96,0.7496
561.7,5.23,4.246,1061.42,0.7437
561.7,5.32,4.203,1050.87,0.7376
561.7,5.40,4.158,1039.45,0.7314
561.7,5.48,4.110,1027.43,0.7250
561.7,5.56,4.060,1015.09,0.7186
561.7,5.64,4.011,1002.64,0.7122
561.7,5.72,3.961,990.31,0.7060
561.7,5.80,3.913,978.33,0.7000
561.7,5.88,3.868,966.91,0.6943
561.7,5.96,3.825,956.27,0.6890
561.7,6.04,3.786,946.62,0.6842
561.7,6.12,3.752,937.88,0.6797
561.7,6.20,3.720,929.98,0.6756
561.7,6.28,3.691,922.82,0.6717
561.7,6.36,3.665,916.33,0.6682
561.7,6.44,3.641,910.32,0.6648
561.7,6.52,3.618,904.48,0.6615
561.7,6.60,3.595,898.76,0.6580
561.7,6.68,3.572,893.12,0.6545
561.7,6.77,3.550,887.54,0.6508
561.7,6.85,3.529,882.30,0.6472
561.7,6.93,3.511,877.68,0.6438
561.7,7.01,3.495,873.65,0.6406
561.7,7.09,3.481,870.13,0.6377
561.7,7.17,3.468,867.09,0.6349
561.7,7.25,3.458,864.46,0.6323
561.7,7.33,3.449,862.19,0.6298
561.7,7.41,3.441,860.23,0.6274
561.7,7.49,3.434,858.45,0.6251
561.7,7.57,3.427,856.72,0.6229
561.7,7.65,3.420,854.95,0.6206
561.7,7.73,3.412,853.04,0.6184
561.7,7.81,3.404,850.89,0.6162
561.7,7.89,3.394,848.38,0.6139
561.7,7.97,3.382,845.43,0.6117
561.7,8.05,3.368,842.01,0.6093
561.7,8.13,3.353,838.35,0.6066
561.7,8.21,3.338,834.51,0.6036
561.7,8.30,3.322,830.51,0.6004
561.7,8.38,3.306,826.38,0.5970
561.7,8.46,3.289,822.21,0.5936
561.7,8.54,3.272,818.11,0.5901
561.7,8.62,3.256,814.10,0.5866
561.7,8.70,3.241,810.21,0.5831
561.7,8.78,3.226,806.46,0.5796
561.7,8.86,3.211,802.76,0.5763
561.7,8.94,3.196,799.07,0.5731
561.7,9.02,3.182,795.40,0.5701
561.7,9.10,3.167,791.74,0.5673
561.7,9.18,3.152,788.12,0.5645
561.7,9.26,3.138,784.54,0.5619
561.7,9.34,3.124,781.01,0.5593
561.7,9.42,3.110,777.54,0.5569
561.7,9.50,3.097,774.15,0.5545
561.7,9.58,3.083,770.86,0.5522
561.7,9.66,3.071,767.71,0.5501
561.7,9.74,3.059,764.71,0.5482
561.7,9.83,3.048,761.88,0.5464
561.7,9.91,3.037,759.25,0.5449
561.7,9.99,3.027,756.84,0.5437
561.7,10.07,3.019,754.67,0.5427
561.7,10.15,3.011,752.71,0.5417
561.7,10.23,3.004,750.94,0.5408
561.7,10.31,2.997,749.33,0.5399
561.7,10.39,2.991,747.84,0.5391
561.7,10.47,2.985,746.36,0.5382
561.7,10.55,2.979,744.79,0.5371
561.7,10.63,2.972,743.11,0.5359
561.7,10.71,2.965,741.28,0.5345
561.7,10.79,2.957,739.30,0.5328
561.7,10.87,2.949,737.34,0.5311
561.7,10.95,2.942,735.46,0.5296
561.7,11.03,2.935,733.64,0.5281
561.7,11.11,2.928,731.88,0.5268
561.7,11.19,2.921,730.17,0.5255
561.7,11.28,2.914,728.49,0.5242
561.7,11.36,2.907,726.85,0.5231
561.7,11.44,2.901,725.22,0.5219
561.7,11.52,2.894,723.58,0.5208
561.7,11.60,2.888,721.91,0.5198
561.7,11.68,2.881,720.17,0.5188
561.7,11.76,2.873,718.35,0.5179
561.7,11.84,2.866,716.42,0.5170
561.7,11.92,2.857,714.35,0.5163
561.7,12.00,2.849,712.13,0.5156
567.1,0.00,5.770,1442.53,
567.1,0.08,5.678,1419.44,
567.1,0.16,5.582,1395.58,
567.1,0.24,5.484,1371.12,
567.1,0.32,5.385,1346.22,
567.1,0.40,5.286,1321.47,
567.1,0.48,5.190,1297.55,
567.1,0.56,5.098,1274.62,
567.1,0.64,5.011,1252.81,
567.1,0.72,4.926,1231.62,
567.1,0.81,4.840,1210.02,
567.1,0.89,4.753,1188.16,
567.1,0.97,4.665,1166.19,
567.1,1.05,4.577,1144.29,
567.1,1.13,4.490,1122.61,
567.1,1.21,4.405,1101.31,
567.1,1.29,4.322,1080.56,
567.1,1.37,4.242,1060.52,
567.1,1.45,4.165,1041.37,
567.1,1.53,4.093,1023.33,
567.1,1.61,4.027,1006.63,
567.1,1.69,3.966,991.49,
567.1,1.77,3.913,978.14,
567.1,1.85,3.867,966.80,
567.1,1.93,3.831,957.70,
567.1,2.01,3.804,951.07,0.6602
567.1,2.09,3.789,947.37,0.6712
567.1,2.17,3.786,946.52,0.6824
567.1,2.26,3.793,948.20,0.6940
567.1,2.34,3.808,952.06,0.7057
567.1,2.42,3.827,956.65,0.7169
567.1,2.50,3.844,960.92,0.7272
567.1,2.58,3.859,964.71,0.7365
567.1,2.66,3.871,967.85,0.7446
567.1,2.74,3.886,971.61,0.7519
567.1,2.82,3.909,977.28,0.7589
567.1,2.90,3.939,984.68,0.7655
567.1,2.98,3.975,993.63,0.7717
567.1,3.06,4.016,1003.93,0.7775
567.1,3.14,4.062,1015.42,0.7830
567.1,3.22,4.112,1027.90,0.7881
567.1,3.30,4.165,1041.20,0.7928
567.1,3.38,4.221,1055.13,0.7971
567.1,3.46,4.278,1069.38,0.8011
567.1,3.54,4.334,1083.56,0.8045
567.1,3.62,4.389,1097.25,0.8075
567.1,3.70,4.440,1110.05,0.8098
567.1,3.79,4.486,1121.55,0.8114
567.1,3.87,4.525,1131.34,0.8123
567.1,3.95,4.556,1139.02,0.8125
567.1,4.03,4.577,1144.23,0.8117
567.1,4.11,4.589,1147.31,0.8099
567.1,4.19,4.594,1148.60,0.8070
567.1,4.27,4.593,1148.28,0.8031
567.1,4.35,4.586,1146.58,0.7985
567.1,4.43,4.578,1144.53,0.7937
567.1,4.51,4.571,1142.63,0.7891
567.1,4.59,4.564,1141.01,0.7846
567.1,4.67,4.559,1139.77,0.7805
567.1,4.75,4.550,1137.57,0.7764
567.1,4.83,4.535,1133.73,0.7719
567.1,4.91,4.514,1128.38,0.7670
567.1,4.99,4.487,1121.66,0.7619
567.1,5.07,4.455,1113.68,0.7566
567.1,5.15,4.418,1104.59,0.7510
567.1,5.23,4.378,1094.50,0.7451
567.1,5.32,4.334,1083.55,0.7391
567.1,5.40,4.287,1071.87,0.7329
567.1,5.48,4.239,1059.65,0.7266
567.1,5.56,4.188,1047.10,0.7202
567.1,5.64,4.138,1034.45,0.7139
567.1,5.72,4.088,1021.93,0.7078
567.1,5.80,4.039,1009.75,0.7018
567.1,5.88,3.993,998.13,0.6962
567.1,5.96,3.949,987.31,0.6910
567.1,6.04,3.910,977.47,0.6862
567.1,6.12,3.874,968.56,0.6817
567.1,6.20,3.842,960.49,0.6776
567.1,6.28,3.813,953.16,0.6738
567.1,6.36,3.786,946.47,0.6703
567.1,6.44,3.760,940.01,0.6667
567.1,6.52,3.735,933.67,0.6631
567.1,6.60,3.710,927.42,0.6594
567.1,6.68,3.685,921.25,0.6555
567.1,6.77,3.662,915.61,0.6518
567.1,6.85,3.642,910.59,0.6483
567.1,6.93,3.625,906.15,0.6451
567.1,7.01,3.609,902.22,0.6421
567.1,7.09,3.595,898.77,0.6392
567.1,7.17,3.583,895.72,0.6365
567.1,7.25,3.572,893.04,0.6339
567.1,7.33,3.563,890.66,0.6314
567.1,7.41,3.554,888.54,0.6290
567.1,7.49,3.546,886.58,0.6266
567.1,7.57,3.539,884.68,0.6243
567.1,7.65,3.531,882.74,0.6220
567.1,7.73,3.523,880.65,0.6198
567.1,7.81,3.513,878.32,0.6175
567.1,7.89,3.503,875.65,0.6152
567.1,7.97,3.490,872.53,0.6128
567.1,8.05,3.476,868.94,0.6104
567.1,8.13,3.460,865.12,0.6076
567.1,8.21,3.444,861.11,0.6046
567.1,8.30,3.428,856.95,0.6013
567.1,8.38,3.411,852.70,0.5978
567.1,8.46,3.394,848.50,0.5943
567.1,8.54,3.378,844.40,0.5909
567.1,8.62,3.362,840.41,0.5874
567.1,8.70,3.346,836.55,0.5839
567.1,8.78,3.331,832.71,0.5807
567.1,8.86,3.315,828.87,0.5775
567.1,8.94,3.300,825.04,0.5745
567.1,9.02,3.285,821.23,0.5717
567.1,9.10,3.270,817.45,0.5689
567.1,9.18,3.255,813.71,0.5663
567.1,9.26,3.240,810.01,0.5637
567.1,9.34,3.225,806.37,0.5612
567.1,9.42,3.211,802.79,0.5587
567.1,9.50,3.197,799.29,0.5564
567.1,9.58,3.184,795.90,0.5541
567.1,9.66,3.171,792.65,0.5519
567.1,9.74,3.158,789.55,0.5500
567.1,9.83,3.146,786.62,0.5482
567.1,9.91,3.136,783.89,0.5467
567.1,9.99,3.126,781.39,0.5454
567.1,10.07,3.116,779.12,0.5443
567.1,10.15,3.108,777.06,0.5433
567.1,10.23,3.101,775.19,0.5423
567.1,10.31,3.094,773.47,0.5414
567.1,10.39,3.087,771.83,0.5404
567.1,10.47,3.080,770.09,0.5393
567.1,10.55,3.073,768.24,0.5380
567.1,10.63,3.065,766.23,0.5364
567.1,10.71,3.056,764.11,0.5347
567.1,10.79,3.048,762.07,0.5330
567.1,10.87,3.040,760.10,0.5315
567.1,10.95,3.033,758.19,0.5300
567.1,11.03,3.025,756.35,0.5286
567.1,11.11,3.018,754.56,0.5273
567.1,11.19,3.011,752.80,0.5261
567.1,11.28,3.004,751.08,0.5249
567.1,11.36,2.998,749.38,0.5237
567.1,11.44,2.991,747.70,0.5225
567.1,11.52,2.984,745.99,0.5214
567.1,11.60,2.977,744.25,0.5204
567.1,11.68,2.970,742.45,0.5194
567.1,11.76,2.962,740.57,0.5184
567.1,11.84,2.954,738.57,0.5176
567.1,11.92,2.946,736.45,0.5168
567.1,12.00,2.937,734.16,0.5161
572.5,0.00,5.956,1488.96,
572.5,0.08,5.861,1465.15,
572.5,0.16,5.762,1440.59,
572.5,0.24,5.662,1415.45,
572.5,0.32,5.560,1390.08,
572.5,0.40,5.462,1365.48,
572.5,0.48,5.367,1341.87,
572.5,0.56,5.277,1319.37,
572.5,0.64,5.188,1296.94,
572.5,0.72,5.096,1274.08,
572.5,0.81,5.004,1250.96,
572.5,0.89,4.911,1227.74,
572.5,0.97,4.818,1204.59,
572.5,1.05,4.727,1181.66,
572.5,1.13,4.636,1159.12,
572.5,1.21,4.549,1137.13,
572.5,1.29,4.463,1115.82,
572.5,1.37,4.381,1095.32,
572.5,1.45,4.303,1075.75,
572.5,1.53,4.229,1057.29,
572.5,1.61,4.161,1040.21,
572.5,1.69,4.099,1024.72,
572.5,1.77,4.044,1011.04,
572.5,1.85,3.998,999.40,
572.5,1.93,3.960,990.04,
572.5,2.01,3.933,983.17,0.6645
572.5,2.09,3.917,979.25,0.6753
572.5,2.17,3.913,978.21,0.6864
572.5,2.26,3.919,979.70,0.6977
572.5,2.34,3.931,982.77,0.7090
572.5,2.42,3.942,985.57,0.7192
572.5,2.50,3.951,987.87,0.7285
572.5,2.58,3.959,989.66,0.7365
572.5,2.66,3.972,992.89,0.7440
572.5,2.74,3.992,998.03,0.7512
572.5,2.82,4.020,1004.92,0.7580
572.5,2.90,4.053,1013.35,0.7644
572.5,2.98,4.093,1023.16,0.7705
572.5,3.06,4.137,1034.16,0.7762
572.5,3.14,4.185,1046.17,0.7816
572.5,3.22,4.236,1059.03,0.7866
572.5,3.30,4.290,1072.59,0.7912
572.5,3.38,4.347,1086.68,0.7955
572.5,3.46,4.404,1101.10,0.7994
572.5,3.54,4.462,1115.51,0.8028
572.5,3.62,4.518,1129.43,0.8057
572.5,3.70,4.570,1142.47,0.8080
572.5,3.79,4.617,1154.22,0.8096
572.5,3.87,4.657,1164.26,0.8105
572.5,3.95,4.689,1172.19,0.8107
572.5,4.03,4.711,1177.65,0.8099
572.5,4.11,4.724,1181.00,0.8081
572.5,4.19,4.730,1182.54,0.8053
572.5,4.27,4.730,1182.47,0.8015
572.5,4.35,4.726,1181.59,0.7972
572.5,4.43,4.723,1180.87,0.7931
572.5,4.51,4.722,1180.47,0.7893
572.5,4.59,4.721,1180.21,0.7857
572.5,4.67,4.714,1178.49,0.7818
572.5,4.75,4.701,1175.15,0.7777
572.5,4.83,4.681,1170.30,0.7732
572.5,4.91,4.656,1164.09,0.7684
572.5,4.99,4.627,1156.63,0.7633
572.5,5.07,4.592,1148.06,0.7580
572.5,5.15,4.554,1138.51,0.7524
572.5,5.23,4.512,1128.09,0.7466
572.5,5.32,4.468,1116.90,0.7407
572.5,5.40,4.420,1105.04,0.7345
572.5,5.48,4.371,1092.63,0.7283
572.5,5.56,4.319,1079.87,0.7220
572.5,5.64,4.268,1067.02,0.7158
572.5,5.72,4.217,1054.30,0.7096
572.5,5.80,4.168,1041.93,0.7038
572.5,5.88,4.120,1030.12,0.6982
572.5,5.96,4.076,1019.11,0.6929
572.5,6.04,4.036,1009.09,0.6882
572.5,6.12,4.000,1000.00,0.6838
572.5,6.20,3.967,991.75,0.6797
572.5,6.28,3.937,984.25,0.6759
572.5,6.36,3.909,977.14,0.6722
572.5,6.44,3.881,970.14,0.6684
572.5,6.52,3.853,963.23,0.6644
572.5,6.60,3.826,956.51,0.6604
572.5,6.68,3.802,950.43,0.6566
572.5,6.77,3.780,944.97,0.6531
572.5,6.85,3.760,940.08,0.6498
572.5,6.93,3.743,935.71,0.6467
572.5,7.01,3.727,931.80,0.6437
572.5,7.09,3.713,928.31,0.6409
572.5,7.17,3.701,925.17,0.6382
572.5,7.25,3.689,922.35,0.6356
572.5,7.33,3.679,919.80,0.6331
572.5,7.41,3.670,917.48,0.6306
572.5,7.49,3.661,915.34,0.6282
572.5,7.57,3.653,913.26,0.6258
572.5,7.65,3.645,911.14,0.6235
572.5,7.73,3.636,908.89,0.6212
572.5,7.81,3.626,906.39,0.6188
572.5,7.89,3.614,903.54,0.6164
572.5,7.97,3.601,900.25,0.6140
572.5,8.05,3.586,896.50,0.6114
572.5,8.13,3.570,892.51,0.6086
572.5,8.21,3.553,888.35,0.6055
572.5,8.30,3.536,884.04,0.6021
572.5,8.38,3.519,879.74,0.5986
572.5,8.46,3.502,875.55,0.5952
572.5,8.54,3.486,871.48,0.5917
572.5,8.62,3.470,867.50,0.5884
572.5,8.70,3.454,863.51,0.5851
572.5,8.78,3.438,859.52,0.5821
572.5,8.86,3.422,855.55,0.5791
572.5,8.94,3.406,851.58,0.5763
572.5,9.02,3.391,847.65,0.5735
572.5,9.10,3.375,843.74,0.5709
572.5,9.18,3.360,839.88,0.5683
572.5,9.26,3.344,836.07,0.5657
572.5,9.34,3.329,832.31,0.5632
572.5,9.42,3.314,828.62,0.5608
572.5,9.50,3.300,825.02,0.5584
572.5,9.58,3.286,821.52,0.5561
572.5,9.66,3.273,818.16,0.5539
572.5,9.74,3.260,814.95,0.5519
572.5,9.83,3.248,811.91,0.5501
572.5,9.91,3.236,809.08,0.5485
572.5,9.99,3.226,806.47,0.5472
572.5,10.07,3.216,804.10,0.5460
572.5,10.15,3.208,801.94,0.5449
572.5,10.23,3.200,799.96,0.5438
572.5,10.31,3.192,798.11,0.5428
572.5,10.39,3.185,796.20,0.5416
572.5,10.47,3.177,794.17,0.5402
572.5,10.55,3.168,791.97,0.5385
572.5,10.63,3.159,789.74,0.5368
572.5,10.71,3.150,787.60,0.5351
572.5,10.79,3.142,785.54,0.5336
572.5,10.87,3.134,783.54,0.5321
572.5,10.95,3.126,781.61,0.5307
572.5,11.03,3.119,779.73,0.5294
572.5,11.11,3.112,777.89,0.5281
572.5,11.19,3.104,776.09,0.5269
572.5,11.28,3.097,774.31,0.5256
572.5,11.36,3.090,772.55,0.5245
572.5,11.44,3.083,770.80,0.5233
572.5,11.52,3.076,769.04,0.5222
572.5,11.60,3.069,767.24,0.5211
572.5,11.68,3.062,765.38,0.5201
572.5,11.76,3.054,763.43,0.5191
572.5,11.84,3.046,761.38,0.5182
572.5,11.92,3.037,759.19,0.5174
572.5,12.00,3.027,756.85,0.5166
577.9,0.00,6.147,1536.80,
577.9,0.08,6.049,1512.28,
577.9,0.16,5.948,1487.02,
577.9,0.24,5.845,1461.24,
577.9,0.32,5.744,1435.98,
577.9,0.40,5.647,1411.73,
577.9,0.48,5.554,1388.39,
577.9,0.56,5.459,1364.71,
577.9,0.64,5.362,1340.61,
577.9,0.72,5.265,1316.25,
577.9,0.81,5.167,1291.80,
577.9,0.89,5.070,1267.41,
577.9,0.97,4.973,1243.26,
577.9,1.05,4.878,1219.50,
577.9,1.13,4.785,1196.25,
577.9,1.21,4.695,1173.63,
577.9,1.29,4.607,1151.78,
577.9,1.37,4.523,1130.82,
577.9,1.45,4.444,1110.88,
577.9,1.53,4.368,1092.09,
577.9,1.61,4.298,1074.61,
577.9,1.69,4.235,1058.74,
577.9,1.77,4.179,1044.71,
577.9,1.85,4.131,1032.76,
577.9,1.93,4.092,1023.10,
577.9,2.01,4.064,1015.97,0.6688
577.9,2.09,4.047,1011.82,0.6794
577.9,2.17,4.042,1010.56,0.6902
577.9,2.26,4.047,1011.63,0.7012
577.9,2.34,4.051,1012.80,0.7115
577.9,2.42,4.054,1013.45,0.7205
577.9,2.50,4.056,1014.06,0.7286
577.9,2.58,4.066,1016.61,0.7363
577.9,2.66,4.084,1021.10,0.7436
577.9,2.74,4.109,1027.32,0.7506
577.9,2.82,4.140,1035.11,0.7572
577.9,2.90,4.177,1044.28,0.7635
577.9,2.98,4.219,1054.70,0.7695
577.9,3.06,4.265,1066.21,0.7751
577.9,3.14,4.315,1078.63,0.7804
577.9,3.22,4.367,1091.81,0.7853
577.9,3.30,4.422,1105.57,0.7899
577.9,3.38,4.479,1119.73,0.7941
577.9,3.46,4.537,1134.13,0.7978
577.9,3.54,4.594,1148.59,0.8012
577.9,3.62,4.651,1162.77,0.8041
577.9,3.70,4.704,1176.08,0.8064
577.9,3.79,4.752,1188.10,0.8080
577.9,3.87,4.794,1198.43,0.8089
577.9,3.95,4.827,1206.65,0.8091
577.9,4.03,4.850,1212.40,0.8084
577.9,4.11,4.864,1216.04,0.8066
577.9,4.19,4.871,1217.87,0.8038
577.9,4.27,4.873,1218.37,0.8002
577.9,4.35,4.876,1218.93,0.7967
577.9,4.43,4.879,1219.83,0.7935
577.9,4.51,4.882,1220.38,0.7904
577.9,4.59,4.877,1219.22,0.7869
577.9,4.67,4.866,1216.44,0.7831
577.9,4.75,4.849,1212.17,0.7789
577.9,4.83,4.826,1206.53,0.7745
577.9,4.91,4.799,1199.67,0.7697
577.9,4.99,4.767,1191.69,0.7647
577.9,5.07,4.731,1182.71,0.7594
577.9,5.15,4.691,1172.83,0.7539
577.9,5.23,4.649,1162.14,0.7481
577.9,5.32,4.603,1150.76,0.7423
577.9,5.40,4.555,1138.77,0.7362
577.9,5.48,4.505,1126.29,0.7301
577.9,5.56,4.454,1113.41,0.7239
577.9,5.64,4.401,1100.36,0.7177
577.9,5.72,4.350,1087.44,0.7116
577.9,5.80,4.299,1074.87,0.7057
577.9,5.88,4.251,1062.87,0.7001
577.9,5.96,4.207,1051.67,0.6949
577.9,6.04,4.166,1041.46,0.6902
577.9,6.12,4.129,1032.18,0.6858
577.9,6.20,4.095,1023.76,0.6817
577.9,6.28,4.064,1015.93,0.6778
577.9,6.36,4.033,1008.24,0.6738
577.9,6.44,4.003,1000.63,0.6696
577.9,6.52,3.974,993.40,0.6655
577.9,6.60,3.947,986.84,0.6617
577.9,6.68,3.924,980.90,0.6581
577.9,6.77,3.902,975.53,0.6547
577.9,6.85,3.883,970.67,0.6515
577.9,6.93,3.865,966.27,0.6484
577.9,7.01,3.849,962.29,0.6455
577.9,7.09,3.835,958.69,0.6427
577.9,7.17,3.822,955.41,0.6400
577.9,7.25,3.810,952.42,0.6373
577.9,7.33,3.799,949.68,0.6348
577.9,7.41,3.789,947.13,0.6322
577.9,7.49,3.779,944.74,0.6298
577.9,7.57,3.770,942.47,0.6274
577.9,7.65,3.761,940.18,0.6249
577.9,7.73,3.751,937.75,0.6225
577.9,7.81,3.740,935.08,0.6201
577.9,7.89,3.728,932.06,0.6177
577.9,7.97,3.714,928.61,0.6151
577.9,8.05,3.699,924.69,0.6125
577.9,8.13,3.682,920.54,0.6096
577.9,8.21,3.665,916.22,0.6063
577.9,8.30,3.647,911.84,0.6029
577.9,8.38,3.630,907.56,0.5995
577.9,8.46,3.614,903.40,0.5961
577.9,8.54,3.597,899.29,0.5929
577.9,8.62,3.581,895.16,0.5897
577.9,8.70,3.564,891.03,0.5867
577.9,8.78,3.548,886.90,0.5838
577.9,8.86,3.531,882.79,0.5810
577.9,8.94,3.515,878.70,0.5783
577.9,9.02,3.499,874.63,0.5756
577.9,9.10,3.482,870.60,0.5730
577.9,9.18,3.466,866.61,0.5704
577.9,9.26,3.451,862.67,0.5678
577.9,9.34,3.435,858.81,0.5653
577.9,9.42,3.420,855.01,0.5629
577.9,9.50,3.405,851.31,0.5605
577.9,9.58,3.391,847.70,0.5581
577.9,9.66,3.377,844.22,0.5559
577.9,9.74,3.364,840.89,0.5539
577.9,9.83,3.351,837.75,0.5520
577.9,9.91,3.339,834.81,0.5503
577.9,9.99,3.328,832.09,0.5489
577.9,10.07,3.318,829.60,0.5476
577.9,10.15,3.309,827.33,0.5465
577.9,10.23,3.301,825.23,0.5453
577.9,10.31,3.293,823.14,0.5440
577.9,10.39,3.284,820.91,0.5425
577.9,10.47,3.274,818.54,0.5408
577.9,10.55,3.265,816.20,0.5390
577.9,10.63,3.256,813.96,0.5374
577.9,10.71,3.247,811.79,0.5359
577.9,10.79,3.239,809.70,0.5344
577.9,10.87,3.231,807.67,0.5330
577.9,10.95,3.223,805.70,0.5317
577.9,11.03,3.215,803.77,0.5303
577.9,11.11,3.208,801.89,0.5290
577.9,11.19,3.200,800.04,0.5278
577.9,11.28,3.193,798.21,0.5266
577.9,11.36,3.186,796.38,0.5254
577.9,11.44,3.178,794.56,0.5242
577.9,11.52,3.171,792.73,0.5231
577.9,11.60,3.163,790.87,0.5220
577.9,11.68,3.156,788.96,0.5209
577.9,11.76,3.148,786.96,0.5199
577.9,11.84,3.139,784.85,0.5189
577.9,11.92,3.130,782.61,0.5181
577.9,12.00,3.121,780.22,0.5173
583.2,0.00,6.344,1586.07,
583.2,0.08,6.243,1560.83,
583.2,0.16,6.140,1534.89,
583.2,0.24,6.036,1509.00,
583.2,0.32,5.937,1484.13,
583.2,0.40,5.839,1459.77,
583.2,0.48,5.739,1434.86,
583.2,0.56,5.638,1409.54,
583.2,0.64,5.536,1383.96,
583.2,0.72,5.433,1358.29,
583.2,0.81,5.331,1332.72,
583.2,0.89,5.229,1307.36,
583.2,0.97,5.129,1282.34,
583.2,1.05,5.031,1257.79,
583.2,1.13,4.935,1233.83,
583.2,1.21,4.842,1210.60,
583.2,1.29,4.753,1188.22,
583.2,1.37,4.667,1166.81,
583.2,1.45,4.586,1146.51,
583.2,1.53,4.510,1127.44,
583.2,1.61,4.439,1109.72,
583.2,1.69,4.374,1093.50,
583.2,1.77,4.316,1079.11,
583.2,1.85,4.267,1066.81,
583.2,1.93,4.227,1056.85,
583.2,2.01,4.198,1049.44,0.6730
583.2,2.09,4.180,1045.02,0.6832
583.2,2.17,4.174,1043.51,0.6938
583.2,2.26,4.172,1042.89,0.7039
583.2,2.34,4.167,1041.72,0.7128
583.2,2.42,4.165,1041.35,0.7210
583.2,2.50,4.172,1043.09,0.7288
583.2,2.58,4.187,1046.76,0.7362
583.2,2.66,4.209,1052.20,0.7433
583.2,2.74,4.237,1059.23,0.7502
583.2,2.82,4.271,1067.76,0.7567
583.2,2.90,4.310,1077.61,0.7629
583.2,2.98,4.354,1088.61,0.7688
583.2,3.06,4.402,1100.59,0.7744
583.2,3.14,4.454,1113.38,0.7796
583.2,3.22,4.507,1126.80,0.7845
583.2,3.30,4.563,1140.68,0.7889
583.2,3.38,4.619,1154.86,0.7930
583.2,3.46,4.677,1169.16,0.7967
583.2,3.54,4.734,1183.40,0.7999
583.2,3.62,4.790,1197.42,0.8026
583.2,3.70,4.844,1210.97,0.8049
583.2,3.79,4.893,1223.30,0.8066
583.2,3.87,4.936,1233.95,0.8076
583.2,3.95,4.970,1242.49,0.8077
583.2,4.03,4.994,1248.57,0.8071
583.2,4.11,5.010,1252.53,0.8054
583.2,4.19,5.019,1254.74,0.8026
583.2,4.27,5.027,1256.66,0.7998
583.2,4.35,5.036,1258.92,0.7972
583.2,4.43,5.040,1260.12,0.7945
583.2,4.51,5.038,1259.59,0.7914
583.2,4.59,5.030,1257.45,0.7880
583.2,4.67,5.015,1253.82,0.7842
583.2,4.75,4.995,1248.85,0.7801
583.2,4.83,4.971,1242.63,0.7756
583.2,4.91,4.941,1235.27,0.7709
583.2,4.99,4.907,1226.86,0.7659
583.2,5.07,4.870,1217.53,0.7606
583.2,5.15,4.829,1207.35,0.7551
583.2,5.23,4.786,1196.44,0.7495
583.2,5.32,4.740,1184.90,0.7437
583.2,5.40,4.691,1172.82,0.7377
583.2,5.48,4.641,1160.32,0.7317
583.2,5.56,4.590,1147.49,0.7256
583.2,5.64,4.538,1134.44,0.7196
583.2,5.72,4.485,1121.33,0.7135
583.2,5.80,4.434,1108.56,0.7076
583.2,5.88,4.385,1096.37,0.7021
583.2,5.96,4.340,1084.98,0.6969
583.2,6.04,4.298,1074.58,0.6921
583.2,6.12,4.260,1065.12,0.6877
583.2,6.20,4.226,1056.46,0.6835
583.2,6.28,4.192,1048.03,0.6793
583.2,6.36,4.159,1039.72,0.6750
583.2,6.44,4.128,1031.98,0.6708
583.2,6.52,4.100,1024.90,0.6669
583.2,6.60,4.074,1018.45,0.6633
583.2,6.68,4.050,1012.55,0.6598
583.2,6.77,4.029,1007.18,0.6565
583.2,6.85,4.009,1002.28,0.6533
583.2,6.93,3.991,997.81,0.6502
583.2,7.01,3.975,993.73,0.6473
583.2,7.09,3.960,989.99,0.6445
583.2,7.17,3.946,986.56,0.6417
583.2,7.25,3.934,983.38,0.6391
583.2,7.33,3.922,980.42,0.6365
583.2,7.41,3.911,977.63,0.6339
583.2,7.49,3.900,974.97,0.6314
583.2,7.57,3.890,972.38,0.6289
583.2,7.65,3.879,969.84,0.6264
583.2,7.73,3.869,967.24,0.6239
583.2,7.81,3.858,964.40,0.6214
583.2,7.89,3.845,961.22,0.6189
583.2,7.97,3.830,957.59,0.6163
583.2,8.05,3.814,953.51,0.6135
583.2,8.13,3.797,949.20,0.6105
583.2,8.21,3.779,944.76,0.6072
583.2,8.30,3.762,940.41,0.6039
583.2,8.38,3.745,936.16,0.6006
583.2,8.46,3.728,931.90,0.5974
583.2,8.54,3.711,927.64,0.5943
583.2,8.62,3.693,923.37,0.5914
583.2,8.70,3.676,919.10,0.5886
583.2,8.78,3.659,914.83,0.5858
583.2,8.86,3.642,910.57,0.5830
583.2,8.94,3.625,906.33,0.5803
583.2,9.02,3.608,902.12,0.5776
583.2,9.10,3.592,897.96,0.5750
583.2,9.18,3.575,893.84,0.5724
583.2,9.26,3.559,889.79,0.5698
583.2,9.34,3.543,885.81,0.5673
583.2,9.42,3.528,881.91,0.5649
583.2,9.50,3.512,878.10,0.5625
583.2,9.58,3.498,874.40,0.5602
583.2,9.66,3.483,870.82,0.5579
583.2,9.74,3.469,867.37,0.5558
583.2,9.83,3.456,864.11,0.5538
583.2,9.91,3.444,861.04,0.5521
583.2,9.99,3.433,858.21,0.5506
583.2,10.07,3.422,855.61,0.5492
583.2,10.15,3.413,853.21,0.5479
583.2,10.23,3.404,850.92,0.5466
583.2,10.31,3.394,848.49,0.5450
583.2,10.39,3.384,845.96,0.5432
583.2,10.47,3.374,843.51,0.5415
583.2,10.55,3.365,841.16,0.5399
583.2,10.63,3.356,838.89,0.5383
583.2,10.71,3.347,836.69,0.5369
583.2,10.79,3.338,834.57,0.5354
583.2,10.87,3.330,832.51,0.5341
583.2,10.95,3.322,830.50,0.5327
583.2,11.03,3.314,828.54,0.5314
583.2,11.11,3.306,826.61,0.5301
583.2,11.19,3.299,824.71,0.5288
583.2,11.28,3.291,822.82,0.5276
583.2,11.36,3.284,820.93,0.5263
583.2,11.44,3.276,819.03,0.5252
583.2,11.52,3.268,817.12,0.5240
583.2,11.60,3.261,815.19,0.5229
583.2,11.68,3.253,813.21,0.5218
583.2,11.76,3.245,811.16,0.5207
583.2,11.84,3.236,809.00,0.5197
583.2,11.92,3.227,806.71,0.5188
583.2,12.00,3.217,804.26,0.5180
588.6,0.00,6.547,1636.77,
588.6,0.08,6.443,1610.83,
588.6,0.16,6.338,1584.47,
588.6,0.24,6.236,1558.99,
588.6,0.32,6.134,1533.45,
588.6,0.40,6.029,1507.33,
588.6,0.48,5.923,1480.80,
588.6,0.56,5.816,1454.05,
588.6,0.64,5.709,1427.22,
588.6,0.72,5.602,1400.43,
588.6,0.81,5.495,1373.82,
588.6,0.89,5.390,1347.51,
588.6,0.97,5.287,1321.63,
588.6,1.05,5.185,1296.30,
588.6,1.13,5.087,1271.65,
588.6,1.21,4.991,1247.81,
588.6,1.29,4.900,1224.90,
588.6,1.37,4.812,1203.05,
588.6,1.45,4.730,1182.39,
588.6,1.53,4.652,1163.05,
588.6,1.61,4.581,1145.14,
588.6,1.69,4.515,1128.80,
588.6,1.77,4.457,1114.16,
588.6,1.85,4.406,1101.50,
588.6,1.93,4.365,1091.21,
588.6,2.01,4.334,1083.49,0.6769
588.6,2.09,4.315,1078.80,0.6868
588.6,2.17,4.304,1076.12,0.6966
588.6,2.26,4.293,1073.15,0.7054
588.6,2.34,4.287,1071.81,0.7136
588.6,2.42,4.290,1072.60,0.7215
588.6,2.50,4.301,1075.35,0.7291
588.6,2.58,4.320,1079.98,0.7364
588.6,2.66,4.345,1086.32,0.7434
588.6,2.74,4.377,1094.22,0.7502
588.6,2.82,4.414,1103.50,0.7567
588.6,2.90,4.456,1113.99,0.7629
588.6,2.98,4.502,1125.51,0.7687
588.6,3.06,4.552,1137.89,0.7742
588.6,3.14,4.604,1150.97,0.7794
588.6,3.22,4.658,1164.57,0.7841
588.6,3.30,4.714,1178.52,0.7885
588.6,3.38,4.771,1192.64,0.7924
588.6,3.46,4.827,1206.77,0.7960
588.6,3.54,4.883,1220.74,0.7990
588.6,3.62,4.937,1234.36,0.8017
588.6,3.70,4.990,1247.48,0.8038
588.6,3.79,5.040,1259.91,0.8054
588.6,3.87,5.084,1270.90,0.8064
588.6,3.95,5.119,1279.80,0.8067
588.6,4.03,5.145,1286.24,0.8061
588.6,4.11,5.162,1290.56,0.8045
588.6,4.19,5.176,1293.93,0.8023
588.6,4.27,5.190,1297.40,0.8003
588.6,4.35,5.197,1299.30,0.7981
588.6,4.43,5.198,1299.47,0.7954
588.6,4.51,5.192,1298.04,0.7924
588.6,4.59,5.181,1295.13,0.7889
588.6,4.67,5.163,1290.84,0.7851
588.6,4.75,5.141,1285.27,0.7809
588.6,4.83,5.114,1278.53,0.7765
588.6,4.91,5.083,1270.72,0.7717
588.6,4.99,5.048,1261.93,0.7667
588.6,5.07,5.009,1252.27,0.7615
588.6,5.15,4.967,1241.84,0.7560
588.6,5.23,4.923,1230.75,0.7505
588.6,5.32,4.876,1219.09,0.7447
588.6,5.40,4.828,1206.97,0.7389
588.6,5.48,4.778,1194.49,0.7331
588.6,5.56,4.727,1181.75,0.7271
588.6,5.64,4.675,1168.85,0.7212
588.6,5.72,4.624,1155.89,0.7153
588.6,5.80,4.572,1143.01,0.7095
588.6,5.88,4.522,1130.62,0.7039
588.6,5.96,4.476,1119.03,0.6987
588.6,6.04,4.434,1108.45,0.6939
588.6,6.12,4.395,1098.81,0.6895
588.6,6.20,4.358,1089.60,0.6851
588.6,6.28,4.323,1080.63,0.6806
588.6,6.36,4.289,1072.33,0.6764
588.6,6.44,4.259,1064.70,0.6724
588.6,6.52,4.231,1057.69,0.6686
588.6,6.60,4.205,1051.26,0.6650
588.6,6.68,4.181,1045.36,0.6616
588.6,6.77,4.160,1039.95,0.6583
588.6,6.85,4.140,1034.98,0.6551
588.6,6.93,4.122,1030.42,0.6521
588.6,7.01,4.105,1026.22,0.6491
588.6,7.09,4.089,1022.34,0.6463
588.6,7.17,4.075,1018.72,0.6435
588.6,7.25,4.061,1015.34,0.6408
588.6,7.33,4.049,1012.14,0.6381
588.6,7.41,4.036,1009.08,0.6355
588.6,7.49,4.024,1006.12,0.6330
588.6,7.57,4.013,1003.21,0.6304
588.6,7.65,4.001,1000.32,0.6278
588.6,7.73,3.990,997.39,0.6253
588.6,7.81,3.977,994.36,0.6227
588.6,7.89,3.964,991.01,0.6200
588.6,7.97,3.949,987.22,0.6173
588.6,8.05,3.932,982.97,0.6145
588.6,8.13,3.914,978.51,0.6114
588.6,8.21,3.896,974.08,0.6081
588.6,8.30,3.879,969.72,0.6049
588.6,8.38,3.861,965.34,0.6019
588.6,8.46,3.844,960.94,0.5989
588.6,8.54,3.826,956.52,0.5960
588.6,8.62,3.808,952.09,0.5932
588.6,8.70,3.791,947.65,0.5904
588.6,8.78,3.773,943.22,0.5876
588.6,8.86,3.755,938.81,0.5848
588.6,8.94,3.738,934.42,0.5821
588.6,9.02,3.720,930.08,0.5794
588.6,9.10,3.703,925.78,0.5768
588.6,9.18,3.686,921.54,0.5742
588.6,9.26,3.669,917.36,0.5717
588.6,9.34,3.653,913.27,0.5692
588.6,9.42,3.637,909.27,0.5668
588.6,9.50,3.621,905.36,0.5644
588.6,9.58,3.606,901.57,0.5621
588.6,9.66,3.592,897.90,0.5599
588.6,9.74,3.577,894.36,0.5577
588.6,9.83,3.564,890.97,0.5556
588.6,9.91,3.551,887.78,0.5538
588.6,9.99,3.539,884.82,0.5521
588.6,10.07,3.528,882.10,0.5507
588.6,10.15,3.518,879.55,0.5492
588.6,10.23,3.508,876.91,0.5475
588.6,10.31,3.497,874.24,0.5458
588.6,10.39,3.487,871.68,0.5441
588.6,10.47,3.477,869.21,0.5425
588.6,10.55,3.467,866.83,0.5410
588.6,10.63,3.458,864.55,0.5394
588.6,10.71,3.449,862.33,0.5380
588.6,10.79,3.441,860.19,0.5365
588.6,10.87,3.432,858.10,0.5351
588.6,10.95,3.424,856.06,0.5338
588.6,11.03,3.416,854.06,0.5324
588.6,11.11,3.408,852.09,0.5311
588.6,11.19,3.401,850.13,0.5298
588.6,11.28,3.393,848.18,0.5286
588.6,11.36,3.385,846.22,0.5273
588.6,11.44,3.377,844.25,0.5261
588.6,11.52,3.369,842.26,0.5250
588.6,11.60,3.361,840.24,0.5238
588.6,11.68,3.353,838.17,0.5227
588.6,11.76,3.344,836.04,0.5216
588.6,11.84,3.335,833.84,0.5206
588.6,11.92,3.326,831.50,0.5196
588.6,12.00,3.316,829.01,0.5187
594.0,0.00,6.756,1688.92,
594.0,0.08,6.649,1662.34,
594.0,0.16,6.544,1636.09,
594.0,0.24,6.437,1609.35,
594.0,0.32,6.328,1582.07,
594.0,0.40,6.218,1554.41,
594.0,0.48,6.106,1526.50,
594.0,0.56,5.994,1498.47,
594.0,0.64,5.882,1470.44,
594.0,0.72,5.770,1442.55,
594.0,0.81,5.660,1414.91,
594.0,0.89,5.551,1387.66,
594.0,0.97,5.444,1360.92,
594.0,1.05,5.339,1334.81,
594.0,1.13,5.238,1309.48,
594.0,1.21,5.140,1285.03,
594.0,1.29,5.046,1261.60,
594.0,1.37,4.957,1239.32,
594.0,1.45,4.873,1218.31,
594.0,1.53,4.795,1198.69,
594.0,1.61,4.722,1180.60,
594.0,1.69,4.657,1164.17,
594.0,1.77,4.598,1149.51,
594.0,1.85,4.547,1136.76,
594.0,1.93,4.505,1126.13,
594.0,2.01,4.472,1118.09,0.6803
594.0,2.09,4.451,1112.79,0.6897
594.0,2.17,4.433,1108.20,0.6983
594.0,2.26,4.423,1105.75,0.7066
594.0,2.34,4.422,1105.56,0.7146
594.0,2.42,4.430,1107.48,0.7224
594.0,2.50,4.445,1111.35,0.7300
594.0,2.58,4.468,1117.01,0.7373
594.0,2.66,4.497,1124.27,0.7443
594.0,2.74,4.532,1132.96,0.7510
594.0,2.82,4.572,1142.93,0.7575
594.0,2.90,4.616,1153.98,0.7636
594.0,2.98,4.664,1165.96,0.7694
594.0,3.06,4.715,1178.68,0.7748
594.0,3.14,4.768,1191.98,0.7798
594.0,3.22,4.823,1205.69,0.7845
594.0,3.30,4.879,1219.64,0.7887
594.0,3.38,4.935,1233.64,0.7925
594.0,3.46,4.990,1247.54,0.7959
594.0,3.54,5.045,1261.16,0.7988
594.0,3.62,5.097,1274.33,0.8013
594.0,3.70,5.147,1286.87,0.8033
594.0,3.79,5.194,1298.62,0.8047
594.0,3.87,5.238,1309.40,0.8057
594.0,3.95,5.275,1318.67,0.8060
594.0,4.03,5.302,1325.51,0.8055
594.0,4.11,5.322,1330.60,0.8042
594.0,4.19,5.340,1335.09,0.8027
594.0,4.27,5.351,1337.76,0.8009
594.0,4.35,5.355,1338.71,0.7987
594.0,4.43,5.352,1338.04,0.7959
594.0,4.51,5.343,1335.86,0.7928
594.0,4.59,5.329,1332.27,0.7893
594.0,4.67,5.309,1327.36,0.7854
594.0,4.75,5.285,1321.24,0.7812
594.0,4.83,5.256,1314.02,0.7767
594.0,4.91,5.223,1305.79,0.7720
594.0,4.99,5.187,1296.65,0.7670
594.0,5.07,5.147,1286.71,0.7618
594.0,5.15,5.104,1276.08,0.7564
594.0,5.23,5.059,1264.84,0.7509
594.0,5.32,5.012,1253.11,0.7453
594.0,5.40,4.964,1240.98,0.7397
594.0,5.48,4.914,1228.56,0.7339
594.0,5.56,4.864,1215.95,0.7282
594.0,5.64,4.813,1203.25,0.7224
594.0,5.72,4.762,1190.56,0.7168
594.0,5.80,4.712,1177.98,0.7111
594.0,5.88,4.662,1165.62,0.7056
594.0,5.96,4.615,1153.84,0.7004
594.0,6.04,4.572,1143.06,0.6956
594.0,6.12,4.532,1133.02,0.6910
594.0,6.20,4.494,1123.41,0.6864
594.0,6.28,4.458,1114.53,0.6821
594.0,6.36,4.425,1106.32,0.6780
594.0,6.44,4.395,1098.75,0.6741
594.0,6.52,4.367,1091.77,0.6704
594.0,6.60,4.341,1085.34,0.6668
594.0,6.68,4.318,1079.42,0.6634
594.0,6.77,4.296,1073.95,0.6601
594.0,6.85,4.276,1068.90,0.6569
594.0,6.93,4.257,1064.23,0.6539
594.0,7.01,4.240,1059.89,0.6509
594.0,7.09,4.223,1055.83,0.6481
594.0,7.17,4.208,1052.02,0.6453
594.0,7.25,4.194,1048.40,0.6425
594.0,7.33,4.180,1044.95,0.6398
594.0,7.41,4.166,1041.60,0.6371
594.0,7.49,4.153,1038.32,0.6345
594.0,7.57,4.140,1035.07,0.6319
594.0,7.65,4.127,1031.80,0.6292
594.0,7.73,4.114,1028.47,0.6266
594.0,7.81,4.100,1025.03,0.6239
594.0,7.89,4.086,1021.44,0.6211
594.0,7.97,4.070,1017.48,0.6183
594.0,8.05,4.052,1013.07,0.6154
594.0,8.13,4.034,1008.57,0.6123
594.0,8.21,4.016,1004.09,0.6092
594.0,8.30,3.998,999.57,0.6063
594.0,8.38,3.980,995.02,0.6033
594.0,8.46,3.962,990.44,0.6004
594.0,8.54,3.943,985.84,0.5976
594.0,8.62,3.925,981.23,0.5947
594.0,8.70,3.907,976.63,0.5919
594.0,8.78,3.888,972.04,0.5891
594.0,8.86,3.870,967.47,0.5863
594.0,8.94,3.852,962.94,0.5836
594.0,9.02,3.834,958.45,0.5809
594.0,9.10,3.816,954.01,0.5783
594.0,9.18,3.799,949.65,0.5757
594.0,9.26,3.781,945.35,0.5732
594.0,9.34,3.765,941.15,0.5707
594.0,9.42,3.748,937.04,0.5683
594.0,9.50,3.732,933.04,0.5660
594.0,9.58,3.717,929.15,0.5637
594.0,9.66,3.702,925.39,0.5615
594.0,9.74,3.687,921.77,0.5594
594.0,9.83,3.673,918.30,0.5573
594.0,9.91,3.660,915.00,0.5553
594.0,9.99,3.648,911.91,0.5536
594.0,10.07,3.636,909.05,0.5519
594.0,10.15,3.625,906.21,0.5502
594.0,10.23,3.614,903.41,0.5485
594.0,10.31,3.603,900.73,0.5468
594.0,10.39,3.593,898.16,0.5452
594.0,10.47,3.583,895.69,0.5436
594.0,10.55,3.573,893.31,0.5420
594.0,10.63,3.564,891.02,0.5405
594.0,10.71,3.555,888.79,0.5390
594.0,10.79,3.546,886.62,0.5376
594.0,10.87,3.538,884.51,0.5362
594.0,10.95,3.530,882.43,0.5348
594.0,11.03,3.522,880.39,0.5334
594.0,11.11,3.513,878.36,0.5321
594.0,11.19,3.505,876.35,0.5308
594.0,11.28,3.497,874.33,0.5296
594.0,11.36,3.489,872.31,0.5283
594.0,11.44,3.481,870.26,0.5271
594.0,11.52,3.473,868.19,0.5259
594.0,11.60,3.464,866.07,0.5248
594.0,11.68,3.456,863.90,0.5236
594.0,11.76,3.447,861.68,0.5225
594.0,11.84,3.438,859.38,0.5215
594.0,11.92,3.428,856.99,0.5204
594.0,12.00,3.418,854.46,0.5194
599.3,0.00,6.970,1742.55,
599.3,0.08,6.861,1715.35,
599.3,0.16,6.750,1687.50,
599.3,0.24,6.636,1659.11,
599.3,0.32,6.521,1630.30,
599.3,0.40,6.405,1601.20,
599.3,0.48,6.288,1571.93,
599.3,0.56,6.170,1542.62,
599.3,0.64,6.054,1513.41,
599.3,0.72,5.938,1484.41,
599.3,0.81,5.823,1455.75,
599.3,0.89,5.710,1427.56,
599.3,0.97,5.600,1399.97,
599.3,1.05,5.492,1373.10,
599.3,1.13,5.388,1347.08,
599.3,1.21,5.288,1322.03,
599.3,1.29,5.192,1298.09,
599.3,1.37,5.101,1275.37,
599.3,1.45,5.016,1254.02,
599.3,1.53,4.937,1234.14,
599.3,1.61,4.864,1215.88,
599.3,1.69,4.797,1199.35,
599.3,1.77,4.739,1184.69,
599.3,1.85,4.688,1172.01,
599.3,1.93,4.646,1161.45,
599.3,2.01,4.613,1153.16,0.6832
599.3,2.09,4.589,1147.21,0.6918
599.3,2.17,4.575,1143.78,0.7002
599.3,2.26,4.571,1142.71,0.7085
599.3,2.34,4.575,1143.81,0.7165
599.3,2.42,4.588,1146.92,0.7243
599.3,2.50,4.607,1151.87,0.7318
599.3,2.58,4.634,1158.49,0.7391
599.3,2.66,4.666,1166.59,0.7461
599.3,2.74,4.704,1176.02,0.7528
599.3,2.82,4.746,1186.60,0.7592
599.3,2.90,4.793,1198.16,0.7652
599.3,2.98,4.842,1210.52,0.7709
599.3,3.06,4.894,1223.52,0.7762
599.3,3.14,4.948,1236.98,0.7811
599.3,3.22,5.003,1250.74,0.7857
599.3,3.30,5.058,1264.61,0.7898
599.3,3.38,5.114,1278.44,0.7935
599.3,3.46,5.168,1292.04,0.7967
599.3,3.54,5.221,1305.24,0.7994
599.3,3.62,5.272,1317.88,0.8017
599.3,3.70,5.319,1329.78,0.8035
599.3,3.79,5.363,1340.77,0.8048
599.3,3.87,5.403,1350.68,0.8055
599.3,3.95,5.437,1359.34,0.8057
599.3,4.03,5.466,1366.51,0.8053
599.3,4.11,5.487,1371.86,0.8043
599.3,4.19,5.501,1375.37,0.8029
599.3,4.27,5.508,1377.12,0.8009
599.3,4.35,5.509,1377.22,0.7985
599.3,4.43,5.503,1375.77,0.7957
599.3,4.51,5.491,1372.87,0.7925
599.3,4.59,5.475,1368.63,0.7889
599.3,4.67,5.453,1363.15,0.7850
599.3,4.75,5.426,1356.52,0.7808
599.3,4.83,5.395,1348.85,0.7763
599.3,4.91,5.361,1340.25,0.7715
599.3,4.99,5.323,1330.81,0.7666
599.3,5.07,5.283,1320.64,0.7614
599.3,5.15,5.239,1309.83,0.7562
599.3,5.23,5.194,1298.49,0.7508
599.3,5.32,5.147,1286.72,0.7453
599.3,5.40,5.099,1274.63,0.7397
599.3,5.48,5.049,1262.31,0.7342
599.3,5.56,4.999,1249.87,0.7286
599.3,5.64,4.950,1237.40,0.7231
599.3,5.72,4.900,1225.02,0.7176
599.3,5.80,4.851,1212.81,0.7122
599.3,5.88,4.804,1200.89,0.7070
599.3,5.96,4.757,1189.36,0.7019
599.3,6.04,4.714,1178.39,0.6970
599.3,6.12,4.673,1168.17,0.6924
599.3,6.20,4.635,1158.69,0.6879
599.3,6.28,4.600,1149.90,0.6837
599.3,6.36,4.567,1141.76,0.6797
599.3,6.44,4.537,1134.23,0.6758
599.3,6.52,4.509,1127.27,0.6721
599.3,6.60,4.483,1120.82,0.6686
599.3,6.68,4.459,1114.85,0.6652
599.3,6.77,4.437,1109.31,0.6619
599.3,6.85,4.417,1104.15,0.6587
599.3,6.93,4.397,1099.35,0.6557
599.3,7.01,4.379,1094.84,0.6527
599.3,7.09,4.362,1090.59,0.6498
599.3,7.17,4.346,1086.56,0.6470
599.3,7.25,4.331,1082.69,0.6442
599.3,7.33,4.316,1078.96,0.6414
599.3,7.41,4.301,1075.30,0.6387
599.3,7.49,4.287,1071.69,0.6360
599.3,7.57,4.272,1068.07,0.6333
599.3,7.65,4.258,1064.41,0.6305
599.3,7.73,4.243,1060.65,0.6278
599.3,7.81,4.227,1056.76,0.6250
599.3,7.89,4.211,1052.69,0.6222
599.3,7.97,4.194,1048.40,0.6192
599.3,8.05,4.175,1043.85,0.6163
599.3,8.13,4.157,1039.23,0.6133
599.3,8.21,4.138,1034.55,0.6103
599.3,8.30,4.119,1029.84,0.6074
599.3,8.38,4.100,1025.09,0.6044
599.3,8.46,4.081,1020.31,0.6015
599.3,8.54,4.062,1015.53,0.5986
599.3,8.62,4.043,1010.75,0.5958
599.3,8.70,4.024,1005.98,0.5929
599.3,8.78,4.005,1001.22,0.5901
599.3,8.86,3.986,996.50,0.5874
599.3,8.94,3.967,991.82,0.5847
599.3,9.02,3.949,987.19,0.5820
599.3,9.10,3.930,982.62,0.5794
599.3,9.18,3.913,978.13,0.5768
599.3,9.26,3.895,973.71,0.5743
599.3,9.34,3.878,969.40,0.5719
599.3,9.42,3.861,965.18,0.5695
599.3,9.50,3.844,961.08,0.5671
599.3,9.58,3.828,957.10,0.5649
599.3,9.66,3.813,953.26,0.5627
599.3,9.74,3.798,949.56,0.5606
599.3,9.83,3.784,946.02,0.5586
599.3,9.91,3.771,942.65,0.5566
599.3,9.99,3.758,939.45,0.5548
599.3,10.07,3.746,936.41,0.5530
599.3,10.15,3.734,933.51,0.5512
599.3,10.23,3.723,930.73,0.5495
599.3,10.31,3.712,928.06,0.5479
599.3,10.39,3.702,925.50,0.5462
599.3,10.47,3.692,923.03,0.5446
599.3,10.55,3.683,920.65,0.5431
599.3,10.63,3.673,918.34,0.5416
599.3,10.71,3.664,916.09,0.5401
599.3,10.79,3.656,913.90,0.5386
599.3,10.87,3.647,911.75,0.5372
599.3,10.95,3.639,909.64,0.5358
599.3,11.03,3.630,907.55,0.5344
599.3,11.11,3.622,905.47,0.5331
599.3,11.19,3.614,903.40,0.5317
599.3,11.28,3.605,901.32,0.5305
599.3,11.36,3.597,899.22,0.5292
599.3,11.44,3.588,897.10,0.5280
599.3,11.52,3.580,894.94,0.5268
599.3,11.60,3.571,892.73,0.5256
599.3,11.68,3.562,890.47,0.5245
599.3,11.76,3.553,888.13,0.5234
599.3,11.84,3.543,885.72,0.5223
599.3,11.92,3.533,883.23,0.5212
599.3,12.00,3.523,880.63,0.5201
604.7,0.00,7.191,1797.83,
604.7,0.08,7.079,1769.66,
604.7,0.16,6.961,1740.14,
604.7,0.24,6.841,1710.14,
604.7,0.32,6.719,1679.81,
604.7,0.40,6.597,1649.27,
604.7,0.48,6.475,1618.65,
604.7,0.56,6.352,1588.08,
604.7,0.64,6.231,1557.68,
604.7,0.72,6.110,1527.59,
604.7,0.81,5.992,1497.92,
604.7,0.89,5.875,1468.80,
604.7,0.97,5.761,1440.36,
604.7,1.05,5.651,1412.73,
604.7,1.13,5.544,1386.03,
604.7,1.21,5.442,1360.40,
604.7,1.29,5.344,1335.95,
604.7,1.37,5.251,1312.81,
604.7,1.45,5.164,1291.12,
604.7,1.53,5.084,1270.99,
604.7,1.61,5.010,1252.56,
604.7,1.69,4.944,1235.95,
604.7,1.77,4.885,1221.28,
604.7,1.85,4.834,1208.62,
604.7,1.93,4.790,1197.55,
604.7,2.01,4.755,1188.66,0.6855
604.7,2.09,4.735,1183.74,0.6940
604.7,2.17,4.727,1181.77,0.7025
604.7,2.26,4.728,1182.04,0.7107
604.7,2.34,4.738,1184.38,0.7187
604.7,2.42,4.754,1188.61,0.7265
604.7,2.50,4.778,1194.56,0.7340
604.7,2.58,4.808,1202.06,0.7412
604.7,2.66,4.844,1210.94,0.7482
604.7,2.74,4.884,1221.03,0.7548
604.7,2.82,4.929,1232.16,0.7611
604.7,2.90,4.977,1244.15,0.7671
604.7,2.98,5.027,1256.83,0.7726
604.7,3.06,5.080,1270.03,0.7778
604.7,3.14,5.134,1283.58,0.7827
604.7,3.22,5.189,1297.31,0.7871
604.7,3.30,5.244,1311.04,0.7910
604.7,3.38,5.298,1324.61,0.7946
604.7,3.46,5.351,1337.84,0.7976
604.7,3.54,5.402,1350.56,0.8002
604.7,3.62,5.450,1362.60,0.8023
604.7,3.70,5.495,1373.78,0.8039
604.7,3.79,5.536,1383.95,0.8050
604.7,3.87,5.572,1392.93,0.8055
604.7,3.95,5.605,1401.20,0.8057
604.7,4.03,5.637,1409.27,0.8055
604.7,4.11,5.656,1414.05,0.8044
604.7,4.19,5.666,1416.61,0.8028
604.7,4.27,5.670,1417.49,0.8007
604.7,4.35,5.667,1416.78,0.7982
604.7,4.43,5.658,1414.59,0.7953
604.7,4.51,5.644,1411.02,0.7920
604.7,4.59,5.625,1406.17,0.7883
604.7,4.67,5.601,1400.15,0.7844
604.7,4.75,5.572,1393.05,0.7802
604.7,4.83,5.540,1384.98,0.7757
604.7,4.91,5.504,1376.05,0.7709
604.7,4.99,5.465,1366.34,0.7660
604.7,5.07,5.424,1355.97,0.7610
604.7,5.15,5.380,1345.03,0.7558
604.7,5.23,5.335,1333.63,0.7505
604.7,5.32,5.287,1321.87,0.7451
604.7,5.40,5.239,1309.85,0.7397
604.7,5.48,5.191,1297.67,0.7343
604.7,5.56,5.142,1285.43,0.7290
604.7,5.64,5.093,1273.24,0.7236
604.7,5.72,5.045,1261.21,0.7184
604.7,5.80,4.998,1249.41,0.7133
604.7,5.88,4.951,1237.73,0.7082
604.7,5.96,4.903,1225.63,0.7032
604.7,6.04,4.859,1214.63,0.6983
604.7,6.12,4.818,1204.58,0.6937
604.7,6.20,4.781,1195.22,0.6894
604.7,6.28,4.746,1186.52,0.6852
604.7,6.36,4.714,1178.45,0.6812
604.7,6.44,4.684,1170.95,0.6774
604.7,6.52,4.656,1163.99,0.6737
604.7,6.60,4.630,1157.51,0.6702
604.7,6.68,4.606,1151.49,0.6668
604.7,6.77,4.583,1145.86,0.6636
604.7,6.85,4.562,1140.60,0.6604
604.7,6.93,4.543,1135.65,0.6573
604.7,7.01,4.524,1130.97,0.6543
604.7,7.09,4.506,1126.52,0.6514
604.7,7.17,4.489,1122.26,0.6485
604.7,7.25,4.473,1118.14,0.6457
604.7,7.33,4.456,1114.12,0.6429
604.7,7.41,4.441,1110.15,0.6401
604.7,7.49,4.425,1106.19,0.6373
604.7,7.57,4.409,1102.19,0.6346
604.7,7.65,4.392,1098.12,0.6317
604.7,7.73,4.376,1093.93,0.6289
604.7,7.81,4.358,1089.58,0.6260
604.7,7.89,4.340,1084.91,0.6231
604.7,7.97,4.320,1079.95,0.6200
604.7,8.05,4.301,1075.13,0.6170
604.7,8.13,4.281,1070.28,0.6140
604.7,8.21,4.262,1065.40,0.6110
604.7,8.30,4.242,1060.47,0.6080
604.7,8.38,4.222,1055.52,0.6051
604.7,8.46,4.202,1050.56,0.6022
604.7,8.54,4.182,1045.59,0.5993
604.7,8.62,4.163,1040.63,0.5964
604.7,8.70,4.143,1035.69,0.5936
604.7,8.78,4.123,1030.77,0.5908
604.7,8.86,4.104,1025.89,0.5880
604.7,8.94,4.084,1021.06,0.5853
604.7,9.02,4.065,1016.29,0.5827
604.7,9.10,4.046,1011.59,0.5800
604.7,9.18,4.028,1006.96,0.5775
604.7,9.26,4.010,1002.43,0.5750
604.7,9.34,3.992,997.99,0.5726
604.7,9.42,3.975,993.67,0.5702
604.7,9.50,3.958,989.47,0.5679
604.7,9.58,3.942,985.39,0.5657
604.7,9.66,3.926,981.46,0.5635
604.7,9.74,3.911,977.69,0.5614
604.7,9.83,3.896,974.07,0.5594
604.7,9.91,3.883,970.65,0.5576
604.7,9.99,3.870,967.43,0.5557
604.7,10.07,3.857,964.35,0.5539
604.7,10.15,3.846,961.47,0.5521
604.7,10.23,3.835,958.71,0.5504
604.7,10.31,3.824,956.05,0.5488
604.7,10.39,3.814,953.50,0.5471
604.7,10.47,3.804,951.03,0.5455
604.7,10.55,3.795,948.64,0.5439
604.7,10.63,3.785,946.31,0.5424
604.7,10.71,3.776,944.05,0.5409
604.7,10.79,3.767,941.83,0.5394
604.7,10.87,3.759,939.65,0.5380
604.7,10.95,3.750,937.49,0.5366
604.7,11.03,3.741,935.35,0.5352
604.7,11.11,3.733,933.22,0.5338
604.7,11.19,3.724,931.08,0.5325
604.7,11.28,3.716,928.94,0.5312
604.7,11.36,3.707,926.76,0.5299
604.7,11.44,3.698,924.56,0.5287
604.7,11.52,3.689,922.31,0.5275
604.7,11.60,3.680,920.00,0.5263
604.7,11.68,3.671,917.64,0.5251
604.7,11.76,3.661,915.20,0.5240
604.7,11.84,3.651,912.67,0.5229
604.7,11.92,3.640,910.07,0.5218
604.7,12.00,3.630,907.50,0.5208
610.1,0.00,7.420,1854.89,
610.1,0.08,7.306,1826.39,
610.1,0.16,7.185,1796.18,
610.1,0.24,7.059,1764.70,
610.1,0.32,6.931,1732.86,
610.1,0.40,6.804,1700.89,
610.1,0.48,6.676,1668.93,
610.1,0.56,6.548,1637.10,
610.1,0.64,6.422,1605.53,
610.1,0.72,6.297,1574.34,
610.1,0.81,6.175,1543.67,
610.1,0.89,6.055,1513.63,
610.1,0.97,5.937,1484.36,
610.1,1.05,5.824,1455.98,
610.1,1.13,5.714,1428.62,
610.1,1.21,5.610,1402.40,
610.1,1.29,5.510,1377.45,
610.1,1.37,5.416,1353.90,
610.1,1.45,5.328,1331.88,
610.1,1.53,5.246,1311.51,
610.1,1.61,5.172,1292.91,
610.1,1.69,5.104,1275.88,
610.1,1.77,5.041,1260.30,
610.1,1.85,4.984,1246.08,
610.1,1.93,4.933,1233.21,
610.1,2.01,4.897,1224.33,0.6872
610.1,2.09,4.878,1219.54,0.6955
610.1,2.17,4.873,1218.17,0.7039
610.1,2.26,4.879,1219.66,0.7121
610.1,2.34,4.893,1223.15,0.7201
610.1,2.42,4.914,1228.41,0.7279
610.1,2.50,4.941,1235.29,0.7353
610.1,2.58,4.974,1243.60,0.7425
610.1,2.66,5.013,1253.17,0.7494
610.1,2.74,5.055,1263.84,0.7560
610.1,2.82,5.102,1275.43,0.7622
610.1,2.90,5.151,1287.77,0.7681
610.1,2.98,5.203,1300.68,0.7735
610.1,3.06,5.256,1314.00,0.7786
610.1,3.14,5.310,1327.56,0.7833
610.1,3.22,5.365,1341.18,0.7876
610.1,3.30,5.419,1354.69,0.7914
610.1,3.38,5.472,1367.92,0.7948
610.1,3.46,5.523,1380.70,0.7977
610.1,3.54,5.571,1392.86,0.8001
610.1,3.62,5.617,1404.22,0.8021
610.1,3.70,5.659,1414.66,0.8035
610.1,3.79,5.696,1423.98,0.8046
610.1,3.87,5.735,1433.63,0.8054
610.1,3.95,5.781,1445.25,0.8061
610.1,4.03,5.816,1453.95,0.8060
610.1,4.11,5.837,1459.28,0.8051
610.1,4.19,5.847,1461.65,0.8035
610.1,4.27,5.847,1461.69,0.8013
610.1,4.35,5.841,1460.21,0.7987
610.1,4.43,5.829,1457.32,0.7957
610.1,4.51,5.812,1453.12,0.7923
610.1,4.59,5.791,1447.70,0.7886
610.1,4.67,5.765,1441.18,0.7846
610.1,4.75,5.735,1433.66,0.7804
610.1,4.83,5.701,1425.22,0.7759
610.1,4.91,5.664,1415.99,0.7712
610.1,4.99,5.624,1406.06,0.7663
610.1,5.07,5.582,1395.52,0.7613
610.1,5.15,5.538,1384.49,0.7562
610.1,5.23,5.492,1373.07,0.7511
610.1,5.32,5.445,1361.35,0.7458
610.1,5.40,5.398,1349.44,0.7406
610.1,5.48,5.350,1337.44,0.7354
610.1,5.56,5.302,1325.46,0.7302
610.1,5.64,5.254,1313.51,0.7250
610.1,5.72,5.205,1301.25,0.7199
610.1,5.80,5.154,1288.61,0.7148
610.1,5.88,5.101,1275.31,0.7095
610.1,5.96,5.049,1262.13,0.7042
610.1,6.04,5.006,1251.42,0.6993
610.1,6.12,4.967,1241.64,0.6948
610.1,6.20,4.930,1232.45,0.6905
610.1,6.28,4.895,1223.85,0.6864
610.1,6.36,4.863,1215.85,0.6825
610.1,6.44,4.834,1208.40,0.6787
610.1,6.52,4.806,1201.45,0.6751
610.1,6.60,4.780,1194.96,0.6716
610.1,6.68,4.756,1188.89,0.6682
610.1,6.77,4.733,1183.20,0.6650
610.1,6.85,4.711,1177.83,0.6618
610.1,6.93,4.691,1172.75,0.6587
610.1,7.01,4.672,1167.92,0.6557
610.1,7.09,4.653,1163.28,0.6528
610.1,7.17,4.635,1158.80,0.6499
610.1,7.25,4.618,1154.43,0.6470
610.1,7.33,4.601,1150.13,0.6442
610.1,7.41,4.583,1145.86,0.6413
610.1,7.49,4.566,1141.57,0.6385
610.1,7.57,4.549,1137.21,0.6356
610.1,7.65,4.531,1132.71,0.6328
610.1,7.73,4.512,1127.88,0.6298
610.1,7.81,4.491,1122.64,0.6269
610.1,7.89,4.469,1117.24,0.6238
610.1,7.97,4.448,1111.96,0.6207
610.1,8.05,4.428,1106.88,0.6175
610.1,8.13,4.407,1101.79,0.6144
610.1,8.21,4.387,1096.68,0.6114
610.1,8.30,4.366,1091.55,0.6084
610.1,8.38,4.346,1086.39,0.6055
610.1,8.46,4.325,1081.23,0.6026
610.1,8.54,4.304,1076.08,0.5997
610.1,8.62,4.284,1070.93,0.5968
610.1,8.70,4.263,1065.81,0.5940
610.1,8.78,4.243,1060.73,0.5912
610.1,8.86,4.223,1055.69,0.5884
610.1,8.94,4.203,1050.70,0.5857
610.1,9.02,4.183,1045.78,0.5831
610.1,9.10,4.164,1040.94,0.5805
610.1,9.18,4.145,1036.18,0.5779
610.1,9.26,4.126,1031.51,0.5754
610.1,9.34,4.108,1026.96,0.5730
610.1,9.42,4.090,1022.52,0.5707
610.1,9.50,4.073,1018.21,0.5684
610.1,9.58,4.056,1014.04,0.5662
610.1,9.66,4.040,1010.03,0.5641
610.1,9.74,4.025,1006.21,0.5621
610.1,9.83,4.010,1002.60,0.5603
610.1,9.91,3.997,999.18,0.5584
610.1,9.99,3.984,995.89,0.5565
610.1,10.07,3.971,992.74,0.5546
610.1,10.15,3.959,989.79,0.5528
610.1,10.23,3.948,987.03,0.5510
610.1,10.31,3.938,984.38,0.5494
610.1,10.39,3.927,981.83,0.5477
610.1,10.47,3.917,979.35,0.5461
610.1,10.55,3.908,976.95,0.5445
610.1,10.63,3.898,974.60,0.5430
610.1,10.71,3.889,972.31,0.5414
610.1,10.79,3.880,970.06,0.5400
610.1,10.87,3.871,967.83,0.5385
610.1,10.95,3.863,965.63,0.5371
610.1,11.03,3.854,963.44,0.5357
610.1,11.11,3.845,961.25,0.5343
610.1,11.19,3.836,959.05,0.5330
610.1,11.28,3.827,956.82,0.5317
610.1,11.36,3.818,954.57,0.5304
610.1,11.44,3.809,952.28,0.5291
610.1,11.52,3.800,949.93,0.5279
610.1,11.60,3.790,947.53,0.5267
610.1,11.68,3.780,945.06,0.5256
610.1,11.76,3.770,942.53,0.5245
610.1,11.84,3.760,939.96,0.5235
610.1,11.92,3.750,937.53,0.5225
610.1,12.00,3.740,935.00,0.5215
615.4,0.00,7.653,1913.37,
615.4,0.08,7.538,1884.42,
615.4,0.16,7.415,1853.73,
615.4,0.24,7.287,1821.66,
615.4,0.32,7.154,1788.58,
615.4,0.40,7.021,1755.19,
615.4,0.48,6.888,1721.90,
615.4,0.56,6.755,1688.82,
615.4,0.64,6.624,1656.09,
615.4,0.72,6.495,1623.82,
615.4,0.81,6.369,1592.15,
615.4,0.89,6.245,1561.21,
615.4,0.97,6.124,1531.11,
615.4,1.05,6.008,1501.99,
615.4,1.13,5.896,1473.97,
615.4,1.21,5.789,1447.18,
615.4,1.29,5.687,1421.74,
615.4,1.37,5.591,1397.79,
615.4,1.45,5.501,1375.32,
615.4,1.53,5.417,1354.13,
615.4,1.61,5.337,1334.28,
615.4,1.69,5.263,1315.80,
615.4,1.77,5.194,1298.48,
615.4,1.85,5.129,1282.23,
615.4,1.93,5.076,1268.97,
615.4,2.01,5.041,1260.22,0.6885
615.4,2.09,5.022,1255.56,0.6966
615.4,2.17,5.017,1254.34,0.7048
615.4,2.26,5.025,1256.15,0.7128
615.4,2.34,5.042,1260.55,0.7208
615.4,2.42,5.067,1266.77,0.7285
615.4,2.50,5.098,1274.48,0.7360
615.4,2.58,5.134,1283.52,0.7431
615.4,2.66,5.175,1293.71,0.7499
615.4,2.74,5.219,1304.87,0.7564
615.4,2.82,5.267,1316.84,0.7626
615.4,2.90,5.318,1329.45,0.7683
615.4,2.98,5.370,1342.52,0.7737
615.4,3.06,5.424,1355.88,0.7787
615.4,3.14,5.477,1369.36,0.7833
615.4,3.22,5.531,1382.79,0.7874
615.4,3.30,5.584,1396.00,0.7911
615.4,3.38,5.635,1408.81,0.7943
615.4,3.46,5.684,1421.08,0.7971
615.4,3.54,5.731,1432.63,0.7995
615.4,3.62,5.773,1443.26,0.8014
615.4,3.70,5.811,1452.83,0.8030
615.4,3.79,5.857,1464.15,0.8044
615.4,3.87,5.913,1478.26,0.8059
615.4,3.95,5.964,1490.92,0.8068
615.4,4.03,6.000,1500.11,0.8069
615.4,4.11,6.024,1505.89,0.8061
615.4,4.19,6.035,1508.67,0.8046
615.4,4.27,6.035,1508.78,0.8025
615.4,4.35,6.027,1506.66,0.7998
615.4,4.43,6.012,1503.11,0.7966
615.4,4.51,5.993,1498.31,0.7932
615.4,4.59,5.969,1492.36,0.7895
615.4,4.67,5.942,1485.38,0.7854
615.4,4.75,5.910,1477.46,0.7812
615.4,4.83,5.875,1468.71,0.7767
615.4,4.91,5.837,1459.22,0.7721
615.4,4.99,5.796,1449.09,0.7673
615.4,5.07,5.754,1438.44,0.7624
615.4,5.15,5.709,1427.35,0.7574
615.4,5.23,5.664,1415.94,0.7523
615.4,5.32,5.617,1404.31,0.7472
615.4,5.40,5.570,1392.54,0.7421
615.4,5.48,5.522,1380.46,0.7370
615.4,5.56,5.472,1367.91,0.7319
615.4,5.64,5.420,1354.90,0.7267
615.4,5.72,5.366,1341.40,0.7215
615.4,5.80,5.308,1327.04,0.7160
615.4,5.88,5.248,1312.09,0.7103
615.4,5.96,5.196,1299.12,0.7050
615.4,6.04,5.155,1288.70,0.7002
615.4,6.12,5.117,1279.17,0.6957
615.4,6.20,5.081,1270.21,0.6914
615.4,6.28,5.047,1261.79,0.6873
615.4,6.36,5.015,1253.87,0.6835
615.4,6.44,4.986,1246.48,0.6798
615.4,6.52,4.958,1239.56,0.6762
615.4,6.60,4.932,1233.07,0.6727
615.4,6.68,4.908,1226.97,0.6694
615.4,6.77,4.885,1221.21,0.6662
615.4,6.85,4.863,1215.76,0.6630
615.4,6.93,4.842,1210.56,0.6599
615.4,7.01,4.822,1205.58,0.6569
615.4,7.09,4.803,1200.76,0.6540
615.4,7.17,4.784,1196.08,0.6511
615.4,7.25,4.766,1191.48,0.6482
615.4,7.33,4.748,1186.91,0.6453
615.4,7.41,4.729,1182.34,0.6424
615.4,7.49,4.710,1177.61,0.6395
615.4,7.57,4.690,1172.60,0.6366
615.4,7.65,4.669,1167.24,0.6337
615.4,7.73,4.646,1161.50,0.6307
615.4,7.81,4.623,1155.72,0.6276
615.4,7.89,4.600,1149.97,0.6244
615.4,7.97,4.578,1144.44,0.6212
615.4,8.05,4.556,1139.11,0.6179
615.4,8.13,4.535,1133.77,0.6148
615.4,8.21,4.514,1128.42,0.6117
615.4,8.30,4.492,1123.07,0.6087
615.4,8.38,4.471,1117.70,0.6057
615.4,8.46,4.449,1112.34,0.6028
615.4,8.54,4.428,1106.99,0.5999
615.4,8.62,4.407,1101.66,0.5970
615.4,8.70,4.385,1096.36,0.5942
615.4,8.78,4.364,1091.10,0.5914
615.4,8.86,4.344,1085.89,0.5886
615.4,8.94,4.323,1080.75,0.5859
615.4,9.02,4.303,1075.67,0.5833
615.4,9.10,4.283,1070.68,0.5807
615.4,9.18,4.263,1065.78,0.5782
615.4,9.26,4.244,1060.99,0.5757
615.4,9.34,4.225,1056.31,0.5733
615.4,9.42,4.207,1051.76,0.5710
615.4,9.50,4.189,1047.36,0.5688
615.4,9.58,4.173,1043.14,0.5667
615.4,9.66,4.156,1039.12,0.5648
615.4,9.74,4.141,1035.30,0.5629
615.4,9.83,4.127,1031.67,0.5611
615.4,9.91,4.113,1028.20,0.5591
615.4,9.99,4.099,1024.83,0.5571
615.4,10.07,4.086,1021.60,0.5551
615.4,10.15,4.074,1018.59,0.5532
615.4,10.23,4.063,1015.76,0.5515
615.4,10.31,4.052,1013.09,0.5497
615.4,10.39,4.042,1010.52,0.5481
615.4,10.47,4.032,1008.04,0.5465
615.4,10.55,4.022,1005.61,0.5449
615.4,10.63,4.013,1003.25,0.5433
615.4,10.71,4.004,1000.92,0.5418
615.4,10.79,3.995,998.63,0.5403
615.4,10.87,3.985,996.36,0.5388
615.4,10.95,3.976,994.11,0.5374
615.4,11.03,3.967,991.85,0.5360
615.4,11.11,3.958,989.60,0.5346
615.4,11.19,3.949,987.32,0.5333
615.4,11.28,3.940,985.02,0.5320
615.4,11.36,3.931,982.68,0.5307
615.4,11.44,3.921,980.30,0.5294
615.4,11.52,3.911,977.87,0.5282
615.4,11.60,3.902,975.39,0.5271
615.4,11.68,3.891,972.84,0.5261
615.4,11.76,3.881,970.32,0.5252
615.4,11.84,3.872,967.97,0.5242
615.4,11.92,3.863,965.65,0.5232
615.4,12.00,3.853,963.13,0.5221
620.8,0.00,7.892,1972.92,
620.8,0.08,7.774,1943.39,
620.8,0.16,7.648,1912.10,
620.8,0.24,7.518,1879.42,
620.8,0.32,7.383,1845.69,
620.8,0.40,7.245,1811.28,
620.8,0.48,7.107,1776.67,
620.8,0.56,6.969,1742.36,
620.8,0.64,6.834,1708.47,
620.8,0.72,6.701,1675.13,
620.8,0.81,6.570,1642.48,
620.8,0.89,6.443,1610.63,
620.8,0.97,6.319,1579.72,
620.8,1.05,6.199,1549.86,
620.8,1.13,6.085,1521.20,
620.8,1.21,5.975,1493.81,
620.8,1.29,5.870,1467.59,
620.8,1.37,5.770,1442.55,
620.8,1.45,5.675,1418.71,
620.8,1.53,5.585,1396.14,
620.8,1.61,5.499,1374.82,
620.8,1.69,5.418,1354.51,
620.8,1.77,5.341,1335.28,
620.8,1.85,5.272,1318.06,
620.8,1.93,5.220,1304.94,
620.8,2.01,5.185,1296.34,0.6893
620.8,2.09,5.167,1291.82,0.6973
620.8,2.17,5.163,1290.75,0.7053
620.8,2.26,5.171,1292.72,0.7132
620.8,2.34,5.189,1297.33,0.7210
620.8,2.42,5.217,1304.16,0.7286
620.8,2.50,5.251,1312.63,0.7360
620.8,2.58,5.289,1322.32,0.7431
620.8,2.66,5.332,1333.03,0.7499
620.8,2.74,5.378,1344.61,0.7563
620.8,2.82,5.428,1356.88,0.7624
620.8,2.90,5.479,1369.68,0.7681
620.8,2.98,5.531,1382.82,0.7733
620.8,3.06,5.585,1396.14,0.7782
620.8,3.14,5.638,1409.47,0.7827
620.8,3.22,5.691,1422.63,0.7867
620.8,3.30,5.742,1435.47,0.7903
620.8,3.38,5.791,1447.79,0.7935
620.8,3.46,5.838,1459.39,0.7963
620.8,3.54,5.880,1470.06,0.7987
620.8,3.62,5.921,1480.19,0.8008
620.8,3.70,5.972,1493.04,0.8029
620.8,3.79,6.035,1508.76,0.8049
620.8,3.87,6.099,1524.81,0.8067
620.8,3.95,6.151,1537.87,0.8077
620.8,4.03,6.190,1547.43,0.8079
620.8,4.11,6.214,1553.55,0.8073
620.8,4.19,6.226,1556.62,0.8059
620.8,4.27,6.228,1556.99,0.8038
620.8,4.35,6.220,1555.01,0.8012
620.8,4.43,6.204,1551.03,0.7980
620.8,4.51,6.183,1545.67,0.7945
620.8,4.59,6.157,1539.24,0.7907
620.8,4.67,6.127,1531.83,0.7867
620.8,4.75,6.094,1523.56,0.7825
620.8,4.83,6.058,1514.52,0.7780
620.8,4.91,6.019,1504.81,0.7734
620.8,4.99,5.978,1494.53,0.7687
620.8,5.07,5.935,1483.79,0.7638
620.8,5.15,5.891,1472.70,0.7589
620.8,5.23,5.845,1461.23,0.7540
620.8,5.32,5.797,1449.22,0.7489
620.8,5.40,5.747,1436.69,0.7438
620.8,5.48,5.694,1423.61,0.7387
620.8,5.56,5.640,1409.99,0.7335
620.8,5.64,5.583,1395.72,0.7282
620.8,5.72,5.522,1380.48,0.7226
620.8,5.80,5.458,1364.39,0.7166
620.8,5.88,5.397,1349.25,0.7108
620.8,5.96,5.346,1336.58,0.7055
620.8,6.04,5.306,1326.43,0.7008
620.8,6.12,5.269,1317.15,0.6964
620.8,6.20,5.234,1308.41,0.6921
620.8,6.28,5.201,1300.17,0.6881
620.8,6.36,5.170,1292.41,0.6843
620.8,6.44,5.140,1285.09,0.6806
620.8,6.52,5.113,1278.21,0.6771
620.8,6.60,5.087,1271.73,0.6737
620.8,6.68,5.062,1265.61,0.6704
620.8,6.77,5.039,1259.81,0.6672
620.8,6.85,5.017,1254.28,0.6641
620.8,6.93,4.996,1248.97,0.6610
620.8,7.01,4.975,1243.86,0.6580
620.8,7.09,4.956,1238.88,0.6550
620.8,7.17,4.936,1234.00,0.6521
620.8,7.25,4.917,1229.13,0.6492
620.8,7.33,4.897,1224.13,0.6463
620.8,7.41,4.876,1218.94,0.6433
620.8,7.49,4.854,1213.45,0.6404
620.8,7.57,4.830,1207.59,0.6375
620.8,7.65,4.806,1201.45,0.6345
620.8,7.73,4.781,1195.31,0.6313
620.8,7.81,4.757,1189.17,0.6281
620.8,7.89,4.733,1183.17,0.6249
620.8,7.97,4.710,1177.40,0.6216
620.8,8.05,4.687,1171.82,0.6183
620.8,8.13,4.665,1166.23,0.6150
620.8,8.21,4.643,1160.64,0.6119
620.8,8.30,4.620,1155.05,0.6088
620.8,8.38,4.598,1149.47,0.6058
620.8,8.46,4.576,1143.90,0.6029
620.8,8.54,4.553,1138.35,0.6000
620.8,8.62,4.531,1132.82,0.5971
620.8,8.70,4.509,1127.34,0.5943
620.8,8.78,4.488,1121.90,0.5915
620.8,8.86,4.466,1116.52,0.5887
620.8,8.94,4.445,1111.21,0.5860
620.8,9.02,4.424,1105.97,0.5834
620.8,9.10,4.403,1100.83,0.5808
620.8,9.18,4.383,1095.79,0.5783
620.8,9.26,4.363,1090.87,0.5759
620.8,9.34,4.344,1086.10,0.5735
620.8,9.42,4.326,1081.48,0.5713
620.8,9.50,4.308,1077.05,0.5693
620.8,9.58,4.291,1072.81,0.5674
620.8,9.66,4.275,1068.78,0.5656
620.8,9.74,4.260,1064.92,0.5637
620.8,9.83,4.245,1061.25,0.5617
620.8,9.91,4.231,1057.70,0.5597
620.8,9.99,4.217,1054.26,0.5576
620.8,10.07,4.204,1050.96,0.5556
620.8,10.15,4.192,1047.88,0.5536
620.8,10.23,4.180,1044.98,0.5518
620.8,10.31,4.169,1042.24,0.5500
620.8,10.39,4.159,1039.63,0.5483
620.8,10.47,4.149,1037.13,0.5467
620.8,10.55,4.139,1034.68,0.5451
620.8,10.63,4.129,1032.28,0.5435
620.8,10.71,4.120,1029.92,0.5420
620.8,10.79,4.110,1027.58,0.5405
620.8,10.87,4.101,1025.26,0.5390
620.8,10.95,4.092,1022.95,0.5376
620.8,11.03,4.083,1020.64,0.5362
620.8,11.11,4.073,1018.31,0.5348
620.8,11.19,4.064,1015.96,0.5334
620.8,11.28,4.054,1013.58,0.5321
620.8,11.36,4.045,1011.16,0.5309
620.8,11.44,4.035,1008.71,0.5298
620.8,11.52,4.025,1006.20,0.5287
620.8,11.60,4.015,1003.63,0.5277
620.8,11.68,4.005,1001.16,0.5268
620.8,11.76,3.996,998.88,0.5259
620.8,11.84,3.987,996.70,0.5250
620.8,11.92,3.978,994.38,0.5240
620.8,12.00,3.967,991.87,0.5228
626.2,0.00,8.133,2033.21,
626.2,0.08,8.012,2002.95,
626.2,0.16,7.884,1970.94,
626.2,0.24,7.750,1937.51,
626.2,0.32,7.612,1903.03,
626.2,0.40,7.471,1867.84,
626.2,0.48,7.329,1832.31,
626.2,0.56,7.187,1796.80,
626.2,0.64,7.047,1761.77,
626.2,0.72,6.909,1727.37,
626.2,0.81,6.775,1693.74,
626.2,0.89,6.644,1661.01,
626.2,0.97,6.517,1629.28,
626.2,1.05,6.394,1598.58,
626.2,1.13,6.276,1568.91,
626.2,1.21,6.161,1540.29,
626.2,1.29,6.051,1512.77,
626.2,1.37,5.946,1486.38,
626.2,1.45,5.845,1461.16,
626.2,1.53,5.748,1437.07,
626.2,1.61,5.656,1413.92,
626.2,1.69,5.567,1391.85,
626.2,1.77,5.485,1371.26,
626.2,1.85,5.417,1354.13,
626.2,1.93,5.365,1341.17,
626.2,2.01,5.331,1332.72,0.6898
626.2,2.09,5.313,1328.36,0.6976
626.2,2.17,5.310,1327.45,0.7055
626.2,2.26,5.318,1329.59,0.7132
626.2,2.34,5.337,1334.37,0.7209
626.2,2.42,5.366,1341.39,0.7284
626.2,2.50,5.401,1350.24,0.7357
626.2,2.58,5.442,1360.47,0.7428
626.2,2.66,5.487,1371.63,0.7495
626.2,2.74,5.534,1383.55,0.7558
626.2,2.82,5.584,1396.04,0.7618
626.2,2.90,5.636,1408.94,0.7674
626.2,2.98,5.688,1422.07,0.7725
626.2,3.06,5.741,1435.27,0.7773
626.2,3.14,5.793,1448.35,0.7817
626.2,3.22,5.844,1461.09,0.7857
626.2,3.30,5.893,1473.31,0.7894
626.2,3.38,5.939,1484.80,0.7926
626.2,3.46,5.981,1495.35,0.7955
626.2,3.54,6.026,1506.40,0.7981
626.2,3.62,6.082,1520.60,0.8008
626.2,3.70,6.150,1537.56,0.8034
626.2,3.79,6.224,1556.08,0.8059
626.2,3.87,6.290,1572.46,0.8077
626.2,3.95,6.343,1585.80,0.8088
626.2,4.03,6.382,1595.61,0.8091
626.2,4.11,6.408,1601.95,0.8085
626.2,4.19,6.421,1605.20,0.8072
626.2,4.27,6.423,1605.71,0.8052
626.2,4.35,6.415,1603.83,0.8027
626.2,4.43,6.400,1599.91,0.7996
626.2,4.51,6.377,1594.29,0.7961
626.2,4.59,6.350,1587.41,0.7923
626.2,4.67,6.318,1579.62,0.7882
626.2,4.75,6.284,1571.03,0.7840
626.2,4.83,6.247,1561.74,0.7795
626.2,4.91,6.207,1551.85,0.7750
626.2,4.99,6.166,1541.44,0.7703
626.2,5.07,6.122,1530.43,0.7655
626.2,5.15,6.075,1518.81,0.7606
626.2,5.23,6.026,1506.58,0.7556
626.2,5.32,5.975,1493.73,0.7506
626.2,5.40,5.921,1480.27,0.7454
626.2,5.48,5.865,1466.19,0.7403
626.2,5.56,5.805,1451.25,0.7349
626.2,5.64,5.741,1435.30,0.7291
626.2,5.72,5.674,1418.49,0.7230
626.2,5.80,5.607,1401.68,0.7169
626.2,5.88,5.547,1386.86,0.7112
626.2,5.96,5.498,1374.47,0.7059
626.2,6.04,5.458,1364.58,0.7013
626.2,6.12,5.422,1355.54,0.6969
626.2,6.20,5.388,1347.00,0.6927
626.2,6.28,5.356,1338.94,0.6888
626.2,6.36,5.325,1331.33,0.6850
626.2,6.44,5.297,1324.13,0.6814
626.2,6.52,5.269,1317.31,0.6779
626.2,6.60,5.243,1310.86,0.6745
626.2,6.68,5.219,1304.73,0.6713
626.2,6.77,5.196,1298.89,0.6681
626.2,6.85,5.173,1293.30,0.6650
626.2,6.93,5.152,1287.90,0.6619
626.2,7.01,5.131,1282.65,0.6589
626.2,7.09,5.110,1277.43,0.6560
626.2,7.17,5.089,1272.17,0.6530
626.2,7.25,5.067,1266.76,0.6501
626.2,7.33,5.045,1261.14,0.6472
626.2,7.41,5.021,1255.21,0.6442
626.2,7.49,4.996,1248.89,0.6413
626.2,7.57,4.970,1242.42,0.6382
626.2,7.65,4.944,1235.96,0.6351
626.2,7.73,4.918,1229.49,0.6319
626.2,7.81,4.892,1223.08,0.6286
626.2,7.89,4.867,1216.85,0.6253
626.2,7.97,4.843,1210.84,0.6219
626.2,8.05,4.820,1205.00,0.6185
626.2,8.13,4.797,1199.17,0.6153
626.2,8.21,4.773,1193.34,0.6121
626.2,8.30,4.750,1187.51,0.6089
626.2,8.38,4.727,1181.70,0.6059
626.2,8.46,4.704,1175.91,0.6029
626.2,8.54,4.681,1170.16,0.6000
626.2,8.62,4.658,1164.43,0.5971
626.2,8.70,4.635,1158.76,0.5943
626.2,8.78,4.613,1153.13,0.5915
626.2,8.86,4.590,1147.58,0.5887
626.2,8.94,4.568,1142.09,0.5860
626.2,9.02,4.547,1136.70,0.5834
626.2,9.10,4.526,1131.42,0.5809
626.2,9.18,4.505,1126.27,0.5785
626.2,9.26,4.485,1121.27,0.5761
626.2,9.34,4.466,1116.43,0.5740
626.2,9.42,4.447,1111.77,0.5719
626.2,9.50,4.429,1107.31,0.5701
626.2,9.58,4.412,1103.04,0.5682
626.2,9.66,4.396,1098.95,0.5662
626.2,9.74,4.380,1095.06,0.5642
626.2,9.83,4.365,1091.32,0.5622
626.2,9.91,4.351,1087.70,0.5601
626.2,9.99,4.337,1084.19,0.5580
626.2,10.07,4.323,1080.82,0.5559
626.2,10.15,4.311,1077.67,0.5539
626.2,10.23,4.299,1074.70,0.5520
626.2,10.31,4.288,1071.90,0.5502
626.2,10.39,4.277,1069.23,0.5485
626.2,10.47,4.267,1066.67,0.5468
626.2,10.55,4.257,1064.19,0.5452
626.2,10.63,4.247,1061.76,0.5437
626.2,10.71,4.237,1059.35,0.5421
626.2,10.79,4.228,1056.97,0.5406
626.2,10.87,4.218,1054.59,0.5391
626.2,10.95,4.209,1052.22,0.5377
626.2,11.03,4.199,1049.83,0.5363
626.2,11.11,4.190,1047.44,0.5349
626.2,11.19,4.180,1045.02,0.5337
626.2,11.28,4.170,1042.56,0.5324
626.2,11.36,4.160,1040.07,0.5313
626.2,11.44,4.150,1037.52,0.5303
626.2,11.52,4.140,1034.94,0.5294
626.2,11.60,4.130,1032.53,0.5285
626.2,11.68,4.121,1030.29,0.5276
626.2,11.76,4.113,1028.19,0.5267
626.2,11.84,4.104,1026.04,0.5258
626.2,11.92,4.095,1023.72,0.5247
626.2,12.00,4.085,1021.21,0.5235
631.5,0.00,8.375,2093.87,
631.5,0.08,8.251,2062.77,
631.5,0.16,8.120,2029.90,
631.5,0.24,7.982,1995.60,
631.5,0.32,7.841,1960.23,
631.5,0.40,7.697,1924.14,
631.5,0.48,7.551,1887.69,
631.5,0.56,7.405,1851.23,
631.5,0.64,7.260,1815.10,
631.5,0.72,7.119,1779.66,
631.5,0.81,6.980,1745.04,
631.5,0.89,6.845,1711.29,
631.5,0.97,6.714,1678.44,
631.5,1.05,6.586,1646.53,
631.5,1.13,6.462,1615.61,
631.5,1.21,6.343,1585.70,
631.5,1.29,6.227,1556.85,
631.5,1.37,6.116,1529.09,
631.5,1.45,6.009,1502.30,
631.5,1.53,5.906,1476.43,
631.5,1.61,5.807,1451.68,
631.5,1.69,5.713,1428.21,
631.5,1.77,5.630,1407.42,
631.5,1.85,5.562,1390.46,
631.5,1.93,5.511,1377.68,
631.5,2.01,5.478,1369.39,0.6900
631.5,2.09,5.461,1365.19,0.6977
631.5,2.17,5.458,1364.45,0.7054
631.5,2.26,5.467,1366.77,0.7130
631.5,2.34,5.487,1371.74,0.7206
631.5,2.42,5.516,1378.96,0.7280
631.5,2.50,5.552,1388.01,0.7352
631.5,2.58,5.594,1398.49,0.7421
631.5,2.66,5.640,1410.00,0.7488
631.5,2.74,5.689,1422.16,0.7550
631.5,2.82,5.739,1434.79,0.7609
631.5,2.90,5.791,1447.69,0.7664
631.5,2.98,5.843,1460.65,0.7716
631.5,3.06,5.894,1473.48,0.7763
631.5,3.14,5.944,1485.98,0.7807
631.5,3.22,5.992,1497.94,0.7848
631.5,3.30,6.037,1509.16,0.7884
631.5,3.38,6.078,1519.52,0.7917
631.5,3.46,6.127,1531.76,0.7949
631.5,3.54,6.188,1547.11,0.7981
631.5,3.62,6.260,1565.12,0.8013
631.5,3.70,6.341,1585.20,0.8044
631.5,3.79,6.417,1604.32,0.8070
631.5,3.87,6.484,1620.88,0.8088
631.5,3.95,6.538,1634.38,0.8100
631.5,4.03,6.577,1644.33,0.8103
631.5,4.11,6.603,1650.77,0.8098
631.5,4.19,6.616,1654.08,0.8086
631.5,4.27,6.618,1654.62,0.8066
631.5,4.35,6.611,1652.72,0.8041
631.5,4.43,6.595,1648.75,0.8011
631.5,4.51,6.572,1643.04,0.7976
631.5,4.59,6.544,1635.95,0.7938
631.5,4.67,6.511,1627.83,0.7897
631.5,4.75,6.476,1618.96,0.7855
631.5,4.83,6.438,1609.41,0.7811
631.5,4.91,6.397,1599.16,0.7765
631.5,4.99,6.353,1588.22,0.7719
631.5,5.07,6.306,1576.59,0.7671
631.5,5.15,6.257,1564.26,0.7621
631.5,5.23,6.205,1551.25,0.7571
631.5,5.32,6.150,1537.54,0.7521
631.5,5.40,6.092,1523.11,0.7469
631.5,5.48,6.031,1507.64,0.7414
631.5,5.56,5.965,1491.16,0.7356
631.5,5.64,5.895,1473.83,0.7294
631.5,5.72,5.824,1455.96,0.7231
631.5,5.80,5.758,1439.40,0.7170
631.5,5.88,5.699,1424.87,0.7114
631.5,5.96,5.651,1412.76,0.7062
631.5,6.04,5.613,1403.13,0.7016
631.5,6.12,5.577,1394.30,0.6973
631.5,6.20,5.544,1385.96,0.6932
631.5,6.28,5.512,1378.07,0.6893
631.5,6.36,5.482,1370.59,0.6856
631.5,6.44,5.454,1363.50,0.6820
631.5,6.52,5.427,1356.77,0.6786
631.5,6.60,5.401,1350.36,0.6753
631.5,6.68,5.377,1344.24,0.6721
631.5,6.77,5.354,1338.38,0.6689
631.5,6.85,5.331,1332.70,0.6659
631.5,6.93,5.309,1327.13,0.6628
631.5,7.01,5.286,1321.57,0.6598
631.5,7.09,5.264,1315.95,0.6569
631.5,7.17,5.241,1310.17,0.6539
631.5,7.25,5.217,1304.15,0.6510
631.5,7.33,5.191,1297.80,0.6481
631.5,7.41,5.164,1291.10,0.6451
631.5,7.49,5.137,1284.36,0.6420
631.5,7.57,5.110,1277.61,0.6389
631.5,7.65,5.083,1270.86,0.6356
631.5,7.73,5.056,1264.10,0.6323
631.5,7.81,5.030,1257.47,0.6290
631.5,7.89,5.004,1251.01,0.6256
631.5,7.97,4.979,1244.75,0.6222
631.5,8.05,4.955,1238.66,0.6188
631.5,8.13,4.930,1232.58,0.6154
631.5,8.21,4.906,1226.51,0.6122
631.5,8.30,4.882,1220.45,0.6090
631.5,8.38,4.858,1214.41,0.6060
631.5,8.46,4.834,1208.40,0.6030
631.5,8.54,4.810,1202.43,0.6000
631.5,8.62,4.786,1196.50,0.5971
631.5,8.70,4.763,1190.63,0.5943
631.5,8.78,4.739,1184.81,0.5915
631.5,8.86,4.716,1179.08,0.5888
631.5,8.94,4.694,1173.44,0.5861
631.5,9.02,4.672,1167.92,0.5836
631.5,9.10,4.650,1162.53,0.5811
631.5,9.18,4.629,1157.28,0.5788
631.5,9.26,4.609,1152.20,0.5766
631.5,9.34,4.589,1147.31,0.5746
631.5,9.42,4.570,1142.61,0.5727
631.5,9.50,4.552,1138.10,0.5708
631.5,9.58,4.535,1133.78,0.5688
631.5,9.66,4.519,1129.65,0.5667
631.5,9.74,4.503,1125.70,0.5647
631.5,9.83,4.488,1121.89,0.5626
631.5,9.91,4.473,1118.19,0.5605
631.5,9.99,4.458,1114.61,0.5583
631.5,10.07,4.445,1111.18,0.5562
631.5,10.15,4.432,1107.97,0.5542
631.5,10.23,4.420,1104.94,0.5522
631.5,10.31,4.408,1102.07,0.5504
631.5,10.39,4.397,1099.35,0.5487
631.5,10.47,4.387,1096.73,0.5470
631.5,10.55,4.377,1094.19,0.5454
631.5,10.63,4.367,1091.71,0.5438
631.5,10.71,4.357,1089.26,0.5423
631.5,10.79,4.347,1086.82,0.5407
631.5,10.87,4.338,1084.38,0.5393
631.5,10.95,4.328,1081.95,0.5379
631.5,11.03,4.318,1079.49,0.5365
631.5,11.11,4.308,1077.02,0.5352
631.5,11.19,4.298,1074.51,0.5341
631.5,11.28,4.288,1071.97,0.5330
631.5,11.36,4.277,1069.37,0.5320
631.5,11.44,4.267,1066.80,0.5311
631.5,11.52,4.258,1064.43,0.5302
631.5,11.60,4.249,1062.22,0.5293
631.5,11.68,4.241,1060.16,0.5285
631.5,11.76,4.233,1058.13,0.5276
631.5,11.84,4.224,1055.96,0.5266
631.5,11.92,4.215,1053.64,0.5255
631.5,12.00,4.204,1051.12,0.5242
636.9,0.00,8.618,2154.58,
636.9,0.08,8.490,2122.50,
636.9,0.16,8.355,2088.63,
636.9,0.24,8.213,2053.33,
636.9,0.32,8.068,2016.94,
636.9,0.40,7.919,1979.82,
636.9,0.48,7.769,1942.32,
636.9,0.56,7.619,1904.80,
636.9,0.64,7.470,1867.61,
636.9,0.72,7.324,1831.09,
636.9,0.81,7.181,1795.36,
636.9,0.89,7.042,1760.45,
636.9,0.97,6.906,1726.41,
636.9,1.05,6.773,1693.27,
636.9,1.13,6.644,1661.06,
636.9,1.21,6.519,1629.84,
636.9,1.29,6.398,1599.62,
636.9,1.37,6.281,1570.24,
636.9,1.45,6.167,1541.81,
636.9,1.53,6.058,1514.49,
636.9,1.61,5.954,1488.49,
636.9,1.69,5.858,1464.45,
636.9,1.77,5.775,1443.86,
636.9,1.85,5.708,1427.09,
636.9,1.93,5.658,1414.48,
636.9,2.01,5.625,1406.37,0.6900
636.9,2.09,5.609,1402.35,0.6975
636.9,2.17,5.607,1401.79,0.7051
636.9,2.26,5.617,1404.30,0.7127
636.9,2.34,5.638,1409.47,0.7201
636.9,2.42,5.668,1416.88,0.7274
636.9,2.50,5.705,1426.15,0.7346
636.9,2.58,5.747,1436.85,0.7414
636.9,2.66,5.794,1448.57,0.7480
636.9,2.74,5.843,1460.82,0.7542
636.9,2.82,5.893,1473.33,0.7600
636.9,2.90,5.944,1485.90,0.7655
636.9,2.98,5.993,1498.33,0.7706
636.9,3.06,6.042,1510.42,0.7754
636.9,3.14,6.088,1521.97,0.7798
636.9,3.22,6.131,1532.78,0.7838
636.9,3.30,6.173,1543.23,0.7876
636.9,3.38,6.226,1556.54,0.7913
636.9,3.46,6.291,1572.86,0.7950
636.9,3.54,6.367,1591.72,0.7987
636.9,3.62,6.451,1612.67,0.8023
636.9,3.70,6.536,1633.92,0.8055
636.9,3.79,6.613,1653.13,0.8081
636.9,3.87,6.679,1669.77,0.8100
636.9,3.95,6.733,1683.31,0.8112
636.9,4.03,6.773,1693.28,0.8116
636.9,4.11,6.799,1699.71,0.8111
636.9,4.19,6.812,1702.97,0.8099
636.9,4.27,6.814,1703.41,0.8079
636.9,4.35,6.806,1701.38,0.8054
636.9,4.43,6.789,1697.24,0.8024
636.9,4.51,6.765,1691.32,0.7989
636.9,4.59,6.736,1683.99,0.7951
636.9,4.67,6.702,1675.59,0.7911
636.9,4.75,6.666,1666.39,0.7869
636.9,4.83,6.626,1656.43,0.7825
636.9,4.91,6.583,1645.70,0.7779
636.9,4.99,6.537,1634.20,0.7732
636.9,5.07,6.488,1621.92,0.7684
636.9,5.15,6.436,1608.88,0.7635
636.9,5.23,6.380,1595.07,0.7585
636.9,5.32,6.322,1580.38,0.7533
636.9,5.40,6.258,1564.56,0.7478
636.9,5.48,6.191,1547.73,0.7419
636.9,5.56,6.120,1530.04,0.7357
636.9,5.64,6.047,1511.64,0.7293
636.9,5.72,5.975,1493.76,0.7230
636.9,5.80,5.910,1477.51,0.7170
636.9,5.88,5.853,1463.27,0.7114
636.9,5.96,5.806,1451.43,0.7064
636.9,6.04,5.768,1442.03,0.7019
636.9,6.12,5.734,1433.42,0.6976
636.9,6.20,5.701,1425.26,0.6936
636.9,6.28,5.670,1417.52,0.6898
636.9,6.36,5.641,1410.17,0.6861
636.9,6.44,5.613,1403.18,0.6826
636.9,6.52,5.586,1396.51,0.6793
636.9,6.60,5.561,1390.14,0.6760
636.9,6.68,5.536,1384.03,0.6728
636.9,6.77,5.512,1378.08,0.6697
636.9,6.85,5.489,1372.22,0.6667
636.9,6.93,5.465,1366.36,0.6637
636.9,7.01,5.442,1360.41,0.6607
636.9,7.09,5.417,1354.28,0.6577
636.9,7.17,5.392,1347.90,0.6548
636.9,7.25,5.365,1341.17,0.6519
636.9,7.33,5.337,1334.18,0.6489
636.9,7.41,5.309,1327.19,0.6458
636.9,7.49,5.281,1320.20,0.6426
636.9,7.57,5.253,1313.19,0.6394
636.9,7.65,5.225,1306.15,0.6361
636.9,7.73,5.197,1299.18,0.6327
636.9,7.81,5.169,1292.33,0.6293
636.9,7.89,5.143,1285.64,0.6259
636.9,7.97,5.117,1279.14,0.6224
636.9,8.05,5.091,1272.79,0.6190
636.9,8.13,5.066,1266.46,0.6156
636.9,8.21,5.041,1260.15,0.6123
636.9,8.30,5.015,1253.85,0.6092
636.9,8.38,4.990,1247.58,0.6061
636.9,8.46,4.965,1241.35,0.6030
636.9,8.54,4.941,1235.16,0.6001
636.9,8.62,4.916,1229.03,0.5972
636.9,8.70,4.892,1222.96,0.5943
636.9,8.78,4.868,1216.97,0.5916
636.9,8.86,4.844,1211.07,0.5889
636.9,8.94,4.821,1205.30,0.5863
636.9,9.02,4.799,1199.65,0.5838
636.9,9.10,4.777,1194.16,0.5815
636.9,9.18,4.755,1188.83,0.5793
636.9,9.26,4.735,1183.69,0.5773
636.9,9.34,4.715,1178.75,0.5754
636.9,9.42,4.696,1173.99,0.5734
636.9,9.50,4.678,1169.43,0.5713
636.9,9.58,4.660,1165.05,0.5692
636.9,9.66,4.643,1160.87,0.5671
636.9,9.74,4.627,1156.85,0.5650
636.9,9.83,4.612,1152.96,0.5629
636.9,9.91,4.597,1149.20,0.5608
636.9,9.99,4.582,1145.55,0.5586
636.9,10.07,4.568,1142.06,0.5564
636.9,10.15,4.555,1138.78,0.5544
636.9,10.23,4.543,1135.69,0.5525
636.9,10.31,4.531,1132.77,0.5506
636.9,10.39,4.520,1129.98,0.5489
636.9,10.47,4.509,1127.31,0.5472
636.9,10.55,4.499,1124.72,0.5456
636.9,10.63,4.489,1122.18,0.5440
636.9,10.71,4.479,1119.67,0.5424
636.9,10.79,4.469,1117.17,0.5410
636.9,10.87,4.459,1114.67,0.5395
636.9,10.95,4.449,1112.15,0.5382
636.9,11.03,4.438,1109.61,0.5369
636.9,11.11,4.428,1107.04,0.5357
636.9,11.19,4.418,1104.43,0.5347
636.9,11.28,4.407,1101.78,0.5337
636.9,11.36,4.397,1099.24,0.5328
636.9,11.44,4.388,1096.89,0.5320
636.9,11.52,4.379,1094.70,0.5311
636.9,11.60,4.371,1092.65,0.5302
636.9,11.68,4.363,1090.69,0.5294
636.9,11.76,4.355,1088.64,0.5284
636.9,11.84,4.346,1086.47,0.5274
636.9,11.92,4.337,1084.13,0.5263
636.9,12.00,4.326,1081.60,0.5250
642.3,0.00,8.860,2214.97,
642.3,0.08,8.727,2181.78,
642.3,0.16,8.587,2146.79,
642.3,0.24,8.441,2110.35,
642.3,0.32,8.291,2072.82,
642.3,0.40,8.138,2034.54,
642.3,0.48,7.983,1995.87,
642.3,0.56,7.829,1957.15,
642.3,0.64,7.675,1918.83,
642.3,0.72,7.525,1881.21,
642.3,0.81,7.377,1844.34,
642.3,0.89,7.233,1808.25,
642.3,0.97,7.092,1772.99,
642.3,1.05,6.954,1738.59,
642.3,1.13,6.820,1705.09,
642.3,1.21,6.690,1672.47,
642.3,1.29,6.563,1640.64,
642.3,1.37,6.439,1609.78,
642.3,1.45,6.320,1580.06,
642.3,1.53,6.207,1551.65,
642.3,1.61,6.099,1524.87,
642.3,1.69,6.004,1500.99,
642.3,1.77,5.922,1480.61,
642.3,1.85,5.856,1464.04,
642.3,1.93,5.806,1451.62,
642.3,2.01,5.775,1443.69,0.6897
642.3,2.09,5.759,1439.85,0.6972
642.3,2.17,5.758,1439.49,0.7047
642.3,2.26,5.769,1442.20,0.7122
642.3,2.34,5.790,1447.57,0.7196
642.3,2.42,5.821,1455.20,0.7268
642.3,2.50,5.859,1464.68,0.7339
642.3,2.58,5.902,1475.62,0.7407
642.3,2.66,5.949,1487.33,0.7472
642.3,2.74,5.997,1499.30,0.7533
642.3,2.82,6.045,1511.32,0.7591
642.3,2.90,6.093,1523.20,0.7645
642.3,2.98,6.139,1534.73,0.7697
642.3,3.06,6.183,1545.72,0.7744
642.3,3.14,6.224,1555.96,0.7788
642.3,3.22,6.267,1566.86,0.7831
642.3,3.30,6.324,1581.04,0.7873
642.3,3.38,6.392,1598.12,0.7915
642.3,3.46,6.471,1617.64,0.7957
642.3,3.54,6.557,1639.16,0.7997
642.3,3.62,6.647,1661.76,0.8035
642.3,3.70,6.732,1683.03,0.8067
642.3,3.79,6.809,1702.22,0.8093
642.3,3.87,6.875,1718.81,0.8112
642.3,3.95,6.929,1732.28,0.8124
642.3,4.03,6.969,1742.16,0.8127
642.3,4.11,6.994,1748.45,0.8123
642.3,4.19,7.006,1751.54,0.8110
642.3,4.27,7.007,1751.77,0.8091
642.3,4.35,6.998,1749.50,0.8066
642.3,4.43,6.980,1745.07,0.8035
642.3,4.51,6.955,1738.83,0.8001
642.3,4.59,6.925,1731.13,0.7962
642.3,4.67,6.890,1722.44,0.7922
642.3,4.75,6.852,1712.91,0.7880
642.3,4.83,6.810,1702.52,0.7836
642.3,4.91,6.765,1691.29,0.7790
642.3,4.99,6.717,1679.21,0.7744
642.3,5.07,6.665,1666.28,0.7696
642.3,5.15,6.610,1652.51,0.7646
642.3,5.23,6.551,1637.68,0.7595
642.3,5.32,6.487,1621.68,0.7539
642.3,5.40,6.419,1604.68,0.7480
642.3,5.48,6.347,1586.80,0.7418
642.3,5.56,6.273,1568.21,0.7354
642.3,5.64,6.198,1549.48,0.7289
642.3,5.72,6.128,1531.93,0.7227
642.3,5.80,6.064,1515.99,0.7168
642.3,5.88,6.008,1502.03,0.7114
642.3,5.96,5.962,1490.43,0.7064
642.3,6.04,5.925,1481.26,0.7020
642.3,6.12,5.891,1472.85,0.6979
642.3,6.20,5.859,1464.86,0.6939
642.3,6.28,5.829,1457.26,0.6902
642.3,6.36,5.800,1450.02,0.6866
642.3,6.44,5.772,1443.12,0.6832
642.3,6.52,5.746,1436.51,0.6799
642.3,6.60,5.721,1430.17,0.6767
642.3,6.68,5.696,1423.99,0.6735
642.3,6.77,5.671,1417.87,0.6705
642.3,6.85,5.647,1411.73,0.6675
642.3,6.93,5.622,1405.49,0.6645
642.3,7.01,5.596,1399.05,0.6615
642.3,7.09,5.569,1392.34,0.6586
642.3,7.17,5.541,1385.27,0.6557
642.3,7.25,5.512,1378.07,0.6526
642.3,7.33,5.483,1370.87,0.6496
642.3,7.41,5.455,1363.67,0.6464
642.3,7.49,5.426,1356.44,0.6431
642.3,7.57,5.397,1349.17,0.6398
642.3,7.65,5.368,1341.91,0.6364
642.3,7.73,5.339,1334.74,0.6330
642.3,7.81,5.311,1327.67,0.6296
642.3,7.89,5.283,1320.75,0.6262
642.3,7.97,5.256,1313.99,0.6227
642.3,8.05,5.230,1307.39,0.6192
642.3,8.13,5.203,1300.81,0.6158
642.3,8.21,5.177,1294.25,0.6125
642.3,8.30,5.151,1287.72,0.6093
642.3,8.38,5.125,1281.22,0.6062
642.3,8.46,5.099,1274.77,0.6032
642.3,8.54,5.073,1268.37,0.6002
642.3,8.62,5.048,1262.03,0.5973
642.3,8.70,5.023,1255.77,0.5945
642.3,8.78,4.998,1249.61,0.5918
642.3,8.86,4.974,1243.57,0.5892
642.3,8.94,4.951,1237.66,0.5867
642.3,9.02,4.928,1231.91,0.5843
642.3,9.10,4.905,1226.33,0.5822
642.3,9.18,4.884,1220.93,0.5801
642.3,9.26,4.863,1215.73,0.5781
642.3,9.34,4.843,1210.72,0.5760
642.3,9.42,4.824,1205.90,0.5739
642.3,9.50,4.805,1201.28,0.5718
642.3,9.58,4.787,1196.85,0.5696
642.3,9.66,4.770,1192.60,0.5675
642.3,9.74,4.754,1188.50,0.5654
642.3,9.83,4.738,1184.55,0.5632
642.3,9.91,4.723,1180.72,0.5611
642.3,9.99,4.708,1177.01,0.5589
642.3,10.07,4.694,1173.45,0.5567
642.3,10.15,4.680,1170.12,0.5547
642.3,10.23,4.668,1166.97,0.5527
642.3,10.31,4.656,1163.99,0.5509
642.3,10.39,4.645,1161.15,0.5491
642.3,10.47,4.634,1158.42,0.5474
642.3,10.55,4.623,1155.78,0.5458
642.3,10.63,4.613,1153.19,0.5443
642.3,10.71,4.602,1150.61,0.5427
642.3,10.79,4.592,1148.02,0.5413
642.3,10.87,4.582,1145.43,0.5400
642.3,10.95,4.571,1142.82,0.5387
642.3,11.03,4.561,1140.17,0.5375
642.3,11.11,4.550,1137.49,0.5365
642.3,11.19,4.539,1134.79,0.5356
642.3,11.28,4.529,1132.27,0.5347
642.3,11.36,4.520,1129.92,0.5338
642.3,11.44,4.511,1127.74,0.5329
642.3,11.52,4.503,1125.69,0.5321
642.3,11.60,4.495,1123.75,0.5312
642.3,11.68,4.487,1121.79,0.5303
642.3,11.76,4.479,1119.72,0.5294
642.3,11.84,4.470,1117.53,0.5283
642.3,11.92,4.461,1115.18,0.5272
642.3,12.00,4.451,1112.63,0.5259
647.7,0.00,9.099,2274.69,
647.7,0.08,8.961,2240.27,
647.7,0.16,8.816,2204.03,
647.7,0.24,8.665,2166.33,
647.7,0.32,8.510,2127.52,
647.7,0.40,8.352,2087.95,
647.7,0.48,8.192,2047.97,
647.7,0.56,8.032,2007.99,
647.7,0.64,7.874,1968.58,
647.7,0.72,7.719,1929.83,
647.7,0.81,7.567,1891.79,
647.7,0.89,7.418,1854.50,
647.7,0.97,7.272,1817.99,
647.7,1.05,7.129,1782.31,
647.7,1.13,6.990,1747.38,
647.7,1.21,6.853,1713.25,
647.7,1.29,6.720,1680.10,
647.7,1.37,6.592,1648.10,
647.7,1.45,6.470,1617.44,
647.7,1.53,6.353,1588.29,
647.7,1.61,6.246,1561.51,
647.7,1.69,6.151,1537.86,
647.7,1.77,6.071,1517.69,
647.7,1.85,6.005,1501.33,
647.7,1.93,5.956,1489.12,
647.7,2.01,5.925,1481.37,0.6894
647.7,2.09,5.911,1477.73,0.6968
647.7,2.17,5.910,1477.57,0.7042
647.7,2.26,5.922,1480.49,0.7116
647.7,2.34,5.944,1486.08,0.7190
647.7,2.42,5.976,1493.93,0.7262
647.7,2.50,6.015,1503.65,0.7332
647.7,2.58,6.058,1514.62,0.7399
647.7,2.66,6.104,1525.89,0.7464
647.7,2.74,6.149,1537.22,0.7525
647.7,2.82,6.194,1548.39,0.7582
647.7,2.90,6.237,1559.21,0.7637
647.7,2.98,6.278,1569.47,0.7688
647.7,3.06,6.316,1579.05,0.7735
647.7,3.14,6.363,1590.67,0.7782
647.7,3.22,6.422,1605.54,0.7830
647.7,3.30,6.493,1623.19,0.7876
647.7,3.38,6.573,1643.19,0.7922
647.7,3.46,6.660,1665.07,0.7966
647.7,3.54,6.753,1688.32,0.8008
647.7,3.62,6.844,1711.06,0.8046
647.7,3.70,6.929,1732.22,0.8078
647.7,3.79,7.005,1751.26,0.8104
647.7,3.87,7.071,1767.69,0.8123
647.7,3.95,7.124,1780.98,0.8134
647.7,4.03,7.163,1790.64,0.8138
647.7,4.11,7.187,1796.69,0.8133
647.7,4.19,7.198,1799.49,0.8120
647.7,4.27,7.198,1799.39,0.8100
647.7,4.35,7.187,1796.76,0.8075
647.7,4.43,7.168,1791.92,0.8044
647.7,4.51,7.141,1785.24,0.8009
647.7,4.59,7.109,1777.21,0.7971
647.7,4.67,7.073,1768.24,0.7930
647.7,4.75,7.033,1758.34,0.7888
647.7,4.83,6.990,1747.53,0.7844
647.7,4.91,6.943,1735.78,0.7799
647.7,4.99,6.892,1723.11,0.7752
647.7,5.07,6.838,1709.49,0.7704
647.7,5.15,6.779,1694.66,0.7653
647.7,5.23,6.715,1678.67,0.7597
647.7,5.32,6.647,1661.66,0.7539
647.7,5.40,6.575,1643.78,0.7477
647.7,5.48,6.501,1625.18,0.7414
647.7,5.56,6.424,1606.11,0.7349
647.7,5.64,6.351,1587.68,0.7285
647.7,5.72,6.282,1570.45,0.7224
647.7,5.80,6.219,1554.79,0.7166
647.7,5.88,6.164,1541.10,0.7112
647.7,5.96,6.119,1529.74,0.7064
647.7,6.04,6.083,1520.79,0.7021
647.7,6.12,6.050,1512.56,0.6980
647.7,6.20,6.019,1504.73,0.6942
647.7,6.28,5.989,1497.26,0.6905
647.7,6.36,5.961,1490.13,0.6871
647.7,6.44,5.933,1483.29,0.6837
647.7,6.52,5.907,1476.73,0.6805
647.7,6.60,5.881,1470.35,0.6773
647.7,6.68,5.856,1464.01,0.6743
647.7,6.77,5.831,1457.63,0.6712
647.7,6.85,5.805,1451.13,0.6683
647.7,6.93,5.778,1444.42,0.6653
647.7,7.01,5.750,1437.41,0.6624
647.7,7.09,5.720,1430.08,0.6594
647.7,7.17,5.691,1422.71,0.6564
647.7,7.25,5.661,1415.33,0.6533
647.7,7.33,5.632,1407.95,0.6501
647.7,7.41,5.602,1400.54,0.6469
647.7,7.49,5.572,1393.09,0.6436
647.7,7.57,5.542,1385.60,0.6402
647.7,7.65,5.513,1378.14,0.6368
647.7,7.73,5.483,1370.76,0.6334
647.7,7.81,5.454,1363.48,0.6299
647.7,7.89,5.425,1356.32,0.6265
647.7,7.97,5.397,1349.32,0.6230
647.7,8.05,5.370,1342.46,0.6194
647.7,8.13,5.343,1335.63,0.6160
647.7,8.21,5.315,1328.83,0.6127
647.7,8.30,5.288,1322.06,0.6095
647.7,8.38,5.261,1315.33,0.6064
647.7,8.46,5.235,1308.66,0.6034
647.7,8.54,5.208,1302.04,0.6004
647.7,8.62,5.182,1295.50,0.5975
647.7,8.70,5.156,1289.07,0.5948
647.7,8.78,5.131,1282.75,0.5921
647.7,8.86,5.106,1276.57,0.5896
647.7,8.94,5.082,1270.55,0.5873
647.7,9.02,5.059,1264.70,0.5851
647.7,9.10,5.036,1259.04,0.5830
647.7,9.18,5.014,1253.57,0.5809
647.7,9.26,4.993,1248.30,0.5787
647.7,9.34,4.973,1243.22,0.5766
647.7,9.42,4.953,1238.33,0.5744
647.7,9.50,4.935,1233.65,0.5722
647.7,9.58,4.917,1229.16,0.5700
647.7,9.66,4.899,1224.84,0.5679
647.7,9.74,4.883,1220.67,0.5657
647.7,9.83,4.867,1216.65,0.5636
647.7,9.91,4.851,1212.76,0.5614
647.7,9.99,4.836,1208.99,0.5592
647.7,10.07,4.822,1205.38,0.5570
647.7,10.15,4.808,1201.98,0.5550
647.7,10.23,4.795,1198.78,0.5530
647.7,10.31,4.783,1195.75,0.5512
647.7,10.39,4.771,1192.85,0.5495
647.7,10.47,4.760,1190.08,0.5478
647.7,10.55,4.750,1187.38,0.5462
647.7,10.63,4.739,1184.71,0.5447
647.7,10.71,4.728,1182.04,0.5432
647.7,10.79,4.717,1179.35,0.5418
647.7,10.87,4.707,1176.65,0.5406
647.7,10.95,4.696,1173.92,0.5394
647.7,11.03,4.685,1171.16,0.5384
647.7,11.11,4.674,1168.43,0.5375
647.7,11.19,4.664,1165.91,0.5366
647.7,11.28,4.654,1163.56,0.5357
647.7,11.36,4.645,1161.37,0.5348
647.7,11.44,4.637,1159.31,0.5339
647.7,11.52,4.629,1157.35,0.5331
647.7,11.60,4.622,1155.43,0.5322
647.7,11.68,4.614,1153.44,0.5313
647.7,11.76,4.605,1151.36,0.5304
647.7,11.84,4.597,1149.14,0.5293
647.7,11.92,4.587,1146.76,0.5281
647.7,12.00,4.577,1144.19,0.5269
653.0,0.00,9.334,2333.42,
653.0,0.08,9.191,2297.63,
653.0,0.16,9.040,2260.01,
653.0,0.24,8.884,2220.91,
653.0,0.32,8.723,2180.69,
653.0,0.40,8.559,2139.69,
653.0,0.48,8.393,2098.29,
653.0,0.56,8.229,2057.17,
653.0,0.64,8.067,2016.65,
653.0,0.72,7.907,1976.75,
653.0,0.81,7.750,1937.52,
653.0,0.89,7.596,1899.00,
653.0,0.97,7.445,1861.21,
653.0,1.05,7.296,1824.10,
653.0,1.13,7.151,1787.81,
653.0,1.21,7.010,1752.50,
653.0,1.29,6.873,1718.37,
653.0,1.37,6.742,1685.59,
653.0,1.45,6.617,1654.34,
653.0,1.53,6.500,1625.03,
653.0,1.61,6.394,1598.49,
653.0,1.69,6.300,1575.08,
653.0,1.77,6.221,1555.14,
653.0,1.85,6.156,1539.00,
653.0,1.93,6.108,1526.99,
653.0,2.01,6.078,1519.45,0.6889
653.0,2.09,6.064,1516.01,0.6963
653.0,2.17,6.064,1516.06,0.7037
653.0,2.26,6.077,1519.20,0.7111
653.0,2.34,6.100,1525.01,0.7184
653.0,2.42,6.132,1533.10,0.7256
653.0,2.50,6.172,1542.99,0.7325
653.0,2.58,6.214,1553.41,0.7392
653.0,2.66,6.256,1563.88,0.7456
653.0,2.74,6.297,1574.19,0.7517
653.0,2.82,6.337,1584.14,0.7574
653.0,2.90,6.374,1593.54,0.7628
653.0,2.98,6.411,1602.75,0.7680
653.0,3.06,6.460,1614.97,0.7732
653.0,3.14,6.521,1630.32,0.7783
653.0,3.22,6.593,1648.36,0.7834
653.0,3.30,6.675,1668.63,0.7884
653.0,3.38,6.763,1690.69,0.7932
653.0,3.46,6.856,1714.07,0.7978
653.0,3.54,6.951,1737.70,0.8020
653.0,3.62,7.041,1760.24,0.8057
653.0,3.70,7.125,1781.17,0.8088
653.0,3.79,7.200,1799.96,0.8113
653.0,3.87,7.264,1816.11,0.8132
653.0,3.95,7.316,1829.09,0.8143
653.0,4.03,7.354,1838.42,0.8146
653.0,4.11,7.376,1844.10,0.8140
653.0,4.19,7.386,1846.50,0.8127
653.0,4.27,7.384,1845.97,0.8107
653.0,4.35,7.371,1842.85,0.8081
653.0,4.43,7.350,1837.49,0.8049
653.0,4.51,7.321,1830.33,0.8013
653.0,4.59,7.288,1822.08,0.7975
653.0,4.67,7.251,1812.81,0.7936
653.0,4.75,7.210,1802.55,0.7894
653.0,4.83,7.165,1791.28,0.7850
653.0,4.91,7.116,1779.01,0.7805
653.0,4.99,7.063,1765.65,0.7758
653.0,5.07,7.004,1751.00,0.7707
653.0,5.15,6.941,1735.18,0.7652
653.0,5.23,6.873,1718.35,0.7594
653.0,5.32,6.803,1700.64,0.7533
653.0,5.40,6.729,1682.21,0.7471
653.0,5.48,6.653,1663.21,0.7406
653.0,5.56,6.577,1644.31,0.7342
653.0,5.64,6.505,1626.20,0.7279
653.0,5.72,6.437,1609.27,0.7220
653.0,5.80,6.376,1593.90,0.7163
653.0,5.88,6.322,1580.46,0.7111
653.0,5.96,6.277,1569.33,0.7063
653.0,6.04,6.242,1560.57,0.7021
653.0,6.12,6.210,1552.52,0.6982
653.0,6.20,6.179,1544.83,0.6945
653.0,6.28,6.150,1537.49,0.6909
653.0,6.36,6.122,1530.44,0.6875
653.0,6.44,6.095,1523.67,0.6842
653.0,6.52,6.068,1517.11,0.6811
653.0,6.60,6.042,1510.58,0.6780
653.0,6.68,6.016,1504.00,0.6750
653.0,6.77,5.989,1497.27,0.6720
653.0,6.85,5.961,1490.32,0.6691
653.0,6.93,5.932,1483.05,0.6661
653.0,7.01,5.902,1475.53,0.6632
653.0,7.09,5.872,1468.03,0.6602
653.0,7.17,5.842,1460.51,0.6570
653.0,7.25,5.812,1452.98,0.6539
653.0,7.33,5.782,1445.42,0.6506
653.0,7.41,5.751,1437.82,0.6473
653.0,7.49,5.721,1430.16,0.6440
653.0,7.57,5.690,1422.49,0.6406
653.0,7.65,5.659,1414.84,0.6372
653.0,7.73,5.629,1407.26,0.6338
653.0,7.81,5.599,1399.75,0.6303
653.0,7.89,5.569,1392.36,0.6268
653.0,7.97,5.540,1385.11,0.6233
653.0,8.05,5.512,1378.00,0.6198
653.0,8.13,5.484,1370.91,0.6163
653.0,8.21,5.455,1363.87,0.6130
653.0,8.30,5.427,1356.86,0.6098
653.0,8.38,5.400,1349.90,0.6067
653.0,8.46,5.372,1343.00,0.6037
653.0,8.54,5.345,1336.18,0.6008
653.0,8.62,5.318,1329.46,0.5979
653.0,8.70,5.291,1322.86,0.5953
653.0,8.78,5.266,1316.40,0.5927
653.0,8.86,5.240,1310.10,0.5903
653.0,8.94,5.216,1303.97,0.5881
653.0,9.02,5.192,1298.03,0.5859
653.0,9.10,5.169,1292.29,0.5837
653.0,9.18,5.147,1286.74,0.5815
653.0,9.26,5.126,1281.40,0.5793
653.0,9.34,5.105,1276.25,0.5770
653.0,9.42,5.085,1271.30,0.5748
653.0,9.50,5.066,1266.55,0.5726
653.0,9.58,5.048,1261.99,0.5704
653.0,9.66,5.030,1257.60,0.5682
653.0,9.74,5.013,1253.37,0.5661
653.0,9.83,4.997,1249.28,0.5639
653.0,9.91,4.981,1245.33,0.5618
653.0,9.99,4.966,1241.50,0.5596
653.0,10.07,4.951,1237.83,0.5574
653.0,10.15,4.938,1234.38,0.5554
653.0,10.23,4.925,1231.13,0.5535
653.0,10.31,4.912,1228.04,0.5516
653.0,10.39,4.900,1225.10,0.5499
653.0,10.47,4.889,1222.28,0.5483
653.0,10.55,4.878,1219.50,0.5467
653.0,10.63,4.867,1216.73,0.5452
653.0,10.71,4.856,1213.95,0.5439
653.0,10.79,4.845,1211.15,0.5426
653.0,10.87,4.833,1208.32,0.5415
653.0,10.95,4.822,1205.46,0.5404
653.0,11.03,4.811,1202.73,0.5395
653.0,11.11,4.801,1200.19,0.5386
653.0,11.19,4.791,1197.83,0.5377
653.0,11.28,4.782,1195.61,0.5368
653.0,11.36,4.774,1193.52,0.5359
653.0,11.44,4.766,1191.53,0.5351
653.0,11.52,4.758,1189.61,0.5342
653.0,11.60,4.751,1187.66,0.5333
653.0,11.68,4.743,1185.65,0.5324
653.0,11.76,4.734,1183.53,0.5314
653.0,11.84,4.725,1181.29,0.5304
653.0,11.92,4.716,1178.88,0.5292
653.0,12.00,4.705,1176.28,0.5279
658.4,0.00,9.563,2390.79,
658.4,0.08,9.414,2353.50,
658.4,0.16,9.257,2314.37,
658.4,0.24,9.095,2273.75,
658.4,0.32,8.928,2231.99,
658.4,0.40,8.758,2189.44,
658.4,0.48,8.587,2146.73,
658.4,0.56,8.418,2104.51,
658.4,0.64,8.251,2062.85,
658.4,0.72,8.087,2021.78,
658.4,0.81,7.925,1981.33,
658.4,0.89,7.766,1941.52,
658.4,0.97,7.610,1902.38,
658.4,1.05,7.456,1864.05,
658.4,1.13,7.307,1826.74,
658.4,1.21,7.162,1790.61,
658.4,1.29,7.023,1755.86,
658.4,1.37,6.891,1722.64,
658.4,1.45,6.765,1691.20,
658.4,1.53,6.649,1662.13,
658.4,1.61,6.543,1635.85,
658.4,1.69,6.451,1612.68,
658.4,1.77,6.372,1592.97,
658.4,1.85,6.308,1577.06,
658.4,1.93,6.261,1565.28,
658.4,2.01,6.232,1557.95,0.6885
658.4,2.09,6.219,1554.72,0.6958
658.4,2.17,6.220,1554.99,0.7032
658.4,2.26,6.233,1558.35,0.7106
658.4,2.34,6.258,1564.41,0.7179
658.4,2.42,6.291,1572.74,0.7251
658.4,2.50,6.329,1582.16,0.7320
658.4,2.58,6.366,1591.62,0.7386
658.4,2.66,6.404,1600.91,0.7450
658.4,2.74,6.439,1609.85,0.7510
658.4,2.82,6.473,1618.21,0.7567
658.4,2.90,6.510,1627.41,0.7623
658.4,2.98,6.560,1640.02,0.7679
658.4,3.06,6.623,1655.67,0.7734
658.4,3.14,6.696,1673.91,0.7789
658.4,3.22,6.777,1694.27,0.7842
658.4,3.30,6.865,1716.30,0.7894
658.4,3.38,6.958,1739.56,0.7943
658.4,3.46,7.054,1763.43,0.7988
658.4,3.54,7.147,1786.77,0.8030
658.4,3.62,7.236,1808.99,0.8066
658.4,3.70,7.318,1829.57,0.8097
658.4,3.79,7.392,1847.99,0.8121
658.4,3.87,7.455,1863.75,0.8138
658.4,3.95,7.505,1876.31,0.8149
658.4,4.03,7.541,1885.19,0.8151
658.4,4.11,7.562,1890.39,0.8145
658.4,4.19,7.569,1892.27,0.8131
658.4,4.27,7.565,1891.17,0.8110
658.4,4.35,7.550,1887.46,0.8083
658.4,4.43,7.526,1881.48,0.8050
658.4,4.51,7.496,1874.07,0.8015
658.4,4.59,7.462,1865.59,0.7977
658.4,4.67,7.424,1856.02,0.7937
658.4,4.75,7.381,1845.37,0.7896
658.4,4.83,7.335,1833.64,0.7853
658.4,4.91,7.283,1820.66,0.7806
658.4,4.99,7.225,1806.36,0.7756
658.4,5.07,7.164,1790.90,0.7702
658.4,5.15,7.098,1774.41,0.7645
658.4,5.23,7.028,1757.05,0.7586
658.4,5.32,6.956,1738.96,0.7524
658.4,5.40,6.881,1720.30,0.7461
658.4,5.48,6.805,1701.36,0.7398
658.4,5.56,6.731,1682.80,0.7335
658.4,5.64,6.660,1665.01,0.7273
658.4,5.72,6.594,1648.38,0.7215
658.4,5.80,6.533,1633.27,0.7160
658.4,5.88,6.480,1620.07,0.7108
658.4,5.96,6.437,1609.16,0.7062
658.4,6.04,6.402,1600.59,0.7022
658.4,6.12,6.371,1592.70,0.6983
658.4,6.20,6.341,1585.15,0.6947
658.4,6.28,6.312,1577.91,0.6913
658.4,6.36,6.284,1570.94,0.6880
658.4,6.44,6.257,1564.21,0.6848
658.4,6.52,6.230,1557.53,0.6817
658.4,6.60,6.203,1550.78,0.6787
658.4,6.68,6.175,1543.86,0.6757
658.4,6.77,6.147,1536.69,0.6728
658.4,6.85,6.117,1529.20,0.6699
658.4,6.93,6.086,1521.58,0.6669
658.4,7.01,6.056,1513.97,0.6639
658.4,7.09,6.025,1506.35,0.6608
658.4,7.17,5.995,1498.72,0.6576
658.4,7.25,5.964,1491.04,0.6544
658.4,7.33,5.933,1483.32,0.6511
658.4,7.41,5.902,1475.54,0.6478
658.4,7.49,5.871,1467.70,0.6444
658.4,7.57,5.839,1459.85,0.6410
658.4,7.65,5.808,1452.01,0.6376
658.4,7.73,5.777,1444.22,0.6342
658.4,7.81,5.746,1436.49,0.6307
658.4,7.89,5.715,1428.87,0.6272
658.4,7.97,5.685,1421.37,0.6237
658.4,8.05,5.656,1414.00,0.6202
658.4,8.13,5.627,1406.66,0.6168
658.4,8.21,5.597,1399.37,0.6134
658.4,8.30,5.569,1392.13,0.6103
658.4,8.38,5.540,1384.94,0.6072
658.4,8.46,5.511,1377.82,0.6042
658.4,8.54,5.483,1370.80,0.6013
658.4,8.62,5.456,1363.91,0.5985
658.4,8.70,5.429,1357.16,0.5959
658.4,8.78,5.402,1350.57,0.5935
658.4,8.86,5.377,1344.15,0.5913
658.4,8.94,5.352,1337.93,0.5890
658.4,9.02,5.328,1331.91,0.5867
658.4,9.10,5.304,1326.08,0.5844
658.4,9.18,5.282,1320.45,0.5821
658.4,9.26,5.260,1315.03,0.5797
658.4,9.34,5.239,1309.81,0.5774
658.4,9.42,5.219,1304.79,0.5752
658.4,9.50,5.200,1299.98,0.5730
658.4,9.58,5.181,1295.35,0.5708
658.4,9.66,5.164,1290.89,0.5686
658.4,9.74,5.146,1286.59,0.5665
658.4,9.83,5.130,1282.44,0.5643
658.4,9.91,5.114,1278.43,0.5622
658.4,9.99,5.098,1274.55,0.5600
658.4,10.07,5.083,1270.83,0.5579
658.4,10.15,5.069,1267.33,0.5559
658.4,10.23,5.056,1264.02,0.5540
658.4,10.31,5.044,1260.89,0.5522
658.4,10.39,5.032,1257.90,0.5505
658.4,10.47,5.020,1255.01,0.5489
658.4,10.55,5.008,1252.12,0.5474
658.4,10.63,4.997,1249.23,0.5460
658.4,10.71,4.985,1246.32,0.5448
658.4,10.79,4.974,1243.39,0.5436
658.4,10.87,4.962,1240.45,0.5426
658.4,10.95,4.951,1237.70,0.5416
658.4,11.03,4.941,1235.13,0.5407
658.4,11.11,4.931,1232.73,0.5398
658.4,11.19,4.922,1230.48,0.5389
658.4,11.28,4.913,1228.35,0.5380
658.4,11.36,4.905,1226.32,0.5371
658.4,11.44,4.897,1224.36,0.5363
658.4,11.52,4.890,1222.41,0.5354
658.4,11.60,4.882,1220.43,0.5345
658.4,11.68,4.874,1218.38,0.5336
658.4,11.76,4.865,1216.23,0.5326
658.4,11.84,4.856,1213.95,0.5315
658.4,11.92,4.846,1211.51,0.5304
658.4,12.00,4.836,1208.88,0.5291
663.8,0.00,9.786,2446.46,
663.8,0.08,9.630,2407.54,
663.8,0.16,9.467,2366.77,
663.8,0.24,9.298,2324.49,
663.8,0.32,9.124,2281.06,
663.8,0.40,8.948,2236.96,
663.8,0.48,8.773,2193.15,
663.8,0.56,8.599,2149.81,
663.8,0.64,8.428,2106.99,
663.8,0.72,8.259,2064.71,
663.8,0.81,8.092,2023.00,
663.8,0.89,7.928,1981.94,
663.8,0.97,7.767,1941.74,
663.8,1.05,7.610,1902.55,
663.8,1.13,7.458,1864.57,
663.8,1.21,7.312,1827.98,
663.8,1.29,7.172,1792.94,
663.8,1.37,7.039,1759.65,
663.8,1.45,6.914,1728.41,
663.8,1.53,6.798,1699.62,
663.8,1.61,6.694,1673.59,
663.8,1.69,6.603,1650.68,
663.8,1.77,6.525,1631.22,
663.8,1.85,6.462,1615.55,
663.8,1.93,6.416,1603.99,
663.8,2.01,6.388,1596.88,0.6881
663.8,2.09,6.376,1593.88,0.6954
663.8,2.17,6.378,1594.38,0.7028
663.8,2.26,6.392,1597.98,0.7102
663.8,2.34,6.417,1604.28,0.7175
663.8,2.42,6.450,1612.43,0.7247
663.8,2.50,6.483,1620.73,0.7315
663.8,2.58,6.515,1628.86,0.7381
663.8,2.66,6.546,1636.61,0.7444
663.8,2.74,6.575,1643.86,0.7505
663.8,2.82,6.613,1653.30,0.7564
663.8,2.90,6.665,1666.13,0.7624
663.8,2.98,6.728,1681.89,0.7683
663.8,3.06,6.800,1700.12,0.7741
663.8,3.14,6.881,1720.37,0.7798
663.8,3.22,6.969,1742.20,0.7852
663.8,3.30,7.061,1765.14,0.7904
663.8,3.38,7.155,1788.73,0.7953
663.8,3.46,7.249,1812.29,0.7998
663.8,3.54,7.341,1835.22,0.8038
663.8,3.62,7.428,1857.00,0.8073
663.8,3.70,7.508,1877.12,0.8103
663.8,3.79,7.580,1895.05,0.8126
663.8,3.87,7.641,1910.29,0.8142
663.8,3.95,7.689,1922.32,0.8151
663.8,4.03,7.723,1930.64,0.8153
663.8,4.11,7.741,1935.24,0.8145
663.8,4.19,7.746,1936.48,0.8130
663.8,4.27,7.739,1934.71,0.8108
663.8,4.35,7.721,1930.28,0.8080
663.8,4.43,7.696,1923.88,0.8047
663.8,4.51,7.665,1916.31,0.8012
663.8,4.59,7.630,1907.58,0.7975
663.8,4.67,7.591,1897.69,0.7936
663.8,4.75,7.546,1886.62,0.7894
663.8,4.83,7.497,1874.17,0.7849
663.8,4.91,7.442,1860.41,0.7800
663.8,4.99,7.382,1845.47,0.7748
663.8,5.07,7.318,1829.50,0.7692
663.8,5.15,7.251,1812.67,0.7634
663.8,5.23,7.180,1795.10,0.7574
663.8,5.32,7.108,1776.95,0.7513
663.8,5.40,7.034,1758.39,0.7451
663.8,5.48,6.959,1739.80,0.7388
663.8,5.56,6.886,1721.57,0.7327
663.8,5.64,6.816,1704.09,0.7267
663.8,5.72,6.751,1687.73,0.7210
663.8,5.80,6.692,1672.88,0.7156
663.8,5.88,6.640,1659.91,0.7106
663.8,5.96,6.597,1649.20,0.7062
663.8,6.04,6.563,1640.81,0.7022
663.8,6.12,6.532,1633.07,0.6985
663.8,6.20,6.503,1625.64,0.6950
663.8,6.28,6.474,1618.50,0.6917
663.8,6.36,6.446,1611.60,0.6885
663.8,6.44,6.419,1604.79,0.6854
663.8,6.52,6.392,1597.90,0.6824
663.8,6.60,6.363,1590.82,0.6794
663.8,6.68,6.334,1583.48,0.6765
663.8,6.77,6.303,1575.83,0.6736
663.8,6.85,6.273,1568.16,0.6706
663.8,6.93,6.242,1560.48,0.6676
663.8,7.01,6.211,1552.79,0.6645
663.8,7.09,6.180,1545.08,0.6613
663.8,7.17,6.149,1537.33,0.6581
663.8,7.25,6.118,1529.52,0.6548
663.8,7.33,6.087,1521.65,0.6515
663.8,7.41,6.055,1513.71,0.6482
663.8,7.49,6.023,1505.71,0.6449
663.8,7.57,5.991,1497.68,0.6415
663.8,7.65,5.959,1489.65,0.6381
663.8,7.73,5.927,1481.65,0.6347
663.8,7.81,5.895,1473.70,0.6312
663.8,7.89,5.863,1465.84,0.6277
663.8,7.97,5.832,1458.09,0.6242
663.8,8.05,5.802,1450.46,0.6207
663.8,8.13,5.771,1442.87,0.6173
663.8,8.21,5.741,1435.33,0.6140
663.8,8.30,5.711,1427.85,0.6108
663.8,8.38,5.682,1420.43,0.6078
663.8,8.46,5.652,1413.11,0.6048
663.8,8.54,5.624,1405.91,0.6020
663.8,8.62,5.595,1398.86,0.5994
663.8,8.70,5.568,1391.97,0.5969
663.8,8.78,5.541,1385.26,0.5945
663.8,8.86,5.515,1378.75,0.5922
663.8,8.94,5.490,1372.43,0.5898
663.8,9.02,5.465,1366.32,0.5874
663.8,9.10,5.442,1360.41,0.5850
663.8,9.18,5.419,1354.70,0.5826
663.8,9.26,5.397,1349.20,0.5802
663.8,9.34,5.376,1343.90,0.5779
663.8,9.42,5.355,1338.82,0.5756
663.8,9.50,5.336,1333.93,0.5734
663.8,9.58,5.317,1329.24,0.5712
663.8,9.66,5.299,1324.71,0.5691
663.8,9.74,5.281,1320.35,0.5670
663.8,9.83,5.265,1316.15,0.5649
663.8,9.91,5.248,1312.08,0.5627
663.8,9.99,5.233,1308.14,0.5606
663.8,10.07,5.217,1304.37,0.5585
663.8,10.15,5.203,1300.82,0.5566
663.8,10.23,5.190,1297.47,0.5547
663.8,10.31,5.177,1294.29,0.5530
663.8,10.39,5.165,1291.25,0.5513
663.8,10.47,5.153,1288.24,0.5498
663.8,10.55,5.141,1285.23,0.5484
663.8,10.63,5.129,1282.20,0.5471
663.8,10.71,5.117,1279.15,0.5459
663.8,10.79,5.105,1276.15,0.5449
663.8,10.87,5.093,1273.36,0.5439
663.8,10.95,5.083,1270.75,0.5429
663.8,11.03,5.073,1268.31,0.5420
663.8,11.11,5.064,1266.01,0.5411
663.8,11.19,5.055,1263.82,0.5402
663.8,11.28,5.047,1261.73,0.5393
663.8,11.36,5.039,1259.71,0.5384
663.8,11.44,5.031,1257.72,0.5376
663.8,11.52,5.023,1255.73,0.5367
663.8,11.60,5.015,1253.71,0.5358
663.8,11.68,5.006,1251.62,0.5349
663.8,11.76,4.998,1249.43,0.5339
663.8,11.84,4.988,1247.12,0.5328
663.8,11.92,4.979,1244.64,0.5317
663.8,12.00,4.968,1241.96,0.5304
669.1,0.00,10.000,2500.08,
669.1,0.08,9.838,2459.40,
669.1,0.16,9.667,2416.86,
669.1,0.24,9.491,2372.80,
669.1,0.32,9.310,2327.59,
669.1,0.40,9.129,2282.28,
669.1,0.48,8.949,2237.36,
669.1,0.56,8.772,2192.88,
669.1,0.64,8.595,2148.86,
669.1,0.72,8.421,2105.36,
669.1,0.81,8.250,2062.55,
669.1,0.89,8.082,2020.60,
669.1,0.97,7.919,1979.68,
669.1,1.05,7.760,1939.99,
669.1,1.13,7.607,1901.69,
669.1,1.21,7.460,1864.98,
669.1,1.29,7.320,1830.02,
669.1,1.37,7.188,1796.97,
669.1,1.45,7.064,1766.03,
669.1,1.53,6.950,1737.51,
669.1,1.61,6.847,1711.76,
669.1,1.69,6.756,1689.12,
669.1,1.77,6.680,1669.91,
669.1,1.85,6.618,1654.48,
669.1,1.93,6.573,1643.17,
669.1,2.01,6.545,1636.29,0.6878
669.1,2.09,6.534,1633.52,0.6952
669.1,2.17,6.537,1634.26,0.7026
669.1,2.26,6.552,1638.11,0.7100
669.1,2.34,6.578,1644.54,0.7173
669.1,2.42,6.606,1651.51,0.7244
669.1,2.50,6.633,1658.32,0.7312
669.1,2.58,6.659,1664.74,0.7378
669.1,2.66,6.685,1671.16,0.7441
669.1,2.74,6.723,1680.73,0.7505
669.1,2.82,6.774,1693.58,0.7568
669.1,2.90,6.837,1709.24,0.7630
669.1,2.98,6.909,1727.28,0.7691
669.1,3.06,6.989,1747.24,0.7751
669.1,3.14,7.075,1768.66,0.7808
669.1,3.22,7.164,1791.09,0.7862
669.1,3.30,7.256,1814.08,0.7914
669.1,3.38,7.349,1837.28,0.7961
669.1,3.46,7.441,1860.34,0.8005
669.1,3.54,7.531,1882.73,0.8043
669.1,3.62,7.616,1903.96,0.8077
669.1,3.70,7.694,1923.50,0.8105
669.1,3.79,7.763,1940.83,0.8127
669.1,3.87,7.822,1955.44,0.8142
669.1,3.95,7.867,1966.81,0.8150
669.1,4.03,7.898,1974.45,0.8150
669.1,4.11,7.913,1978.33,0.8142
669.1,4.19,7.915,1978.82,0.8125
669.1,4.27,7.905,1976.26,0.8102
669.1,4.35,7.885,1971.15,0.8072
669.1,4.43,7.859,1964.63,0.8040
669.1,4.51,7.828,1956.88,0.8006
669.1,4.59,7.792,1947.90,0.7969
669.1,4.67,7.750,1937.61,0.7930
669.1,4.75,7.703,1925.86,0.7886
669.1,4.83,7.651,1912.80,0.7839
669.1,4.91,7.594,1898.57,0.7788
669.1,4.99,7.533,1883.30,0.7734
669.1,5.07,7.469,1867.16,0.7678
669.1,5.15,7.401,1850.29,0.7620
669.1,5.23,7.331,1832.84,0.7561
669.1,5.32,7.260,1814.94,0.7500
669.1,5.40,7.187,1796.73,0.7440
669.1,5.48,7.114,1778.48,0.7379
669.1,5.56,7.042,1760.57,0.7319
669.1,5.64,6.974,1743.39,0.7261
669.1,5.72,6.909,1727.30,0.7205
669.1,5.80,6.851,1712.69,0.7153
669.1,5.88,6.800,1699.93,0.7104
669.1,5.96,6.758,1689.42,0.7061
669.1,6.04,6.725,1681.20,0.7023
669.1,6.12,6.694,1673.60,0.6987
669.1,6.20,6.665,1666.28,0.6954
669.1,6.28,6.637,1659.22,0.6922
669.1,6.36,6.609,1652.31,0.6891
669.1,6.44,6.581,1645.31,0.6861
669.1,6.52,6.552,1638.10,0.6831
669.1,6.60,6.522,1630.61,0.6802
669.1,6.68,6.492,1622.91,0.6773
669.1,6.77,6.461,1615.20,0.6744
669.1,6.85,6.430,1607.49,0.6713
669.1,6.93,6.399,1599.77,0.6682
669.1,7.01,6.368,1592.02,0.6650
669.1,7.09,6.337,1584.22,0.6618
669.1,7.17,6.305,1576.37,0.6586
669.1,7.25,6.274,1568.45,0.6553
669.1,7.33,6.242,1560.44,0.6521
669.1,7.41,6.209,1552.35,0.6487
669.1,7.49,6.177,1544.18,0.6454
669.1,7.57,6.144,1535.97,0.6421
669.1,7.65,6.111,1527.75,0.6387
669.1,7.73,6.078,1519.54,0.6353
669.1,7.81,6.045,1511.37,0.6318
669.1,7.89,6.013,1503.28,0.6284
669.1,7.97,5.981,1495.28,0.6249
669.1,8.05,5.950,1487.39,0.6213
669.1,8.13,5.918,1479.54,0.6180
669.1,8.21,5.887,1471.76,0.6147
669.1,8.30,5.856,1464.03,0.6116
669.1,8.38,5.826,1456.40,0.6085
669.1,8.46,5.796,1448.89,0.6057
669.1,8.54,5.766,1441.52,0.6030
669.1,8.62,5.737,1434.33,0.6004
669.1,8.70,5.709,1427.31,0.5980
669.1,8.78,5.682,1420.50,0.5955
669.1,8.86,5.656,1413.89,0.5930
669.1,8.94,5.630,1407.47,0.5905
669.1,9.02,5.605,1401.27,0.5880
669.1,9.10,5.581,1395.27,0.5855
669.1,9.18,5.558,1389.48,0.5831
669.1,9.26,5.536,1383.90,0.5807
669.1,9.34,5.514,1378.53,0.5784
669.1,9.42,5.494,1373.38,0.5761
669.1,9.50,5.474,1368.43,0.5740
669.1,9.58,5.455,1363.66,0.5718
669.1,9.66,5.436,1359.08,0.5697
669.1,9.74,5.419,1354.66,0.5676
669.1,9.83,5.402,1350.40,0.5655
669.1,9.91,5.385,1346.28,0.5634
669.1,9.99,5.369,1342.29,0.5614
669.1,10.07,5.354,1338.47,0.5593
669.1,10.15,5.339,1334.87,0.5574
669.1,10.23,5.326,1331.48,0.5556
669.1,10.31,5.313,1328.25,0.5539
669.1,10.39,5.300,1325.11,0.5524
669.1,10.47,5.288,1321.96,0.5509
669.1,10.55,5.275,1318.80,0.5496
669.1,10.63,5.262,1315.62,0.5485
669.1,10.71,5.250,1312.58,0.5474
669.1,10.79,5.239,1309.74,0.5463
669.1,10.87,5.228,1307.08,0.5453
669.1,10.95,5.218,1304.58,0.5443
669.1,11.03,5.209,1302.21,0.5434
669.1,11.11,5.200,1299.96,0.5425
669.1,11.19,5.191,1297.79,0.5416
669.1,11.28,5.183,1295.69,0.5407
669.1,11.36,5.175,1293.63,0.5398
669.1,11.44,5.166,1291.60,0.5390
669.1,11.52,5.158,1289.57,0.5381
669.1,11.60,5.150,1287.50,0.5373
669.1,11.68,5.141,1285.37,0.5363
669.1,11.76,5.133,1283.13,0.5353
669.1,11.84,5.123,1280.77,0.5343
669.1,11.92,5.113,1278.25,0.5331
669.1,12.00,5.102,1275.53,0.5318
674.5,0.00,10.205,2551.30,
674.5,0.08,10.035,2508.74,
674.5,0.16,9.857,2464.30,
674.5,0.24,9.673,2418.32,
674.5,0.32,9.486,2371.62,
674.5,0.40,9.301,2325.21,
674.5,0.48,9.117,2279.16,
674.5,0.56,8.934,2233.51,
674.5,0.64,8.754,2188.38,
674.5,0.72,8.576,2143.94,
674.5,0.81,8.402,2100.38,
674.5,0.89,8.231,2057.87,
674.5,0.97,8.066,2016.61,
674.5,1.05,7.907,1976.75,
674.5,1.13,7.754,1938.48,
674.5,1.21,7.608,1901.93,
674.5,1.29,7.469,1867.25,
674.5,1.37,7.338,1834.57,
674.5,1.45,7.216,1804.05,
674.5,1.53,7.103,1775.84,
674.5,1.61,7.002,1750.38,
674.5,1.69,6.912,1728.01,
674.5,1.77,6.836,1709.07,
674.5,1.85,6.776,1693.90,
674.5,1.93,6.731,1682.83,
674.5,2.01,6.705,1676.20,0.6877
674.5,2.09,6.695,1673.67,0.6951
674.5,2.17,6.699,1674.66,0.7025
674.5,2.26,6.715,1678.77,0.7100
674.5,2.34,6.737,1684.27,0.7173
674.5,2.42,6.758,1689.60,0.7243
674.5,2.50,6.778,1694.54,0.7311
674.5,2.58,6.802,1700.48,0.7378
674.5,2.66,6.840,1709.97,0.7444
674.5,2.74,6.891,1722.64,0.7511
674.5,2.82,6.952,1738.03,0.7576
674.5,2.90,7.023,1755.68,0.7640
674.5,2.98,7.101,1775.15,0.7702
674.5,3.06,7.184,1795.96,0.7762
674.5,3.14,7.270,1817.62,0.7818
674.5,3.22,7.359,1839.86,0.7871
674.5,3.30,7.450,1862.39,0.7921
674.5,3.38,7.540,1884.94,0.7967
674.5,3.46,7.629,1907.26,0.8008
674.5,3.54,7.716,1929.00,0.8045
674.5,3.62,7.798,1949.55,0.8078
674.5,3.70,7.874,1968.39,0.8104
674.5,3.79,7.940,1985.00,0.8124
674.5,3.87,7.995,1998.87,0.8138
674.5,3.95,8.038,2009.47,0.8144
674.5,4.03,8.065,2016.31,0.8143
674.5,4.11,8.077,2019.37,0.8132
674.5,4.19,8.076,2018.98,0.8114
674.5,4.27,8.062,2015.53,0.8089
674.5,4.35,8.041,2010.21,0.8060
674.5,4.43,8.014,2003.58,0.8029
674.5,4.51,7.983,1995.64,0.7995
674.5,4.59,7.945,1986.25,0.7957
674.5,4.67,7.902,1975.40,0.7916
674.5,4.75,7.853,1963.21,0.7870
674.5,4.83,7.799,1949.86,0.7822
674.5,4.91,7.742,1935.47,0.7770
674.5,4.99,7.681,1920.20,0.7716
674.5,5.07,7.617,1904.19,0.7661
674.5,5.15,7.550,1887.54,0.7604
674.5,5.23,7.482,1870.39,0.7546
674.5,5.32,7.412,1852.89,0.7487
674.5,5.40,7.341,1835.18,0.7428
674.5,5.48,7.270,1817.39,0.7369
674.5,5.56,7.199,1799.79,0.7311
674.5,5.64,7.132,1782.88,0.7254
674.5,5.72,7.068,1767.05,0.7200
674.5,5.80,7.011,1752.67,0.7149
674.5,5.88,6.960,1740.12,0.7103
674.5,5.96,6.919,1729.79,0.7061
674.5,6.04,6.887,1721.72,0.7024
674.5,6.12,6.857,1714.25,0.6990
674.5,6.20,6.828,1707.03,0.6958
674.5,6.28,6.800,1700.02,0.6927
674.5,6.36,6.772,1692.94,0.6897
674.5,6.44,6.743,1685.64,0.6868
674.5,6.52,6.712,1678.05,0.6839
674.5,6.60,6.681,1670.35,0.6810
674.5,6.68,6.651,1662.65,0.6780
674.5,6.77,6.620,1654.95,0.6750
674.5,6.85,6.589,1647.23,0.6719
674.5,6.93,6.558,1639.47,0.6688
674.5,7.01,6.527,1631.67,0.6656
674.5,7.09,6.495,1623.79,0.6624
674.5,7.17,6.463,1615.84,0.6592
674.5,7.25,6.431,1607.79,0.6559
674.5,7.33,6.399,1599.66,0.6527
674.5,7.41,6.366,1591.43,0.6494
674.5,7.49,6.332,1583.11,0.6461
674.5,7.57,6.299,1574.73,0.6427
674.5,7.65,6.265,1566.31,0.6394
674.5,7.73,6.232,1557.89,0.6360
674.5,7.81,6.198,1549.50,0.6326
674.5,7.89,6.165,1541.17,0.6291
674.5,7.97,6.132,1532.92,0.6257
674.5,8.05,6.099,1524.77,0.6222
674.5,8.13,6.067,1516.67,0.6188
674.5,8.21,6.035,1508.64,0.6156
674.5,8.30,6.003,1500.68,0.6125
674.5,8.38,5.971,1492.85,0.6095
674.5,8.46,5.941,1485.16,0.6068
674.5,8.54,5.911,1477.65,0.6042
674.5,8.62,5.881,1470.32,0.6016
674.5,8.70,5.853,1463.20,0.5990
674.5,8.78,5.825,1456.28,0.5964
674.5,8.86,5.798,1449.57,0.5938
674.5,8.94,5.772,1443.06,0.5912
674.5,9.02,5.747,1436.76,0.5886
674.5,9.10,5.723,1430.67,0.5861
674.5,9.18,5.699,1424.81,0.5837
674.5,9.26,5.677,1419.15,0.5813
674.5,9.34,5.655,1413.71,0.5790
674.5,9.42,5.634,1408.48,0.5768
674.5,9.50,5.614,1403.46,0.5746
674.5,9.58,5.595,1398.63,0.5725
674.5,9.66,5.576,1393.99,0.5704
674.5,9.74,5.558,1389.51,0.5684
674.5,9.83,5.541,1385.20,0.5663
674.5,9.91,5.524,1381.03,0.5643
674.5,9.99,5.508,1376.99,0.5623
674.5,10.07,5.493,1373.13,0.5603
674.5,10.15,5.478,1369.49,0.5584
674.5,10.23,5.464,1366.05,0.5567
674.5,10.31,5.451,1362.75,0.5551
674.5,10.39,5.438,1359.46,0.5536
674.5,10.47,5.425,1356.16,0.5523
674.5,10.55,5.411,1352.86,0.5511
674.5,10.63,5.399,1349.76,0.5500
674.5,10.71,5.387,1346.85,0.5489
674.5,10.79,5.377,1344.13,0.5479
674.5,10.87,5.366,1341.55,0.5469
674.5,10.95,5.356,1339.11,0.5459
674.5,11.03,5.347,1336.77,0.5449
674.5,11.11,5.338,1334.52,0.5440
674.5,11.19,5.329,1332.33,0.5431
674.5,11.28,5.321,1330.18,0.5422
674.5,11.36,5.312,1328.07,0.5414
674.5,11.44,5.304,1325.99,0.5405
674.5,11.52,5.296,1323.90,0.5397
674.5,11.60,5.287,1321.78,0.5388
674.5,11.68,5.278,1319.60,0.5379
674.5,11.76,5.269,1317.31,0.5369
674.5,11.84,5.260,1314.90,0.5359
674.5,11.92,5.249,1312.33,0.5347
674.5,12.00,5.238,1309.56,0.5334
679.9,0.00,10.399,2599.79,
679.9,0.08,10.221,2555.21,
679.9,0.16,10.035,2508.73,
679.9,0.24,9.844,2460.90,
679.9,0.32,9.652,2413.10,
679.9,0.40,9.462,2365.57,
679.9,0.48,9.274,2318.41,
679.9,0.56,9.087,2271.78,
679.9,0.64,8.903,2225.86,
679.9,0.72,8.723,2180.83,
679.9,0.81,8.547,2136.87,
679.9,0.89,8.377,2094.16,
679.9,0.97,8.211,2052.84,
679.9,1.05,8.052,2013.06,
679.9,1.13,7.900,1974.95,
679.9,1.21,7.755,1938.66,
679.9,1.29,7.617,1904.33,
679.9,1.37,7.488,1872.10,
679.9,1.45,7.368,1842.12,
679.9,1.53,7.258,1814.53,
679.9,1.61,7.158,1789.47,
679.9,1.69,7.070,1767.38,
679.9,1.77,6.995,1748.72,
679.9,1.85,6.935,1733.81,
679.9,1.93,6.892,1723.01,
679.9,2.01,6.866,1716.62,0.6878
679.9,2.09,6.857,1714.34,0.6952
679.9,2.17,6.862,1715.60,0.7028
679.9,2.26,6.877,1719.31,0.7102
679.9,2.34,6.892,1723.00,0.7175
679.9,2.42,6.905,1726.36,0.7245
679.9,2.50,6.928,1732.08,0.7315
679.9,2.58,6.965,1741.32,0.7384
679.9,2.66,7.014,1753.62,0.7453
679.9,2.74,7.074,1768.53,0.7521
679.9,2.82,7.142,1785.61,0.7587
679.9,2.90,7.217,1804.25,0.7651
679.9,2.98,7.296,1824.09,0.7713
679.9,3.06,7.379,1844.86,0.7771
679.9,3.14,7.465,1866.27,0.7826
679.9,3.22,7.552,1888.08,0.7878
679.9,3.30,7.640,1910.00,0.7925
679.9,3.38,7.727,1931.78,0.7969
679.9,3.46,7.813,1953.13,0.8009
679.9,3.54,7.895,1973.79,0.8044
679.9,3.62,7.974,1993.48,0.8074
679.9,3.70,8.046,2011.50,0.8098
679.9,3.79,8.109,2027.27,0.8117
679.9,3.87,8.161,2040.28,0.8128
679.9,3.95,8.200,2049.99,0.8133
679.9,4.03,8.224,2055.92,0.8129
679.9,4.11,8.232,2058.02,0.8117
679.9,4.19,8.227,2056.65,0.8097
679.9,4.27,8.211,2052.70,0.8072
679.9,4.35,8.189,2047.33,0.8043
679.9,4.43,8.162,2040.56,0.8012
679.9,4.51,8.129,2032.24,0.7977
679.9,4.59,8.090,2022.44,0.7938
679.9,4.67,8.045,2011.31,0.7895
679.9,4.75,7.996,1999.00,0.7849
679.9,4.83,7.943,1985.66,0.7800
679.9,4.91,7.885,1971.37,0.7749
679.9,4.99,7.825,1956.25,0.7696
679.9,5.07,7.762,1940.44,0.7641
679.9,5.15,7.696,1924.09,0.7586
679.9,5.23,7.629,1907.34,0.7529
679.9,5.32,7.561,1890.32,0.7472
679.9,5.40,7.493,1873.19,0.7416
679.9,5.48,7.424,1856.07,0.7359
679.9,5.56,7.356,1839.12,0.7303
679.9,5.64,7.290,1822.54,0.7248
679.9,5.72,7.228,1806.95,0.7196
679.9,5.80,7.171,1792.79,0.7147
679.9,5.88,7.122,1780.44,0.7102
679.9,5.96,7.081,1770.27,0.7062
679.9,6.04,7.049,1762.35,0.7026
679.9,6.12,7.020,1754.99,0.6994
679.9,6.20,6.991,1747.86,0.6963
679.9,6.28,6.963,1740.74,0.6934
679.9,6.36,6.934,1733.39,0.6905
679.9,6.44,6.903,1725.76,0.6876
679.9,6.52,6.872,1718.11,0.6847
679.9,6.60,6.842,1710.45,0.6817
679.9,6.68,6.811,1702.79,0.6787
679.9,6.77,6.780,1695.10,0.6756
679.9,6.85,6.749,1687.37,0.6725
679.9,6.93,6.718,1679.56,0.6693
679.9,7.01,6.687,1671.67,0.6662
679.9,7.09,6.655,1663.69,0.6630
679.9,7.17,6.623,1655.63,0.6598
679.9,7.25,6.590,1647.48,0.6566
679.9,7.33,6.557,1639.23,0.6534
679.9,7.41,6.524,1630.90,0.6501
679.9,7.49,6.490,1622.47,0.6468
679.9,7.57,6.456,1613.94,0.6435
679.9,7.65,6.421,1605.33,0.6402
679.9,7.73,6.387,1596.71,0.6369
679.9,7.81,6.352,1588.09,0.6335
679.9,7.89,6.318,1579.52,0.6301
679.9,7.97,6.284,1571.02,0.6266
679.9,8.05,6.250,1562.61,0.6232
679.9,8.13,6.217,1554.26,0.6199
679.9,8.21,6.184,1545.98,0.6167
679.9,8.30,6.151,1537.81,0.6137
679.9,8.38,6.119,1529.80,0.6108
679.9,8.46,6.088,1521.95,0.6081
679.9,8.54,6.057,1514.31,0.6054
679.9,8.62,6.027,1506.87,0.6027
679.9,8.70,5.999,1499.64,0.5999
679.9,8.78,5.970,1492.61,0.5972
679.9,8.86,5.943,1485.79,0.5945
679.9,8.94,5.917,1479.20,0.5919
679.9,9.02,5.891,1472.82,0.5894
679.9,9.10,5.867,1466.66,0.5869
679.9,9.18,5.843,1460.72,0.5844
679.9,9.26,5.820,1454.99,0.5821
679.9,9.34,5.798,1449.47,0.5798
679.9,9.42,5.777,1444.16,0.5776
679.9,9.50,5.756,1439.06,0.5754
679.9,9.58,5.737,1434.16,0.5733
679.9,9.66,5.718,1429.46,0.5713
679.9,9.74,5.700,1424.93,0.5693
679.9,9.83,5.682,1420.56,0.5674
679.9,9.91,5.665,1416.34,0.5654
679.9,9.99,5.649,1412.26,0.5634
679.9,10.07,5.633,1408.35,0.5615
679.9,10.15,5.619,1404.67,0.5597
679.9,10.23,5.605,1401.19,0.5581
679.9,10.31,5.591,1397.74,0.5566
679.9,10.39,5.577,1394.28,0.5552
679.9,10.47,5.564,1390.89,0.5540
679.9,10.55,5.551,1387.71,0.5528
679.9,10.63,5.539,1384.73,0.5517
679.9,10.71,5.528,1381.92,0.5506
679.9,10.79,5.517,1379.26,0.5495
679.9,10.87,5.507,1376.73,0.5485
679.9,10.95,5.497,1374.29,0.5475
679.9,11.03,5.488,1371.93,0.5466
679.9,11.11,5.479,1369.65,0.5457
679.9,11.19,5.470,1367.41,0.5448
679.9,11.28,5.461,1365.22,0.5439
679.9,11.36,5.452,1363.05,0.5431
679.9,11.44,5.444,1360.89,0.5422
679.9,11.52,5.435,1358.72,0.5414
679.9,11.60,5.426,1356.54,0.5405
679.9,11.68,5.417,1354.30,0.5396
679.9,11.76,5.408,1351.96,0.5386
679.9,11.84,5.398,1349.49,0.5376
679.9,11.92,5.387,1346.86,0.5365
679.9,12.00,5.376,1344.03,0.5352
685.2,0.00,10.581,2645.18,
685.2,0.08,10.394,2598.45,
685.2,0.16,10.199,2549.84,
685.2,0.24,10.003,2500.74,
685.2,0.32,9.807,2451.84,
685.2,0.40,9.613,2403.30,
685.2,0.48,9.421,2355.30,
685.2,0.56,9.232,2308.04,
685.2,0.64,9.047,2261.68,
685.2,0.72,8.866,2216.39,
685.2,0.81,8.689,2172.29,
685.2,0.89,8.518,2129.54,
685.2,0.97,8.353,2088.28,
685.2,1.05,8.195,2048.64,
685.2,1.13,8.043,2010.77,
685.2,1.21,7.899,1974.82,
685.2,1.29,7.764,1940.93,
685.2,1.37,7.637,1909.23,
685.2,1.45,7.519,1879.87,
685.2,1.53,7.412,1852.99,
685.2,1.61,7.315,1828.74,
685.2,1.69,7.229,1807.25,
685.2,1.77,7.156,1788.88,
685.2,1.85,7.097,1774.26,
685.2,1.93,7.055,1763.72,
685.2,2.01,7.030,1757.59,0.6881
685.2,2.09,7.022,1755.58,0.6957
685.2,2.17,7.028,1756.91,0.7033
685.2,2.26,7.035,1758.82,0.7107
685.2,2.34,7.044,1760.90,0.7180
685.2,2.42,7.065,1766.27,0.7252
685.2,2.50,7.100,1775.05,0.7324
685.2,2.58,7.147,1786.79,0.7396
685.2,2.66,7.204,1800.92,0.7466
685.2,2.74,7.268,1816.88,0.7533
685.2,2.82,7.338,1834.39,0.7599
685.2,2.90,7.413,1853.18,0.7662
685.2,2.98,7.492,1872.99,0.7722
685.2,3.06,7.574,1893.54,0.7778
685.2,3.14,7.658,1914.56,0.7832
685.2,3.22,7.743,1935.80,0.7881
685.2,3.30,7.828,1956.97,0.7927
685.2,3.38,7.911,1977.81,0.7968
685.2,3.46,7.992,1998.06,0.8005
685.2,3.54,8.070,2017.43,0.8038
685.2,3.62,8.143,2035.67,0.8065
685.2,3.70,8.210,2052.51,0.8087
685.2,3.79,8.269,2067.33,0.8103
685.2,3.87,8.317,2079.35,0.8113
685.2,3.95,8.352,2088.06,0.8115
685.2,4.03,8.372,2092.96,0.8110
685.2,4.11,8.376,2094.00,0.8096
685.2,4.19,8.367,2091.75,0.8074
685.2,4.27,8.351,2087.78,0.8049
685.2,4.35,8.329,2082.30,0.8021
685.2,4.43,8.301,2075.21,0.7989
685.2,4.51,8.267,2066.65,0.7952
685.2,4.59,8.227,2056.75,0.7912
685.2,4.67,8.182,2045.62,0.7868
685.2,4.75,8.133,2033.32,0.7822
685.2,4.83,8.080,2020.01,0.7774
685.2,4.91,8.023,2005.82,0.7724
685.2,4.99,7.964,1990.90,0.7672
685.2,5.07,7.902,1975.39,0.7619
685.2,5.15,7.838,1959.43,0.7565
685.2,5.23,7.773,1943.15,0.7511
685.2,5.32,7.707,1926.72,0.7456
685.2,5.40,7.641,1910.25,0.7402
685.2,5.48,7.576,1893.90,0.7348
685.2,5.56,7.511,1877.81,0.7295
685.2,5.64,7.448,1862.12,0.7243
685.2,5.72,7.388,1846.98,0.7192
685.2,5.80,7.332,1833.02,0.7145
685.2,5.88,7.283,1820.85,0.7102
685.2,5.96,7.243,1810.84,0.7063
685.2,6.04,7.212,1803.05,0.7030
685.2,6.12,7.183,1795.79,0.6999
685.2,6.20,7.155,1788.65,0.6970
685.2,6.28,7.125,1781.27,0.6941
685.2,6.36,7.095,1773.69,0.6912
685.2,6.44,7.064,1766.12,0.6883
685.2,6.52,7.034,1758.54,0.6854
685.2,6.60,7.004,1750.95,0.6823
685.2,6.68,6.973,1743.30,0.6793
685.2,6.77,6.942,1735.57,0.6762
685.2,6.85,6.911,1727.76,0.6731
685.2,6.93,6.879,1719.86,0.6700
685.2,7.01,6.848,1711.89,0.6669
685.2,7.09,6.815,1703.82,0.6638
685.2,7.17,6.783,1695.67,0.6606
685.2,7.25,6.750,1687.43,0.6574
685.2,7.33,6.716,1679.09,0.6542
685.2,7.41,6.683,1670.66,0.6510
685.2,7.49,6.649,1662.14,0.6478
685.2,7.57,6.614,1653.52,0.6445
685.2,7.65,6.579,1644.79,0.6412
685.2,7.73,6.544,1635.98,0.6379
685.2,7.81,6.509,1627.14,0.6346
685.2,7.89,6.473,1618.33,0.6312
685.2,7.97,6.438,1609.58,0.6278
685.2,8.05,6.404,1600.91,0.6244
685.2,8.13,6.369,1592.30,0.6211
685.2,8.21,6.335,1583.79,0.6180
685.2,8.30,6.302,1575.43,0.6151
685.2,8.38,6.269,1567.26,0.6123
685.2,8.46,6.237,1559.29,0.6094
685.2,8.54,6.206,1551.53,0.6065
685.2,8.62,6.176,1543.97,0.6037
685.2,8.70,6.147,1536.63,0.6009
685.2,8.78,6.118,1529.52,0.5982
685.2,8.86,6.091,1522.63,0.5955
685.2,8.94,6.064,1515.96,0.5929
685.2,9.02,6.038,1509.51,0.5903
685.2,9.10,6.013,1503.27,0.5879
685.2,9.18,5.989,1497.25,0.5854
685.2,9.26,5.966,1491.43,0.5831
685.2,9.34,5.943,1485.83,0.5808
685.2,9.42,5.922,1480.44,0.5786
685.2,9.50,5.901,1475.25,0.5765
685.2,9.58,5.881,1470.27,0.5744
685.2,9.66,5.862,1465.49,0.5724
685.2,9.74,5.844,1460.91,0.5705
685.2,9.83,5.826,1456.49,0.5686
685.2,9.91,5.809,1452.23,0.5667
685.2,9.99,5.792,1448.11,0.5648
685.2,10.07,5.777,1444.16,0.5630
685.2,10.15,5.762,1440.44,0.5613
685.2,10.23,5.747,1436.82,0.5598
685.2,10.31,5.733,1433.20,0.5584
685.2,10.39,5.719,1429.73,0.5571
685.2,10.47,5.706,1426.47,0.5559
685.2,10.55,5.694,1423.40,0.5547
685.2,10.63,5.682,1420.49,0.5535
685.2,10.71,5.671,1417.72,0.5524
685.2,10.79,5.660,1415.07,0.5514
685.2,10.87,5.650,1412.52,0.5504
685.2,10.95,5.640,1410.06,0.5494
685.2,11.03,5.631,1407.67,0.5485
685.2,11.11,5.621,1405.35,0.5476
685.2,11.19,5.612,1403.06,0.5467
685.2,11.28,5.603,1400.81,0.5459
685.2,11.36,5.594,1398.57,0.5450
685.2,11.44,5.585,1396.33,0.5441
685.2,11.52,5.576,1394.08,0.5433
685.2,11.60,5.567,1391.79,0.5424
685.2,11.68,5.558,1389.46,0.5415
685.2,11.76,5.548,1387.06,0.5405
685.2,11.84,5.538,1384.53,0.5395
685.2,11.92,5.527,1381.83,0.5384
685.2,12.00,5.516,1378.95,0.5372
690.6,0.00,10.749,2687.14,
690.6,0.08,10.553,2638.13,
690.6,0.16,10.351,2587.85,
690.6,0.24,10.151,2537.69,
690.6,0.32,9.952,2487.92,
690.6,0.40,9.755,2438.70,
690.6,0.48,9.561,2390.22,
690.6,0.56,9.370,2342.60,
690.6,0.64,9.184,2296.00,
690.6,0.72,9.002,2250.55,
690.6,0.81,8.826,2206.40,
690.6,0.89,8.655,2163.69,
690.6,0.97,8.490,2122.56,
690.6,1.05,8.333,2083.15,
690.6,1.13,8.182,2045.61,
690.6,1.21,8.040,2010.07,
690.6,1.29,7.907,1976.69,
690.6,1.37,7.782,1945.60,
690.6,1.45,7.668,1916.94,
690.6,1.53,7.563,1890.86,
690.6,1.61,7.470,1867.50,
690.6,1.69,7.388,1847.01,
690.6,1.77,7.318,1829.51,
690.6,1.85,7.261,1815.26,
690.6,1.93,7.220,1804.99,
690.6,2.01,7.197,1799.14,0.6888
690.6,2.09,7.190,1797.40,0.6965
690.6,2.17,7.189,1797.36,0.7041
690.6,2.26,7.194,1798.49,0.7116
690.6,2.34,7.213,1803.31,0.7191
690.6,2.42,7.246,1811.39,0.7265
690.6,2.50,7.288,1821.98,0.7338
690.6,2.58,7.339,1834.75,0.7409
690.6,2.66,7.398,1849.42,0.7478
690.6,2.74,7.463,1865.74,0.7545
690.6,2.82,7.534,1883.43,0.7609
690.6,2.90,7.609,1902.22,0.7670
690.6,2.98,7.687,1921.85,0.7728
690.6,3.06,7.768,1942.04,0.7783
690.6,3.14,7.850,1962.53,0.7834
690.6,3.22,7.932,1983.05,0.7881
690.6,3.30,8.013,2003.32,0.7925
690.6,3.38,8.092,2023.09,0.7964
690.6,3.46,8.168,2042.08,0.7998
690.6,3.54,8.240,2060.03,0.8027
690.6,3.62,8.307,2076.65,0.8052
690.6,3.70,8.367,2091.70,0.8071
690.6,3.79,8.420,2104.89,0.8084
690.6,3.87,8.463,2115.77,0.8091
690.6,3.95,8.493,2123.36,0.8091
690.6,4.03,8.508,2127.12,0.8083
690.6,4.11,8.508,2127.00,0.8067
690.6,4.19,8.498,2124.58,0.8046
690.6,4.27,8.482,2120.53,0.8021
690.6,4.35,8.459,2114.86,0.7991
690.6,4.43,8.431,2107.66,0.7957
690.6,4.51,8.396,2098.99,0.7920
690.6,4.59,8.356,2088.97,0.7880
690.6,4.67,8.311,2077.75,0.7837
690.6,4.75,8.262,2065.46,0.7792
690.6,4.83,8.209,2052.25,0.7745
690.6,4.91,8.153,2038.26,0.7696
690.6,4.99,8.095,2023.63,0.7645
690.6,5.07,8.034,2008.50,0.7594
690.6,5.15,7.972,1993.02,0.7542
690.6,5.23,7.909,1977.32,0.7490
690.6,5.32,7.846,1961.55,0.7437
690.6,5.40,7.783,1945.85,0.7385
690.6,5.48,7.721,1930.35,0.7334
690.6,5.56,7.661,1915.21,0.7284
690.6,5.64,7.602,1900.57,0.7236
690.6,5.72,7.546,1886.56,0.7189
690.6,5.80,7.493,1873.32,0.7144
690.6,5.88,7.445,1861.33,0.7103
690.6,5.96,7.406,1851.46,0.7066
690.6,6.04,7.375,1843.79,0.7035
690.6,6.12,7.346,1836.60,0.7005
690.6,6.20,7.317,1829.24,0.6977
690.6,6.28,7.287,1821.77,0.6948
690.6,6.36,7.257,1814.32,0.6919
690.6,6.44,7.227,1806.83,0.6890
690.6,6.52,7.197,1799.27,0.6860
690.6,6.60,7.167,1791.64,0.6830
690.6,6.68,7.136,1783.92,0.6800
690.6,6.77,7.105,1776.13,0.6770
690.6,6.85,7.073,1768.25,0.6740
690.6,6.93,7.041,1760.29,0.6709
690.6,7.01,7.009,1752.24,0.6678
690.6,7.09,6.976,1744.11,0.6647
690.6,7.17,6.944,1735.88,0.6616
690.6,7.25,6.910,1727.57,0.6585
690.6,7.33,6.877,1719.16,0.6553
690.6,7.41,6.843,1710.65,0.6521
690.6,7.49,6.808,1702.05,0.6489
690.6,7.57,6.773,1693.35,0.6457
690.6,7.65,6.738,1684.55,0.6425
690.6,7.73,6.703,1675.65,0.6392
690.6,7.81,6.667,1666.65,0.6359
690.6,7.89,6.630,1657.60,0.6326
690.6,7.97,6.594,1648.59,0.6292
690.6,8.05,6.559,1639.65,0.6259
690.6,8.13,6.523,1630.80,0.6227
690.6,8.21,6.488,1622.09,0.6197
690.6,8.30,6.454,1613.58,0.6167
690.6,8.38,6.421,1605.28,0.6137
690.6,8.46,6.389,1597.19,0.6107
690.6,8.54,6.357,1589.33,0.6078
690.6,8.62,6.327,1581.70,0.6049
690.6,8.70,6.297,1574.29,0.6021
690.6,8.78,6.268,1567.10,0.5994
690.6,8.86,6.241,1560.13,0.5967
690.6,8.94,6.214,1553.38,0.5941
690.6,9.02,6.187,1546.85,0.5916
690.6,9.10,6.162,1540.53,0.5892
690.6,9.18,6.138,1534.42,0.5868
690.6,9.26,6.114,1528.52,0.5844
690.6,9.34,6.091,1522.84,0.5822
690.6,9.42,6.069,1517.36,0.5800
690.6,9.50,6.048,1512.08,0.5779
690.6,9.58,6.028,1507.01,0.5758
690.6,9.66,6.009,1502.14,0.5738
690.6,9.74,5.990,1497.47,0.5719
690.6,9.83,5.972,1493.00,0.5701
690.6,9.91,5.955,1488.69,0.5683
690.6,9.99,5.938,1484.53,0.5665
690.6,10.07,5.922,1480.54,0.5648
690.6,10.15,5.907,1476.74,0.5632
690.6,10.23,5.892,1472.97,0.5618
690.6,10.31,5.878,1469.40,0.5604
690.6,10.39,5.864,1466.04,0.5591
690.6,10.47,5.851,1462.85,0.5579
690.6,10.55,5.839,1459.82,0.5567
690.6,10.63,5.828,1456.92,0.5556
690.6,10.71,5.817,1454.15,0.5545
690.6,10.79,5.806,1451.49,0.5535
690.6,10.87,5.796,1448.92,0.5525
690.6,10.95,5.786,1446.44,0.5516
690.6,11.03,5.776,1444.01,0.5507
690.6,11.11,5.767,1441.63,0.5498
690.6,11.19,5.757,1439.29,0.5489
690.6,11.28,5.748,1436.97,0.5480
690.6,11.36,5.739,1434.65,0.5472
690.6,11.44,5.729,1432.32,0.5463
690.6,11.52,5.720,1429.97,0.5454
690.6,11.60,5.710,1427.57,0.5445
690.6,11.68,5.700,1425.12,0.5436
690.6,11.76,5.690,1422.60,0.5426
690.6,11.84,5.680,1419.99,0.5416
690.6,11.92,5.669,1417.23,0.5406
690.6,12.00,5.657,1414.28,0.5394
696.0,0.00,10.901,2725.31,
696.0,0.08,10.697,2674.16,
696.0,0.16,10.492,2622.88,
696.0,0.24,10.288,2572.00,
696.0,0.32,10.087,2521.66,
696.0,0.40,9.888,2472.00,
696.0,0.48,9.693,2423.16,
696.0,0.56,9.501,2375.28,
696.0,0.64,9.314,2328.51,
696.0,0.72,9.132,2282.99,
696.0,0.81,8.955,2238.86,
696.0,0.89,8.785,2196.27,
696.0,0.97,8.621,2155.35,
696.0,1.05,8.465,2116.25,
696.0,1.13,8.316,2079.11,
696.0,1.21,8.176,2044.07,
696.0,1.29,8.045,2011.28,
696.0,1.37,7.924,1980.88,
696.0,1.45,7.812,1953.00,
696.0,1.53,7.711,1927.80,
696.0,1.61,7.622,1905.41,
696.0,1.69,7.544,1885.98,
696.0,1.77,7.479,1869.65,
696.0,1.85,7.426,1856.56,
696.0,1.93,7.387,1846.86,
696.0,2.01,7.365,1841.29,0.6899
696.0,2.09,7.356,1838.99,0.6977
696.0,2.17,7.358,1839.42,0.7054
696.0,2.26,7.373,1843.15,0.7130
696.0,2.34,7.399,1849.68,0.7205
696.0,2.42,7.435,1858.76,0.7279
696.0,2.50,7.480,1870.10,0.7351
696.0,2.58,7.534,1883.44,0.7421
696.0,2.66,7.594,1898.51,0.7488
696.0,2.74,7.660,1915.04,0.7554
696.0,2.82,7.731,1932.76,0.7616
696.0,2.90,7.806,1951.41,0.7676
696.0,2.98,7.883,1970.71,0.7732
696.0,3.06,7.962,1990.40,0.7784
696.0,3.14,8.041,2010.21,0.7833
696.0,3.22,8.119,2029.87,0.7878
696.0,3.30,8.196,2049.10,0.7919
696.0,3.38,8.271,2067.65,0.7955
696.0,3.46,8.341,2085.24,0.7986
696.0,3.54,8.406,2101.61,0.8013
696.0,3.62,8.466,2116.48,0.8033
696.0,3.70,8.518,2129.59,0.8049
696.0,3.79,8.563,2140.67,0.8058
696.0,3.87,8.598,2149.44,0.8062
696.0,3.95,8.622,2155.59,0.8059
696.0,4.03,8.632,2158.08,0.8049
696.0,4.11,8.630,2157.38,0.8031
696.0,4.19,8.620,2154.91,0.8010
696.0,4.27,8.603,2150.66,0.7984
696.0,4.35,8.579,2144.73,0.7954
696.0,4.43,8.549,2137.27,0.7920
696.0,4.51,8.514,2128.41,0.7883
696.0,4.59,8.473,2118.30,0.7844
696.0,4.67,8.428,2107.08,0.7801
696.0,4.75,8.380,2094.89,0.7757
696.0,4.83,8.327,2081.87,0.7711
696.0,4.91,8.273,2068.17,0.7663
696.0,4.99,8.216,2053.92,0.7615
696.0,5.07,8.157,2039.26,0.7565
696.0,5.15,8.097,2024.35,0.7515
696.0,5.23,8.037,2009.32,0.7465
696.0,5.32,7.977,1994.30,0.7416
696.0,5.40,7.918,1979.46,0.7367
696.0,5.48,7.860,1964.91,0.7318
696.0,5.56,7.803,1950.81,0.7272
696.0,5.64,7.749,1937.30,0.7227
696.0,5.72,7.698,1924.52,0.7184
696.0,5.80,7.650,1912.61,0.7143
696.0,5.88,7.607,1901.71,0.7105
696.0,5.96,7.568,1892.11,0.7071
696.0,6.04,7.538,1884.54,0.7041
696.0,6.12,7.509,1877.26,0.7013
696.0,6.20,7.480,1869.94,0.6984
696.0,6.28,7.450,1862.56,0.6956
696.0,6.36,7.420,1855.11,0.6927
696.0,6.44,7.390,1847.58,0.6898
696.0,6.52,7.360,1839.98,0.6869
696.0,6.60,7.329,1832.30,0.6839
696.0,6.68,7.298,1824.54,0.6810
696.0,6.77,7.267,1816.70,0.6780
696.0,6.85,7.235,1808.77,0.6750
696.0,6.93,7.203,1800.76,0.6720
696.0,7.01,7.171,1792.66,0.6689
696.0,7.09,7.138,1784.47,0.6659
696.0,7.17,7.105,1776.19,0.6628
696.0,7.25,7.071,1767.82,0.6597
696.0,7.33,7.037,1759.36,0.6566
696.0,7.41,7.003,1750.80,0.6535
696.0,7.49,6.969,1742.14,0.6503
696.0,7.57,6.934,1733.38,0.6471
696.0,7.65,6.898,1724.52,0.6439
696.0,7.73,6.862,1715.55,0.6407
696.0,7.81,6.826,1706.48,0.6375
696.0,7.89,6.789,1697.31,0.6342
696.0,7.97,6.752,1688.06,0.6309
696.0,8.05,6.715,1678.86,0.6276
696.0,8.13,6.679,1669.80,0.6245
696.0,8.21,6.644,1660.94,0.6213
696.0,8.30,6.609,1652.32,0.6182
696.0,8.38,6.576,1643.93,0.6152
696.0,8.46,6.543,1635.77,0.6122
696.0,8.54,6.511,1627.83,0.6093
696.0,8.62,6.480,1620.12,0.6065
696.0,8.70,6.451,1612.63,0.6037
696.0,8.78,6.421,1605.37,0.6010
696.0,8.86,6.393,1598.32,0.5984
696.0,8.94,6.366,1591.48,0.5958
696.0,9.02,6.339,1584.87,0.5933
696.0,9.10,6.314,1578.46,0.5908
696.0,9.18,6.289,1572.27,0.5884
696.0,9.26,6.265,1566.29,0.5861
696.0,9.34,6.242,1560.51,0.5839
696.0,9.42,6.220,1554.94,0.5817
696.0,9.50,6.198,1549.58,0.5796
696.0,9.58,6.178,1544.41,0.5776
696.0,9.66,6.158,1539.45,0.5756
696.0,9.74,6.139,1534.68,0.5738
696.0,9.83,6.120,1530.11,0.5720
696.0,9.91,6.103,1525.74,0.5702
696.0,9.99,6.086,1521.54,0.5685
696.0,10.07,6.070,1517.50,0.5669
696.0,10.15,6.054,1513.60,0.5654
696.0,10.23,6.040,1509.92,0.5640
696.0,10.31,6.026,1506.42,0.5626
696.0,10.39,6.012,1503.10,0.5614
696.0,10.47,6.000,1499.93,0.5602
696.0,10.55,5.988,1496.91,0.5590
696.0,10.63,5.976,1494.02,0.5579
696.0,10.71,5.965,1491.24,0.5569
696.0,10.79,5.954,1488.56,0.5559
696.0,10.87,5.944,1485.96,0.5550
696.0,10.95,5.934,1483.43,0.5540
696.0,11.03,5.924,1480.96,0.5531
696.0,11.11,5.914,1478.52,0.5523
696.0,11.19,5.904,1476.11,0.5514
696.0,11.28,5.895,1473.71,0.5505
696.0,11.36,5.885,1471.30,0.5496
696.0,11.44,5.875,1468.87,0.5488
696.0,11.52,5.866,1466.41,0.5479
696.0,11.60,5.856,1463.90,0.5469
696.0,11.68,5.845,1461.32,0.5460
696.0,11.76,5.835,1458.66,0.5450
696.0,11.84,5.824,1455.91,0.5440
696.0,11.92,5.812,1453.04,0.5429
696.0,12.00,5.800,1450.02,0.5418
701.3,0.00,11.037,2759.36,
701.3,0.08,10.828,2707.11,
701.3,0.16,10.621,2655.18,
701.3,0.24,10.415,2603.74,
701.3,0.32,10.212,2552.93,
701.3,0.40,10.012,2502.90,
701.3,0.48,9.815,2453.78,
701.3,0.56,9.623,2405.73,
701.3,0.64,9.435,2358.87,
701.3,0.72,9.253,2313.36,
701.3,0.81,9.077,2269.34,
701.3,0.89,8.908,2226.95,
701.3,0.97,8.745,2186.32,
701.3,1.05,8.590,2147.61,
701.3,1.13,8.444,2110.96,
701.3,1.21,8.306,2076.50,
701.3,1.29,8.178,2044.38,
701.3,1.37,8.059,2014.75,
701.3,1.45,7.951,1987.74,
701.3,1.53,7.854,1963.50,
701.3,1.61,7.769,1942.16,
701.3,1.69,7.696,1923.88,
701.3,1.77,7.635,1908.79,
701.3,1.85,7.588,1897.04,
701.3,1.93,7.555,1888.76,
701.3,2.01,7.536,1884.05,0.6915
701.3,2.09,7.531,1882.85,0.6992
701.3,2.17,7.539,1884.83,0.7069
701.3,2.26,7.559,1889.71,0.7145
701.3,2.34,7.589,1897.21,0.7219
701.3,2.42,7.628,1907.07,0.7292
701.3,2.50,7.676,1919.02,0.7362
701.3,2.58,7.731,1932.79,0.7431
701.3,2.66,7.792,1948.11,0.7497
701.3,2.74,7.859,1964.71,0.7561
701.3,2.82,7.929,1982.33,0.7621
701.3,2.90,8.003,2000.69,0.7679
701.3,2.98,8.078,2019.53,0.7733
701.3,3.06,8.154,2038.57,0.7783
701.3,3.14,8.230,2057.55,0.7829
701.3,3.22,8.305,2076.21,0.7871
701.3,3.30,8.377,2094.26,0.7909
701.3,3.38,8.446,2111.45,0.7942
701.3,3.46,8.510,2127.50,0.7970
701.3,3.54,8.569,2142.14,0.7993
701.3,3.62,8.620,2155.11,0.8010
701.3,3.70,8.665,2166.14,0.8022
701.3,3.79,8.700,2174.96,0.8027
701.3,3.87,8.725,2181.30,0.8027
701.3,3.95,8.740,2184.89,0.8020
701.3,4.03,8.743,2185.65,0.8006
701.3,4.11,8.738,2184.61,0.7988
701.3,4.19,8.727,2181.70,0.7966
701.3,4.27,8.708,2177.07,0.7940
701.3,4.35,8.683,2170.86,0.7910
701.3,4.43,8.653,2163.21,0.7876
701.3,4.51,8.617,2154.25,0.7840
701.3,4.59,8.577,2144.14,0.7801
701.3,4.67,8.532,2133.01,0.7760
701.3,4.75,8.484,2121.01,0.7717
701.3,4.83,8.433,2108.27,0.7672
701.3,4.91,8.380,2094.94,0.7626
701.3,4.99,8.325,2081.16,0.7579
701.3,5.07,8.268,2067.07,0.7532
701.3,5.15,8.211,2052.82,0.7484
701.3,5.23,8.154,2038.53,0.7437
701.3,5.32,8.097,2024.37,0.7390
701.3,5.40,8.042,2010.46,0.7344
701.3,5.48,7.988,1996.95,0.7299
701.3,5.56,7.936,1983.98,0.7256
701.3,5.64,7.887,1971.70,0.7215
701.3,5.72,7.841,1960.23,0.7176
701.3,5.80,7.799,1949.74,0.7139
701.3,5.88,7.761,1940.35,0.7106
701.3,5.96,7.729,1932.22,0.7076
701.3,6.04,7.701,1925.31,0.7049
701.3,6.12,7.672,1918.05,0.7021
701.3,6.20,7.643,1910.72,0.6993
701.3,6.28,7.613,1903.32,0.6965
701.3,6.36,7.583,1895.84,0.6937
701.3,6.44,7.553,1888.29,0.6908
701.3,6.52,7.523,1880.66,0.6879
701.3,6.60,7.492,1872.96,0.6851
701.3,6.68,7.461,1865.17,0.6821
701.3,6.77,7.429,1857.30,0.6792
701.3,6.85,7.397,1849.34,0.6763
701.3,6.93,7.365,1841.30,0.6733
701.3,7.01,7.333,1833.17,0.6703
701.3,7.09,7.300,1824.94,0.6673
701.3,7.17,7.267,1816.63,0.6643
701.3,7.25,7.233,1808.22,0.6613
701.3,7.33,7.199,1799.72,0.6582
701.3,7.41,7.164,1791.12,0.6551
701.3,7.49,7.130,1782.42,0.6520
701.3,7.57,7.094,1773.62,0.6489
701.3,7.65,7.059,1764.72,0.6457
701.3,7.73,7.023,1755.71,0.6425
701.3,7.81,6.986,1746.60,0.6393
701.3,7.89,6.950,1737.38,0.6361
701.3,7.97,6.912,1728.01,0.6329
701.3,8.05,6.874,1718.57,0.6296
701.3,8.13,6.838,1709.41,0.6264
701.3,8.21,6.802,1700.48,0.6233
701.3,8.30,6.767,1691.78,0.6202
701.3,8.38,6.733,1683.32,0.6172
701.3,8.46,6.700,1675.08,0.6142
701.3,8.54,6.668,1667.06,0.6114
701.3,8.62,6.637,1659.27,0.6085
701.3,8.70,6.607,1651.70,0.6058
701.3,8.78,6.577,1644.35,0.6031
701.3,8.86,6.549,1637.21,0.6004
701.3,8.94,6.521,1630.30,0.5979
701.3,9.02,6.494,1623.59,0.5954
701.3,9.10,6.468,1617.10,0.5930
701.3,9.18,6.443,1610.82,0.5906
701.3,9.26,6.419,1604.75,0.5883
701.3,9.34,6.396,1598.88,0.5861
701.3,9.42,6.373,1593.22,0.5839
701.3,9.50,6.351,1587.76,0.5818
701.3,9.58,6.330,1582.50,0.5798
701.3,9.66,6.310,1577.44,0.5779
701.3,9.74,6.290,1572.57,0.5760
701.3,9.83,6.272,1567.90,0.5742
701.3,9.91,6.254,1563.43,0.5725
701.3,9.99,6.237,1559.14,0.5709
701.3,10.07,6.220,1555.09,0.5693
701.3,10.15,6.205,1551.25,0.5679
701.3,10.23,6.190,1547.61,0.5665
701.3,10.31,6.177,1544.14,0.5652
701.3,10.39,6.163,1540.84,0.5640
701.3,10.47,6.151,1537.69,0.5628
701.3,10.55,6.139,1534.67,0.5617
701.3,10.63,6.127,1531.77,0.5607
701.3,10.71,6.116,1528.97,0.5597
701.3,10.79,6.105,1526.26,0.5587
701.3,10.87,6.094,1523.62,0.5578
701.3,10.95,6.084,1521.05,0.5569
701.3,11.03,6.074,1518.51,0.5560
701.3,11.11,6.064,1516.01,0.5551
701.3,11.19,6.054,1513.52,0.5542
701.3,11.28,6.044,1511.03,0.5533
701.3,11.36,6.034,1508.53,0.5525
701.3,11.44,6.024,1505.99,0.5516
701.3,11.52,6.014,1503.41,0.5507
701.3,11.60,6.003,1500.77,0.5497
701.3,11.68,5.992,1498.06,0.5487
701.3,11.76,5.981,1495.25,0.5477
701.3,11.84,5.969,1492.34,0.5467
701.3,11.92,5.957,1489.31,0.5456
701.3,12.00,5.945,1486.14,0.5444
706.7,0.00,11.156,2789.09,
706.7,0.08,10.947,2736.81,
706.7,0.16,10.738,2684.47,
706.7,0.24,10.530,2632.61,
706.7,0.32,10.326,2581.48,
706.7,0.40,10.125,2531.23,
706.7,0.48,9.928,2481.98,
706.7,0.56,9.736,2433.89,
706.7,0.64,9.548,2387.09,
706.7,0.72,9.367,2341.73,
706.7,0.81,9.192,2297.96,
706.7,0.89,9.024,2255.91,
706.7,0.97,8.863,2215.72,
706.7,1.05,8.710,2177.54,
706.7,1.13,8.566,2141.51,
706.7,1.21,8.431,2107.78,
706.7,1.29,8.306,2076.48,
706.7,1.37,8.191,2047.75,
706.7,1.45,8.087,2021.75,
706.7,1.53,7.994,1998.61,
706.7,1.61,7.914,1978.47,
706.7,1.69,7.846,1961.48,
706.7,1.77,7.791,1947.86,
706.7,1.85,7.753,1938.35,
706.7,1.93,7.729,1932.14,
706.7,2.01,7.710,1927.47,0.6935
706.7,2.09,7.706,1926.45,0.7009
706.7,2.17,7.718,1929.50,0.7085
706.7,2.26,7.742,1935.41,0.7160
706.7,2.34,7.775,1943.77,0.7233
706.7,2.42,7.817,1954.31,0.7304
706.7,2.50,7.867,1966.75,0.7373
706.7,2.58,7.923,1980.84,0.7440
706.7,2.66,7.985,1996.30,0.7504
706.7,2.74,8.051,2012.86,0.7566
706.7,2.82,8.121,2030.26,0.7624
706.7,2.90,8.193,2048.22,0.7679
706.7,2.98,8.266,2066.48,0.7730
706.7,3.06,8.339,2084.76,0.7778
706.7,3.14,8.411,2102.81,0.7821
706.7,3.22,8.481,2120.35,0.7860
706.7,3.30,8.548,2137.11,0.7895
706.7,3.38,8.611,2152.82,0.7924
706.7,3.46,8.669,2167.22,0.7949
706.7,3.54,8.720,2180.03,0.7968
706.7,3.62,8.764,2190.99,0.7981
706.7,3.70,8.799,2199.83,0.7989
706.7,3.79,8.825,2206.24,0.7990
706.7,3.87,8.839,2209.77,0.7984
706.7,3.95,8.841,2210.18,0.7971
706.7,4.03,8.835,2208.87,0.7953
706.7,4.11,8.826,2206.58,0.7933
706.7,4.19,8.813,2203.19,0.7910
706.7,4.27,8.793,2198.20,0.7884
706.7,4.35,8.767,2191.73,0.7854
706.7,4.43,8.736,2183.91,0.7821
706.7,4.51,8.700,2174.89,0.7785
706.7,4.59,8.659,2164.80,0.7747
706.7,4.67,8.615,2153.79,0.7707
706.7,4.75,8.568,2142.00,0.7665
706.7,4.83,8.518,2129.57,0.7622
706.7,4.91,8.467,2116.64,0.7578
706.7,4.99,8.413,2103.36,0.7533
706.7,5.07,8.359,2089.86,0.7488
706.7,5.15,8.305,2076.29,0.7442
706.7,5.23,8.251,2062.78,0.7398
706.7,5.32,8.198,2049.49,0.7354
706.7,5.40,8.146,2036.55,0.7311
706.7,5.48,8.096,2024.11,0.7269
706.7,5.56,8.049,2012.29,0.7230
706.7,5.64,8.005,2001.26,0.7192
706.7,5.72,7.965,1991.14,0.7157
706.7,5.80,7.930,1982.55,0.7126
706.7,5.88,7.906,1976.61,0.7102
706.7,5.96,7.891,1972.84,0.7084
706.7,6.04,7.869,1967.25,0.7062
706.7,6.12,7.842,1960.47,0.7036
706.7,6.20,7.813,1953.17,0.7009
706.7,6.28,7.783,1945.78,0.6981
706.7,6.36,7.753,1938.32,0.6954
706.7,6.44,7.723,1930.79,0.6926
706.7,6.52,7.693,1923.17,0.6898
706.7,6.60,7.662,1915.48,0.6869
706.7,6.68,7.631,1907.70,0.6841
706.7,6.77,7.599,1899.84,0.6812
706.7,6.85,7.568,1891.89,0.6784
706.7,6.93,7.535,1883.85,0.6754
706.7,7.01,7.503,1875.73,0.6725
706.7,7.09,7.470,1867.51,0.6696
706.7,7.17,7.437,1859.20,0.6666
706.7,7.25,7.403,1850.80,0.6636
706.7,7.33,7.369,1842.29,0.6606
706.7,7.41,7.335,1833.69,0.6576
706.7,7.49,7.300,1824.99,0.6546
706.7,7.57,7.265,1816.19,0.6515
706.7,7.65,7.229,1807.29,0.6484
706.7,7.73,7.193,1798.27,0.6453
706.7,7.81,7.156,1788.90,0.6421
706.7,7.89,7.115,1778.84,0.6386
706.7,7.97,7.073,1768.13,0.6351
706.7,8.05,7.035,1758.66,0.6319
706.7,8.13,6.998,1749.47,0.6288
706.7,8.21,6.962,1740.48,0.6257
706.7,8.30,6.927,1731.71,0.6226
706.7,8.38,6.893,1723.18,0.6196
706.7,8.46,6.859,1714.86,0.6167
706.7,8.54,6.827,1706.78,0.6138
706.7,8.62,6.796,1698.91,0.6110
706.7,8.70,6.765,1691.27,0.6082
706.7,8.78,6.735,1683.84,0.6056
706.7,8.86,6.707,1676.63,0.6029
706.7,8.94,6.679,1669.63,0.6004
706.7,9.02,6.651,1662.85,0.5979
706.7,9.10,6.625,1656.27,0.5955
706.7,9.18,6.600,1649.91,0.5932
706.7,9.26,6.575,1643.75,0.5909
706.7,9.34,6.551,1637.80,0.5887
706.7,9.42,6.528,1632.05,0.5866
706.7,9.50,6.506,1626.50,0.5845
706.7,9.58,6.485,1621.16,0.5825
706.7,9.66,6.464,1616.01,0.5806
706.7,9.74,6.444,1611.05,0.5788
706.7,9.83,6.425,1606.27,0.5770
706.7,9.91,6.407,1601.67,0.5752
706.7,9.99,6.389,1597.33,0.5736
706.7,10.07,6.373,1593.23,0.5721
706.7,10.15,6.358,1589.41,0.5708
706.7,10.23,6.343,1585.80,0.5694
706.7,10.31,6.329,1582.36,0.5682
706.7,10.39,6.316,1579.07,0.5670
706.7,10.47,6.304,1575.92,0.5659
706.7,10.55,6.292,1572.90,0.5648
706.7,10.63,6.280,1569.98,0.5638
706.7,10.71,6.269,1567.16,0.5628
706.7,10.79,6.258,1564.42,0.5619
706.7,10.87,6.247,1561.74,0.5609
706.7,10.95,6.236,1559.10,0.5600
706.7,11.03,6.226,1556.51,0.5592
706.7,11.11,6.216,1553.93,0.5583
706.7,11.19,6.205,1551.36,0.5574
706.7,11.28,6.195,1548.77,0.5565
706.7,11.36,6.185,1546.16,0.5556
706.7,11.44,6.174,1543.51,0.5547
706.7,11.52,6.163,1540.81,0.5538
706.7,11.60,6.152,1538.03,0.5528
706.7,11.68,6.141,1535.17,0.5518
706.7,11.76,6.129,1532.21,0.5508
706.7,11.84,6.117,1529.14,0.5496
706.7,11.92,6.104,1525.94,0.5484
706.7,12.00,6.090,1522.57,0.5472
712.1,0.00,11.260,2814.93,
712.1,0.08,11.052,2762.90,
712.1,0.16,10.843,2710.79,
712.1,0.24,10.636,2658.88,
712.1,0.32,10.430,2607.60,
712.1,0.40,10.229,2557.28,
712.1,0.48,10.032,2508.07,
712.1,0.56,9.840,2460.10,
712.1,0.64,9.654,2413.53,
712.1,0.72,9.474,2368.49,
712.1,0.81,9.301,2325.13,
712.1,0.89,9.134,2283.59,
712.1,0.97,8.976,2244.00,
712.1,1.05,8.826,2206.52,
712.1,1.13,8.685,2171.29,
712.1,1.21,8.554,2138.44,
712.1,1.29,8.432,2108.12,
712.1,1.37,8.322,2080.48,
712.1,1.45,8.223,2055.65,
712.1,1.53,8.135,2033.78,
712.1,1.61,8.062,2015.40,
712.1,1.69,8.004,2001.02,
712.1,1.77,7.964,1990.90,
712.1,1.85,7.932,1983.11,
712.1,1.93,7.906,1976.53,
712.1,2.01,7.887,1971.63,0.6959
712.1,2.09,7.881,1970.33,0.7030
712.1,2.17,7.893,1973.22,0.7102
712.1,2.26,7.919,1979.74,0.7175
712.1,2.34,7.955,1988.86,0.7246
712.1,2.42,8.000,1999.98,0.7316
712.1,2.50,8.051,2012.82,0.7383
712.1,2.58,8.109,2027.13,0.7448
712.1,2.66,8.171,2042.63,0.7510
712.1,2.74,8.236,2059.05,0.7569
712.1,2.82,8.305,2076.13,0.7625
712.1,2.90,8.374,2093.60,0.7677
712.1,2.98,8.445,2111.18,0.7725
712.1,3.06,8.514,2128.61,0.7770
712.1,3.14,8.583,2145.63,0.7810
712.1,3.22,8.648,2161.95,0.7846
712.1,3.30,8.709,2177.32,0.7876
712.1,3.38,8.766,2191.46,0.7902
712.1,3.46,8.816,2204.11,0.7923
712.1,3.54,8.860,2214.98,0.7938
712.1,3.62,8.895,2223.69,0.7946
712.1,3.70,8.919,2229.83,0.7949
712.1,3.79,8.932,2233.05,0.7944
712.1,3.87,8.933,2233.20,0.7932
712.1,3.95,8.925,2231.19,0.7913
712.1,4.03,8.913,2228.26,0.7892
712.1,4.11,8.898,2224.47,0.7869
712.1,4.19,8.879,2219.85,0.7844
712.1,4.27,8.857,2214.37,0.7817
712.1,4.35,8.831,2207.64,0.7787
712.1,4.43,8.799,2199.66,0.7755
712.1,4.51,8.762,2190.56,0.7719
712.1,4.59,8.722,2180.50,0.7682
712.1,4.67,8.678,2169.61,0.7643
712.1,4.75,8.632,2158.04,0.7602
712.1,4.83,8.584,2145.92,0.7560
712.1,4.91,8.534,2133.39,0.7518
712.1,4.99,8.482,2120.61,0.7475
712.1,5.07,8.431,2107.70,0.7432
712.1,5.15,8.379,2094.82,0.7389
712.1,5.23,8.328,2082.10,0.7347
712.1,5.32,8.279,2069.68,0.7306
712.1,5.40,8.231,2057.71,0.7267
712.1,5.48,8.185,2046.33,0.7228
712.1,5.56,8.143,2035.81,0.7193
712.1,5.64,8.109,2027.18,0.7162
712.1,5.72,8.084,2020.98,0.7137
712.1,5.80,8.070,2017.53,0.7119
712.1,5.88,8.065,2016.37,0.7109
712.1,5.96,8.059,2014.71,0.7098
712.1,6.04,8.040,2010.08,0.7079
712.1,6.12,8.017,2004.21,0.7057
712.1,6.20,7.990,1997.55,0.7032
712.1,6.28,7.961,1990.30,0.7006
712.1,6.36,7.932,1982.90,0.6979
712.1,6.44,7.902,1975.43,0.6952
712.1,6.52,7.871,1967.87,0.6924
712.1,6.60,7.841,1960.23,0.6897
712.1,6.68,7.810,1952.51,0.6869
712.1,6.77,7.779,1944.71,0.6841
712.1,6.85,7.747,1936.82,0.6813
712.1,6.93,7.715,1928.83,0.6785
712.1,7.01,7.683,1920.76,0.6756
712.1,7.09,7.650,1912.60,0.6727
712.1,7.17,7.617,1904.34,0.6698
712.1,7.25,7.584,1895.98,0.6669
712.1,7.33,7.550,1887.53,0.6640
712.1,7.41,7.516,1878.98,0.6610
712.1,7.49,7.481,1870.32,0.6581
712.1,7.57,7.446,1861.48,0.6550
712.1,7.65,7.408,1852.11,0.6518
712.1,7.73,7.368,1842.11,0.6484
712.1,7.81,7.325,1831.30,0.6448
712.1,7.89,7.278,1819.43,0.6410
712.1,7.97,7.234,1808.39,0.6375
712.1,8.05,7.196,1798.96,0.6345
712.1,8.13,7.159,1789.80,0.6314
712.1,8.21,7.123,1780.79,0.6284
712.1,8.30,7.088,1771.97,0.6253
712.1,8.38,7.054,1763.38,0.6224
712.1,8.46,7.020,1755.01,0.6194
712.1,8.54,6.987,1746.86,0.6166
712.1,8.62,6.956,1738.93,0.6138
712.1,8.70,6.925,1731.22,0.6111
712.1,8.78,6.895,1723.73,0.6084
712.1,8.86,6.866,1716.45,0.6058
712.1,8.94,6.838,1709.38,0.6033
712.1,9.02,6.810,1702.53,0.6008
712.1,9.10,6.784,1695.89,0.5984
712.1,9.18,6.758,1689.45,0.5961
712.1,9.26,6.733,1683.22,0.5939
712.1,9.34,6.709,1677.20,0.5917
712.1,9.42,6.685,1671.37,0.5896
712.1,9.50,6.663,1665.75,0.5876
712.1,9.58,6.641,1660.31,0.5856
712.1,9.66,6.620,1655.05,0.5836
712.1,9.74,6.600,1649.95,0.5816
712.1,9.83,6.580,1645.07,0.5797
712.1,9.91,6.562,1640.48,0.5781
712.1,9.99,6.544,1636.09,0.5766
712.1,10.07,6.528,1631.94,0.5753
712.1,10.15,6.512,1628.06,0.5740
712.1,10.23,6.498,1624.44,0.5727
712.1,10.31,6.484,1621.02,0.5715
712.1,10.39,6.471,1617.74,0.5704
712.1,10.47,6.458,1614.59,0.5693
712.1,10.55,6.446,1611.55,0.5682
712.1,10.63,6.434,1608.62,0.5672
712.1,10.71,6.423,1605.76,0.5663
712.1,10.79,6.412,1602.98,0.5654
712.1,10.87,6.401,1600.25,0.5644
712.1,10.95,6.390,1597.56,0.5636
712.1,11.03,6.380,1594.89,0.5627
712.1,11.11,6.369,1592.23,0.5618
712.1,11.19,6.358,1589.57,0.5609
712.1,11.28,6.348,1586.88,0.5600
712.1,11.36,6.337,1584.17,0.5591
712.1,11.44,6.326,1581.40,0.5582
712.1,11.52,6.314,1578.56,0.5573
712.1,11.60,6.303,1575.65,0.5562
712.1,11.68,6.291,1572.64,0.5551
712.1,11.76,6.278,1569.51,0.5539
712.1,11.84,6.265,1566.28,0.5526
712.1,11.92,6.252,1562.92,0.5513
712.1,12.00,6.237,1559.29,0.5502
717.4,0.00,11.349,2837.36,
717.4,0.08,11.143,2785.78,
717.4,0.16,10.936,2734.11,
717.4,0.24,10.731,2682.63,
717.4,0.32,10.527,2631.63,
717.4,0.40,10.326,2581.43,
717.4,0.48,10.130,2532.42,
717.4,0.56,9.939,2484.75,
717.4,0.64,9.754,2438.57,
717.4,0.72,9.576,2394.01,
717.4,0.81,9.405,2351.23,
717.4,0.89,9.241,2310.36,
717.4,0.97,9.086,2271.55,
717.4,1.05,8.940,2234.94,
717.4,1.13,8.803,2200.66,
717.4,1.21,8.675,2168.87,
717.4,1.29,8.559,2139.70,
717.4,1.37,8.454,2113.45,
717.4,1.45,8.363,2090.66,
717.4,1.53,8.287,2071.66,
717.4,1.61,8.227,2056.78,
717.4,1.69,8.184,2045.91,
717.4,1.77,8.146,2036.62,
717.4,1.85,8.114,2028.42,
717.4,1.93,8.087,2021.63,
717.4,2.01,8.066,2016.48,0.6987
717.4,2.09,8.060,2014.90,0.7055
717.4,2.17,8.070,2017.48,0.7123
717.4,2.26,8.095,2023.69,0.7192
717.4,2.34,8.132,2032.96,0.7261
717.4,2.42,8.178,2044.54,0.7328
717.4,2.50,8.231,2057.69,0.7393
717.4,2.58,8.288,2072.12,0.7455
717.4,2.66,8.350,2087.56,0.7515
717.4,2.74,8.415,2103.75,0.7571
717.4,2.82,8.482,2120.41,0.7624
717.4,2.90,8.549,2137.28,0.7673
717.4,2.98,8.616,2154.09,0.7718
717.4,3.06,8.682,2170.57,0.7759
717.4,3.14,8.746,2186.46,0.7796
717.4,3.22,8.806,2201.47,0.7828
717.4,3.30,8.861,2215.35,0.7854
717.4,3.38,8.911,2227.75,0.7876
717.4,3.46,8.953,2238.29,0.7892
717.4,3.54,8.986,2246.59,0.7901
717.4,3.62,9.009,2252.30,0.7904
717.4,3.70,9.020,2255.04,0.7900
717.4,3.79,9.019,2254.84,0.7887
717.4,3.87,9.009,2252.26,0.7868
717.4,3.95,8.995,2248.69,0.7846
717.4,4.03,8.977,2244.32,0.7823
717.4,4.11,8.957,2239.21,0.7797
717.4,4.19,8.934,2233.38,0.7770
717.4,4.27,8.907,2226.84,0.7742
717.4,4.35,8.878,2219.60,0.7711
717.4,4.43,8.846,2211.46,0.7679
717.4,4.51,8.809,2202.30,0.7644
717.4,4.59,8.769,2192.27,0.7608
717.4,4.67,8.726,2181.50,0.7570
717.4,4.75,8.681,2170.14,0.7530
717.4,4.83,8.633,2158.33,0.7490
717.4,4.91,8.585,2146.21,0.7449
717.4,4.99,8.536,2133.93,0.7408
717.4,5.07,8.486,2121.62,0.7368
717.4,5.15,8.438,2109.42,0.7327
717.4,5.23,8.390,2097.48,0.7288
717.4,5.32,8.344,2085.96,0.7250
717.4,5.40,8.302,2075.53,0.7215
717.4,5.48,8.267,2066.86,0.7184
717.4,5.56,8.241,2060.36,0.7158
717.4,5.64,8.226,2056.46,0.7140
717.4,5.72,8.221,2055.27,0.7128
717.4,5.80,8.225,2056.25,0.7124
717.4,5.88,8.232,2058.12,0.7122
717.4,5.96,8.230,2057.38,0.7115
717.4,6.04,8.215,2053.65,0.7100
717.4,6.12,8.195,2048.64,0.7081
717.4,6.20,8.171,2042.78,0.7059
717.4,6.28,8.145,2036.21,0.7035
717.4,6.36,8.116,2029.07,0.7010
717.4,6.44,8.087,2021.70,0.6983
717.4,6.52,8.057,2014.26,0.6957
717.4,6.60,8.027,2006.72,0.6930
717.4,6.68,7.996,1999.11,0.6903
717.4,6.77,7.966,1991.41,0.6876
717.4,6.85,7.934,1983.62,0.6849
717.4,6.93,7.903,1975.74,0.6822
717.4,7.01,7.871,1967.76,0.6794
717.4,7.09,7.839,1959.70,0.6766
717.4,7.17,7.806,1951.54,0.6738
717.4,7.25,7.773,1943.28,0.6710
717.4,7.33,7.740,1934.90,0.6681
717.4,7.41,7.705,1926.17,0.6651
717.4,7.49,7.668,1916.94,0.6620
717.4,7.57,7.628,1907.12,0.6587
717.4,7.65,7.586,1896.62,0.6551
717.4,7.73,7.541,1885.15,0.6513
717.4,7.81,7.490,1872.55,0.6474
717.4,7.89,7.439,1859.84,0.6435
717.4,7.97,7.395,1848.86,0.6401
717.4,8.05,7.358,1839.47,0.6372
717.4,8.13,7.321,1830.33,0.6342
717.4,8.21,7.285,1821.35,0.6313
717.4,8.30,7.250,1812.53,0.6283
717.4,8.38,7.216,1803.90,0.6254
717.4,8.46,7.182,1795.48,0.6225
717.4,8.54,7.149,1787.28,0.6196
717.4,8.62,7.117,1779.29,0.6169
717.4,8.70,7.086,1771.53,0.6142
717.4,8.78,7.056,1763.98,0.6115
717.4,8.86,7.027,1756.65,0.6090
717.4,8.94,6.998,1749.53,0.6065
717.4,9.02,6.970,1742.62,0.6040
717.4,9.10,6.944,1735.92,0.6017
717.4,9.18,6.918,1729.42,0.5994
717.4,9.26,6.893,1723.13,0.5971
717.4,9.34,6.868,1717.03,0.5950
717.4,9.42,6.845,1711.13,0.5929
717.4,9.50,6.822,1705.39,0.5908
717.4,9.58,6.799,1699.83,0.5886
717.4,9.66,6.778,1694.44,0.5865
717.4,9.74,6.757,1689.31,0.5846
717.4,9.83,6.738,1684.48,0.5828
717.4,9.91,6.719,1679.87,0.5813
717.4,9.99,6.702,1675.44,0.5799
717.4,10.07,6.685,1671.23,0.5787
717.4,10.15,6.669,1667.29,0.5775
717.4,10.23,6.654,1663.61,0.5763
717.4,10.31,6.641,1660.15,0.5751
717.4,10.39,6.627,1656.87,0.5740
717.4,10.47,6.615,1653.72,0.5730
717.4,10.55,6.603,1650.67,0.5720
717.4,10.63,6.591,1647.70,0.5710
717.4,10.71,6.579,1644.81,0.5700
717.4,10.79,6.568,1641.98,0.5691
717.4,10.87,6.557,1639.20,0.5682
717.4,10.95,6.546,1636.44,0.5674
717.4,11.03,6.535,1633.70,0.5665
717.4,11.11,6.524,1630.95,0.5656
717.4,11.19,6.513,1628.20,0.5647
717.4,11.28,6.502,1625.41,0.5638
717.4,11.36,6.490,1622.57,0.5629
717.4,11.44,6.479,1619.68,0.5619
717.4,11.52,6.467,1616.70,0.5608
717.4,11.60,6.455,1613.63,0.5596
717.4,11.68,6.442,1610.45,0.5582
717.4,11.76,6.429,1607.17,0.5569
717.4,11.84,6.415,1603.79,0.5556
717.4,11.92,6.401,1600.20,0.5545
717.4,12.00,6.385,1596.30,0.5533
722.8,0.00,11.428,2856.88,
722.8,0.08,11.224,2805.94,
722.8,0.16,11.020,2754.90,
722.8,0.24,10.816,2704.04,
722.8,0.32,10.615,2653.65,
722.8,0.40,10.416,2604.01,
722.8,0.48,10.222,2555.41,
722.8,0.56,10.033,2508.20,
722.8,0.64,9.850,2462.58,
722.8,0.72,9.675,2418.67,
722.8,0.81,9.507,2376.64,
722.8,0.89,9.346,2336.61,
722.8,0.97,9.195,2298.73,
722.8,1.05,9.053,2263.15,
722.8,1.13,8.920,2230.04,
722.8,1.21,8.799,2199.83,
722.8,1.29,8.692,2172.88,
722.8,1.37,8.598,2149.53,
722.8,1.45,8.520,2130.10,
722.8,1.53,8.460,2114.92,
722.8,1.61,8.412,2103.09,
722.8,1.69,8.370,2092.45,
722.8,1.77,8.331,2082.82,
722.8,1.85,8.298,2074.38,
722.8,1.93,8.270,2067.39,
722.8,2.01,8.248,2061.98,0.7020
722.8,2.09,8.240,2060.10,0.7083
722.8,2.17,8.249,2062.36,0.7147
722.8,2.26,8.273,2068.22,0.7212
722.8,2.34,8.309,2077.13,0.7277
722.8,2.42,8.354,2088.52,0.7341
722.8,2.50,8.407,2101.81,0.7403
722.8,2.58,8.465,2116.27,0.7463
722.8,2.66,8.526,2131.55,0.7519
722.8,2.74,8.590,2147.41,0.7572
722.8,2.82,8.654,2163.56,0.7622
722.8,2.90,8.719,2179.74,0.7667
722.8,2.98,8.783,2195.68,0.7709
722.8,3.06,8.844,2211.11,0.7746
722.8,3.14,8.903,2225.74,0.7779
722.8,3.22,8.957,2239.20,0.7806
722.8,3.30,9.004,2251.12,0.7828
722.8,3.38,9.044,2261.12,0.7844
722.8,3.46,9.075,2268.86,0.7854
722.8,3.54,9.096,2273.96,0.7857
722.8,3.62,9.104,2276.09,0.7852
722.8,3.70,9.102,2275.41,0.7840
722.8,3.79,9.089,2272.35,0.7820
722.8,3.87,9.072,2268.10,0.7797
722.8,3.95,9.053,2263.16,0.7773
722.8,4.03,9.030,2257.54,0.7747
722.8,4.11,9.005,2251.29,0.7720
722.8,4.19,8.978,2244.44,0.7691
722.8,4.27,8.948,2236.99,0.7661
722.8,4.35,8.916,2228.96,0.7629
722.8,4.43,8.881,2220.35,0.7597
722.8,4.51,8.844,2211.11,0.7563
722.8,4.59,8.804,2201.11,0.7527
722.8,4.67,8.762,2190.46,0.7490
722.8,4.75,8.717,2179.32,0.7452
722.8,4.83,8.671,2167.83,0.7413
722.8,4.91,8.624,2156.12,0.7374
722.8,4.99,8.577,2144.33,0.7335
722.8,5.07,8.530,2132.62,0.7297
722.8,5.15,8.485,2121.31,0.7259
722.8,5.23,8.444,2111.08,0.7225
722.8,5.32,8.409,2102.35,0.7194
722.8,5.40,8.382,2095.53,0.7168
722.8,5.48,8.364,2091.05,0.7148
722.8,5.56,8.357,2089.31,0.7135
722.8,5.64,8.361,2090.15,0.7130
722.8,5.72,8.372,2093.09,0.7131
722.8,5.80,8.390,2097.61,0.7137
722.8,5.88,8.402,2100.58,0.7140
722.8,5.96,8.403,2100.70,0.7135
722.8,6.04,8.391,2097.83,0.7123
722.8,6.12,8.374,2093.62,0.7107
722.8,6.20,8.354,2088.51,0.7089
722.8,6.28,8.331,2082.63,0.7068
722.8,6.36,8.304,2076.12,0.7044
722.8,6.44,8.276,2069.11,0.7020
722.8,6.52,8.247,2061.82,0.6994
722.8,6.60,8.218,2054.44,0.6968
722.8,6.68,8.188,2046.98,0.6943
722.8,6.77,8.158,2039.43,0.6916
722.8,6.85,8.127,2031.79,0.6890
722.8,6.93,8.096,2024.05,0.6864
722.8,7.01,8.065,2016.23,0.6837
722.8,7.09,8.033,2008.31,0.6810
722.8,7.17,8.001,2000.18,0.6782
722.8,7.25,7.967,1991.68,0.6754
722.8,7.33,7.931,1982.72,0.6724
722.8,7.41,7.893,1973.21,0.6691
722.8,7.49,7.852,1963.06,0.6657
722.8,7.57,7.809,1952.16,0.6621
722.8,7.65,7.761,1940.13,0.6582
722.8,7.73,7.708,1926.98,0.6541
722.8,7.81,7.653,1913.14,0.6499
722.8,7.89,7.602,1900.47,0.6461
722.8,7.97,7.558,1889.54,0.6428
722.8,8.05,7.521,1880.19,0.6400
722.8,8.13,7.484,1871.08,0.6372
722.8,8.21,7.448,1862.12,0.6343
722.8,8.30,7.413,1853.32,0.6315
722.8,8.38,7.379,1844.69,0.6286
722.8,8.46,7.345,1836.25,0.6257
722.8,8.54,7.312,1828.01,0.6229
722.8,8.62,7.280,1819.99,0.6202
722.8,8.70,7.249,1812.18,0.6175
722.8,8.78,7.218,1804.59,0.6149
722.8,8.86,7.189,1797.21,0.6123
722.8,8.94,7.160,1790.04,0.6099
722.8,9.02,7.132,1783.08,0.6075
722.8,9.10,7.105,1776.33,0.6051
722.8,9.18,7.079,1769.78,0.6028
722.8,9.26,7.054,1763.41,0.6006
722.8,9.34,7.029,1757.22,0.5983
722.8,9.42,7.005,1751.21,0.5961
722.8,9.50,6.981,1745.37,0.5939
722.8,9.58,6.959,1739.72,0.5917
722.8,9.66,6.937,1734.36,0.5896
722.8,9.74,6.917,1729.30,0.5879
722.8,9.83,6.898,1724.49,0.5862
722.8,9.91,6.879,1719.85,0.5848
722.8,9.99,6.861,1715.37,0.5835
722.8,10.07,6.844,1711.10,0.5823
722.8,10.15,6.828,1707.12,0.5812
722.8,10.23,6.814,1703.38,0.5801
722.8,10.31,6.799,1699.86,0.5790
722.8,10.39,6.786,1696.53,0.5779
722.8,10.47,6.773,1693.35,0.5769
722.8,10.55,6.761,1690.28,0.5759
722.8,10.63,6.749,1687.28,0.5750
722.8,10.71,6.737,1684.35,0.5740
722.8,10.79,6.726,1681.47,0.5731
722.8,10.87,6.714,1678.62,0.5722
722.8,10.95,6.703,1675.80,0.5714
722.8,11.03,6.692,1672.97,0.5705
722.8,11.11,6.681,1670.14,0.5696
722.8,11.19,6.669,1667.28,0.5687
722.8,11.28,6.657,1664.37,0.5677
722.8,11.36,6.646,1661.41,0.5666
722.8,11.44,6.633,1658.36,0.5654
722.8,11.52,6.621,1655.22,0.5641
722.8,11.60,6.608,1651.98,0.5627
722.8,11.68,6.595,1648.64,0.5614
722.8,11.76,6.581,1645.21,0.5601
722.8,11.84,6.567,1641.63,0.5589
722.8,11.92,6.551,1637.77,0.5577
722.8,12.00,6.534,1633.62,0.5566
728.2,0.00,11.496,2874.00,
728.2,0.08,11.296,2823.88,
728.2,0.16,11.095,2773.65,
728.2,0.24,10.894,2723.60,
728.2,0.32,10.696,2674.01,
728.2,0.40,10.501,2625.17,
728.2,0.48,10.309,2577.34,
728.2,0.56,10.123,2530.83,
728.2,0.64,9.944,2485.93,
728.2,0.72,9.771,2442.85,
728.2,0.81,9.607,2401.72,
728.2,0.89,9.451,2362.70,
728.2,0.97,9.304,2326.06,
728.2,1.05,9.169,2292.16,
728.2,1.13,9.045,2261.32,
728.2,1.21,8.936,2233.88,
728.2,1.29,8.841,2210.16,
728.2,1.37,8.762,2190.49,
728.2,1.45,8.701,2175.17,
728.2,1.53,8.649,2162.20,
728.2,1.61,8.601,2150.33,
728.2,1.69,8.558,2139.46,
728.2,1.77,8.518,2129.58,
728.2,1.85,8.484,2120.99,
728.2,1.93,8.455,2113.79,
728.2,2.01,8.432,2108.10,0.7055
728.2,2.09,8.424,2105.90,0.7113
728.2,2.17,8.431,2107.83,0.7173
728.2,2.26,8.453,2113.32,0.7234
728.2,2.34,8.487,2121.85,0.7295
728.2,2.42,8.531,2132.84,0.7355
728.2,2.50,8.583,2145.75,0.7414
728.2,2.58,8.640,2160.03,0.7470
728.2,2.66,8.700,2175.07,0.7523
728.2,2.74,8.762,2190.49,0.7573
728.2,2.82,8.824,2206.03,0.7619
728.2,2.90,8.886,2221.42,0.7661
728.2,2.98,8.945,2236.32,0.7698
728.2,3.06,9.002,2250.38,0.7731
728.2,3.14,9.053,2263.22,0.7758
728.2,3.22,9.098,2274.48,0.7780
728.2,3.30,9.135,2283.80,0.7796
728.2,3.38,9.163,2290.80,0.7806
728.2,3.46,9.181,2295.13,0.7808
728.2,3.54,9.186,2296.50,0.7802
728.2,3.62,9.181,2295.23,0.7789
728.2,3.70,9.167,2291.72,0.7769
728.2,3.79,9.147,2286.75,0.7746
728.2,3.87,9.125,2281.21,0.7720
728.2,3.95,9.100,2275.10,0.7694
728.2,4.03,9.074,2268.41,0.7666
728.2,4.11,9.045,2261.21,0.7637
728.2,4.19,9.014,2253.52,0.7607
728.2,4.27,8.981,2245.35,0.7576
728.2,4.35,8.947,2236.71,0.7544
728.2,4.43,8.910,2227.60,0.7511
728.2,4.51,8.872,2218.05,0.7477
728.2,4.59,8.832,2208.04,0.7442
728.2,4.67,8.790,2197.52,0.7406
728.2,4.75,8.746,2186.60,0.7369
728.2,4.83,8.702,2175.42,0.7332
728.2,4.91,8.657,2164.16,0.7295
728.2,4.99,8.613,2153.27,0.7259
728.2,5.07,8.573,2143.21,0.7225
728.2,5.15,8.538,2134.38,0.7194
728.2,5.23,8.509,2127.22,0.7168
728.2,5.32,8.489,2122.13,0.7147
728.2,5.40,8.478,2119.55,0.7132
728.2,5.48,8.479,2119.79,0.7124
728.2,5.56,8.490,2122.46,0.7124
728.2,5.64,8.509,2127.18,0.7130
728.2,5.72,8.535,2133.64,0.7142
728.2,5.80,8.559,2139.82,0.7154
728.2,5.88,8.574,2143.61,0.7159
728.2,5.96,8.578,2144.54,0.7158
728.2,6.04,8.570,2142.46,0.7149
728.2,6.12,8.556,2139.00,0.7136
728.2,6.20,8.538,2134.58,0.7120
728.2,6.28,8.517,2129.34,0.7101
728.2,6.36,8.494,2123.42,0.7081
728.2,6.44,8.468,2116.94,0.7058
728.2,6.52,8.440,2110.04,0.7034
728.2,6.60,8.412,2102.88,0.7010
728.2,6.68,8.382,2095.62,0.6985
728.2,6.77,8.353,2088.26,0.6960
728.2,6.85,8.323,2080.82,0.6934
728.2,6.93,8.293,2073.26,0.6909
728.2,7.01,8.262,2065.45,0.6883
728.2,7.09,8.229,2057.32,0.6855
728.2,7.17,8.195,2048.76,0.6827
728.2,7.25,8.159,2039.70,0.6796
728.2,7.33,8.120,2030.03,0.6764
728.2,7.41,8.079,2019.68,0.6729
728.2,7.49,8.034,2008.44,0.6692
728.2,7.57,7.984,1995.99,0.6652
728.2,7.65,7.930,1982.43,0.6611
728.2,7.73,7.872,1967.93,0.6567
728.2,7.81,7.816,1953.91,0.6526
728.2,7.89,7.765,1941.31,0.6489
728.2,7.97,7.722,1930.43,0.6457
728.2,8.05,7.684,1921.12,0.6430
728.2,8.13,7.648,1912.05,0.6403
728.2,8.21,7.612,1903.12,0.6375
728.2,8.30,7.577,1894.34,0.6347
728.2,8.38,7.543,1885.72,0.6319
728.2,8.46,7.509,1877.28,0.6291
728.2,8.54,7.476,1869.03,0.6263
728.2,8.62,7.444,1860.97,0.6236
728.2,8.70,7.413,1853.14,0.6209
728.2,8.78,7.382,1845.51,0.6184
728.2,8.86,7.352,1838.10,0.6159
728.2,8.94,7.324,1830.89,0.6134
728.2,9.02,7.296,1823.89,0.6110
728.2,9.10,7.268,1817.07,0.6086
728.2,9.18,7.242,1810.45,0.6063
728.2,9.26,7.216,1804.00,0.6039
728.2,9.34,7.191,1797.73,0.6016
728.2,9.42,7.167,1791.63,0.5993
728.2,9.50,7.143,1785.76,0.5970
728.2,9.58,7.121,1780.20,0.5949
728.2,9.66,7.100,1774.93,0.5931
728.2,9.74,7.080,1769.91,0.5914
728.2,9.83,7.060,1765.08,0.5899
728.2,9.91,7.042,1760.41,0.5885
728.2,9.99,7.024,1755.89,0.5873
728.2,10.07,7.006,1751.57,0.5862
728.2,10.15,6.990,1747.53,0.5851
728.2,10.23,6.975,1743.74,0.5840
728.2,10.31,6.961,1740.17,0.5830
728.2,10.39,6.947,1736.78,0.5820
728.2,10.47,6.934,1733.54,0.5810
728.2,10.55,6.922,1730.43,0.5800
728.2,10.63,6.910,1727.40,0.5791
728.2,10.71,6.898,1724.42,0.5782
728.2,10.79,6.886,1721.48,0.5773
728.2,10.87,6.874,1718.57,0.5764
728.2,10.95,6.863,1715.66,0.5755
728.2,11.03,6.851,1712.75,0.5746
728.2,11.11,6.839,1709.81,0.5736
728.2,11.19,6.827,1706.82,0.5726
728.2,11.28,6.815,1703.78,0.5715
728.2,11.36,6.803,1700.65,0.5702
728.2,11.44,6.790,1697.43,0.5688
728.2,11.52,6.776,1694.12,0.5674
728.2,11.60,6.763,1690.72,0.5660
728.2,11.68,6.749,1687.22,0.5647
728.2,11.76,6.734,1683.62,0.5634
728.2,11.84,6.719,1679.78,0.5622
728.2,11.92,6.703,1675.67,0.5610
728.2,12.00,6.685,1671.25,0.5600
733.6,0.00,11.557,2889.21,
733.6,0.08,11.360,2840.10,
733.6,0.16,11.164,2790.88,
733.6,0.24,10.967,2741.82,
733.6,0.32,10.773,2693.22,
733.6,0.40,10.581,2645.35,
733.6,0.48,10.394,2598.50,
733.6,0.56,10.212,2552.96,
733.6,0.64,10.036,2509.00,
733.6,0.72,9.868,2466.92,
733.6,0.81,9.708,2427.04,
733.6,0.89,9.559,2389.70,
733.6,0.97,9.421,2355.23,
733.6,1.05,9.296,2323.96,
733.6,1.13,9.185,2296.21,
733.6,1.21,9.089,2272.33,
733.6,1.29,9.011,2252.63,
733.6,1.37,8.948,2237.01,
733.6,1.45,8.892,2222.99,
733.6,1.53,8.840,2210.04,
733.6,1.61,8.792,2198.05,
733.6,1.69,8.748,2186.96,
733.6,1.77,8.708,2176.96,
733.6,1.85,8.673,2168.20,
733.6,1.93,8.643,2160.77,
733.6,2.01,8.619,2154.78,0.7092
733.6,2.09,8.609,2152.25,0.7146
733.6,2.17,8.615,2153.83,0.7202
733.6,2.26,8.636,2158.95,0.7259
733.6,2.34,8.668,2167.08,0.7315
733.6,2.42,8.711,2177.65,0.7371
733.6,2.50,8.760,2190.12,0.7425
733.6,2.58,8.816,2203.94,0.7478
733.6,2.66,8.874,2218.56,0.7527
733.6,2.74,8.934,2233.44,0.7573
733.6,2.82,8.993,2248.16,0.7615
733.6,2.90,9.049,2262.36,0.7652
733.6,2.98,9.103,2275.67,0.7685
733.6,3.06,9.151,2287.73,0.7712
733.6,3.14,9.193,2298.17,0.7733
733.6,3.22,9.227,2306.63,0.7748
733.6,3.30,9.251,2312.74,0.7757
733.6,3.38,9.264,2316.10,0.7758
733.6,3.46,9.266,2316.61,0.7751
733.6,3.54,9.259,2314.63,0.7737
733.6,3.62,9.242,2310.57,0.7716
733.6,3.70,9.220,2304.94,0.7692
733.6,3.79,9.195,2298.74,0.7666
733.6,3.87,9.168,2292.10,0.7638
733.6,3.95,9.140,2285.00,0.7610
733.6,4.03,9.110,2277.42,0.7581
733.6,4.11,9.078,2269.45,0.7551
733.6,4.19,9.044,2261.11,0.7520
733.6,4.27,9.010,2252.40,0.7489
733.6,4.35,8.973,2243.34,0.7456
733.6,4.43,8.936,2233.93,0.7423
733.6,4.51,8.897,2224.18,0.7389
733.6,4.59,8.856,2214.09,0.7355
733.6,4.67,8.815,2203.69,0.7320
733.6,4.75,8.772,2193.06,0.7285
733.6,4.83,8.730,2182.57,0.7250
733.6,4.91,8.691,2172.65,0.7217
733.6,4.99,8.655,2163.72,0.7186
733.6,5.07,8.625,2156.19,0.7159
733.6,5.15,8.602,2150.47,0.7137
733.6,5.23,8.588,2147.00,0.7120
733.6,5.32,8.585,2146.19,0.7110
733.6,5.40,8.593,2148.19,0.7107
733.6,5.48,8.610,2152.52,0.7112
733.6,5.56,8.635,2158.84,0.7123
733.6,5.64,8.667,2166.85,0.7139
733.6,5.72,8.702,2175.56,0.7158
733.6,5.80,8.730,2182.51,0.7173
733.6,5.88,8.748,2187.05,0.7181
733.6,5.96,8.755,2188.74,0.7183
733.6,6.04,8.750,2187.41,0.7177
733.6,6.12,8.739,2184.65,0.7166
733.6,6.20,8.723,2180.87,0.7153
733.6,6.28,8.705,2176.22,0.7136
733.6,6.36,8.683,2170.82,0.7117
733.6,6.44,8.659,2164.81,0.7097
733.6,6.52,8.633,2158.34,0.7075
733.6,6.60,8.606,2151.53,0.7052
733.6,6.68,8.578,2144.52,0.7028
733.6,6.77,8.550,2137.38,0.7004
733.6,6.85,8.520,2130.03,0.6980
733.6,6.93,8.490,2122.40,0.6954
733.6,7.01,8.458,2114.38,0.6927
733.6,7.09,8.424,2105.89,0.6899
733.6,7.17,8.387,2096.84,0.6869
733.6,7.25,8.349,2087.14,0.6836
733.6,7.33,8.307,2076.71,0.6801
733.6,7.41,8.261,2065.21,0.6764
733.6,7.49,8.210,2052.48,0.6724
733.6,7.57,8.155,2038.64,0.6682
733.6,7.65,8.095,2023.85,0.6638
733.6,7.73,8.035,2008.83,0.6594
733.6,7.81,7.980,1994.89,0.6554
733.6,7.89,7.929,1982.37,0.6518
733.6,7.97,7.886,1971.55,0.6487
733.6,8.05,7.849,1962.29,0.6461
733.6,8.13,7.813,1953.26,0.6434
733.6,8.21,7.777,1944.35,0.6407
733.6,8.30,7.742,1935.59,0.6380
733.6,8.38,7.708,1926.99,0.6352
733.6,8.46,7.674,1918.55,0.6325
733.6,8.54,7.641,1910.30,0.6298
733.6,8.62,7.609,1902.23,0.6271
733.6,8.70,7.578,1894.38,0.6245
733.6,8.78,7.547,1886.73,0.6219
733.6,8.86,7.517,1879.28,0.6194
733.6,8.94,7.488,1872.04,0.6169
733.6,9.02,7.460,1864.99,0.6145
733.6,9.10,7.432,1858.12,0.6121
733.6,9.18,7.406,1851.43,0.6096
733.6,9.26,7.380,1844.93,0.6072
733.6,9.34,7.354,1838.59,0.6048
733.6,9.42,7.330,1832.53,0.6025
733.6,9.50,7.307,1826.79,0.6004
733.6,9.58,7.285,1821.33,0.5985
733.6,9.66,7.264,1816.12,0.5968
733.6,9.74,7.244,1811.11,0.5952
733.6,9.83,7.225,1806.27,0.5938
733.6,9.91,7.206,1801.57,0.5924
733.6,9.99,7.188,1797.00,0.5913
733.6,10.07,7.171,1792.63,0.5902
733.6,10.15,7.154,1788.53,0.5892
733.6,10.23,7.139,1784.69,0.5882
733.6,10.31,7.124,1781.06,0.5872
733.6,10.39,7.110,1777.62,0.5862
733.6,10.47,7.097,1774.33,0.5852
733.6,10.55,7.085,1771.16,0.5843
733.6,10.63,7.072,1768.08,0.5834
733.6,10.71,7.060,1765.05,0.5825
733.6,10.79,7.048,1762.05,0.5816
733.6,10.87,7.036,1759.05,0.5807
733.6,10.95,7.024,1756.05,0.5797
733.6,11.03,7.012,1753.02,0.5787
733.6,11.11,7.000,1749.95,0.5776
733.6,11.19,6.987,1746.81,0.5764
733.6,11.28,6.974,1743.59,0.5751
733.6,11.36,6.961,1740.28,0.5736
733.6,11.44,6.948,1736.89,0.5721
733.6,11.52,6.934,1733.41,0.5707
733.6,11.60,6.919,1729.85,0.5694
733.6,11.68,6.905,1726.18,0.5681
733.6,11.76,6.889,1722.34,0.5668
733.6,11.84,6.873,1718.25,0.5656
733.6,11.92,6.856,1713.89,0.5645
733.6,12.00,6.837,1709.22,0.5634
738.9,0.00,11.612,2903.01,
738.9,0.08,11.420,2855.10,
738.9,0.16,11.228,2807.07,
738.9,0.24,11.037,2759.20,
738.9,0.32,10.847,2711.77,
738.9,0.40,10.660,2665.07,
738.9,0.48,10.478,2619.38,
738.9,0.56,10.300,2574.99,
738.9,0.64,10.129,2532.22,
738.9,0.72,9.967,2491.71,
738.9,0.81,9.815,2453.87,
738.9,0.89,9.676,2419.03,
738.9,0.97,9.550,2387.52,
738.9,1.05,9.439,2359.67,
738.9,1.13,9.343,2335.82,
738.9,1.21,9.265,2316.28,
738.9,1.29,9.201,2300.15,
738.9,1.37,9.141,2285.21,
738.9,1.45,9.085,2271.31,
738.9,1.53,9.033,2258.36,
738.9,1.61,8.985,2246.23,
738.9,1.69,8.940,2235.02,
738.9,1.77,8.900,2224.91,
738.9,1.85,8.864,2215.97,
738.9,1.93,8.833,2208.29,
738.9,2.01,8.808,2202.00,0.7132
738.9,2.09,8.796,2199.12,0.7181
738.9,2.17,8.801,2200.33,0.7232
738.9,2.26,8.820,2205.06,0.7284
738.9,2.34,8.851,2212.78,0.7336
738.9,2.42,8.892,2222.92,0.7388
738.9,2.50,8.940,2234.93,0.7438
738.9,2.58,8.993,2248.28,0.7486
738.9,2.66,9.049,2262.31,0.7532
738.9,2.74,9.105,2276.20,0.7573
738.9,2.82,9.158,2289.52,0.7609
738.9,2.90,9.208,2301.92,0.7641
738.9,2.98,9.252,2313.04,0.7667
738.9,3.06,9.290,2322.49,0.7687
738.9,3.14,9.320,2329.93,0.7701
738.9,3.22,9.340,2334.98,0.7708
738.9,3.30,9.349,2337.22,0.7707
738.9,3.38,9.347,2336.74,0.7698
738.9,3.46,9.336,2333.93,0.7683
738.9,3.54,9.317,2329.20,0.7662
738.9,3.62,9.292,2322.95,0.7637
738.9,3.70,9.264,2316.05,0.7609
738.9,3.79,9.235,2308.82,0.7581
738.9,3.87,9.205,2301.26,0.7552
738.9,3.95,9.173,2293.34,0.7523
738.9,4.03,9.140,2285.08,0.7493
738.9,4.11,9.106,2276.52,0.7462
738.9,4.19,9.071,2267.71,0.7431
738.9,4.27,9.035,2258.65,0.7400
738.9,4.35,8.997,2249.34,0.7367
738.9,4.43,8.959,2239.81,0.7335
738.9,4.51,8.920,2230.05,0.7302
738.9,4.59,8.880,2220.07,0.7268
738.9,4.67,8.840,2209.97,0.7235
738.9,4.75,8.801,2200.17,0.7202
738.9,4.83,8.764,2191.10,0.7172
738.9,4.91,8.733,2183.17,0.7144
738.9,4.99,8.707,2176.81,0.7120
738.9,5.07,8.690,2172.43,0.7102
738.9,5.15,8.682,2170.45,0.7089
738.9,5.23,8.685,2171.29,0.7083
738.9,5.32,8.699,2174.82,0.7085
738.9,5.40,8.722,2180.62,0.7095
738.9,5.48,8.753,2188.37,0.7110
738.9,5.56,8.791,2197.74,0.7130
738.9,5.64,8.833,2208.28,0.7155
738.9,5.72,8.871,2217.87,0.7177
738.9,5.80,8.902,2225.53,0.7194
738.9,5.88,8.923,2230.79,0.7205
738.9,5.96,8.933,2233.18,0.7209
738.9,6.04,8.930,2232.54,0.7205
738.9,6.12,8.922,2230.42,0.7197
738.9,6.20,8.909,2227.23,0.7186
738.9,6.28,8.892,2223.11,0.7172
738.9,6.36,8.873,2218.19,0.7155
738.9,6.44,8.850,2212.60,0.7136
738.9,6.52,8.826,2206.49,0.7115
738.9,6.60,8.800,2199.99,0.7093
738.9,6.68,8.773,2193.24,0.7071
738.9,6.77,8.745,2186.23,0.7048
738.9,6.85,8.716,2178.88,0.7023
738.9,6.93,8.684,2171.10,0.6997
738.9,7.01,8.651,2162.80,0.6970
738.9,7.09,8.616,2153.89,0.6940
738.9,7.17,8.577,2144.29,0.6908
738.9,7.25,8.535,2133.87,0.6873
738.9,7.33,8.489,2122.22,0.6836
738.9,7.41,8.437,2109.34,0.6796
738.9,7.49,8.381,2095.37,0.6754
738.9,7.57,8.322,2080.45,0.6711
738.9,7.65,8.260,2064.88,0.6666
738.9,7.73,8.200,2049.95,0.6623
738.9,7.81,8.144,2036.10,0.6583
738.9,7.89,8.095,2023.65,0.6548
738.9,7.97,8.052,2012.90,0.6518
738.9,8.05,8.015,2003.69,0.6492
738.9,8.13,7.979,1994.69,0.6466
738.9,8.21,7.943,1985.82,0.6440
738.9,8.30,7.908,1977.09,0.6413
738.9,8.38,7.874,1968.50,0.6386
738.9,8.46,7.840,1960.07,0.6359
738.9,8.54,7.807,1951.82,0.6332
738.9,8.62,7.775,1943.75,0.6306
738.9,8.70,7.744,1935.88,0.6280
738.9,8.78,7.713,1928.22,0.6254
738.9,8.86,7.683,1920.75,0.6229
738.9,8.94,7.654,1913.48,0.6204
738.9,9.02,7.626,1906.40,0.6179
738.9,9.10,7.598,1899.49,0.6154
738.9,9.18,7.571,1892.76,0.6129
738.9,9.26,7.545,1886.22,0.6104
738.9,9.34,7.520,1880.00,0.6081
738.9,9.42,7.496,1874.09,0.6060
738.9,9.50,7.474,1868.46,0.6041
738.9,9.58,7.452,1863.09,0.6023
738.9,9.66,7.432,1857.92,0.6007
738.9,9.74,7.412,1852.91,0.5992
738.9,9.83,7.392,1848.04,0.5978
738.9,9.91,7.373,1843.31,0.5966
738.9,9.99,7.355,1838.70,0.5954
738.9,10.07,7.337,1834.28,0.5944
738.9,10.15,7.321,1830.13,0.5934
738.9,10.23,7.305,1826.24,0.5924
738.9,10.31,7.290,1822.56,0.5914
738.9,10.39,7.276,1819.07,0.5905
738.9,10.47,7.263,1815.72,0.5896
738.9,10.55,7.250,1812.50,0.5886
738.9,10.63,7.237,1809.36,0.5877
738.9,10.71,7.225,1806.26,0.5868
738.9,10.79,7.213,1803.17,0.5859
738.9,10.87,7.200,1800.06,0.5849
738.9,10.95,7.188,1796.93,0.5838
738.9,11.03,7.175,1793.76,0.5827
738.9,11.11,7.162,1790.52,0.5814
738.9,11.19,7.149,1787.20,0.5800
738.9,11.28,7.135,1783.79,0.5785
738.9,11.36,7.121,1780.31,0.5770
738.9,11.44,7.107,1776.75,0.5756
738.9,11.52,7.092,1773.10,0.5742
738.9,11.60,7.077,1769.36,0.5729
738.9,11.68,7.062,1765.49,0.5716
738.9,11.76,7.046,1761.39,0.5703
738.9,11.84,7.028,1757.05,0.5691
738.9,11.92,7.010,1752.44,0.5680
738.9,12.00,6.990,1747.54,0.5669
744.3,0.00,11.664,2915.91,
744.3,0.08,11.478,2869.38,
744.3,0.16,11.291,2822.73,
744.3,0.24,11.105,2776.22,
744.3,0.32,10.921,2730.16,
744.3,0.40,10.739,2684.81,
744.3,0.48,10.562,2640.47,
744.3,0.56,10.390,2597.42,
744.3,0.64,10.226,2556.48,
744.3,0.72,10.073,2518.33,
744.3,0.81,9.933,2483.32,
744.3,0.89,9.807,2451.78,
744.3,0.97,9.696,2424.03,
744.3,1.05,9.602,2400.40,
744.3,1.13,9.525,2381.18,
744.3,1.21,9.457,2364.34,
744.3,1.29,9.395,2348.63,
744.3,1.37,9.336,2333.92,
744.3,1.45,9.280,2320.12,
744.3,1.53,9.229,2307.14,
744.3,1.61,9.180,2294.91,
744.3,1.69,9.135,2283.64,
744.3,1.77,9.094,2273.39,
744.3,1.85,9.057,2264.26,
744.3,1.93,9.025,2256.33,
744.3,2.01,8.999,2249.71,0.7173
744.3,2.09,8.986,2246.47,0.7217
744.3,2.17,8.989,2247.29,0.7263
744.3,2.26,9.006,2251.62,0.7311
744.3,2.34,9.036,2258.90,0.7358
744.3,2.42,9.074,2268.59,0.7405
744.3,2.50,9.121,2280.14,0.7451
744.3,2.58,9.172,2292.96,0.7495
744.3,2.66,9.223,2305.84,0.7535
744.3,2.74,9.273,2318.13,0.7570
744.3,2.82,9.318,2329.46,0.7600
744.3,2.90,9.358,2339.46,0.7624
744.3,2.98,9.391,2347.77,0.7643
744.3,3.06,9.416,2354.01,0.7655
744.3,3.14,9.431,2357.82,0.7660
744.3,3.22,9.435,2358.79,0.7657
744.3,3.30,9.429,2357.21,0.7646
744.3,3.38,9.414,2353.45,0.7629
744.3,3.46,9.392,2347.94,0.7607
744.3,3.54,9.364,2341.05,0.7581
744.3,3.62,9.334,2333.40,0.7553
744.3,3.70,9.302,2325.54,0.7523
744.3,3.79,9.270,2317.47,0.7494
744.3,3.87,9.237,2309.17,0.7464
744.3,3.95,9.203,2300.64,0.7434
744.3,4.03,9.167,2291.85,0.7403
744.3,4.11,9.132,2282.90,0.7372
744.3,4.19,9.095,2273.80,0.7341
744.3,4.27,9.058,2264.57,0.7310
744.3,4.35,9.021,2255.21,0.7278
744.3,4.43,8.983,2245.74,0.7247
744.3,4.51,8.945,2236.15,0.7215
744.3,4.59,8.906,2226.51,0.7183
744.3,4.67,8.869,2217.28,0.7152
744.3,4.75,8.836,2208.93,0.7124
744.3,4.83,8.808,2201.90,0.7099
744.3,4.91,8.786,2196.58,0.7078
744.3,4.99,8.774,2193.42,0.7063
744.3,5.07,8.771,2192.82,0.7054
744.3,5.15,8.780,2195.12,0.7053
744.3,5.23,8.800,2200.00,0.7059
744.3,5.32,8.828,2207.09,0.7072
744.3,5.40,8.864,2216.07,0.7092
744.3,5.48,8.907,2226.63,0.7116
744.3,5.56,8.954,2238.43,0.7144
744.3,5.64,9.001,2250.17,0.7172
744.3,5.72,9.042,2260.43,0.7196
744.3,5.80,9.075,2268.74,0.7216
744.3,5.88,9.099,2274.66,0.7230
744.3,5.96,9.111,2277.70,0.7236
744.3,6.04,9.111,2277.70,0.7235
744.3,6.12,9.105,2276.18,0.7229
744.3,6.20,9.094,2273.52,0.7219
744.3,6.28,9.080,2269.88,0.7207
744.3,6.36,9.062,2265.38,0.7191
744.3,6.44,9.041,2260.16,0.7174
744.3,6.52,9.017,2254.36,0.7155
744.3,6.60,8.993,2248.13,0.7134
744.3,6.68,8.966,2241.58,0.7112
744.3,6.77,8.939,2234.65,0.7090
744.3,6.85,8.909,2227.23,0.7065
744.3,6.93,8.877,2219.25,0.7039
744.3,7.01,8.842,2210.61,0.7010
744.3,7.09,8.805,2201.22,0.6979
744.3,7.17,8.764,2190.88,0.6944
744.3,7.25,8.717,2179.21,0.6907
744.3,7.33,8.665,2166.32,0.6868
744.3,7.41,8.609,2152.35,0.6827
744.3,7.49,8.550,2137.43,0.6783
744.3,7.57,8.487,2121.72,0.6738
744.3,7.65,8.424,2106.12,0.6694
744.3,7.73,8.365,2091.29,0.6652
744.3,7.81,8.310,2077.55,0.6613
744.3,7.89,8.261,2065.18,0.6579
744.3,7.97,8.218,2054.49,0.6549
744.3,8.05,8.181,2045.33,0.6524
744.3,8.13,8.146,2036.38,0.6499
744.3,8.21,8.110,2027.54,0.6473
744.3,8.30,8.075,2018.83,0.6447
744.3,8.38,8.041,2010.26,0.6420
744.3,8.46,8.007,2001.85,0.6393
744.3,8.54,7.974,1993.60,0.6367
744.3,8.62,7.942,1985.53,0.6341
744.3,8.70,7.911,1977.67,0.6315
744.3,8.78,7.880,1970.00,0.6289
744.3,8.86,7.850,1962.53,0.6264
744.3,8.94,7.821,1955.24,0.6238
744.3,9.02,7.793,1948.14,0.6213
744.3,9.10,7.765,1941.21,0.6187
744.3,9.18,7.738,1934.51,0.6161
744.3,9.26,7.713,1928.15,0.6138
744.3,9.34,7.688,1922.09,0.6117
744.3,9.42,7.665,1916.31,0.6098
744.3,9.50,7.643,1910.78,0.6080
744.3,9.58,7.622,1905.46,0.6064
744.3,9.66,7.601,1900.31,0.6048
744.3,9.74,7.581,1895.29,0.6034
744.3,9.83,7.562,1890.41,0.6020
744.3,9.91,7.543,1885.65,0.6008
744.3,9.99,7.524,1881.01,0.5997
744.3,10.07,7.506,1876.53,0.5987
744.3,10.15,7.489,1872.33,0.5977
744.3,10.23,7.474,1868.39,0.5968
744.3,10.31,7.459,1864.66,0.5958
744.3,10.39,7.444,1861.11,0.5949
744.3,10.47,7.431,1857.72,0.5939
744.3,10.55,7.418,1854.44,0.5930
744.3,10.63,7.405,1851.23,0.5921
744.3,10.71,7.392,1848.03,0.5911
744.3,10.79,7.379,1844.81,0.5901
744.3,10.87,7.366,1841.57,0.5890
744.3,10.95,7.353,1838.29,0.5878
744.3,11.03,7.340,1834.94,0.5865
744.3,11.11,7.326,1831.50,0.5850
744.3,11.19,7.312,1827.99,0.5835
744.3,11.28,7.298,1824.41,0.5820
744.3,11.36,7.283,1820.76,0.5806
744.3,11.44,7.268,1817.02,0.5792
744.3,11.52,7.253,1813.19,0.5778
744.3,11.60,7.237,1809.25,0.5765
744.3,11.68,7.221,1805.13,0.5752
744.3,11.76,7.203,1800.79,0.5739
744.3,11.84,7.185,1796.21,0.5727
744.3,11.92,7.165,1791.35,0.5716
744.3,12.00,7.145,1786.21,0.5705
749.7,0.00,11.714,2928.40,
749.7,0.08,11.534,2883.44,
749.7,0.16,11.353,2838.35,
749.7,0.24,11.174,2793.40,
749.7,0.32,10.996,2748.89,
749.7,0.40,10.820,2705.08,
749.7,0.48,10.649,2662.28,
749.7,0.56,10.485,2621.14,
749.7,0.64,10.332,2582.89,
749.7,0.72,10.192,2547.90,
749.7,0.81,10.066,2516.52,
749.7,0.89,9.956,2489.06,
749.7,0.97,9.863,2465.85,
749.7,1.05,9.787,2446.79,
749.7,1.13,9.717,2429.35,
749.7,1.21,9.652,2412.99,
749.7,1.29,9.590,2397.61,
749.7,1.37,9.532,2383.11,
749.7,1.45,9.478,2369.39,
749.7,1.53,9.425,2356.37,
749.7,1.61,9.376,2344.12,
749.7,1.69,9.331,2332.76,
749.7,1.77,9.289,2322.37,
749.7,1.85,9.252,2313.03,
749.7,1.93,9.219,2304.82,
749.7,2.01,9.191,2297.86,0.7215
749.7,2.09,9.177,2294.25,0.7254
749.7,2.17,9.179,2294.67,0.7295
749.7,2.26,9.194,2298.57,0.7337
749.7,2.34,9.222,2305.42,0.7380
749.7,2.42,9.259,2314.64,0.7422
749.7,2.50,9.303,2325.70,0.7463
749.7,2.58,9.350,2337.42,0.7502
749.7,2.66,9.394,2348.51,0.7535
749.7,2.74,9.434,2358.60,0.7563
749.7,2.82,9.469,2367.32,0.7585
749.7,2.90,9.497,2374.31,0.7602
749.7,2.98,9.517,2379.20,0.7611
749.7,3.06,9.526,2381.56,0.7614
749.7,3.14,9.525,2381.15,0.7608
749.7,3.22,9.513,2378.34,0.7595
749.7,3.30,9.494,2373.53,0.7576
749.7,3.38,9.468,2367.10,0.7553
749.7,3.46,9.438,2359.47,0.7525
749.7,3.54,9.404,2351.08,0.7496
749.7,3.62,9.370,2342.54,0.7466
749.7,3.70,9.336,2333.91,0.7435
749.7,3.79,9.301,2325.18,0.7404
749.7,3.87,9.265,2316.34,0.7374
749.7,3.95,9.229,2307.36,0.7343
749.7,4.03,9.193,2298.25,0.7313
749.7,4.11,9.156,2289.08,0.7282
749.7,4.19,9.120,2279.89,0.7252
749.7,4.27,9.083,2270.67,0.7221
749.7,4.35,9.046,2261.45,0.7190
749.7,4.43,9.009,2252.22,0.7160
749.7,4.51,8.972,2242.99,0.7130
749.7,4.59,8.937,2234.21,0.7101
749.7,4.67,8.906,2226.47,0.7074
749.7,4.75,8.881,2220.21,0.7052
749.7,4.83,8.863,2215.83,0.7034
749.7,4.91,8.855,2213.76,0.7022
749.7,4.99,8.858,2214.41,0.7017
749.7,5.07,8.872,2217.97,0.7019
749.7,5.15,8.896,2224.02,0.7029
749.7,5.23,8.929,2232.22,0.7046
749.7,5.32,8.969,2242.26,0.7069
749.7,5.40,9.015,2253.82,0.7096
749.7,5.48,9.066,2266.57,0.7127
749.7,5.56,9.119,2279.86,0.7160
749.7,5.64,9.169,2292.21,0.7190
749.7,5.72,9.212,2303.09,0.7217
749.7,5.80,9.248,2312.01,0.7239
749.7,5.88,9.274,2318.53,0.7255
749.7,5.96,9.289,2322.17,0.7263
749.7,6.04,9.291,2322.76,0.7264
749.7,6.12,9.287,2321.77,0.7260
749.7,6.20,9.278,2319.59,0.7252
749.7,6.28,9.266,2316.38,0.7241
749.7,6.36,9.249,2312.25,0.7227
749.7,6.44,9.229,2307.34,0.7211
749.7,6.52,9.207,2301.81,0.7193
749.7,6.60,9.183,2295.85,0.7173
749.7,6.68,9.158,2289.45,0.7152
749.7,6.77,9.130,2282.52,0.7129
749.7,6.85,9.100,2274.98,0.7104
749.7,6.93,9.067,2266.72,0.7077
749.7,7.01,9.031,2257.68,0.7047
749.7,7.09,8.990,2247.48,0.7013
749.7,7.17,8.944,2235.94,0.6977
749.7,7.25,8.893,2223.18,0.6939
749.7,7.33,8.837,2209.34,0.6898
749.7,7.41,8.778,2194.57,0.6856
749.7,7.49,8.716,2178.99,0.6811
749.7,7.57,8.652,2163.06,0.6766
749.7,7.65,8.590,2147.59,0.6723
749.7,7.73,8.532,2132.88,0.6682
749.7,7.81,8.477,2119.23,0.6644
749.7,7.89,8.428,2106.95,0.6610
749.7,7.97,8.385,2096.33,0.6581
749.7,8.05,8.349,2087.22,0.6556
749.7,8.13,8.313,2078.31,0.6532
749.7,8.21,8.278,2069.51,0.6506
749.7,8.30,8.243,2060.83,0.6480
749.7,8.38,8.209,2052.29,0.6454
749.7,8.46,8.176,2043.89,0.6427
749.7,8.54,8.143,2035.65,0.6401
749.7,8.62,8.110,2027.60,0.6375
749.7,8.70,8.079,2019.76,0.6349
749.7,8.78,8.048,2012.10,0.6323
749.7,8.86,8.019,2004.63,0.6297
749.7,8.94,7.989,1997.34,0.6271
749.7,9.02,7.961,1990.23,0.6245
749.7,9.10,7.934,1983.41,0.6220
749.7,9.18,7.908,1976.93,0.6197
749.7,9.26,7.883,1970.75,0.6176
749.7,9.34,7.859,1964.84,0.6156
749.7,9.42,7.837,1959.18,0.6138
749.7,9.50,7.815,1953.72,0.6121
749.7,9.58,7.794,1948.43,0.6106
749.7,9.66,7.773,1943.29,0.6091
749.7,9.74,7.753,1938.28,0.6077
749.7,9.83,7.734,1933.38,0.6064
749.7,9.91,7.714,1928.60,0.6052
749.7,9.99,7.696,1923.91,0.6041
749.7,10.07,7.678,1919.38,0.6031
749.7,10.15,7.661,1915.14,0.6021
749.7,10.23,7.645,1911.14,0.6012
749.7,10.31,7.629,1907.36,0.6002
749.7,10.39,7.615,1903.77,0.5993
749.7,10.47,7.601,1900.32,0.5983
749.7,10.55,7.588,1896.98,0.5974
749.7,10.63,7.575,1893.66,0.5964
749.7,10.71,7.561,1890.32,0.5954
749.7,10.79,7.548,1886.96,0.5942
749.7,10.87,7.534,1883.55,0.5930
749.7,10.95,7.520,1880.08,0.5916
749.7,11.03,7.506,1876.52,0.5901
749.7,11.11,7.492,1872.90,0.5885
749.7,11.19,7.477,1869.22,0.5870
749.7,11.28,7.462,1865.45,0.5856
749.7,11.36,7.446,1861.61,0.5842
749.7,11.44,7.431,1857.68,0.5828
749.7,11.52,7.415,1853.65,0.5814
749.7,11.60,7.398,1849.48,0.5801
749.7,11.68,7.380,1845.12,0.5788
749.7,11.76,7.362,1840.54,0.5775
749.7,11.84,7.343,1835.72,0.5763
749.7,11.92,7.323,1830.63,0.5751
749.7,12.00,7.301,1825.24,0.5741
755.0,0.00,11.764,2940.97,
755.0,0.08,11.591,2897.78,
755.0,0.16,11.418,2854.43,
755.0,0.24,11.245,2811.23,
755.0,0.32,11.074,2768.45,
755.0,0.40,10.906,2726.38,
755.0,0.48,10.742,2685.45,
755.0,0.56,10.589,2647.30,
755.0,0.64,10.450,2612.54,
755.0,0.72,10.326,2581.51,
755.0,0.81,10.218,2554.54,
755.0,0.89,10.128,2531.96,
755.0,0.97,10.051,2512.83,
755.0,1.05,9.980,2494.91,
755.0,1.13,9.912,2478.05,
755.0,1.21,9.849,2462.13,
755.0,1.29,9.788,2447.08,
755.0,1.37,9.731,2432.77,
755.0,1.45,9.676,2419.11,
755.0,1.53,9.624,2406.09,
755.0,1.61,9.575,2393.81,
755.0,1.69,9.529,2382.36,
755.0,1.77,9.487,2371.81,
755.0,1.85,9.449,2362.24,
755.0,1.93,9.415,2353.74,
755.0,2.01,9.386,2346.42,0.7257
755.0,2.09,9.370,2342.41,0.7291
755.0,2.17,9.370,2342.42,0.7327
755.0,2.26,9.384,2345.89,0.7364
755.0,2.34,9.409,2352.28,0.7402
755.0,2.42,9.444,2361.02,0.7439
755.0,2.50,9.485,2371.24,0.7475
755.0,2.58,9.524,2380.96,0.7506
755.0,2.66,9.559,2389.64,0.7531
755.0,2.74,9.588,2396.92,0.7551
755.0,2.82,9.610,2402.43,0.7564
755.0,2.90,9.623,2405.80,0.7571
755.0,2.98,9.626,2406.53,0.7570
755.0,3.06,9.618,2404.62,0.7561
755.0,3.14,9.602,2400.47,0.7546
755.0,3.22,9.578,2394.47,0.7525
755.0,3.30,9.548,2387.03,0.7499
755.0,3.38,9.514,2378.53,0.7471
755.0,3.46,9.478,2369.38,0.7440
755.0,3.54,9.440,2360.11,0.7408
755.0,3.62,9.403,2350.87,0.7377
755.0,3.70,9.367,2341.66,0.7346
755.0,3.79,9.330,2332.46,0.7314
755.0,3.87,9.293,2323.25,0.7283
755.0,3.95,9.256,2314.02,0.7253
755.0,4.03,9.219,2304.77,0.7223
755.0,4.11,9.182,2295.57,0.7193
755.0,4.19,9.146,2286.46,0.7163
755.0,4.27,9.110,2277.44,0.7134
755.0,4.35,9.074,2268.53,0.7105
755.0,4.43,9.039,2259.73,0.7076
755.0,4.51,9.005,2251.29,0.7049
755.0,4.59,8.976,2244.05,0.7024
755.0,4.67,8.954,2238.43,0.7004
755.0,4.75,8.939,2234.87,0.6988
755.0,4.83,8.935,2233.77,0.6979
755.0,4.91,8.942,2235.55,0.6977
755.0,4.99,8.961,2240.16,0.6983
755.0,5.07,8.989,2247.19,0.6997
755.0,5.15,9.025,2256.33,0.7017
755.0,5.23,9.069,2267.24,0.7042
755.0,5.32,9.118,2279.62,0.7072
755.0,5.40,9.173,2293.14,0.7105
755.0,5.48,9.230,2307.42,0.7141
755.0,5.56,9.285,2321.36,0.7176
755.0,5.64,9.337,2334.28,0.7209
755.0,5.72,9.383,2345.71,0.7238
755.0,5.80,9.421,2355.19,0.7262
755.0,5.88,9.449,2362.26,0.7279
755.0,5.96,9.466,2366.44,0.7290
755.0,6.04,9.470,2367.57,0.7292
755.0,6.12,9.468,2367.06,0.7290
755.0,6.20,9.461,2365.31,0.7284
755.0,6.28,9.450,2362.47,0.7274
755.0,6.36,9.435,2358.66,0.7262
755.0,6.44,9.416,2354.01,0.7246
755.0,6.52,9.395,2348.76,0.7229
755.0,6.60,9.372,2343.03,0.7210
755.0,6.68,9.347,2336.71,0.7189
755.0,6.77,9.319,2329.73,0.7166
755.0,6.85,9.288,2321.99,0.7140
755.0,6.93,9.254,2313.38,0.7112
755.0,7.01,9.214,2303.43,0.7080
755.0,7.09,9.169,2292.14,0.7045
755.0,7.17,9.119,2279.65,0.7008
755.0,7.25,9.064,2266.08,0.6969
755.0,7.33,9.006,2251.59,0.6927
755.0,7.41,8.945,2236.30,0.6884
755.0,7.49,8.882,2220.43,0.6839
755.0,7.57,8.819,2204.65,0.6795
755.0,7.65,8.757,2189.30,0.6752
755.0,7.73,8.699,2174.71,0.6712
755.0,7.81,8.645,2161.17,0.6674
755.0,7.89,8.596,2148.97,0.6641
755.0,7.97,8.554,2138.42,0.6613
755.0,8.05,8.517,2129.36,0.6589
755.0,8.13,8.482,2120.50,0.6564
755.0,8.21,8.447,2111.74,0.6539
755.0,8.30,8.412,2103.10,0.6513
755.0,8.38,8.378,2094.58,0.6487
755.0,8.46,8.345,2086.19,0.6461
755.0,8.54,8.312,2077.99,0.6435
755.0,8.62,8.280,2069.98,0.6408
755.0,8.70,8.249,2062.16,0.6382
755.0,8.78,8.218,2054.53,0.6356
755.0,8.86,8.188,2047.08,0.6329
755.0,8.94,8.159,2039.83,0.6303
755.0,9.02,8.132,2032.91,0.6278
755.0,9.10,8.105,2026.33,0.6255
755.0,9.18,8.080,2020.04,0.6234
755.0,9.26,8.056,2014.02,0.6215
755.0,9.34,8.033,2008.24,0.6197
755.0,9.42,8.011,2002.67,0.6180
755.0,9.50,7.989,1997.26,0.6164
755.0,9.58,7.968,1992.00,0.6149
755.0,9.66,7.947,1986.87,0.6134
755.0,9.74,7.927,1981.86,0.6121
755.0,9.83,7.908,1976.95,0.6108
755.0,9.91,7.889,1972.14,0.6096
755.0,9.99,7.870,1967.41,0.6086
755.0,10.07,7.851,1962.84,0.6076
755.0,10.15,7.834,1958.54,0.6066
755.0,10.23,7.818,1954.50,0.6056
755.0,10.31,7.803,1950.67,0.6047
755.0,10.39,7.788,1947.03,0.6037
755.0,10.47,7.774,1943.53,0.6027
755.0,10.55,7.760,1940.08,0.6017
755.0,10.63,7.746,1936.61,0.6007
755.0,10.71,7.732,1933.11,0.5995
755.0,10.79,7.718,1929.57,0.5982
755.0,10.87,7.704,1925.96,0.5967
755.0,10.95,7.689,1922.28,0.5952
755.0,11.03,7.674,1918.54,0.5937
755.0,11.11,7.659,1914.74,0.5922
755.0,11.19,7.643,1910.86,0.5907
755.0,11.28,7.628,1906.90,0.5893
755.0,11.36,7.611,1902.86,0.5879
755.0,11.44,7.595,1898.73,0.5865
755.0,11.52,7.578,1894.48,0.5851
755.0,11.60,7.560,1890.07,0.5838
755.0,11.68,7.542,1885.47,0.5824
755.0,11.76,7.523,1880.65,0.5811
755.0,11.84,7.502,1875.59,0.5799
755.0,11.92,7.481,1870.27,0.5787
755.0,12.00,7.459,1864.66,0.5776
760.4,0.00,11.817,2954.14,
760.4,0.08,11.652,2912.89,
760.4,0.16,11.486,2871.49,
760.4,0.24,11.321,2830.21,
760.4,0.32,11.157,2789.36,
760.4,0.40,10.997,2749.21,
760.4,0.48,10.845,2711.34,
760.4,0.56,10.708,2677.00,
760.4,0.64,10.586,2646.53,
760.4,0.72,10.481,2620.25,
760.4,0.81,10.394,2598.44,
760.4,0.89,10.316,2579.05,
760.4,0.97,10.243,2560.79,
760.4,1.05,10.174,2543.56,
760.4,1.13,10.109,2527.26,
760.4,1.21,10.047,2511.77,
760.4,1.29,9.988,2497.01,
760.4,1.37,9.931,2482.87,
760.4,1.45,9.877,2469.27,
760.4,1.53,9.825,2456.26,
760.4,1.61,9.776,2443.94,
760.4,1.69,9.730,2432.38,
760.4,1.77,9.687,2421.65,
760.4,1.85,9.647,2411.84,
760.4,1.93,9.612,2403.03,
760.4,2.01,9.581,2395.35,0.7299
760.4,2.09,9.564,2390.93,0.7328
760.4,2.17,9.562,2390.51,0.7358
760.4,2.26,9.574,2393.53,0.7390
760.4,2.34,9.598,2399.44,0.7422
760.4,2.42,9.630,2407.61,0.7454
760.4,2.50,9.663,2415.80,0.7482
760.4,2.58,9.692,2422.91,0.7505
760.4,2.66,9.714,2428.58,0.7521
760.4,2.74,9.730,2432.44,0.7532
760.4,2.82,9.736,2434.11,0.7535
760.4,2.90,9.732,2433.06,0.7530
760.4,2.98,9.718,2429.53,0.7518
760.4,3.06,9.696,2423.92,0.7499
760.4,3.14,9.666,2416.62,0.7476
760.4,3.22,9.632,2408.03,0.7448
760.4,3.30,9.594,2398.54,0.7418
760.4,3.38,9.554,2388.57,0.7385
760.4,3.46,9.514,2378.52,0.7353
760.4,3.54,9.475,2368.63,0.7320
760.4,3.62,9.436,2358.89,0.7288
760.4,3.70,9.397,2349.28,0.7256
760.4,3.79,9.359,2339.78,0.7225
760.4,3.87,9.322,2330.39,0.7194
760.4,3.95,9.284,2321.10,0.7164
760.4,4.03,9.248,2311.88,0.7134
760.4,4.11,9.211,2302.84,0.7106
760.4,4.19,9.176,2294.00,0.7077
760.4,4.27,9.141,2285.37,0.7050
760.4,4.35,9.108,2276.95,0.7023
760.4,4.43,9.075,2268.86,0.6996
760.4,4.51,9.048,2261.98,0.6973
760.4,4.59,9.028,2256.90,0.6955
760.4,4.67,9.016,2254.02,0.6942
760.4,4.75,9.015,2253.78,0.6935
760.4,4.83,9.026,2256.52,0.6936
760.4,4.91,9.048,2261.99,0.6945
760.4,4.99,9.079,2269.82,0.6962
760.4,5.07,9.119,2279.71,0.6984
760.4,5.15,9.165,2291.32,0.7012
760.4,5.23,9.217,2304.34,0.7044
760.4,5.32,9.274,2318.44,0.7080
760.4,5.40,9.333,2333.31,0.7118
760.4,5.48,9.393,2348.33,0.7156
760.4,5.56,9.451,2362.79,0.7193
760.4,5.64,9.505,2376.22,0.7227
760.4,5.72,9.553,2388.16,0.7258
760.4,5.80,9.593,2398.14,0.7284
760.4,5.88,9.623,2405.70,0.7303
760.4,5.96,9.642,2410.38,0.7315
760.4,6.04,9.648,2411.98,0.7320
760.4,6.12,9.648,2411.91,0.7319
760.4,6.20,9.642,2410.54,0.7314
760.4,6.28,9.632,2408.01,0.7305
760.4,6.36,9.618,2404.46,0.7294
760.4,6.44,9.600,2400.08,0.7279
760.4,6.52,9.581,2395.13,0.7263
760.4,6.60,9.558,2389.55,0.7245
760.4,6.68,9.533,2383.25,0.7224
760.4,6.77,9.505,2376.15,0.7200
760.4,6.85,9.472,2368.03,0.7173
760.4,6.93,9.434,2358.47,0.7143
760.4,7.01,9.390,2347.57,0.7110
760.4,7.09,9.342,2335.48,0.7074
760.4,7.17,9.289,2322.32,0.7036
760.4,7.25,9.233,2308.25,0.6996
760.4,7.33,9.174,2293.38,0.6955
760.4,7.41,9.112,2277.88,0.6911
760.4,7.49,9.048,2262.11,0.6867
760.4,7.57,8.986,2246.47,0.6824
760.4,7.65,8.925,2231.27,0.6782
760.4,7.73,8.867,2216.79,0.6742
760.4,7.81,8.813,2203.35,0.6705
760.4,7.89,8.765,2191.24,0.6672
760.4,7.97,8.723,2180.77,0.6644
760.4,8.05,8.687,2171.77,0.6620
760.4,8.13,8.652,2162.96,0.6596
760.4,8.21,8.617,2154.25,0.6571
760.4,8.30,8.583,2145.63,0.6545
760.4,8.38,8.549,2137.14,0.6519
760.4,8.46,8.515,2128.80,0.6493
760.4,8.54,8.483,2120.64,0.6467
760.4,8.62,8.451,2112.69,0.6441
760.4,8.70,8.420,2104.91,0.6414
760.4,8.78,8.389,2097.32,0.6388
760.4,8.86,8.360,2089.97,0.6361
760.4,8.94,8.332,2082.97,0.6337
760.4,9.02,8.305,2076.30,0.6315
760.4,9.10,8.280,2069.93,0.6294
760.4,9.18,8.255,2063.82,0.6275
760.4,9.26,8.232,2057.94,0.6257
760.4,9.34,8.209,2052.27,0.6240
760.4,9.42,8.187,2046.77,0.6224
760.4,9.50,8.166,2041.41,0.6208
760.4,9.58,8.145,2036.17,0.6193
760.4,9.66,8.124,2031.06,0.6179
760.4,9.74,8.104,2026.04,0.6165
760.4,9.83,8.085,2021.13,0.6153
760.4,9.91,8.065,2016.29,0.6141
760.4,9.99,8.046,2011.52,0.6130
760.4,10.07,8.028,2006.90,0.6121
760.4,10.15,8.010,2002.56,0.6111
760.4,10.23,7.994,1998.47,0.6101
760.4,10.31,7.978,1994.60,0.6091
760.4,10.39,7.964,1990.90,0.6081
760.4,10.47,7.949,1987.31,0.6071
760.4,10.55,7.935,1983.69,0.6060
760.4,10.63,7.920,1980.06,0.6048
760.4,10.71,7.905,1976.37,0.6034
760.4,10.79,7.890,1972.62,0.6019
760.4,10.87,7.875,1968.80,0.6004
760.4,10.95,7.860,1964.93,0.5989
760.4,11.03,7.844,1961.00,0.5974
760.4,11.11,7.828,1957.00,0.5959
760.4,11.19,7.812,1952.92,0.5945
760.4,11.28,7.795,1948.76,0.5930
760.4,11.36,7.778,1944.51,0.5916
760.4,11.44,7.761,1940.16,0.5902
760.4,11.52,7.743,1935.67,0.5888
760.4,11.60,7.724,1931.02,0.5874
760.4,11.68,7.705,1926.19,0.5861
760.4,11.76,7.685,1921.14,0.5848
760.4,11.84,7.663,1915.86,0.5835
760.4,11.92,7.641,1910.30,0.5823
760.4,12.00,7.618,1904.46,0.5811
765.8,0.00,11.874,2968.40,
765.8,0.08,11.717,2929.28,
765.8,0.16,11.560,2890.00,
765.8,0.24,11.403,2850.85,
765.8,0.32,11.248,2812.10,
765.8,0.40,11.099,2774.80,
765.8,0.48,10.964,2741.08,
765.8,0.56,10.845,2711.36,
765.8,0.64,10.744,2685.96,
765.8,0.72,10.659,2664.77,
765.8,0.81,10.581,2645.21,
765.8,0.89,10.507,2626.75,
765.8,0.97,10.437,2609.29,
765.8,1.05,10.371,2592.73,
765.8,1.13,10.308,2576.96,
765.8,1.21,10.248,2561.88,
765.8,1.29,10.190,2547.39,
765.8,1.37,10.134,2533.39,
765.8,1.45,10.079,2519.86,
765.8,1.53,10.027,2506.86,
765.8,1.61,9.978,2494.47,
765.8,1.69,9.931,2482.78,
765.8,1.77,9.887,2471.87,
765.8,1.85,9.847,2461.80,
765.8,1.93,9.811,2452.67,
765.8,2.01,9.778,2444.60,0.7341
765.8,2.09,9.759,2439.76,0.7363
765.8,2.17,9.756,2438.89,0.7388
765.8,2.26,9.766,2441.45,0.7414
765.8,2.34,9.787,2446.87,0.7441
765.8,2.42,9.813,2453.35,0.7466
765.8,2.50,9.835,2458.73,0.7485
765.8,2.58,9.850,2462.62,0.7498
765.8,2.66,9.859,2464.67,0.7504
765.8,2.74,9.858,2464.41,0.7503
765.8,2.82,9.846,2461.46,0.7494
765.8,2.90,9.825,2456.19,0.7478
765.8,2.98,9.796,2449.00,0.7457
765.8,3.06,9.761,2440.28,0.7430
765.8,3.14,9.722,2430.43,0.7400
765.8,3.22,9.679,2419.85,0.7367
765.8,3.30,9.636,2408.93,0.7333
765.8,3.38,9.592,2398.07,0.7299
765.8,3.46,9.550,2387.47,0.7265
765.8,3.54,9.509,2377.15,0.7232
765.8,3.62,9.468,2367.08,0.7199
765.8,3.70,9.429,2357.25,0.7167
765.8,3.79,9.391,2347.65,0.7136
765.8,3.87,9.353,2338.27,0.7106
765.8,3.95,9.316,2329.09,0.7077
765.8,4.03,9.280,2320.10,0.7049
765.8,4.11,9.246,2311.39,0.7022
765.8,4.19,9.212,2303.01,0.6995
765.8,4.27,9.180,2294.94,0.6970
765.8,4.35,9.149,2287.22,0.6945
765.8,4.43,9.122,2280.59,0.6923
765.8,4.51,9.104,2275.92,0.6906
765.8,4.59,9.095,2273.63,0.6895
765.8,4.67,9.096,2274.12,0.6891
765.8,4.75,9.110,2277.62,0.6895
765.8,4.83,9.135,2283.76,0.6906
765.8,4.91,9.169,2292.22,0.6925
765.8,4.99,9.211,2302.67,0.6950
765.8,5.07,9.259,2314.80,0.6980
765.8,5.15,9.313,2328.28,0.7014
765.8,5.23,9.371,2342.79,0.7051
765.8,5.32,9.432,2358.01,0.7090
765.8,5.40,9.494,2373.60,0.7130
765.8,5.48,9.556,2389.08,0.7170
765.8,5.56,9.616,2404.00,0.7209
765.8,5.64,9.672,2417.89,0.7245
765.8,5.72,9.721,2430.28,0.7277
765.8,5.80,9.763,2440.71,0.7305
765.8,5.88,9.795,2448.72,0.7326
765.8,5.96,9.815,2453.84,0.7339
765.8,6.04,9.823,2455.87,0.7345
765.8,6.12,9.825,2456.17,0.7345
765.8,6.20,9.820,2455.12,0.7342
765.8,6.28,9.811,2452.86,0.7334
765.8,6.36,9.798,2449.54,0.7323
765.8,6.44,9.782,2445.49,0.7310
765.8,6.52,9.763,2440.77,0.7294
765.8,6.60,9.741,2435.29,0.7276
765.8,6.68,9.716,2428.95,0.7254
765.8,6.77,9.686,2421.38,0.7229
765.8,6.85,9.649,2412.35,0.7201
765.8,6.93,9.608,2401.98,0.7171
765.8,7.01,9.562,2390.43,0.7137
765.8,7.09,9.511,2377.82,0.7101
765.8,7.17,9.457,2364.29,0.7063
765.8,7.25,9.400,2349.99,0.7023
765.8,7.33,9.340,2335.05,0.6982
765.8,7.41,9.279,2319.63,0.6939
765.8,7.49,9.216,2304.04,0.6896
765.8,7.57,9.154,2288.55,0.6853
765.8,7.65,9.094,2273.49,0.6811
765.8,7.73,9.037,2259.14,0.6772
765.8,7.81,8.983,2245.80,0.6735
765.8,7.89,8.935,2233.78,0.6703
765.8,7.97,8.894,2223.38,0.6675
765.8,8.05,8.858,2214.45,0.6652
765.8,8.13,8.823,2205.69,0.6627
765.8,8.21,8.788,2197.02,0.6603
765.8,8.30,8.754,2188.45,0.6577
765.8,8.38,8.720,2179.99,0.6551
765.8,8.46,8.687,2171.72,0.6525
765.8,8.54,8.655,2163.64,0.6499
765.8,8.62,8.623,2155.74,0.6472
765.8,8.70,8.592,2148.02,0.6445
765.8,8.78,8.562,2140.61,0.6419
765.8,8.86,8.534,2133.56,0.6396
765.8,8.94,8.507,2126.82,0.6374
765.8,9.02,8.482,2120.38,0.6353
765.8,9.10,8.457,2114.20,0.6335
765.8,9.18,8.433,2108.25,0.6317
765.8,9.26,8.410,2102.50,0.6300
765.8,9.34,8.388,2096.92,0.6284
765.8,9.42,8.366,2091.47,0.6268
765.8,9.50,8.345,2086.15,0.6253
765.8,9.58,8.324,2080.95,0.6238
765.8,9.66,8.303,2075.85,0.6224
765.8,9.74,8.283,2070.84,0.6210
765.8,9.83,8.264,2065.91,0.6198
765.8,9.91,8.244,2061.05,0.6186
765.8,9.99,8.225,2056.24,0.6175
765.8,10.07,8.206,2051.58,0.6165
765.8,10.15,8.189,2047.19,0.6155
765.8,10.23,8.172,2043.06,0.6145
765.8,10.31,8.157,2039.13,0.6135
765.8,10.39,8.141,2035.37,0.6124
765.8,10.47,8.126,2031.60,0.6113
765.8,10.55,8.111,2027.81,0.6101
765.8,10.63,8.096,2023.97,0.6087
765.8,10.71,8.080,2020.06,0.6072
765.8,10.79,8.064,2016.11,0.6056
765.8,10.87,8.048,2012.10,0.6041
765.8,10.95,8.032,2008.03,0.6026
765.8,11.03,8.016,2003.89,0.6012
765.8,11.11,7.999,1999.68,0.5997
765.8,11.19,7.982,1995.39,0.5983
765.8,11.28,7.964,1991.01,0.5968
765.8,11.36,7.946,1986.54,0.5954
765.8,11.44,7.928,1981.95,0.5940
765.8,11.52,7.909,1977.24,0.5925
765.8,11.60,7.889,1972.36,0.5911
765.8,11.68,7.869,1967.30,0.5897
765.8,11.76,7.848,1962.02,0.5883
765.8,11.84,7.826,1956.51,0.5870
765.8,11.92,7.803,1950.74,0.5858
765.8,12.00,7.779,1944.67,0.5846
771.1,0.00,11.937,2984.24,
771.1,0.08,11.790,2947.44,
771.1,0.16,11.642,2910.48,
771.1,0.24,11.495,2873.63,
771.1,0.32,11.350,2837.45,
771.1,0.40,11.218,2804.55,
771.1,0.48,11.103,2775.78,
771.1,0.56,11.006,2751.46,
771.1,0.64,10.923,2730.65,
771.1,0.72,10.844,2711.06,
771.1,0.81,10.770,2692.54,
771.1,0.89,10.700,2674.99,
771.1,0.97,10.633,2658.30,
771.1,1.05,10.570,2642.38,
771.1,1.13,10.508,2627.12,
771.1,1.21,10.450,2612.42,
771.1,1.29,10.393,2598.16,
771.1,1.37,10.337,2584.31,
771.1,1.45,10.283,2570.84,
771.1,1.53,10.231,2557.83,
771.1,1.61,10.181,2545.37,
771.1,1.69,10.134,2533.54,
771.1,1.77,10.090,2522.42,
771.1,1.85,10.048,2512.08,
771.1,1.93,10.010,2502.61,
771.1,2.01,9.977,2494.14,0.7381
771.1,2.09,9.955,2488.86,0.7398
771.1,2.17,9.950,2487.53,0.7416
771.1,2.26,9.958,2489.60,0.7437
771.1,2.34,9.976,2493.92,0.7457
771.1,2.42,9.990,2497.40,0.7472
771.1,2.50,9.997,2499.35,0.7481
771.1,2.58,9.998,2499.43,0.7483
771.1,2.66,9.988,2497.03,0.7477
771.1,2.74,9.968,2492.06,0.7464
771.1,2.82,9.940,2484.94,0.7444
771.1,2.90,9.904,2476.05,0.7418
771.1,2.98,9.863,2465.79,0.7388
771.1,3.06,9.818,2454.56,0.7355
771.1,3.14,9.771,2442.76,0.7320
771.1,3.22,9.723,2430.83,0.7284
771.1,3.30,9.676,2419.09,0.7248
771.1,3.38,9.631,2407.69,0.7213
771.1,3.46,9.587,2396.72,0.7179
771.1,3.54,9.545,2386.14,0.7145
771.1,3.62,9.504,2375.94,0.7113
771.1,3.70,9.464,2366.08,0.7081
771.1,3.79,9.426,2356.56,0.7051
771.1,3.87,9.389,2347.36,0.7022
771.1,3.95,9.354,2338.48,0.6994
771.1,4.03,9.320,2329.90,0.6968
771.1,4.11,9.287,2321.72,0.6942
771.1,4.19,9.256,2313.97,0.6918
771.1,4.27,9.227,2306.66,0.6895
771.1,4.35,9.201,2300.21,0.6874
771.1,4.43,9.183,2295.84,0.6858
771.1,4.51,9.176,2293.99,0.6849
771.1,4.59,9.180,2295.10,0.6847
771.1,4.67,9.197,2299.15,0.6853
771.1,4.75,9.223,2305.79,0.6867
771.1,4.83,9.259,2314.69,0.6888
771.1,4.91,9.302,2325.53,0.6914
771.1,4.99,9.352,2337.99,0.6946
771.1,5.07,9.407,2351.74,0.6981
771.1,5.15,9.466,2366.48,0.7019
771.1,5.23,9.527,2381.87,0.7059
771.1,5.32,9.591,2397.66,0.7101
771.1,5.40,9.655,2413.64,0.7142
771.1,5.48,9.718,2429.53,0.7184
771.1,5.56,9.779,2444.86,0.7224
771.1,5.64,9.837,2459.16,0.7262
771.1,5.72,9.888,2471.95,0.7295
771.1,5.80,9.931,2482.78,0.7324
771.1,5.88,9.965,2491.17,0.7346
771.1,5.96,9.987,2496.67,0.7361
771.1,6.04,9.996,2499.08,0.7368
771.1,6.12,9.999,2499.70,0.7369
771.1,6.20,9.996,2498.93,0.7366
771.1,6.28,9.988,2496.88,0.7359
771.1,6.36,9.975,2493.87,0.7349
771.1,6.44,9.961,2490.14,0.7337
771.1,6.52,9.942,2485.59,0.7321
771.1,6.60,9.920,2480.11,0.7303
771.1,6.68,9.893,2473.19,0.7280
771.1,6.77,9.859,2464.81,0.7255
771.1,6.85,9.820,2455.11,0.7227
771.1,6.93,9.777,2444.23,0.7196
771.1,7.01,9.729,2432.30,0.7162
771.1,7.09,9.678,2419.47,0.7126
771.1,7.17,9.623,2405.86,0.7089
771.1,7.25,9.566,2391.61,0.7049
771.1,7.33,9.507,2376.83,0.7008
771.1,7.41,9.447,2361.64,0.6966
771.1,7.49,9.385,2346.22,0.6924
771.1,7.57,9.324,2330.90,0.6881
771.1,7.65,9.264,2315.97,0.6840
771.1,7.73,9.207,2301.75,0.6801
771.1,7.81,9.154,2288.52,0.6765
771.1,7.89,9.106,2276.60,0.6733
771.1,7.97,9.065,2266.27,0.6705
771.1,8.05,9.030,2257.40,0.6682
771.1,8.13,8.995,2248.70,0.6658
771.1,8.21,8.960,2240.08,0.6633
771.1,8.30,8.926,2231.55,0.6607
771.1,8.38,8.893,2223.17,0.6581
771.1,8.46,8.860,2214.98,0.6555
771.1,8.54,8.828,2206.98,0.6529
771.1,8.62,8.797,2199.18,0.6502
771.1,8.70,8.767,2191.74,0.6477
771.1,8.78,8.739,2184.64,0.6454
771.1,8.86,8.711,2177.87,0.6433
771.1,8.94,8.686,2171.38,0.6413
771.1,9.02,8.661,2165.15,0.6394
771.1,9.10,8.637,2159.14,0.6377
771.1,9.18,8.613,2153.33,0.6360
771.1,9.26,8.591,2147.68,0.6344
771.1,9.34,8.569,2142.17,0.6328
771.1,9.42,8.547,2136.78,0.6313
771.1,9.50,8.526,2131.51,0.6298
771.1,9.58,8.505,2126.33,0.6283
771.1,9.66,8.485,2121.25,0.6269
771.1,9.74,8.465,2116.24,0.6256
771.1,9.83,8.445,2111.30,0.6243
771.1,9.91,8.426,2106.42,0.6231
771.1,9.99,8.406,2101.58,0.6220
771.1,10.07,8.387,2096.87,0.6210
771.1,10.15,8.370,2092.44,0.6199
771.1,10.23,8.353,2088.26,0.6189
771.1,10.31,8.337,2084.28,0.6178
771.1,10.39,8.321,2080.36,0.6167
771.1,10.47,8.306,2076.40,0.6154
771.1,10.55,8.290,2072.39,0.6140
771.1,10.63,8.273,2068.33,0.6124
771.1,10.71,8.257,2064.22,0.6109
771.1,10.79,8.240,2060.06,0.6094
771.1,10.87,8.223,2055.84,0.6079
771.1,10.95,8.206,2051.56,0.6064
771.1,11.03,8.189,2047.21,0.6050
771.1,11.11,8.171,2042.78,0.6035
771.1,11.19,8.153,2038.26,0.6021
771.1,11.28,8.135,2033.66,0.6006
771.1,11.36,8.116,2028.95,0.5991
771.1,11.44,8.097,2024.14,0.5977
771.1,11.52,8.077,2019.19,0.5962
771.1,11.60,8.056,2014.09,0.5947
771.1,11.68,8.035,2008.80,0.5933
771.1,11.76,8.013,2003.31,0.5919
771.1,11.84,7.990,1997.57,0.5905
771.1,11.92,7.966,1991.58,0.5892
771.1,12.00,7.941,1985.29,0.5880
776.5,0.00,12.009,3002.17,
776.5,0.08,11.872,2967.88,
776.5,0.16,11.734,2933.42,
776.5,0.24,11.596,2899.07,
776.5,0.32,11.469,2867.19,
776.5,0.40,11.358,2839.56,
776.5,0.48,11.266,2816.47,
776.5,0.56,11.183,2795.84,
776.5,0.64,11.105,2776.36,
776.5,0.72,11.032,2757.91,
776.5,0.81,10.962,2740.40,
776.5,0.89,10.895,2723.73,
776.5,0.97,10.831,2707.79,
776.5,1.05,10.770,2692.41,
776.5,1.13,10.710,2677.50,
776.5,1.21,10.652,2663.05,
776.5,1.29,10.596,2649.02,
776.5,1.37,10.542,2635.38,
776.5,1.45,10.488,2622.10,
776.5,1.53,10.437,2609.14,
776.5,1.61,10.386,2596.59,
776.5,1.69,10.338,2584.60,
776.5,1.77,10.293,2573.25,
776.5,1.85,10.251,2562.63,
776.5,1.93,10.211,2552.81,
776.5,2.01,10.176,2543.92,0.7419
776.5,2.09,10.153,2538.19,0.7430
776.5,2.17,10.146,2536.38,0.7443
776.5,2.26,10.151,2537.83,0.7457
776.5,2.34,10.157,2539.24,0.7467
776.5,2.42,10.156,2539.09,0.7471
776.5,2.50,10.148,2536.99,0.7468
776.5,2.58,10.129,2532.29,0.7457
776.5,2.66,10.101,2525.20,0.7439
776.5,2.74,10.064,2516.10,0.7415
776.5,2.82,10.022,2505.39,0.7385
776.5,2.90,9.974,2493.47,0.7352
776.5,2.98,9.923,2480.80,0.7316
776.5,3.06,9.872,2467.97,0.7278
776.5,3.14,9.821,2455.17,0.7241
776.5,3.22,9.770,2442.53,0.7203
776.5,3.30,9.721,2430.18,0.7166
776.5,3.38,9.673,2418.24,0.7130
776.5,3.46,9.627,2406.85,0.7094
776.5,3.54,9.584,2396.12,0.7061
776.5,3.62,9.544,2385.95,0.7029
776.5,3.70,9.505,2376.25,0.6998
776.5,3.79,9.468,2366.99,0.6969
776.5,3.87,9.433,2358.17,0.6942
776.5,3.95,9.399,2349.77,0.6916
776.5,4.03,9.367,2341.79,0.6891
776.5,4.11,9.337,2334.32,0.6869
776.5,4.19,9.310,2327.39,0.6847
776.5,4.27,9.285,2321.16,0.6827
776.5,4.35,9.268,2316.96,0.6813
776.5,4.43,9.262,2315.45,0.6805
776.5,4.51,9.268,2317.00,0.6804
776.5,4.59,9.286,2321.42,0.6812
776.5,4.67,9.314,2328.38,0.6828
776.5,4.75,9.350,2337.54,0.6850
776.5,4.83,9.394,2348.58,0.6878
776.5,4.91,9.445,2361.19,0.6911
776.5,4.99,9.500,2375.03,0.6947
776.5,5.07,9.559,2389.79,0.6986
776.5,5.15,9.621,2405.24,0.7026
776.5,5.23,9.685,2421.17,0.7068
776.5,5.32,9.749,2437.35,0.7111
776.5,5.40,9.814,2453.57,0.7154
776.5,5.48,9.878,2469.61,0.7196
776.5,5.56,9.941,2485.23,0.7238
776.5,5.64,9.999,2499.87,0.7276
776.5,5.72,10.052,2513.01,0.7311
776.5,5.80,10.097,2524.18,0.7341
776.5,5.88,10.132,2532.91,0.7364
776.5,5.96,10.155,2538.75,0.7380
776.5,6.04,10.166,2541.47,0.7388
776.5,6.12,10.169,2542.37,0.7390
776.5,6.20,10.167,2541.81,0.7388
776.5,6.28,10.160,2540.01,0.7382
776.5,6.36,10.150,2537.38,0.7372
776.5,6.44,10.136,2533.90,0.7360
776.5,6.52,10.117,2529.32,0.7345
776.5,6.60,10.093,2523.19,0.7325
776.5,6.68,10.062,2515.60,0.7303
776.5,6.77,10.027,2506.71,0.7277
776.5,6.85,9.987,2496.64,0.7249
776.5,6.93,9.942,2485.53,0.7218
776.5,7.01,9.894,2473.51,0.7185
776.5,7.09,9.843,2460.69,0.7150
776.5,7.17,9.789,2447.18,0.7113
776.5,7.25,9.732,2433.11,0.7074
776.5,7.33,9.674,2418.58,0.7034
776.5,7.41,9.615,2403.72,0.6993
776.5,7.49,9.555,2388.64,0.6951
776.5,7.57,9.494,2373.51,0.6909
776.5,7.65,9.435,2358.73,0.6869
776.5,7.73,9.379,2344.63,0.6830
776.5,7.81,9.326,2331.52,0.6794
776.5,7.89,9.279,2319.69,0.6762
776.5,7.97,9.238,2309.45,0.6735
776.5,8.05,9.203,2300.64,0.6711
776.5,8.13,9.168,2292.00,0.6687
776.5,8.21,9.134,2283.43,0.6662
776.5,8.30,9.100,2274.97,0.6636
776.5,8.38,9.067,2266.70,0.6610
776.5,8.46,9.034,2258.61,0.6584
776.5,8.54,9.003,2250.78,0.6558
776.5,8.62,8.973,2243.32,0.6534
776.5,8.70,8.945,2236.20,0.6512
776.5,8.78,8.918,2229.40,0.6491
776.5,8.86,8.892,2222.88,0.6472
776.5,8.94,8.866,2216.62,0.6454
776.5,9.02,8.842,2210.57,0.6437
776.5,9.10,8.819,2204.70,0.6420
776.5,9.18,8.796,2198.99,0.6404
776.5,9.26,8.774,2193.44,0.6388
776.5,9.34,8.752,2188.01,0.6373
776.5,9.42,8.731,2182.69,0.6358
776.5,9.50,8.710,2177.47,0.6343
776.5,9.58,8.689,2172.32,0.6328
776.5,9.66,8.669,2167.26,0.6314
776.5,9.74,8.649,2162.25,0.6301
776.5,9.83,8.629,2157.31,0.6288
776.5,9.91,8.610,2152.40,0.6276
776.5,9.99,8.590,2147.53,0.6264
776.5,10.07,8.571,2142.78,0.6253
776.5,10.15,8.553,2138.30,0.6242
776.5,10.23,8.536,2134.08,0.6231
776.5,10.31,8.520,2129.97,0.6220
776.5,10.39,8.503,2125.84,0.6207
776.5,10.47,8.487,2121.66,0.6192
776.5,10.55,8.470,2117.43,0.6177
776.5,10.63,8.453,2113.16,0.6162
776.5,10.71,8.435,2108.84,0.6147
776.5,10.79,8.418,2104.46,0.6132
776.5,10.87,8.400,2100.03,0.6118
776.5,10.95,8.382,2095.52,0.6103
776.5,11.03,8.364,2090.95,0.6088
776.5,11.11,8.345,2086.30,0.6073
776.5,11.19,8.326,2081.56,0.6059
776.5,11.28,8.307,2076.72,0.6044
776.5,11.36,8.287,2071.78,0.6028
776.5,11.44,8.267,2066.73,0.6013
776.5,11.52,8.246,2061.55,0.5998
776.5,11.60,8.225,2056.22,0.5983
776.5,11.68,8.203,2050.72,0.5968
776.5,11.76,8.180,2045.00,0.5954
776.5,11.84,8.156,2039.05,0.5939
776.5,11.92,8.131,2032.84,0.5926
776.5,12.00,8.105,2026.34,0.5913
781.9,0.00,12.091,3022.69,
781.9,0.08,11.964,2991.09,
781.9,0.16,11.837,2959.31,
781.9,0.24,11.715,2928.76,
781.9,0.32,11.610,2902.48,
781.9,0.40,11.522,2880.46,
781.9,0.48,11.440,2860.10,
781.9,0.56,11.363,2840.85,
781.9,0.64,11.290,2822.62,
781.9,0.72,11.221,2805.30,
781.9,0.81,11.155,2788.69,
781.9,0.89,11.091,2772.63,
781.9,0.97,11.028,2757.11,
781.9,1.05,10.968,2742.08,
781.9,1.13,10.910,2727.51,
781.9,1.21,10.854,2713.38,
781.9,1.29,10.799,2699.64,
781.9,1.37,10.745,2686.28,
781.9,1.45,10.693,2673.25,
781.9,1.53,10.642,2660.52,
781.9,1.61,10.592,2648.06,
781.9,1.69,10.544,2635.92,
781.9,1.77,10.497,2624.34,
781.9,1.85,10.454,2613.41,
781.9,1.93,10.413,2603.22,
781.9,2.01,10.376,2593.90,0.7455
781.9,2.09,10.351,2587.70,0.7460
781.9,2.17,10.342,2585.40,0.7466
781.9,2.26,10.338,2584.57,0.7471
781.9,2.34,10.329,2582.15,0.7470
781.9,2.42,10.311,2577.63,0.7461
781.9,2.50,10.282,2570.53,0.7445
781.9,2.58,10.245,2561.18,0.7422
781.9,2.66,10.200,2549.98,0.7392
781.9,2.74,10.149,2537.35,0.7358
781.9,2.82,10.096,2524.06,0.7322
781.9,2.90,10.042,2510.50,0.7284
781.9,2.98,9.987,2496.81,0.7245
781.9,3.06,9.932,2483.11,0.7206
781.9,3.14,9.878,2469.53,0.7167
781.9,3.22,9.825,2456.19,0.7127
781.9,3.30,9.773,2443.22,0.7089
781.9,3.38,9.723,2430.76,0.7051
781.9,3.46,9.676,2418.92,0.7015
781.9,3.54,9.631,2407.83,0.6981
781.9,3.62,9.590,2397.62,0.6950
781.9,3.70,9.553,2388.25,0.6920
781.9,3.79,9.518,2379.45,0.6893
781.9,3.87,9.485,2371.18,0.6867
781.9,3.95,9.454,2363.45,0.6843
781.9,4.03,9.425,2356.25,0.6822
781.9,4.11,9.399,2349.67,0.6802
781.9,4.19,9.375,2343.76,0.6783
781.9,4.27,9.358,2339.61,0.6769
781.9,4.35,9.353,2338.32,0.6762
781.9,4.43,9.361,2340.13,0.6764
781.9,4.51,9.379,2344.75,0.6773
781.9,4.59,9.407,2351.83,0.6790
781.9,4.67,9.444,2361.07,0.6814
781.9,4.75,9.489,2372.13,0.6842
781.9,4.83,9.539,2384.65,0.6875
781.9,4.91,9.593,2398.37,0.6911
781.9,4.99,9.652,2413.07,0.6950
781.9,5.07,9.714,2428.53,0.6991
781.9,5.15,9.778,2444.54,0.7034
781.9,5.23,9.844,2460.88,0.7078
781.9,5.32,9.909,2477.34,0.7121
781.9,5.40,9.975,2493.68,0.7165
781.9,5.48,10.039,2509.70,0.7208
781.9,5.56,10.101,2525.18,0.7249
781.9,5.64,10.160,2539.90,0.7288
781.9,5.72,10.213,2553.33,0.7324
781.9,5.80,10.259,2564.79,0.7355
781.9,5.88,10.295,2573.81,0.7379
781.9,5.96,10.320,2579.92,0.7396
781.9,6.04,10.332,2582.91,0.7404
781.9,6.12,10.336,2584.03,0.7407
781.9,6.20,10.335,2583.65,0.7405
781.9,6.28,10.329,2582.26,0.7400
781.9,6.36,10.320,2579.96,0.7391
781.9,6.44,10.305,2576.33,0.7379
781.9,6.52,10.285,2571.13,0.7363
781.9,6.60,10.258,2564.48,0.7344
781.9,6.68,10.226,2556.53,0.7322
781.9,6.77,10.190,2547.40,0.7297
781.9,6.85,10.149,2537.20,0.7269
781.9,6.93,10.104,2526.03,0.7238
781.9,7.01,10.056,2514.03,0.7205
781.9,7.09,10.005,2501.30,0.7170
781.9,7.17,9.952,2487.96,0.7134
781.9,7.25,9.897,2474.13,0.7096
781.9,7.33,9.840,2459.92,0.7057
781.9,7.41,9.782,2445.47,0.7017
781.9,7.49,9.724,2430.88,0.6977
781.9,7.57,9.665,2416.26,0.6936
781.9,7.65,9.607,2401.76,0.6896
781.9,7.73,9.551,2387.79,0.6858
781.9,7.81,9.499,2374.80,0.6822
781.9,7.89,9.452,2363.07,0.6790
781.9,7.97,9.412,2352.91,0.6762
781.9,8.05,9.377,2344.17,0.6739
781.9,8.13,9.342,2335.59,0.6715
781.9,8.21,9.308,2327.09,0.6690
781.9,8.30,9.275,2318.75,0.6664
781.9,8.38,9.242,2310.60,0.6638
781.9,8.46,9.211,2302.77,0.6613
781.9,8.54,9.181,2295.31,0.6590
781.9,8.62,9.153,2288.19,0.6568
781.9,8.70,9.126,2281.39,0.6549
781.9,8.78,9.099,2274.86,0.6530
781.9,8.86,9.074,2268.55,0.6512
781.9,8.94,9.050,2262.45,0.6495
781.9,9.02,9.026,2256.54,0.6478
781.9,9.10,9.003,2250.79,0.6462
781.9,9.18,8.981,2245.20,0.6447
781.9,9.26,8.959,2239.75,0.6431
781.9,9.34,8.938,2234.41,0.6416
781.9,9.42,8.917,2229.17,0.6402
781.9,9.50,8.896,2224.02,0.6387
781.9,9.58,8.876,2218.93,0.6373
781.9,9.66,8.856,2213.88,0.6359
781.9,9.74,8.836,2208.88,0.6345
781.9,9.83,8.816,2203.93,0.6332
781.9,9.91,8.796,2199.01,0.6319
781.9,9.99,8.776,2194.10,0.6307
781.9,10.07,8.757,2189.31,0.6296
781.9,10.15,8.739,2184.79,0.6285
781.9,10.23,8.722,2180.48,0.6273
781.9,10.31,8.705,2176.16,0.6259
781.9,10.39,8.687,2171.79,0.6244
781.9,10.47,8.670,2167.39,0.6229
781.9,10.55,8.652,2162.94,0.6215
781.9,10.63,8.634,2158.46,0.6200
781.9,10.71,8.616,2153.91,0.6185
781.9,10.79,8.597,2149.32,0.6171
781.9,10.87,8.579,2144.67,0.6156
781.9,10.95,8.560,2139.95,0.6141
781.9,11.03,8.541,2135.16,0.6126
781.9,11.11,8.521,2130.29,0.6111
781.9,11.19,8.501,2125.33,0.6095
781.9,11.28,8.481,2120.26,0.6080
781.9,11.36,8.460,2115.08,0.6065
781.9,11.44,8.439,2109.78,0.6049
781.9,11.52,8.417,2104.35,0.6034
781.9,11.60,8.395,2098.78,0.6018
781.9,11.68,8.372,2093.05,0.6003
781.9,11.76,8.348,2087.12,0.5987
781.9,11.84,8.324,2080.96,0.5973
781.9,11.92,8.298,2074.53,0.5958
781.9,12.00,8.271,2067.83,0.5945
787.2,0.00,12.185,3046.29,
787.2,0.08,12.070,3017.58,
787.2,0.16,11.956,2989.06,
787.2,0.24,11.857,2964.32,
787.2,0.32,11.773,2943.13,
787.2,0.40,11.693,2923.18,
787.2,0.48,11.617,2904.31,
787.2,0.56,11.545,2886.36,
787.2,0.64,11.476,2869.07,
787.2,0.72,11.410,2852.38,
787.2,0.81,11.345,2836.25,
787.2,0.89,11.283,2820.67,
787.2,0.97,11.222,2805.59,
787.2,1.05,11.164,2790.98,
787.2,1.13,11.107,2776.82,
787.2,1.21,11.052,2763.07,
787.2,1.29,10.999,2749.69,
787.2,1.37,10.947,2736.67,
787.2,1.45,10.896,2723.95,
787.2,1.53,10.846,2711.52,
787.2,1.61,10.797,2699.34,
787.2,1.69,10.750,2687.38,
787.2,1.77,10.703,2675.63,
787.2,1.85,10.658,2664.39,
787.2,1.93,10.615,2653.81,
787.2,2.01,10.576,2644.04,0.7489
787.2,2.09,10.549,2637.36,0.7486
787.2,2.17,10.535,2633.70,0.7485
787.2,2.26,10.515,2628.85,0.7478
787.2,2.34,10.487,2621.69,0.7463
787.2,2.42,10.448,2612.05,0.7441
787.2,2.50,10.401,2600.33,0.7412
787.2,2.58,10.349,2587.23,0.7378
787.2,2.66,10.294,2573.56,0.7342
787.2,2.74,10.238,2559.45,0.7304
787.2,2.82,10.180,2545.04,0.7265
787.2,2.90,10.122,2530.44,0.7224
787.2,2.98,10.063,2515.80,0.7183
787.2,3.06,10.005,2501.23,0.7141
787.2,3.14,9.947,2486.87,0.7100
787.2,3.22,9.891,2472.83,0.7059
787.2,3.30,9.837,2459.25,0.7019
787.2,3.38,9.785,2446.26,0.6980
787.2,3.46,9.736,2433.97,0.6943
787.2,3.54,9.690,2422.53,0.6909
787.2,3.62,9.648,2412.05,0.6877
787.2,3.70,9.611,2402.66,0.6848
787.2,3.79,9.578,2394.41,0.6822
787.2,3.87,9.548,2386.89,0.6799
787.2,3.95,9.520,2380.02,0.6778
787.2,4.03,9.495,2373.78,0.6759
787.2,4.11,9.473,2368.28,0.6743
787.2,4.19,9.456,2364.12,0.6729
787.2,4.27,9.452,2362.92,0.6723
787.2,4.35,9.459,2364.80,0.6726
787.2,4.43,9.478,2369.42,0.6736
787.2,4.51,9.506,2376.46,0.6754
787.2,4.59,9.542,2385.53,0.6778
787.2,4.67,9.585,2396.30,0.6806
787.2,4.75,9.634,2408.57,0.6839
787.2,4.83,9.688,2422.12,0.6875
787.2,4.91,9.747,2436.71,0.6914
787.2,4.99,9.809,2452.15,0.6955
787.2,5.07,9.873,2468.20,0.6998
787.2,5.15,9.939,2484.66,0.7043
787.2,5.23,10.005,2501.30,0.7088
787.2,5.32,10.072,2517.91,0.7132
787.2,5.40,10.137,2534.26,0.7176
787.2,5.48,10.201,2550.14,0.7219
787.2,5.56,10.261,2565.34,0.7260
787.2,5.64,10.319,2579.63,0.7298
787.2,5.72,10.371,2592.80,0.7334
787.2,5.80,10.418,2604.46,0.7365
787.2,5.88,10.455,2613.71,0.7390
787.2,5.96,10.480,2620.05,0.7407
787.2,6.04,10.493,2623.25,0.7416
787.2,6.12,10.498,2624.54,0.7419
787.2,6.20,10.498,2624.50,0.7418
787.2,6.28,10.494,2623.47,0.7414
787.2,6.36,10.484,2620.90,0.7405
787.2,6.44,10.467,2616.76,0.7393
787.2,6.52,10.445,2611.18,0.7378
787.2,6.60,10.417,2604.26,0.7359
787.2,6.68,10.384,2596.11,0.7337
787.2,6.77,10.347,2586.84,0.7311
787.2,6.85,10.306,2576.57,0.7283
787.2,6.93,10.262,2565.41,0.7253
787.2,7.01,10.214,2553.49,0.7220
787.2,7.09,10.164,2540.92,0.7186
787.2,7.17,10.111,2527.83,0.7150
787.2,7.25,10.057,2514.32,0.7113
787.2,7.33,10.002,2500.52,0.7075
787.2,7.41,9.946,2486.54,0.7037
787.2,7.49,9.890,2472.51,0.6998
787.2,7.57,9.834,2458.53,0.6960
787.2,7.65,9.779,2444.74,0.6921
787.2,7.73,9.725,2431.24,0.6884
787.2,7.81,9.673,2418.37,0.6848
787.2,7.89,9.627,2406.74,0.6816
787.2,7.97,9.587,2396.67,0.6789
787.2,8.05,9.552,2388.00,0.6765
787.2,8.13,9.518,2379.49,0.6741
787.2,8.21,9.484,2371.10,0.6715
787.2,8.30,9.452,2362.93,0.6690
787.2,8.38,9.421,2355.13,0.6666
787.2,8.46,9.391,2347.69,0.6644
787.2,8.54,9.362,2340.59,0.6624
787.2,8.62,9.335,2333.77,0.6605
787.2,8.70,9.309,2327.20,0.6586
787.2,8.78,9.283,2320.85,0.6568
787.2,8.86,9.259,2314.71,0.6551
787.2,8.94,9.235,2308.77,0.6535
787.2,9.02,9.212,2303.01,0.6519
787.2,9.10,9.190,2297.40,0.6503
787.2,9.18,9.168,2291.94,0.6488
787.2,9.26,9.146,2286.59,0.6473
787.2,9.34,9.125,2281.36,0.6459
787.2,9.42,9.105,2276.21,0.6444
787.2,9.50,9.085,2271.13,0.6430
787.2,9.58,9.064,2266.10,0.6416
787.2,9.66,9.044,2261.11,0.6403
787.2,9.74,9.025,2256.13,0.6389
787.2,9.83,9.005,2251.17,0.6375
787.2,9.91,8.985,2246.23,0.6362
787.2,9.99,8.965,2241.29,0.6350
787.2,10.07,8.946,2236.46,0.6337
787.2,10.15,8.928,2231.89,0.6325
787.2,10.23,8.910,2227.38,0.6312
787.2,10.31,8.891,2222.82,0.6297
787.2,10.39,8.873,2218.23,0.6282
787.2,10.47,8.854,2213.60,0.6268
787.2,10.55,8.836,2208.94,0.6253
787.2,10.63,8.817,2204.24,0.6238
787.2,10.71,8.798,2199.49,0.6223
787.2,10.79,8.779,2194.70,0.6208
787.2,10.87,8.759,2189.84,0.6193
787.2,10.95,8.740,2184.92,0.6178
787.2,11.03,8.720,2179.91,0.6162
787.2,11.11,8.699,2174.81,0.6147
787.2,11.19,8.678,2169.62,0.6131
787.2,11.28,8.657,2164.31,0.6115
787.2,11.36,8.636,2158.89,0.6099
787.2,11.44,8.613,2153.34,0.6083
787.2,11.52,8.591,2147.66,0.6067
787.2,11.60,8.567,2141.82,0.6052
787.2,11.68,8.543,2135.83,0.6036
787.2,11.76,8.519,2129.67,0.6020
787.2,11.84,8.493,2123.30,0.6005
787.2,11.92,8.467,2116.67,0.5990
787.2,12.00,8.439,2109.76,0.5975
792.6,0.00,12.294,3073.48,
792.6,0.08,12.191,3047.85,
792.6,0.16,12.099,3024.80,
792.6,0.24,12.017,3004.24,
792.6,0.32,11.939,2984.81,
792.6,0.40,11.865,2966.18,
792.6,0.48,11.793,2948.22,
792.6,0.56,11.724,2930.91,
792.6,0.64,11.657,2914.21,
792.6,0.72,11.592,2898.09,
792.6,0.81,11.530,2882.52,
792.6,0.89,11.470,2867.47,
792.6,0.97,11.412,2852.90,
792.6,1.05,11.355,2838.78,
792.6,1.13,11.300,2825.09,
792.6,1.21,11.247,2811.78,
792.6,1.29,11.195,2798.84,
792.6,1.37,11.145,2786.21,
792.6,1.45,11.096,2773.88,
792.6,1.53,11.047,2761.81,
792.6,1.61,11.000,2749.97,
792.6,1.69,10.953,2738.33,
792.6,1.77,10.907,2726.86,
792.6,1.85,10.862,2715.51,
792.6,1.93,10.818,2704.54,
792.6,2.01,10.777,2694.31,0.7518
792.6,2.09,10.748,2686.95,0.7509
792.6,2.17,10.718,2679.45,0.7496
792.6,2.26,10.678,2669.49,0.7474
792.6,2.34,10.629,2657.34,0.7446
792.6,2.42,10.577,2644.19,0.7414
792.6,2.50,10.521,2630.30,0.7379
792.6,2.58,10.463,2615.81,0.7341
792.6,2.66,10.403,2600.85,0.7301
792.6,2.74,10.342,2585.54,0.7260
792.6,2.82,10.280,2570.01,0.7218
792.6,2.90,10.218,2554.38,0.7174
792.6,2.98,10.155,2538.79,0.7130
792.6,3.06,10.093,2523.35,0.7087
792.6,3.14,10.033,2508.21,0.7043
792.6,3.22,9.974,2493.47,0.7000
792.6,3.30,9.917,2479.28,0.6959
792.6,3.38,9.863,2465.76,0.6919
792.6,3.46,9.812,2453.04,0.6882
792.6,3.54,9.765,2441.24,0.6846
792.6,3.62,9.722,2430.49,0.6814
792.6,3.70,9.684,2420.91,0.6785
792.6,3.79,9.651,2412.64,0.6760
792.6,3.87,9.623,2405.79,0.6739
792.6,3.95,9.600,2399.96,0.6721
792.6,4.03,9.579,2394.86,0.6706
792.6,4.11,9.563,2390.81,0.6693
792.6,4.19,9.558,2389.55,0.6688
792.6,4.27,9.565,2391.31,0.6691
792.6,4.35,9.583,2395.71,0.6702
792.6,4.43,9.609,2402.35,0.6719
792.6,4.51,9.644,2410.98,0.6742
792.6,4.59,9.686,2421.39,0.6770
792.6,4.67,9.733,2433.37,0.6802
792.6,4.75,9.787,2446.69,0.6838
792.6,4.83,9.845,2461.14,0.6877
792.6,4.91,9.906,2476.50,0.6919
792.6,4.99,9.970,2492.56,0.6962
792.6,5.07,10.036,2509.08,0.7007
792.6,5.15,10.103,2525.87,0.7053
792.6,5.23,10.171,2542.69,0.7099
792.6,5.32,10.237,2559.34,0.7144
792.6,5.40,10.302,2575.58,0.7188
792.6,5.48,10.365,2591.21,0.7230
792.6,5.56,10.424,2606.01,0.7271
792.6,5.64,10.479,2619.76,0.7308
792.6,5.72,10.529,2632.24,0.7342
792.6,5.80,10.573,2643.23,0.7371
792.6,5.88,10.610,2652.47,0.7396
792.6,5.96,10.636,2658.98,0.7414
792.6,6.04,10.649,2662.35,0.7423
792.6,6.12,10.655,2663.87,0.7427
792.6,6.20,10.657,2664.15,0.7427
792.6,6.28,10.651,2662.77,0.7423
792.6,6.36,10.639,2659.81,0.7414
792.6,6.44,10.621,2655.33,0.7402
792.6,6.52,10.598,2649.45,0.7386
792.6,6.60,10.569,2642.31,0.7367
792.6,6.68,10.536,2634.00,0.7344
792.6,6.77,10.499,2624.65,0.7319
792.6,6.85,10.458,2614.39,0.7291
792.6,6.93,10.413,2603.31,0.7261
792.6,7.01,10.366,2591.55,0.7229
792.6,7.09,10.317,2579.23,0.7195
792.6,7.17,10.266,2566.45,0.7160
792.6,7.25,10.213,2553.34,0.7124
792.6,7.33,10.160,2540.01,0.7088
792.6,7.41,10.106,2526.59,0.7051
792.6,7.49,10.053,2513.19,0.7014
792.6,7.57,10.000,2499.93,0.6978
792.6,7.65,9.948,2486.92,0.6942
792.6,7.73,9.897,2474.29,0.6907
792.6,7.81,9.849,2462.15,0.6873
792.6,7.89,9.803,2450.71,0.6841
792.6,7.97,9.763,2440.73,0.6813
792.6,8.05,9.729,2432.14,0.6789
792.6,8.13,9.695,2423.73,0.6765
792.6,8.21,9.662,2415.58,0.6740
792.6,8.30,9.631,2407.83,0.6718
792.6,8.38,9.602,2400.41,0.6697
792.6,8.46,9.573,2393.28,0.6677
792.6,8.54,9.546,2386.42,0.6658
792.6,8.62,9.519,2379.81,0.6639
792.6,8.70,9.494,2373.44,0.6621
792.6,8.78,9.469,2367.29,0.6604
792.6,8.86,9.445,2361.34,0.6588
792.6,8.94,9.422,2355.56,0.6572
792.6,9.02,9.400,2349.96,0.6557
792.6,9.10,9.378,2344.50,0.6542
792.6,9.18,9.357,2339.17,0.6527
792.6,9.26,9.336,2333.95,0.6513
792.6,9.34,9.315,2328.82,0.6499
792.6,9.42,9.295,2323.77,0.6485
792.6,9.50,9.275,2318.78,0.6471
792.6,9.58,9.255,2313.83,0.6458
792.6,9.66,9.236,2308.90,0.6444
792.6,9.74,9.216,2303.98,0.6431
792.6,9.83,9.196,2299.04,0.6417
792.6,9.91,9.176,2294.08,0.6403
792.6,9.99,9.156,2289.11,0.6390
792.6,10.07,9.137,2284.24,0.6377
792.6,10.15,9.118,2279.52,0.6363
792.6,10.23,9.099,2274.76,0.6349
792.6,10.31,9.080,2269.97,0.6335
792.6,10.39,9.061,2265.17,0.6320
792.6,10.47,9.041,2260.35,0.6305
792.6,10.55,9.022,2255.50,0.6290
792.6,10.63,9.002,2250.61,0.6275
792.6,10.71,8.983,2245.67,0.6260
792.6,10.79,8.963,2240.67,0.6244
792.6,10.87,8.942,2235.61,0.6228
792.6,10.95,8.922,2230.46,0.6213
792.6,11.03,8.901,2225.24,0.6197
792.6,11.11,8.880,2219.91,0.6181
792.6,11.19,8.858,2214.48,0.6164
792.6,11.28,8.836,2208.94,0.6148
792.6,11.36,8.813,2203.27,0.6132
792.6,11.44,8.790,2197.46,0.6116
792.6,11.52,8.766,2191.52,0.6100
792.6,11.60,8.742,2185.42,0.6083
792.6,11.68,8.717,2179.16,0.6067
792.6,11.76,8.691,2172.72,0.6051
792.6,11.84,8.664,2166.10,0.6035
792.6,11.92,8.637,2159.27,0.6019
792.6,12.00,8.609,2152.16,0.6004
798.0,0.00,12.419,3104.75,
798.0,0.08,12.334,3083.39,
798.0,0.16,12.253,3063.32,
798.0,0.24,12.176,3044.01,
798.0,0.32,12.102,3025.41,
798.0,0.40,12.030,3007.51,
798.0,0.48,11.961,2990.25,
798.0,0.56,11.895,2973.63,
798.0,0.64,11.830,2957.59,
798.0,0.72,11.768,2942.11,
798.0,0.81,11.709,2927.16,
798.0,0.89,11.651,2912.70,
798.0,0.97,11.595,2898.71,
798.0,1.05,11.541,2885.15,
798.0,1.13,11.488,2871.99,
798.0,1.21,11.437,2859.19,
798.0,1.29,11.387,2846.74,
798.0,1.37,11.338,2834.58,
798.0,1.45,11.291,2822.70,
798.0,1.53,11.244,2811.06,
798.0,1.61,11.198,2799.62,
798.0,1.69,11.153,2788.37,
798.0,1.77,11.109,2777.25,
798.0,1.85,11.065,2766.25,
798.0,1.93,11.021,2755.33,
798.0,2.01,10.979,2744.65,0.7544
798.0,2.09,10.937,2734.25,0.7524
798.0,2.17,10.889,2722.26,0.7498
798.0,2.26,10.837,2709.23,0.7468
798.0,2.34,10.781,2695.31,0.7434
798.0,2.42,10.722,2680.61,0.7398
798.0,2.50,10.661,2665.27,0.7358
798.0,2.58,10.598,2649.41,0.7317
798.0,2.66,10.533,2633.16,0.7274
798.0,2.74,10.467,2616.64,0.7229
798.0,2.82,10.400,2599.99,0.7183
798.0,2.90,10.333,2583.34,0.7137
798.0,2.98,10.267,2566.79,0.7090
798.0,3.06,10.202,2550.50,0.7044
798.0,3.14,10.138,2534.57,0.6999
798.0,3.22,10.077,2519.15,0.6955
798.0,3.30,10.017,2504.35,0.6912
798.0,3.38,9.961,2490.30,0.6871
798.0,3.46,9.909,2477.14,0.6832
798.0,3.54,9.860,2464.98,0.6796
798.0,3.62,9.816,2453.96,0.6764
798.0,3.70,9.777,2444.20,0.6735
798.0,3.79,9.743,2435.83,0.6710
798.0,3.87,9.716,2428.98,0.6689
798.0,3.95,9.695,2423.77,0.6673
798.0,4.03,9.680,2420.01,0.6662
798.0,4.11,9.674,2418.50,0.6657
798.0,4.19,9.679,2419.78,0.6659
798.0,4.27,9.694,2423.57,0.6669
798.0,4.35,9.719,2429.65,0.6685
798.0,4.43,9.751,2437.80,0.6707
798.0,4.51,9.791,2447.80,0.6734
798.0,4.59,9.838,2459.44,0.6766
798.0,4.67,9.890,2472.50,0.6802
798.0,4.75,9.947,2486.76,0.6841
798.0,4.83,10.008,2502.01,0.6882
798.0,4.91,10.072,2518.01,0.6926
798.0,4.99,10.138,2534.57,0.6971
798.0,5.07,10.206,2551.45,0.7018
798.0,5.15,10.274,2568.45,0.7064
798.0,5.23,10.341,2585.34,0.7111
798.0,5.32,10.408,2601.90,0.7156
798.0,5.40,10.472,2617.93,0.7200
798.0,5.48,10.533,2633.19,0.7242
798.0,5.56,10.590,2647.47,0.7281
798.0,5.64,10.642,2660.56,0.7317
798.0,5.72,10.689,2672.23,0.7349
798.0,5.80,10.729,2682.28,0.7377
798.0,5.88,10.762,2690.47,0.7399
798.0,5.96,10.786,2696.60,0.7416
798.0,6.04,10.800,2700.10,0.7425
798.0,6.12,10.807,2701.73,0.7429
798.0,6.20,10.806,2701.59,0.7429
798.0,6.28,10.799,2699.78,0.7424
798.0,6.36,10.786,2696.42,0.7415
798.0,6.44,10.767,2691.63,0.7402
798.0,6.52,10.742,2685.52,0.7386
798.0,6.60,10.713,2678.22,0.7366
798.0,6.68,10.679,2669.83,0.7343
798.0,6.77,10.642,2660.49,0.7318
798.0,6.85,10.601,2650.30,0.7290
798.0,6.93,10.558,2639.38,0.7261
798.0,7.01,10.511,2627.86,0.7229
798.0,7.09,10.463,2615.85,0.7197
798.0,7.17,10.414,2603.46,0.7163
798.0,7.25,10.363,2590.83,0.7128
798.0,7.33,10.312,2578.05,0.7093
798.0,7.41,10.261,2565.26,0.7058
798.0,7.49,10.210,2552.56,0.7023
798.0,7.57,10.160,2540.09,0.6989
798.0,7.65,10.112,2527.95,0.6955
798.0,7.73,10.065,2516.26,0.6923
798.0,7.81,10.021,2505.14,0.6892
798.0,7.89,9.979,2494.71,0.6863
798.0,7.97,9.940,2485.10,0.6836
798.0,8.05,9.906,2476.61,0.6812
798.0,8.13,9.874,2468.51,0.6789
798.0,8.21,9.843,2460.75,0.6767
798.0,8.30,9.813,2453.30,0.6746
798.0,8.38,9.785,2446.14,0.6726
798.0,8.46,9.757,2439.26,0.6706
798.0,8.54,9.731,2432.64,0.6688
798.0,8.62,9.705,2426.26,0.6670
798.0,8.70,9.680,2420.11,0.6654
798.0,8.78,9.657,2414.16,0.6637
798.0,8.86,9.634,2408.40,0.6622
798.0,8.94,9.611,2402.80,0.6606
798.0,9.02,9.589,2397.37,0.6592
798.0,9.10,9.568,2392.06,0.6577
798.0,9.18,9.548,2386.88,0.6563
798.0,9.26,9.527,2381.79,0.6550
798.0,9.34,9.507,2376.78,0.6536
798.0,9.42,9.487,2371.84,0.6523
798.0,9.50,9.468,2366.95,0.6509
798.0,9.58,9.448,2362.08,0.6496
798.0,9.66,9.429,2357.23,0.6483
798.0,9.74,9.409,2352.36,0.6470
798.0,9.83,9.390,2347.48,0.6456
798.0,9.91,9.370,2342.55,0.6443
798.0,9.99,9.350,2337.56,0.6429
798.0,10.07,9.330,2332.60,0.6415
798.0,10.15,9.311,2327.64,0.6401
798.0,10.23,9.291,2322.69,0.6386
798.0,10.31,9.271,2317.73,0.6371
798.0,10.39,9.251,2312.75,0.6356
798.0,10.47,9.231,2307.75,0.6341
798.0,10.55,9.211,2302.71,0.6325
798.0,10.63,9.190,2297.62,0.6310
798.0,10.71,9.170,2292.48,0.6294
798.0,10.79,9.149,2287.28,0.6278
798.0,10.87,9.128,2282.00,0.6261
798.0,10.95,9.107,2276.64,0.6245
798.0,11.03,9.085,2271.19,0.6229
798.0,11.11,9.063,2265.63,0.6212
798.0,11.19,9.040,2259.96,0.6196
798.0,11.28,9.017,2254.17,0.6179
798.0,11.36,8.993,2248.25,0.6162
798.0,11.44,8.969,2242.19,0.6146
798.0,11.52,8.944,2235.98,0.6129
798.0,11.60,8.918,2229.61,0.6113
798.0,11.68,8.892,2223.07,0.6096
798.0,11.76,8.865,2216.36,0.6080
798.0,11.84,8.838,2209.45,0.6063
798.0,11.92,8.809,2202.35,0.6047
798.0,12.00,8.780,2195.03,0.6031
803.4,0.00,12.562,3140.46,
803.4,0.08,12.482,3120.56,
803.4,0.16,12.405,3101.34,
803.4,0.24,12.331,3082.84,
803.4,0.32,12.260,3065.04,
803.4,0.40,12.192,3047.90,
803.4,0.48,12.126,3031.40,
803.4,0.56,12.062,3015.50,
803.4,0.64,12.001,3000.17,
803.4,0.72,11.942,2985.38,
803.4,0.81,11.884,2971.09,
803.4,0.89,11.829,2957.28,
803.4,0.97,11.776,2943.91,
803.4,1.05,11.724,2930.95,
803.4,1.13,11.673,2918.37,
803.4,1.21,11.625,2906.13,
803.4,1.29,11.577,2894.21,
803.4,1.37,11.530,2882.58,
803.4,1.45,11.485,2871.19,
803.4,1.53,11.440,2860.02,
803.4,1.61,11.396,2849.04,
803.4,1.69,11.353,2838.21,
803.4,1.77,11.310,2827.51,
803.4,1.85,11.268,2816.90,
803.4,1.93,11.225,2806.17,
803.4,2.01,11.181,2795.13,0.7567
803.4,2.09,11.131,2782.64,0.7540
803.4,2.17,11.075,2768.86,0.7509
803.4,2.26,11.017,2754.14,0.7474
803.4,2.34,10.954,2738.61,0.7435
803.4,2.42,10.890,2722.39,0.7394
803.4,2.50,10.822,2705.60,0.7351
803.4,2.58,10.754,2688.39,0.7305
803.4,2.66,10.683,2670.87,0.7258
803.4,2.74,10.613,2653.17,0.7210
803.4,2.82,10.542,2635.42,0.7162
803.4,2.90,10.471,2617.74,0.7112
803.4,2.98,10.401,2600.27,0.7064
803.4,3.06,10.332,2583.12,0.7015
803.4,3.14,10.266,2566.44,0.6968
803.4,3.22,10.201,2550.34,0.6922
803.4,3.30,10.140,2534.94,0.6877
803.4,3.38,10.082,2520.39,0.6835
803.4,3.46,10.027,2506.80,0.6796
803.4,3.54,9.977,2494.31,0.6759
803.4,3.62,9.932,2483.04,0.6726
803.4,3.70,9.892,2473.11,0.6697
803.4,3.79,9.859,2464.65,0.6672
803.4,3.87,9.831,2457.80,0.6652
803.4,3.95,9.810,2452.59,0.6637
803.4,4.03,9.798,2449.46,0.6629
803.4,4.11,9.799,2449.87,0.6629
803.4,4.19,9.812,2452.98,0.6638
803.4,4.27,9.834,2458.45,0.6652
803.4,4.35,9.864,2466.07,0.6673
803.4,4.43,9.902,2475.62,0.6700
803.4,4.51,9.948,2486.88,0.6730
803.4,4.59,9.998,2499.62,0.6766
803.4,4.67,10.055,2513.64,0.6804
803.4,4.75,10.115,2528.72,0.6846
803.4,4.83,10.179,2544.63,0.6890
803.4,4.91,10.245,2561.16,0.6936
803.4,4.99,10.312,2578.10,0.6983
803.4,5.07,10.381,2595.22,0.7030
803.4,5.15,10.449,2612.30,0.7077
803.4,5.23,10.517,2629.13,0.7124
803.4,5.32,10.582,2645.50,0.7169
803.4,5.40,10.645,2661.17,0.7213
803.4,5.48,10.704,2675.94,0.7254
803.4,5.56,10.758,2689.59,0.7292
803.4,5.64,10.808,2701.89,0.7326
803.4,5.72,10.851,2712.64,0.7356
803.4,5.80,10.886,2721.61,0.7381
803.4,5.88,10.914,2728.58,0.7400
803.4,5.96,10.932,2733.11,0.7413
803.4,6.04,10.944,2736.04,0.7420
803.4,6.12,10.949,2737.13,0.7423
803.4,6.20,10.946,2736.50,0.7422
803.4,6.28,10.937,2734.28,0.7416
803.4,6.36,10.922,2730.60,0.7406
803.4,6.44,10.902,2725.55,0.7392
803.4,6.52,10.877,2719.28,0.7375
803.4,6.60,10.848,2711.88,0.7355
803.4,6.68,10.814,2703.48,0.7333
803.4,6.77,10.777,2694.20,0.7308
803.4,6.85,10.737,2684.16,0.7281
803.4,6.93,10.694,2673.46,0.7252
803.4,7.01,10.649,2662.24,0.7221
803.4,7.09,10.602,2650.61,0.7189
803.4,7.17,10.555,2638.68,0.7157
803.4,7.25,10.506,2626.58,0.7124
803.4,7.33,10.458,2614.42,0.7091
803.4,7.41,10.409,2602.32,0.7057
803.4,7.49,10.362,2590.40,0.7025
803.4,7.57,10.315,2578.78,0.6993
803.4,7.65,10.270,2567.56,0.6962
803.4,7.73,10.228,2556.88,0.6932
803.4,7.81,10.187,2546.85,0.6904
803.4,7.89,10.150,2537.61,0.6878
803.4,7.97,10.118,2529.58,0.6855
803.4,8.05,10.087,2521.73,0.6833
803.4,8.13,10.056,2513.95,0.6811
803.4,8.21,10.026,2506.49,0.6790
803.4,8.30,9.997,2499.32,0.6770
803.4,8.38,9.970,2492.45,0.6751
803.4,8.46,9.943,2485.83,0.6733
803.4,8.54,9.918,2479.46,0.6715
803.4,8.62,9.893,2473.33,0.6699
803.4,8.70,9.870,2467.40,0.6682
803.4,8.78,9.847,2461.67,0.6667
803.4,8.86,9.824,2456.11,0.6652
803.4,8.94,9.803,2450.72,0.6638
803.4,9.02,9.782,2445.46,0.6623
803.4,9.10,9.761,2440.33,0.6610
803.4,9.18,9.741,2435.30,0.6596
803.4,9.26,9.721,2430.36,0.6583
803.4,9.34,9.702,2425.49,0.6570
803.4,9.42,9.683,2420.67,0.6557
803.4,9.50,9.664,2415.89,0.6545
803.4,9.58,9.644,2411.12,0.6532
803.4,9.66,9.625,2406.35,0.6519
803.4,9.74,9.606,2401.57,0.6506
803.4,9.83,9.587,2396.74,0.6493
803.4,9.91,9.567,2391.84,0.6479
803.4,9.99,9.547,2386.64,0.6465
803.4,10.07,9.526,2381.53,0.6451
803.4,10.15,9.506,2376.41,0.6436
803.4,10.23,9.485,2371.29,0.6421
803.4,10.31,9.465,2366.16,0.6405
803.4,10.39,9.444,2361.00,0.6390
803.4,10.47,9.423,2355.82,0.6374
803.4,10.55,9.402,2350.58,0.6358
803.4,10.63,9.381,2345.30,0.6342
803.4,10.71,9.360,2339.96,0.6325
803.4,10.79,9.338,2334.54,0.6309
803.4,10.87,9.316,2329.05,0.6292
803.4,10.95,9.294,2323.46,0.6275
803.4,11.03,9.271,2317.78,0.6258
803.4,11.11,9.248,2311.99,0.6241
803.4,11.19,9.224,2306.08,0.6224
803.4,11.28,9.200,2300.04,0.6207
803.4,11.36,9.175,2293.86,0.6190
803.4,11.44,9.150,2287.54,0.6173
803.4,11.52,9.124,2281.06,0.6156
803.4,11.60,9.098,2274.42,0.6139
803.4,11.68,9.070,2267.60,0.6122
803.4,11.76,9.042,2260.60,0.6106
803.4,11.84,9.014,2253.40,0.6089
803.4,11.92,8.984,2245.98,0.6072
803.4,12.00,8.953,2238.35,0.6056
808.7,0.00,12.721,3180.23,
808.7,0.08,12.646,3161.47,
808.7,0.16,12.573,3143.20,
808.7,0.24,12.502,3125.50,
808.7,0.32,12.434,3108.47,
808.7,0.40,12.368,3092.08,
808.7,0.48,12.305,3076.31,
808.7,0.56,12.244,3061.12,
808.7,0.64,12.186,3046.48,
808.7,0.72,12.129,3032.35,
808.7,0.81,12.075,3018.71,
808.7,0.89,12.022,3005.52,
808.7,0.97,11.971,2992.75,
808.7,1.05,11.921,2980.37,
808.7,1.13,11.873,2968.35,
808.7,1.21,11.827,2956.65,
808.7,1.29,11.781,2945.25,
808.7,1.37,11.736,2934.11,
808.7,1.45,11.693,2923.19,
808.7,1.53,11.650,2912.48,
808.7,1.61,11.608,2901.93,
808.7,1.69,11.566,2891.46,
808.7,1.77,11.523,2880.69,
808.7,1.85,11.478,2869.48,
808.7,1.93,11.433,2858.14,
808.7,2.01,11.386,2846.59,0.7589
808.7,2.09,11.334,2833.50,0.7559
808.7,2.17,11.274,2818.44,0.7524
808.7,2.26,11.208,2802.09,0.7484
808.7,2.34,11.140,2785.02,0.7441
808.7,2.42,11.069,2767.34,0.7396
808.7,2.50,10.997,2749.19,0.7348
808.7,2.58,10.923,2730.68,0.7299
808.7,2.66,10.848,2711.96,0.7249
808.7,2.74,10.773,2693.14,0.7197
808.7,2.82,10.697,2674.36,0.7146
808.7,2.90,10.623,2655.74,0.7094
808.7,2.98,10.550,2637.40,0.7043
808.7,3.06,10.478,2619.48,0.6992
808.7,3.14,10.408,2602.10,0.6943
808.7,3.22,10.342,2585.39,0.6895
808.7,3.30,10.278,2569.47,0.6850
808.7,3.38,10.218,2554.48,0.6807
808.7,3.46,10.162,2540.54,0.6767
808.7,3.54,10.111,2527.78,0.6730
808.7,3.62,10.065,2516.32,0.6697
808.7,3.70,10.025,2506.26,0.6668
808.7,3.79,9.991,2497.63,0.6643
808.7,3.87,9.962,2490.51,0.6625
808.7,3.95,9.940,2484.97,0.6611
808.7,4.03,9.929,2482.36,0.6604
808.7,4.11,9.934,2483.44,0.6607
808.7,4.19,9.952,2487.94,0.6619
808.7,4.27,9.980,2494.96,0.6639
808.7,4.35,10.016,2503.98,0.6664
808.7,4.43,10.059,2514.78,0.6694
808.7,4.51,10.109,2527.14,0.6729
808.7,4.59,10.163,2540.85,0.6767
808.7,4.67,10.223,2555.68,0.6808
808.7,4.75,10.286,2571.43,0.6852
808.7,4.83,10.351,2587.87,0.6898
808.7,4.91,10.419,2604.78,0.6945
808.7,4.99,10.488,2621.95,0.6993
808.7,5.07,10.557,2639.16,0.7041
808.7,5.15,10.625,2656.19,0.7089
808.7,5.23,10.691,2672.82,0.7136
808.7,5.32,10.755,2688.84,0.7180
808.7,5.40,10.816,2704.02,0.7223
808.7,5.48,10.873,2718.16,0.7263
808.7,5.56,10.924,2731.02,0.7299
808.7,5.64,10.970,2742.40,0.7331
808.7,5.72,11.008,2751.93,0.7358
808.7,5.80,11.036,2759.05,0.7378
808.7,5.88,11.055,2763.84,0.7392
808.7,5.96,11.070,2767.60,0.7402
808.7,6.04,11.080,2770.12,0.7408
808.7,6.12,11.083,2770.81,0.7410
808.7,6.20,11.079,2769.75,0.7407
808.7,6.28,11.069,2767.16,0.7400
808.7,6.36,11.053,2763.17,0.7389
808.7,6.44,11.032,2757.91,0.7375
808.7,6.52,11.006,2751.48,0.7358
808.7,6.60,10.976,2744.02,0.7338
808.7,6.68,10.943,2735.64,0.7315
808.7,6.77,10.906,2726.45,0.7291
808.7,6.85,10.866,2716.58,0.7264
808.7,6.93,10.825,2706.14,0.7236
808.7,7.01,10.781,2695.24,0.7206
808.7,7.09,10.736,2684.02,0.7176
808.7,7.17,10.690,2672.58,0.7144
808.7,7.25,10.644,2661.04,0.7113
808.7,7.33,10.598,2649.52,0.7081
808.7,7.41,10.553,2638.15,0.7050
808.7,7.49,10.508,2627.02,0.7020
808.7,7.57,10.465,2616.28,0.6990
808.7,7.65,10.424,2606.02,0.6961
808.7,7.73,10.386,2596.57,0.6935
808.7,7.81,10.353,2588.28,0.6912
808.7,7.89,10.325,2581.30,0.6893
808.7,7.97,10.300,2574.90,0.6874
808.7,8.05,10.271,2567.76,0.6852
808.7,8.13,10.242,2560.58,0.6832
808.7,8.21,10.214,2553.48,0.6812
808.7,8.30,10.187,2546.63,0.6793
808.7,8.38,10.160,2540.06,0.6775
808.7,8.46,10.135,2533.74,0.6758
808.7,8.54,10.111,2527.65,0.6741
808.7,8.62,10.087,2521.79,0.6726
808.7,8.70,10.064,2516.12,0.6711
808.7,8.78,10.043,2510.64,0.6696
808.7,8.86,10.021,2505.32,0.6682
808.7,8.94,10.001,2500.14,0.6668
808.7,9.02,9.980,2495.10,0.6655
808.7,9.10,9.961,2490.17,0.6642
808.7,9.18,9.941,2485.33,0.6629
808.7,9.26,9.922,2480.56,0.6616
808.7,9.34,9.903,2475.86,0.6604
808.7,9.42,9.885,2471.19,0.6592
808.7,9.50,9.866,2466.55,0.6579
808.7,9.58,9.848,2461.91,0.6567
808.7,9.66,9.829,2457.26,0.6555
808.7,9.74,9.810,2452.45,0.6542
808.7,9.83,9.790,2447.39,0.6529
808.7,9.91,9.768,2441.88,0.6515
808.7,9.99,9.745,2436.26,0.6500
808.7,10.07,9.724,2431.02,0.6484
808.7,10.15,9.703,2425.76,0.6469
808.7,10.23,9.682,2420.47,0.6453
808.7,10.31,9.661,2415.16,0.6437
808.7,10.39,9.639,2409.82,0.6421
808.7,10.47,9.618,2404.44,0.6404
808.7,10.55,9.596,2399.01,0.6388
808.7,10.63,9.574,2393.53,0.6371
808.7,10.71,9.552,2387.97,0.6354
808.7,10.79,9.529,2382.34,0.6337
808.7,10.87,9.507,2376.63,0.6320
808.7,10.95,9.483,2370.81,0.6303
808.7,11.03,9.460,2364.90,0.6285
808.7,11.11,9.435,2358.86,0.6268
808.7,11.19,9.411,2352.71,0.6251
808.7,11.28,9.386,2346.41,0.6233
808.7,11.36,9.360,2339.98,0.6216
808.7,11.44,9.334,2333.39,0.6198
808.7,11.52,9.307,2326.64,0.6181
808.7,11.60,9.279,2319.72,0.6164
808.7,11.68,9.250,2312.61,0.6147
808.7,11.76,9.221,2305.25,0.6130
808.7,11.84,9.190,2297.60,0.6113
808.7,11.92,9.159,2289.81,0.6096
808.7,12.00,9.128,2282.00,0.6079
814.1,0.00,12.895,3223.79,
814.1,0.08,12.824,3206.08,
814.1,0.16,12.755,3188.84,
814.1,0.24,12.688,3172.08,
814.1,0.32,12.623,3155.82,
814.1,0.40,12.561,3140.16,
814.1,0.48,12.500,3125.09,
814.1,0.56,12.442,3110.57,
814.1,0.64,12.386,3096.59,
814.1,0.72,12.332,3083.10,
814.1,0.81,12.280,3070.08,
814.1,0.89,12.230,3057.48,
814.1,0.97,12.181,3045.29,
814.1,1.05,12.134,3033.46,
814.1,1.13,12.088,3021.97,
814.1,1.21,12.043,3010.78,
814.1,1.29,11.999,2999.87,
814.1,1.37,11.957,2989.19,
814.1,1.45,11.915,2978.72,
814.1,1.53,11.873,2968.20,
814.1,1.61,11.830,2957.39,
814.1,1.69,11.785,2946.18,
814.1,1.77,11.738,2934.56,
814.1,1.85,11.692,2922.88,
814.1,1.93,11.644,2911.06,
814.1,2.01,11.596,2898.96,0.7610
814.1,2.09,11.541,2885.31,0.7578
814.1,2.17,11.479,2869.67,0.7540
814.1,2.26,11.409,2852.36,0.7497
814.1,2.34,11.335,2833.85,0.7450
814.1,2.42,11.259,2814.79,0.7400
814.1,2.50,11.181,2795.34,0.7349
814.1,2.58,11.103,2775.63,0.7296
814.1,2.66,11.023,2755.78,0.7242
814.1,2.74,10.944,2735.91,0.7188
814.1,2.82,10.865,2716.17,0.7134
814.1,2.90,10.787,2696.67,0.7080
814.1,2.98,10.710,2677.55,0.7026
814.1,3.06,10.636,2658.92,0.6974
814.1,3.14,10.564,2640.92,0.6923
814.1,3.22,10.495,2623.68,0.6874
814.1,3.30,10.429,2607.31,0.6827
814.1,3.38,10.368,2591.96,0.6784
814.1,3.46,10.311,2577.73,0.6743
814.1,3.54,10.259,2564.68,0.6706
814.1,3.62,10.212,2552.91,0.6673
814.1,3.70,10.170,2542.55,0.6646
814.1,3.79,10.135,2533.65,0.6623
814.1,3.87,10.104,2526.08,0.6605
814.1,3.95,10.083,2520.77,0.6592
814.1,4.03,10.074,2518.62,0.6587
814.1,4.11,10.081,2520.17,0.6591
814.1,4.19,10.101,2525.13,0.6606
814.1,4.27,10.132,2533.07,0.6628
814.1,4.35,10.173,2543.33,0.6657
814.1,4.43,10.221,2555.23,0.6691
814.1,4.51,10.274,2568.56,0.6729
814.1,4.59,10.332,2583.08,0.6770
814.1,4.67,10.394,2598.59,0.6813
814.1,4.75,10.459,2614.86,0.6859
814.1,4.83,10.527,2631.68,0.6907
814.1,4.91,10.595,2648.83,0.6955
814.1,4.99,10.664,2666.08,0.7004
814.1,5.07,10.733,2683.24,0.7052
814.1,5.15,10.800,2700.06,0.7100
814.1,5.23,10.865,2716.35,0.7146
814.1,5.32,10.928,2731.88,0.7190
814.1,5.40,10.986,2746.42,0.7231
814.1,5.48,11.039,2759.73,0.7269
814.1,5.56,11.085,2771.30,0.7302
814.1,5.64,11.123,2780.73,0.7329
814.1,5.72,11.151,2787.65,0.7350
814.1,5.80,11.171,2792.74,0.7365
814.1,5.88,11.188,2797.01,0.7377
814.1,5.96,11.201,2800.35,0.7385
814.1,6.04,11.210,2802.49,0.7390
814.1,6.12,11.211,2802.86,0.7390
814.1,6.20,11.206,2801.51,0.7386
814.1,6.28,11.194,2798.61,0.7378
814.1,6.36,11.177,2794.35,0.7367
814.1,6.44,11.156,2788.89,0.7352
814.1,6.52,11.129,2782.35,0.7335
814.1,6.60,11.099,2774.84,0.7314
814.1,6.68,11.066,2766.50,0.7292
814.1,6.77,11.030,2757.43,0.7267
814.1,6.85,10.991,2747.75,0.7241
814.1,6.93,10.950,2737.58,0.7214
814.1,7.01,10.908,2727.04,0.7185
814.1,7.09,10.865,2716.25,0.7156
814.1,7.17,10.821,2705.31,0.7126
814.1,7.25,10.777,2694.37,0.7096
814.1,7.33,10.734,2683.52,0.7066
814.1,7.41,10.692,2672.88,0.7037
814.1,7.49,10.651,2662.65,0.7009
814.1,7.57,10.613,2653.19,0.6983
814.1,7.65,10.579,2644.74,0.6960
814.1,7.73,10.550,2637.50,0.6940
814.1,7.81,10.526,2631.57,0.6924
814.1,7.89,10.506,2626.58,0.6908
814.1,7.97,10.484,2621.00,0.6891
814.1,8.05,10.458,2614.56,0.6871
814.1,8.13,10.432,2608.05,0.6852
814.1,8.21,10.406,2601.57,0.6833
814.1,8.30,10.381,2595.14,0.6815
814.1,8.38,10.356,2588.90,0.6799
814.1,8.46,10.332,2582.91,0.6782
814.1,8.54,10.309,2577.14,0.6767
814.1,8.62,10.286,2571.57,0.6752
814.1,8.70,10.265,2566.20,0.6738
814.1,8.78,10.244,2560.99,0.6724
814.1,8.86,10.224,2555.94,0.6711
814.1,8.94,10.204,2551.02,0.6698
814.1,9.02,10.185,2546.22,0.6686
814.1,9.10,10.166,2541.52,0.6673
814.1,9.18,10.148,2536.90,0.6661
814.1,9.26,10.129,2532.34,0.6650
814.1,9.34,10.111,2527.83,0.6638
814.1,9.42,10.093,2523.35,0.6626
814.1,9.50,10.075,2518.83,0.6614
814.1,9.58,10.057,2514.14,0.6602
814.1,9.66,10.037,2509.23,0.6590
814.1,9.74,10.016,2504.02,0.6578
814.1,9.83,9.993,2498.28,0.6564
814.1,9.91,9.969,2492.13,0.6548
814.1,9.99,9.946,2486.38,0.6532
814.1,10.07,9.924,2481.00,0.6516
814.1,10.15,9.902,2475.59,0.6500
814.1,10.23,9.881,2470.15,0.6483
814.1,10.31,9.859,2464.66,0.6467
814.1,10.39,9.837,2459.13,0.6450
814.1,10.47,9.814,2453.56,0.6433
814.1,10.55,9.792,2447.93,0.6416
814.1,10.63,9.769,2442.23,0.6399
814.1,10.71,9.746,2436.47,0.6381
814.1,10.79,9.722,2430.62,0.6364
814.1,10.87,9.699,2424.67,0.6346
814.1,10.95,9.675,2418.63,0.6328
814.1,11.03,9.650,2412.47,0.6311
814.1,11.11,9.625,2406.19,0.6293
814.1,11.19,9.599,2399.78,0.6275
814.1,11.28,9.573,2393.23,0.6257
814.1,11.36,9.546,2386.53,0.6239
814.1,11.44,9.519,2379.67,0.6222
814.1,11.52,9.490,2372.61,0.6204
814.1,11.60,9.461,2365.31,0.6187
814.1,11.68,9.431,2357.72,0.6170
814.1,11.76,9.399,2349.87,0.6153
814.1,11.84,9.368,2341.92,0.6136
814.1,11.92,9.336,2333.93,0.6118
814.1,12.00,9.304,2325.95,0.6100
819.5,0.00,13.084,3270.91,
819.5,0.08,13.017,3254.17,
819.5,0.16,12.952,3237.88,
819.5,0.24,12.888,3222.04,
819.5,0.32,12.827,3206.66,
819.5,0.40,12.767,3191.73,
819.5,0.48,12.709,3177.34,
819.5,0.56,12.654,3163.48,
819.5,0.64,12.601,3150.13,
819.5,0.72,12.549,3137.25,
819.5,0.81,12.499,3124.81,
819.5,0.89,12.451,3112.78,
819.5,0.97,12.405,3101.14,
819.5,1.05,12.359,3089.83,
819.5,1.13,12.315,3078.85,
819.5,1.21,12.273,3068.14,
819.5,1.29,12.230,3057.60,
819.5,1.37,12.188,3046.97,
819.5,1.45,12.145,3036.13,
819.5,1.53,12.100,3024.94,
819.5,1.61,12.053,3013.28,
819.5,1.69,12.005,3001.33,
819.5,1.77,11.957,2989.34,
819.5,1.85,11.909,2977.23,
819.5,1.93,11.859,2964.87,
819.5,2.01,11.809,2952.21,0.7630
819.5,2.09,11.752,2937.98,0.7595
819.5,2.17,11.687,2921.73,0.7555
819.5,2.26,11.615,2903.81,0.7510
819.5,2.34,11.538,2884.54,0.7460
819.5,2.42,11.457,2864.28,0.7407
819.5,2.50,11.374,2843.60,0.7352
819.5,2.58,11.291,2822.75,0.7296
819.5,2.66,11.207,2801.84,0.7239
819.5,2.74,11.124,2781.01,0.7182
819.5,2.82,11.042,2760.39,0.7125
819.5,2.90,10.960,2740.09,0.7069
819.5,2.98,10.881,2720.25,0.7013
819.5,3.06,10.804,2700.99,0.6959
819.5,3.14,10.730,2682.45,0.6907
819.5,3.22,10.659,2664.74,0.6857
819.5,3.30,10.592,2647.96,0.6810
819.5,3.38,10.529,2632.19,0.6766
819.5,3.46,10.470,2617.58,0.6725
819.5,3.54,10.417,2604.24,0.6689
819.5,3.62,10.369,2592.30,0.6658
819.5,3.70,10.327,2581.71,0.6632
819.5,3.79,10.289,2572.37,0.6609
819.5,3.87,10.259,2564.68,0.6592
819.5,3.95,10.239,2559.76,0.6581
819.5,4.03,10.232,2557.98,0.6577
819.5,4.11,10.239,2559.87,0.6583
819.5,4.19,10.261,2565.19,0.6599
819.5,4.27,10.294,2573.47,0.6623
819.5,4.35,10.337,2584.27,0.6654
819.5,4.43,10.388,2597.08,0.6691
819.5,4.51,10.445,2611.21,0.6731
819.5,4.59,10.506,2626.41,0.6775
819.5,4.67,10.570,2642.44,0.6820
819.5,4.75,10.636,2659.09,0.6868
819.5,4.83,10.705,2676.14,0.6916
819.5,4.91,10.774,2693.38,0.6965
819.5,4.99,10.842,2710.58,0.7014
819.5,5.07,10.910,2727.53,0.7063
819.5,5.15,10.976,2744.01,0.7110
819.5,5.23,11.039,2759.80,0.7155
819.5,5.32,11.098,2774.51,0.7197
819.5,5.40,11.151,2787.71,0.7235
819.5,5.48,11.196,2799.05,0.7269
819.5,5.56,11.233,2808.16,0.7296
819.5,5.64,11.259,2814.79,0.7316
819.5,5.72,11.280,2820.11,0.7332
819.5,5.80,11.299,2824.68,0.7345
819.5,5.88,11.314,2828.53,0.7355
819.5,5.96,11.326,2831.47,0.7362
819.5,6.04,11.333,2833.29,0.7365
819.5,6.12,11.334,2833.38,0.7364
819.5,6.20,11.327,2831.80,0.7359
819.5,6.28,11.315,2828.70,0.7350
819.5,6.36,11.297,2824.25,0.7338
819.5,6.44,11.274,2818.61,0.7323
819.5,6.52,11.248,2811.98,0.7305
819.5,6.60,11.218,2804.46,0.7285
819.5,6.68,11.185,2796.18,0.7263
819.5,6.77,11.149,2787.25,0.7239
819.5,6.85,11.111,2777.79,0.7213
819.5,6.93,11.072,2767.92,0.7186
819.5,7.01,11.031,2757.75,0.7159
819.5,7.09,10.990,2747.41,0.7131
819.5,7.17,10.948,2737.02,0.7102
819.5,7.25,10.907,2726.69,0.7074
819.5,7.33,10.867,2716.73,0.7047
819.5,7.41,10.830,2707.39,0.7021
819.5,7.49,10.796,2698.89,0.6998
819.5,7.57,10.766,2691.45,0.6979
819.5,7.65,10.741,2685.28,0.6962
819.5,7.73,10.722,2680.38,0.6948
819.5,7.81,10.706,2676.57,0.6936
819.5,7.89,10.691,2672.68,0.6923
819.5,7.97,10.671,2667.84,0.6907
819.5,8.05,10.648,2662.10,0.6888
819.5,8.13,10.625,2656.26,0.6870
819.5,8.21,10.602,2650.41,0.6853
819.5,8.30,10.578,2644.58,0.6837
819.5,8.38,10.555,2638.82,0.6821
819.5,8.46,10.533,2633.18,0.6806
819.5,8.54,10.511,2627.76,0.6792
819.5,8.62,10.490,2622.53,0.6778
819.5,8.70,10.470,2617.47,0.6765
819.5,8.78,10.450,2612.57,0.6752
819.5,8.86,10.431,2607.82,0.6740
819.5,8.94,10.413,2603.19,0.6728
819.5,9.02,10.395,2598.66,0.6717
819.5,9.10,10.377,2594.22,0.6705
819.5,9.18,10.359,2589.85,0.6694
819.5,9.26,10.342,2585.52,0.6683
819.5,9.34,10.324,2581.12,0.6672
819.5,9.42,10.306,2576.59,0.6661
819.5,9.50,10.287,2571.87,0.6649
819.5,9.58,10.268,2566.92,0.6638
819.5,9.66,10.246,2561.61,0.6626
819.5,9.74,10.223,2555.69,0.6612
819.5,9.83,10.197,2549.22,0.6595
819.5,9.91,10.171,2542.86,0.6579
819.5,9.99,10.148,2536.96,0.6562
819.5,10.07,10.126,2531.43,0.6545
819.5,10.15,10.103,2525.86,0.6528
819.5,10.23,10.081,2520.25,0.6511
819.5,10.31,10.058,2514.59,0.6494
819.5,10.39,10.036,2508.88,0.6477
819.5,10.47,10.012,2503.10,0.6460
819.5,10.55,9.989,2497.27,0.6442
819.5,10.63,9.965,2491.36,0.6424
819.5,10.71,9.942,2485.38,0.6406
819.5,10.79,9.917,2479.30,0.6388
819.5,10.87,9.893,2473.13,0.6370
819.5,10.95,9.867,2466.84,0.6352
819.5,11.03,9.842,2460.44,0.6334
819.5,11.11,9.816,2453.91,0.6316
819.5,11.19,9.789,2447.25,0.6298
819.5,11.28,9.762,2440.42,0.6280
819.5,11.36,9.734,2433.40,0.6262
819.5,11.44,9.705,2426.14,0.6244
819.5,11.52,9.674,2418.62,0.6226
819.5,11.60,9.643,2410.81,0.6209
819.5,11.68,9.611,2402.78,0.6192
819.5,11.76,9.579,2394.67,0.6175
819.5,11.84,9.546,2386.50,0.6157
819.5,11.92,9.513,2378.33,0.6138
819.5,12.00,9.481,2370.17,0.6120
824.8,0.00,13.285,3321.36,
824.8,0.08,13.222,3305.50,
824.8,0.16,13.160,3290.07,
824.8,0.24,13.100,3275.07,
824.8,0.32,13.042,3260.50,
824.8,0.40,12.985,3246.37,
824.8,0.48,12.931,3232.67,
824.8,0.56,12.878,3219.44,
824.8,0.64,12.827,3206.69,
824.8,0.72,12.778,3194.40,
824.8,0.81,12.730,3182.52,
824.8,0.89,12.684,3171.03,
824.8,0.97,12.640,3159.90,
824.8,1.05,12.596,3149.08,
824.8,1.13,12.554,3138.38,
824.8,1.21,12.511,3127.65,
824.8,1.29,12.467,3116.78,
824.8,1.37,12.422,3105.62,
824.8,1.45,12.376,3094.05,
824.8,1.53,12.328,3081.97,
824.8,1.61,12.279,3069.76,
824.8,1.69,12.230,3057.48,
824.8,1.77,12.180,3045.08,
824.8,1.85,12.130,3032.45,
824.8,1.93,12.078,3019.53,
824.8,2.01,12.025,3006.29,0.7649
824.8,2.09,11.966,2991.46,0.7612
824.8,2.17,11.898,2974.60,0.7570
824.8,2.26,11.824,2956.04,0.7522
824.8,2.34,11.744,2936.12,0.7470
824.8,2.42,11.661,2915.16,0.7414
824.8,2.50,11.574,2893.50,0.7356
824.8,2.58,11.486,2871.59,0.7297
824.8,2.66,11.399,2849.70,0.7238
824.8,2.74,11.312,2827.97,0.7178
824.8,2.82,11.226,2806.53,0.7119
824.8,2.90,11.142,2785.51,0.7060
824.8,2.98,11.060,2765.03,0.7003
824.8,3.06,10.981,2745.20,0.6948
824.8,3.14,10.905,2726.13,0.6895
824.8,3.22,10.832,2707.94,0.6844
824.8,3.30,10.763,2690.76,0.6797
824.8,3.38,10.699,2674.72,0.6753
824.8,3.46,10.640,2659.96,0.6714
824.8,3.54,10.586,2646.56,0.6680
824.8,3.62,10.538,2634.39,0.6650
824.8,3.70,10.494,2623.41,0.6625
824.8,3.79,10.455,2613.71,0.6603
824.8,3.87,10.425,2606.30,0.6587
824.8,3.95,10.407,2601.67,0.6577
824.8,4.03,10.401,2600.14,0.6575
824.8,4.11,10.409,2602.28,0.6582
824.8,4.19,10.431,2607.85,0.6599
824.8,4.27,10.465,2616.37,0.6624
824.8,4.35,10.510,2627.41,0.6656
824.8,4.43,10.562,2640.50,0.6694
824.8,4.51,10.621,2655.19,0.6737
824.8,4.59,10.684,2670.91,0.6782
824.8,4.67,10.749,2687.31,0.6829
824.8,4.75,10.817,2704.20,0.6878
824.8,4.83,10.885,2721.34,0.6927
824.8,4.91,10.954,2738.52,0.6977
824.8,4.99,11.022,2755.51,0.7026
824.8,5.07,11.088,2772.06,0.7073
824.8,5.15,11.151,2787.74,0.7119
824.8,5.23,11.209,2802.19,0.7161
824.8,5.32,11.260,2815.05,0.7199
824.8,5.40,11.304,2825.96,0.7231
824.8,5.48,11.338,2834.55,0.7258
824.8,5.56,11.364,2840.89,0.7278
824.8,5.64,11.385,2846.27,0.7294
824.8,5.72,11.404,2850.97,0.7308
824.8,5.80,11.420,2855.10,0.7319
824.8,5.88,11.434,2858.51,0.7327
824.8,5.96,11.444,2861.08,0.7333
824.8,6.04,11.451,2862.63,0.7335
824.8,6.12,11.450,2862.50,0.7333
824.8,6.20,11.443,2860.73,0.7327
824.8,6.28,11.430,2857.48,0.7318
824.8,6.36,11.412,2852.91,0.7305
824.8,6.44,11.389,2847.20,0.7289
824.8,6.52,11.362,2840.51,0.7271
824.8,6.60,11.332,2832.99,0.7251
824.8,6.68,11.299,2824.80,0.7229
824.8,6.77,11.264,2816.03,0.7205
824.8,6.85,11.227,2806.81,0.7180
824.8,6.93,11.189,2797.27,0.7154
824.8,7.01,11.150,2787.50,0.7128
824.8,7.09,11.111,2777.72,0.7101
824.8,7.17,11.073,2768.17,0.7075
824.8,7.25,11.036,2759.08,0.7051
824.8,7.33,11.003,2750.66,0.7028
824.8,7.41,10.973,2743.13,0.7008
824.8,7.49,10.947,2736.71,0.6991
824.8,7.57,10.926,2731.60,0.6978
824.8,7.65,10.911,2727.76,0.6966
824.8,7.73,10.900,2724.97,0.6957
824.8,7.81,10.890,2722.62,0.6948
824.8,7.89,10.878,2719.52,0.6936
824.8,7.97,10.862,2715.41,0.6922
824.8,8.05,10.841,2710.37,0.6905
824.8,8.13,10.821,2705.19,0.6888
824.8,8.21,10.800,2699.96,0.6873
824.8,8.30,10.779,2694.73,0.6858
824.8,8.38,10.758,2689.53,0.6843
824.8,8.46,10.738,2684.39,0.6830
824.8,8.54,10.717,2679.35,0.6817
824.8,8.62,10.698,2674.48,0.6804
824.8,8.70,10.679,2669.78,0.6792
824.8,8.78,10.661,2665.23,0.6780
824.8,8.86,10.643,2660.80,0.6769
824.8,8.94,10.626,2656.49,0.6758
824.8,9.02,10.609,2652.26,0.6747
824.8,9.10,10.592,2648.07,0.6737
824.8,9.18,10.575,2643.83,0.6726
824.8,9.26,10.558,2639.50,0.6716
824.8,9.34,10.540,2635.02,0.6705
824.8,9.42,10.521,2630.34,0.6695
824.8,9.50,10.502,2625.41,0.6684
824.8,9.58,10.480,2620.02,0.6672
824.8,9.66,10.456,2613.99,0.6658
824.8,9.74,10.430,2607.38,0.6642
824.8,9.83,10.402,2600.54,0.6625
824.8,9.91,10.376,2594.03,0.6608
824.8,9.99,10.352,2587.97,0.6590
824.8,10.07,10.329,2582.27,0.6573
824.8,10.15,10.306,2576.53,0.6556
824.8,10.23,10.283,2570.74,0.6538
824.8,10.31,10.260,2564.90,0.6520
824.8,10.39,10.236,2559.00,0.6502
824.8,10.47,10.212,2553.03,0.6485
824.8,10.55,10.188,2546.98,0.6466
824.8,10.63,10.163,2540.86,0.6448
824.8,10.71,10.139,2534.65,0.6430
824.8,10.79,10.113,2528.34,0.6412
824.8,10.87,10.088,2521.93,0.6393
824.8,10.95,10.062,2515.41,0.6375
824.8,11.03,10.035,2508.75,0.6356
824.8,11.11,10.008,2501.94,0.6337
824.8,11.19,9.980,2494.94,0.6319
824.8,11.28,9.951,2487.72,0.6301
824.8,11.36,9.921,2480.26,0.6283
824.8,11.44,9.890,2472.53,0.6266
824.8,11.52,9.858,2464.50,0.6249
824.8,11.60,9.825,2456.31,0.6231
824.8,11.68,9.792,2448.05,0.6213
824.8,11.76,9.759,2439.72,0.6195
824.8,11.84,9.725,2431.36,0.6176
824.8,11.92,9.692,2423.00,0.6157
824.8,12.00,9.659,2414.66,0.6137
830.2,0.00,13.500,3374.91,
830.2,0.08,13.439,3359.85,
830.2,0.16,13.381,3345.19,
830.2,0.24,13.324,3330.94,
830.2,0.32,13.268,3317.10,
830.2,0.40,13.215,3303.67,
830.2,0.48,13.163,3290.66,
830.2,0.56,13.112,3278.07,
830.2,0.64,13.064,3265.90,
830.2,0.72,13.017,3254.16,
830.2,0.81,12.971,3242.82,
830.2,0.89,12.927,3231.78,
830.2,0.97,12.884,3220.92,
830.2,1.05,12.840,3210.10,
830.2,1.13,12.797,3199.19,
830.2,1.21,12.752,3188.06,
830.2,1.29,12.706,3176.59,
830.2,1.37,12.659,3164.64,
830.2,1.45,12.609,3152.24,
830.2,1.53,12.559,3139.77,
830.2,1.61,12.509,3127.24,
830.2,1.69,12.458,3114.57,
830.2,1.77,12.407,3101.68,
830.2,1.85,12.354,3088.48,
830.2,1.93,12.300,3074.99,
830.2,2.01,12.245,3061.16,0.7667
830.2,2.09,12.183,3045.71,0.7629
830.2,2.17,12.113,3028.22,0.7584
830.2,2.26,12.036,3009.01,0.7534
830.2,2.34,11.954,2988.42,0.7479
830.2,2.42,11.867,2966.77,0.7421
830.2,2.50,11.778,2944.41,0.7361
830.2,2.58,11.687,2921.66,0.7300
830.2,2.66,11.595,2898.87,0.7237
830.2,2.74,11.505,2876.33,0.7175
830.2,2.82,11.417,2854.15,0.7114
830.2,2.90,11.330,2832.46,0.7054
830.2,2.98,11.246,2811.38,0.6995
830.2,3.06,11.164,2791.05,0.6939
830.2,3.14,11.086,2771.59,0.6886
830.2,3.22,11.013,2753.14,0.6836
830.2,3.30,10.943,2735.83,0.6790
830.2,3.38,10.879,2719.79,0.6748
830.2,3.46,10.820,2705.03,0.6711
830.2,3.54,10.766,2691.41,0.6678
830.2,3.62,10.716,2678.90,0.6649
830.2,3.70,10.670,2667.49,0.6624
830.2,3.79,10.631,2657.85,0.6603
830.2,3.87,10.603,2650.66,0.6589
830.2,3.95,10.585,2646.21,0.6580
830.2,4.03,10.579,2644.83,0.6578
830.2,4.11,10.588,2647.12,0.6586
830.2,4.19,10.611,2652.82,0.6604
830.2,4.27,10.646,2661.48,0.6630
830.2,4.35,10.691,2672.65,0.6663
830.2,4.43,10.744,2685.88,0.6702
830.2,4.51,10.803,2700.70,0.6746
830.2,4.59,10.867,2716.66,0.6792
830.2,4.67,10.933,2733.30,0.6840
830.2,4.75,11.001,2750.27,0.6890
830.2,4.83,11.069,2767.34,0.6939
830.2,4.91,11.137,2784.19,0.6989
830.2,4.99,11.202,2800.45,0.7036
830.2,5.07,11.263,2815.76,0.7081
830.2,5.15,11.319,2829.75,0.7123
830.2,5.23,11.368,2842.06,0.7160
830.2,5.32,11.409,2852.33,0.7191
830.2,5.40,11.441,2860.19,0.7216
830.2,5.48,11.465,2866.27,0.7236
830.2,5.56,11.486,2871.55,0.7252
830.2,5.64,11.505,2876.20,0.7266
830.2,5.72,11.522,2880.38,0.7278
830.2,5.80,11.536,2884.05,0.7287
830.2,5.88,11.548,2887.06,0.7294
830.2,5.96,11.557,2889.33,0.7298
830.2,6.04,11.563,2890.66,0.7299
830.2,6.12,11.561,2890.34,0.7297
830.2,6.20,11.554,2888.43,0.7290
830.2,6.28,11.540,2885.08,0.7280
830.2,6.36,11.522,2880.45,0.7267
830.2,6.44,11.499,2874.72,0.7251
830.2,6.52,11.472,2868.03,0.7233
830.2,6.60,11.442,2860.57,0.7213
830.2,6.68,11.410,2852.48,0.7191
830.2,6.77,11.376,2843.90,0.7168
830.2,6.85,11.340,2834.97,0.7143
830.2,6.93,11.304,2825.89,0.7119
830.2,7.01,11.268,2816.88,0.7094
830.2,7.09,11.233,2808.16,0.7071
830.2,7.17,11.200,2799.95,0.7049
830.2,7.25,11.170,2792.46,0.7029
830.2,7.33,11.144,2785.91,0.7012
830.2,7.41,11.122,2780.52,0.6998
830.2,7.49,11.106,2776.49,0.6987
830.2,7.57,11.095,2773.70,0.6979
830.2,7.65,11.088,2771.94,0.6972
830.2,7.73,11.084,2770.89,0.6966
830.2,7.81,11.078,2769.41,0.6959
830.2,7.89,11.068,2767.07,0.6949
830.2,7.97,11.055,2763.69,0.6936
830.2,8.05,11.037,2759.34,0.6921
830.2,8.13,11.019,2754.81,0.6906
830.2,8.21,11.001,2750.21,0.6892
830.2,8.30,10.982,2745.56,0.6878
830.2,8.38,10.964,2740.92,0.6865
830.2,8.46,10.945,2736.30,0.6853
830.2,8.54,10.927,2731.75,0.6841
830.2,8.62,10.909,2727.29,0.6829
830.2,8.70,10.892,2722.97,0.6818
830.2,8.78,10.875,2718.79,0.6808
830.2,8.86,10.859,2714.71,0.6797
830.2,8.94,10.843,2710.68,0.6787
830.2,9.02,10.827,2706.65,0.6778
830.2,9.10,10.810,2702.56,0.6768
830.2,9.18,10.793,2698.37,0.6758
830.2,9.26,10.776,2694.01,0.6749
830.2,9.34,10.758,2689.43,0.6739
830.2,9.42,10.738,2684.57,0.6729
830.2,9.50,10.717,2679.13,0.6717
830.2,9.58,10.692,2673.06,0.6704
830.2,9.66,10.666,2666.39,0.6688
830.2,9.74,10.637,2659.26,0.6671
830.2,9.83,10.609,2652.27,0.6653
830.2,9.91,10.582,2645.60,0.6635
830.2,9.99,10.557,2639.37,0.6617
830.2,10.07,10.534,2633.49,0.6599
830.2,10.15,10.510,2627.56,0.6581
830.2,10.23,10.486,2621.58,0.6563
830.2,10.31,10.462,2615.55,0.6545
830.2,10.39,10.438,2609.45,0.6526
830.2,10.47,10.413,2603.27,0.6508
830.2,10.55,10.388,2597.01,0.6489
830.2,10.63,10.363,2590.67,0.6471
830.2,10.71,10.337,2584.23,0.6452
830.2,10.79,10.311,2577.69,0.6433
830.2,10.87,10.284,2571.03,0.6414
830.2,10.95,10.257,2564.22,0.6395
830.2,11.03,10.229,2557.24,0.6377
830.2,11.11,10.200,2550.06,0.6358
830.2,11.19,10.171,2542.65,0.6340
830.2,11.28,10.140,2534.98,0.6322
830.2,11.36,10.108,2527.03,0.6304
830.2,11.44,10.075,2518.81,0.6287
830.2,11.52,10.042,2510.47,0.6269
830.2,11.60,10.008,2502.06,0.6251
830.2,11.68,9.974,2493.57,0.6232
830.2,11.76,9.940,2485.02,0.6213
830.2,11.84,9.906,2476.47,0.6193
830.2,11.92,9.872,2467.92,0.6174
830.2,12.00,9.838,2459.40,0.6154
835.6,0.00,13.725,3431.33,
835.6,0.08,13.668,3416.98,
835.6,0.16,13.612,3403.01,
835.6,0.24,13.558,3389.42,
835.6,0.32,13.505,3376.22,
835.6,0.40,13.454,3363.42,
835.6,0.48,13.404,3351.01,
835.6,0.56,13.356,3338.99,
835.6,0.64,13.309,3327.37,
835.6,0.72,13.264,3316.11,
835.6,0.81,13.220,3305.09,
835.6,0.89,13.177,3294.17,
835.6,0.97,13.133,3283.23,
835.6,1.05,13.089,3272.14,
835.6,1.13,13.043,3260.77,
835.6,1.21,12.996,3248.98,
835.6,1.29,12.947,3236.66,
835.6,1.37,12.896,3224.02,
835.6,1.45,12.845,3211.34,
835.6,1.53,12.794,3198.56,
835.6,1.61,12.743,3185.64,
835.6,1.69,12.690,3172.51,
835.6,1.77,12.636,3159.06,
835.6,1.85,12.581,3145.29,
835.6,1.93,12.525,3131.20,
835.6,2.01,12.467,3116.76,0.7685
835.6,2.09,12.403,3100.69,0.7644
835.6,2.17,12.330,3082.55,0.7597
835.6,2.26,12.251,3062.68,0.7545
835.6,2.34,12.166,3041.40,0.7488
835.6,2.42,12.076,3019.04,0.7428
835.6,2.50,11.984,2995.96,0.7366
835.6,2.58,11.890,2972.47,0.7302
835.6,2.66,11.796,2948.91,0.7237
835.6,2.74,11.703,2925.63,0.7173
835.6,2.82,11.611,2902.84,0.7110
835.6,2.90,11.523,2880.65,0.7049
835.6,2.98,11.437,2859.21,0.6991
835.6,3.06,11.355,2838.63,0.6935
835.6,3.14,11.276,2819.06,0.6882
835.6,3.22,11.202,2800.62,0.6834
835.6,3.30,11.134,2783.44,0.6790
835.6,3.38,11.070,2767.42,0.6750
835.6,3.46,11.010,2752.45,0.6714
835.6,3.54,10.954,2738.53,0.6682
835.6,3.62,10.903,2725.64,0.6654
835.6,3.70,10.856,2714.05,0.6629
835.6,3.79,10.818,2704.55,0.6610
835.6,3.87,10.790,2697.47,0.6596
835.6,3.95,10.772,2693.10,0.6588
835.6,4.03,10.767,2691.77,0.6587
835.6,4.11,10.776,2694.09,0.6596
835.6,4.19,10.799,2699.83,0.6614
835.6,4.27,10.834,2708.52,0.6641
835.6,4.35,10.879,2719.72,0.6675
835.6,4.43,10.932,2732.97,0.6714
835.6,4.51,10.991,2747.82,0.6758
835.6,4.59,11.055,2763.80,0.6805
835.6,4.67,11.122,2780.46,0.6854
835.6,4.75,11.189,2797.22,0.6904
835.6,4.83,11.255,2813.67,0.6952
835.6,4.91,11.318,2829.43,0.6999
835.6,4.99,11.377,2844.16,0.7043
835.6,5.07,11.430,2857.49,0.7083
835.6,5.15,11.476,2869.04,0.7119
835.6,5.23,11.514,2878.47,0.7149
835.6,5.32,11.542,2885.50,0.7172
835.6,5.40,11.565,2891.25,0.7191
835.6,5.48,11.585,2896.26,0.7207
835.6,5.56,11.603,2900.69,0.7221
835.6,5.64,11.619,2904.73,0.7232
835.6,5.72,11.634,2908.43,0.7242
835.6,5.80,11.647,2911.66,0.7250
835.6,5.88,11.657,2914.32,0.7256
835.6,5.96,11.665,2916.34,0.7259
835.6,6.04,11.670,2917.48,0.7259
835.6,6.12,11.668,2917.03,0.7256
835.6,6.20,11.660,2915.03,0.7249
835.6,6.28,11.646,2911.62,0.7238
835.6,6.36,11.628,2906.98,0.7225
835.6,6.44,11.605,2901.27,0.7209
835.6,6.52,11.579,2894.65,0.7191
835.6,6.60,11.549,2887.29,0.7171
835.6,6.68,11.517,2879.36,0.7149
835.6,6.77,11.484,2871.10,0.7127
835.6,6.85,11.451,2862.76,0.7104
835.6,6.93,11.418,2854.54,0.7082
835.6,7.01,11.387,2846.66,0.7061
835.6,7.09,11.357,2839.33,0.7041
835.6,7.17,11.331,2832.79,0.7024
835.6,7.25,11.309,2827.23,0.7010
835.6,7.33,11.292,2822.90,0.6999
835.6,7.41,11.280,2819.95,0.6991
835.6,7.49,11.273,2818.22,0.6985
835.6,7.57,11.270,2817.49,0.6981
835.6,7.65,11.270,2817.55,0.6978
835.6,7.73,11.270,2817.57,0.6974
835.6,7.81,11.268,2816.89,0.6969
835.6,7.89,11.261,2815.33,0.6961
835.6,7.97,11.251,2812.67,0.6950
835.6,8.05,11.236,2808.99,0.6936
835.6,8.13,11.220,2805.11,0.6923
835.6,8.21,11.204,2801.12,0.6910
835.6,8.30,11.188,2797.06,0.6898
835.6,8.38,11.172,2792.96,0.6886
835.6,8.46,11.155,2788.86,0.6875
835.6,8.54,11.139,2784.79,0.6864
835.6,8.62,11.123,2780.78,0.6854
835.6,8.70,11.108,2776.88,0.6844
835.6,8.78,11.092,2773.06,0.6835
835.6,8.86,11.077,2769.28,0.6826
835.6,8.94,11.062,2765.47,0.6817
835.6,9.02,11.046,2761.60,0.6808
835.6,9.10,11.030,2757.60,0.6799
835.6,9.18,11.014,2753.43,0.6791
835.6,9.26,10.996,2749.02,0.6782
835.6,9.34,10.977,2744.26,0.6773
835.6,9.42,10.955,2738.84,0.6761
835.6,9.50,10.931,2732.77,0.6748
835.6,9.58,10.904,2726.10,0.6732
835.6,9.66,10.875,2718.87,0.6715
835.6,9.74,10.846,2711.54,0.6697
835.6,9.83,10.818,2704.39,0.6679
835.6,9.91,10.790,2697.54,0.6660
835.6,9.99,10.765,2691.13,0.6642
835.6,10.07,10.740,2685.04,0.6624
835.6,10.15,10.716,2678.92,0.6605
835.6,10.23,10.691,2672.74,0.6586
835.6,10.31,10.666,2666.49,0.6568
835.6,10.39,10.641,2660.18,0.6549
835.6,10.47,10.615,2653.78,0.6530
835.6,10.55,10.589,2647.30,0.6511
835.6,10.63,10.563,2640.73,0.6492
835.6,10.71,10.536,2634.05,0.6473
835.6,10.79,10.509,2627.24,0.6454
835.6,10.87,10.481,2620.27,0.6434
835.6,10.95,10.452,2613.12,0.6416
835.6,11.03,10.423,2605.76,0.6397
835.6,11.11,10.393,2598.15,0.6378
835.6,11.19,10.361,2590.28,0.6360
835.6,11.28,10.328,2582.12,0.6343
835.6,11.36,10.295,2573.73,0.6325
835.6,11.44,10.261,2565.24,0.6307
835.6,11.52,10.227,2556.68,0.6288
835.6,11.60,10.192,2548.03,0.6269
835.6,11.68,10.157,2539.32,0.6249
835.6,11.76,10.122,2530.57,0.6229
835.6,11.84,10.087,2521.82,0.6209
835.6,11.92,10.052,2513.08,0.6189
835.6,12.00,10.017,2504.36,0.6168
840.9,0.00,13.962,3490.39,
840.9,0.08,13.907,3476.66,
840.9,0.16,13.853,3463.29,
840.9,0.24,13.801,3450.28,
840.9,0.32,13.751,3437.64,
840.9,0.40,13.701,3425.37,
840.9,0.48,13.654,3413.47,
840.9,0.56,13.608,3401.94,
840.9,0.64,13.563,3390.76,
840.9,0.72,13.519,3379.75,
840.9,0.81,13.475,3368.78,
840.9,0.89,13.431,3357.73,
840.9,0.97,13.386,3346.45,
840.9,1.05,13.339,3334.84,
840.9,1.13,13.291,3322.74,
840.9,1.21,13.240,3310.08,
840.9,1.29,13.189,3297.26,
840.9,1.37,13.138,3284.39,
840.9,1.45,13.086,3271.40,
840.9,1.53,13.033,3258.26,
840.9,1.61,12.980,3244.89,
840.9,1.69,12.925,3231.21,
840.9,1.77,12.869,3217.19,
840.9,1.85,12.811,3202.84,
840.9,1.93,12.753,3188.14,
840.9,2.01,12.692,3173.07,0.7703
840.9,2.09,12.625,3156.36,0.7660
840.9,2.17,12.550,3137.55,0.7610
840.9,2.26,12.468,3116.99,0.7556
840.9,2.34,12.380,3095.01,0.7497
840.9,2.42,12.288,3071.94,0.7435
840.9,2.50,12.192,3048.11,0.7370
840.9,2.58,12.095,3023.86,0.7304
840.9,2.66,11.999,2999.64,0.7237
840.9,2.74,11.904,2975.89,0.7172
840.9,2.82,11.811,2952.74,0.7109
840.9,2.90,11.721,2930.32,0.7048
840.9,2.98,11.635,2908.77,0.6990
840.9,3.06,11.553,2888.22,0.6935
840.9,3.14,11.475,2868.80,0.6885
840.9,3.22,11.402,2850.60,0.6839
840.9,3.30,11.334,2833.42,0.6797
840.9,3.38,11.269,2817.23,0.6758
840.9,3.46,11.208,2802.02,0.6724
840.9,3.54,11.151,2787.77,0.6692
840.9,3.62,11.098,2774.53,0.6664
840.9,3.70,11.052,2762.99,0.6641
840.9,3.79,11.014,2753.53,0.6622
840.9,3.87,10.986,2746.46,0.6609
840.9,3.95,10.968,2742.06,0.6601
840.9,4.03,10.963,2740.68,0.6601
840.9,4.11,10.972,2742.93,0.6610
840.9,4.19,10.994,2748.59,0.6629
840.9,4.27,11.029,2757.22,0.6656
840.9,4.35,11.073,2768.34,0.6690
840.9,4.43,11.126,2781.51,0.6730
840.9,4.51,11.185,2796.27,0.6774
840.9,4.59,11.249,2812.18,0.6822
840.9,4.67,11.314,2828.42,0.6870
840.9,4.75,11.377,2844.25,0.6918
840.9,4.83,11.437,2859.32,0.6963
840.9,4.91,11.493,2873.27,0.7006
840.9,4.99,11.543,2885.72,0.7044
840.9,5.07,11.585,2896.31,0.7078
840.9,5.15,11.619,2904.69,0.7105
840.9,5.23,11.644,2910.90,0.7127
840.9,5.32,11.665,2916.15,0.7145
840.9,5.40,11.683,2920.72,0.7160
840.9,5.48,11.699,2924.77,0.7173
840.9,5.56,11.714,2928.48,0.7184
840.9,5.64,11.728,2931.99,0.7193
840.9,5.72,11.741,2935.22,0.7202
840.9,5.80,11.752,2938.06,0.7208
840.9,5.88,11.762,2940.42,0.7213
840.9,5.96,11.769,2942.22,0.7215
840.9,6.04,11.773,2943.24,0.7215
840.9,6.12,11.771,2942.71,0.7211
840.9,6.20,11.763,2940.65,0.7203
840.9,6.28,11.749,2937.24,0.7193
840.9,6.36,11.731,2932.63,0.7179
840.9,6.44,11.708,2927.00,0.7164
840.9,6.52,11.682,2920.49,0.7146
840.9,6.60,11.653,2913.28,0.7126
840.9,6.68,11.623,2905.72,0.7105
840.9,6.77,11.592,2898.12,0.7085
840.9,6.85,11.563,2890.70,0.7065
840.9,6.93,11.535,2883.66,0.7046
840.9,7.01,11.509,2877.24,0.7029
840.9,7.09,11.487,2871.64,0.7014
840.9,7.17,11.468,2867.09,0.7003
840.9,7.25,11.455,2863.84,0.6995
840.9,7.33,11.448,2861.99,0.6989
840.9,7.41,11.445,2861.32,0.6986
840.9,7.49,11.446,2861.62,0.6984
840.9,7.57,11.451,2862.69,0.6984
840.9,7.65,11.456,2864.07,0.6984
840.9,7.73,11.460,2864.94,0.6982
840.9,7.81,11.460,2865.07,0.6978
840.9,7.89,11.457,2864.26,0.6972
840.9,7.97,11.449,2862.31,0.6963
840.9,8.05,11.437,2859.30,0.6951
840.9,8.13,11.424,2856.06,0.6939
840.9,8.21,11.411,2852.68,0.6928
840.9,8.30,11.397,2849.19,0.6917
840.9,8.38,11.383,2845.63,0.6907
840.9,8.46,11.368,2842.04,0.6897
840.9,8.54,11.354,2838.45,0.6888
840.9,8.62,11.340,2834.89,0.6879
840.9,8.70,11.326,2831.40,0.6871
840.9,8.78,11.312,2827.92,0.6862
840.9,8.86,11.298,2824.41,0.6854
840.9,8.94,11.283,2820.82,0.6847
840.9,9.02,11.268,2817.08,0.6839
840.9,9.10,11.253,2813.16,0.6831
840.9,9.18,11.236,2809.00,0.6823
840.9,9.26,11.217,2804.34,0.6814
840.9,9.34,11.196,2799.00,0.6803
840.9,9.42,11.172,2793.01,0.6790
840.9,9.50,11.146,2786.40,0.6775
840.9,9.58,11.117,2779.21,0.6758
840.9,9.66,11.087,2771.67,0.6740
840.9,9.74,11.057,2764.17,0.6722
840.9,9.83,11.027,2756.85,0.6703
840.9,9.91,10.999,2749.81,0.6684
840.9,9.99,10.973,2743.20,0.6665
840.9,10.07,10.948,2736.91,0.6647
840.9,10.15,10.922,2730.57,0.6628
840.9,10.23,10.897,2724.17,0.6609
840.9,10.31,10.871,2717.70,0.6589
840.9,10.39,10.845,2711.16,0.6570
840.9,10.47,10.818,2704.53,0.6551
840.9,10.55,10.791,2697.81,0.6531
840.9,10.63,10.764,2690.99,0.6512
840.9,10.71,10.736,2684.03,0.6492
840.9,10.79,10.708,2676.91,0.6473
840.9,10.87,10.678,2669.58,0.6454
840.9,10.95,10.648,2662.04,0.6435
840.9,11.03,10.617,2654.24,0.6417
840.9,11.11,10.585,2646.17,0.6398
840.9,11.19,10.551,2637.79,0.6381
840.9,11.28,10.517,2629.25,0.6363
840.9,11.36,10.482,2620.62,0.6344
840.9,11.44,10.448,2611.90,0.6325
840.9,11.52,10.412,2603.11,0.6305
840.9,11.60,10.377,2594.23,0.6285
840.9,11.68,10.341,2585.30,0.6265
840.9,11.76,10.305,2576.36,0.6245
840.9,11.84,10.270,2567.40,0.6224
840.9,11.92,10.234,2558.45,0.6203
840.9,12.00,10.198,2549.53,0.6182
846.3,0.00,14.207,3551.86,
846.3,0.08,14.155,3538.67,
846.3,0.16,14.103,3525.81,
846.3,0.24,14.053,3513.29,
846.3,0.32,14.004,3501.12,
846.3,0.40,13.957,3489.30,
846.3,0.48,13.911,3477.82,
846.3,0.56,13.867,3466.69,
846.3,0.64,13.823,3455.69,
846.3,0.72,13.779,3444.68,
846.3,0.81,13.734,3433.51,
846.3,0.89,13.688,3422.06,
846.3,0.97,13.641,3410.20,
846.3,1.05,13.591,3397.79,
846.3,1.13,13.540,3384.89,
846.3,1.21,13.488,3371.92,
846.3,1.29,13.436,3358.88,
846.3,1.37,13.383,3345.71,
846.3,1.45,13.329,3332.36,
846.3,1.53,13.275,3318.77,
846.3,1.61,13.220,3304.88,
846.3,1.69,13.163,3290.64,
846.3,1.77,13.104,3276.03,
846.3,1.85,13.044,3261.07,
846.3,1.93,12.983,3245.75,
846.3,2.01,12.920,3230.04,0.7720
846.3,2.09,12.851,3212.66,0.7675
846.3,2.17,12.773,3193.18,0.7623
846.3,2.26,12.688,3171.92,0.7566
846.3,2.34,12.597,3149.22,0.7505
846.3,2.42,12.502,3125.41,0.7441
846.3,2.50,12.403,3100.82,0.7374
846.3,2.58,12.304,3075.88,0.7306
846.3,2.66,12.205,3051.31,0.7239
846.3,2.74,12.109,3027.35,0.7173
846.3,2.82,12.016,3004.11,0.7111
846.3,2.90,11.927,2981.74,0.7051
846.3,2.98,11.841,2960.35,0.6995
846.3,3.06,11.760,2940.09,0.6942
846.3,3.14,11.684,2920.96,0.6894
846.3,3.22,11.611,2902.75,0.6850
846.3,3.30,11.542,2885.46,0.6810
846.3,3.38,11.476,2869.07,0.6772
846.3,3.46,11.414,2853.57,0.6739
846.3,3.54,11.356,2838.96,0.6708
846.3,3.62,11.302,2825.61,0.6680
846.3,3.70,11.256,2814.04,0.6657
846.3,3.79,11.218,2804.52,0.6639
846.3,3.87,11.189,2797.35,0.6626
846.3,3.95,11.171,2792.82,0.6619
846.3,4.03,11.165,2791.27,0.6619
846.3,4.11,11.173,2793.35,0.6628
846.3,4.19,11.195,2798.83,0.6647
846.3,4.27,11.229,2807.28,0.6674
846.3,4.35,11.273,2818.22,0.6708
846.3,4.43,11.325,2831.21,0.6748
846.3,4.51,11.383,2845.79,0.6793
846.3,4.59,11.445,2861.23,0.6840
846.3,4.67,11.505,2876.25,0.6885
846.3,4.75,11.562,2890.42,0.6929
846.3,4.83,11.613,2903.37,0.6969
846.3,4.91,11.659,2914.75,0.7006
846.3,4.99,11.697,2924.18,0.7037
846.3,5.07,11.725,2931.31,0.7061
846.3,5.15,11.747,2936.70,0.7081
846.3,5.23,11.765,2941.28,0.7098
846.3,5.32,11.781,2945.24,0.7111
846.3,5.40,11.795,2948.74,0.7123
846.3,5.48,11.808,2951.96,0.7133
846.3,5.56,11.820,2955.07,0.7142
846.3,5.64,11.832,2958.08,0.7150
846.3,5.72,11.843,2960.87,0.7157
846.3,5.80,11.853,2963.37,0.7162
846.3,5.88,11.862,2965.48,0.7165
846.3,5.96,11.868,2967.12,0.7167
846.3,6.04,11.872,2968.05,0.7166
846.3,6.12,11.870,2967.48,0.7162
846.3,6.20,11.862,2965.43,0.7155
846.3,6.28,11.848,2962.06,0.7144
846.3,6.36,11.830,2957.54,0.7131
846.3,6.44,11.808,2952.02,0.7115
846.3,6.52,11.783,2945.67,0.7097
846.3,6.60,11.755,2938.82,0.7079
846.3,6.68,11.728,2931.98,0.7060
846.3,6.77,11.701,2925.36,0.7042
846.3,6.85,11.677,2919.18,0.7025
846.3,6.93,11.655,2913.67,0.7011
846.3,7.01,11.636,2909.03,0.6999
846.3,7.09,11.622,2905.49,0.6990
846.3,7.17,11.613,2903.36,0.6985
846.3,7.25,11.610,2902.60,0.6982
846.3,7.33,11.612,2903.00,0.6981
846.3,7.41,11.617,2904.35,0.6982
846.3,7.49,11.626,2906.43,0.6984
846.3,7.57,11.636,2908.98,0.6987
846.3,7.65,11.645,2911.27,0.6989
846.3,7.73,11.652,2912.98,0.6989
846.3,7.81,11.656,2913.91,0.6987
846.3,7.89,11.655,2913.85,0.6983
846.3,7.97,11.650,2912.61,0.6975
846.3,8.05,11.641,2910.26,0.6965
846.3,8.13,11.631,2907.65,0.6955
846.3,8.21,11.619,2904.86,0.6945
846.3,8.30,11.608,2901.94,0.6936
846.3,8.38,11.596,2898.92,0.6927
846.3,8.46,11.583,2895.83,0.6919
846.3,8.54,11.571,2892.71,0.6911
846.3,8.62,11.558,2889.60,0.6904
846.3,8.70,11.546,2886.50,0.6897
846.3,8.78,11.533,2883.35,0.6890
846.3,8.86,11.520,2880.10,0.6883
846.3,8.94,11.507,2876.70,0.6876
846.3,9.02,11.492,2873.10,0.6870
846.3,9.10,11.477,2869.21,0.6863
846.3,9.18,11.459,2864.70,0.6854
846.3,9.26,11.438,2859.50,0.6844
846.3,9.34,11.415,2853.64,0.6831
846.3,9.42,11.389,2847.16,0.6816
846.3,9.50,11.360,2840.08,0.6800
846.3,9.58,11.330,2832.51,0.6783
846.3,9.66,11.299,2824.81,0.6764
846.3,9.74,11.269,2817.13,0.6745
846.3,9.83,11.238,2809.61,0.6726
846.3,9.91,11.210,2802.38,0.6707
846.3,9.99,11.182,2795.55,0.6688
846.3,10.07,11.156,2789.04,0.6668
846.3,10.15,11.130,2782.47,0.6649
846.3,10.23,11.103,2775.84,0.6629
846.3,10.31,11.077,2769.14,0.6610
846.3,10.39,11.049,2762.35,0.6590
846.3,10.47,11.022,2755.48,0.6571
846.3,10.55,10.994,2748.51,0.6551
846.3,10.63,10.966,2741.40,0.6531
846.3,10.71,10.936,2734.11,0.6511
846.3,10.79,10.906,2726.62,0.6492
846.3,10.87,10.876,2718.89,0.6473
846.3,10.95,10.844,2710.90,0.6454
846.3,11.03,10.810,2702.62,0.6436
846.3,11.11,10.776,2694.06,0.6418
846.3,11.19,10.741,2685.37,0.6400
846.3,11.28,10.706,2676.60,0.6381
846.3,11.36,10.671,2667.73,0.6361
846.3,11.44,10.635,2658.78,0.6341
846.3,11.52,10.599,2649.75,0.6321
846.3,11.60,10.563,2640.65,0.6300
846.3,11.68,10.526,2631.51,0.6280
846.3,11.76,10.489,2622.35,0.6259
846.3,11.84,10.453,2613.18,0.6237
846.3,11.92,10.416,2604.02,0.6216
846.3,12.00,10.380,2594.89,0.6194
851.7,0.00,14.462,3615.51,
851.7,0.08,14.411,3602.76,
851.7,0.16,14.361,3590.34,
851.7,0.24,14.313,3578.23,
851.7,0.32,14.266,3566.44,
851.7,0.40,14.220,3554.98,
851.7,0.48,14.175,3543.84,
851.7,0.56,14.131,3532.86,
851.7,0.64,14.087,3521.80,
851.7,0.72,14.042,3510.52,
851.7,0.81,13.996,3498.89,
851.7,0.89,13.947,3486.79,
851.7,0.97,13.896,3474.08,
851.7,1.05,13.844,3461.02,
851.7,1.13,13.792,3447.93,
851.7,1.21,13.739,3434.75,
851.7,1.29,13.686,3421.42,
851.7,1.37,13.632,3407.89,
851.7,1.45,13.576,3394.12,
851.7,1.53,13.520,3380.03,
851.7,1.61,13.462,3365.57,
851.7,1.69,13.403,3350.74,
851.7,1.77,13.342,3335.53,
851.7,1.85,13.280,3319.95,
851.7,1.93,13.216,3303.99,
851.7,2.01,13.150,3287.62,0.7737
851.7,2.09,13.078,3269.57,0.7689
851.7,2.17,12.998,3249.39,0.7635
851.7,2.26,12.910,3227.41,0.7577
851.7,2.34,12.816,3203.97,0.7513
851.7,2.42,12.718,3179.41,0.7447
851.7,2.50,12.616,3154.07,0.7378
851.7,2.58,12.515,3128.84,0.7309
851.7,2.66,12.417,3104.20,0.7242
851.7,2.74,12.321,3080.29,0.7178
851.7,2.82,12.229,3057.23,0.7117
851.7,2.90,12.141,3035.16,0.7059
851.7,2.98,12.057,3014.21,0.7006
851.7,3.06,11.977,2994.23,0.6956
851.7,3.14,11.900,2975.11,0.6910
851.7,3.22,11.827,2956.83,0.6867
851.7,3.30,11.758,2939.39,0.6828
851.7,3.38,11.691,2922.76,0.6792
851.7,3.46,11.628,2906.95,0.6758
851.7,3.54,11.568,2892.07,0.6728
851.7,3.62,11.514,2878.62,0.6701
851.7,3.70,11.468,2866.91,0.6678
851.7,3.79,11.429,2857.22,0.6660
851.7,3.87,11.399,2849.85,0.6647
851.7,3.95,11.380,2845.08,0.6640
851.7,4.03,11.373,2843.26,0.6640
851.7,4.11,11.380,2845.06,0.6649
851.7,4.19,11.401,2850.27,0.6668
851.7,4.27,11.434,2858.43,0.6695
851.7,4.35,11.476,2869.09,0.6729
851.7,4.43,11.527,2881.78,0.6769
851.7,4.51,11.584,2895.97,0.6813
851.7,4.59,11.640,2909.98,0.6856
851.7,4.67,11.692,2923.04,0.6898
851.7,4.75,11.739,2934.80,0.6935
851.7,4.83,11.780,2944.89,0.6969
851.7,4.91,11.812,2952.95,0.6997
851.7,4.99,11.835,2958.72,0.7018
851.7,5.07,11.853,2963.22,0.7036
851.7,5.15,11.868,2966.97,0.7050
851.7,5.23,11.881,2970.15,0.7062
851.7,5.32,11.892,2972.94,0.7072
851.7,5.40,11.902,2975.50,0.7081
851.7,5.48,11.912,2978.01,0.7089
851.7,5.56,11.922,2980.57,0.7096
851.7,5.64,11.932,2983.11,0.7102
851.7,5.72,11.942,2985.52,0.7108
851.7,5.80,11.951,2987.73,0.7112
851.7,5.88,11.959,2989.63,0.7115
851.7,5.96,11.965,2991.15,0.7116
851.7,6.04,11.968,2992.05,0.7115
851.7,6.12,11.966,2991.49,0.7110
851.7,6.20,11.958,2989.49,0.7103
851.7,6.28,11.945,2986.21,0.7092
851.7,6.36,11.927,2981.81,0.7079
851.7,6.44,11.906,2976.46,0.7064
851.7,6.52,11.882,2970.40,0.7047
851.7,6.60,11.857,2964.33,0.7030
851.7,6.68,11.834,2958.52,0.7014
851.7,6.77,11.813,2953.21,0.7000
851.7,6.85,11.794,2948.62,0.6988
851.7,6.93,11.780,2944.95,0.6979
851.7,7.01,11.770,2942.46,0.6973
851.7,7.09,11.766,2941.46,0.6970
851.7,7.17,11.767,2941.81,0.6969
851.7,7.25,11.773,2943.28,0.6971
851.7,7.33,11.783,2945.67,0.6974
851.7,7.41,11.795,2948.77,0.6978
851.7,7.49,11.809,2952.37,0.6984
851.7,7.57,11.824,2955.97,0.6989
851.7,7.65,11.837,2959.14,0.6993
851.7,7.73,11.847,2961.68,0.6996
851.7,7.81,11.854,2963.39,0.6996
851.7,7.89,11.856,2964.08,0.6993
851.7,7.97,11.854,2963.53,0.6988
851.7,8.05,11.847,2961.84,0.6979
851.7,8.13,11.839,2959.85,0.6970
851.7,8.21,11.831,2957.66,0.6962
851.7,8.30,11.821,2955.30,0.6955
851.7,8.38,11.811,2952.80,0.6948
851.7,8.46,11.801,2950.21,0.6941
851.7,8.54,11.790,2947.56,0.6935
851.7,8.62,11.780,2944.90,0.6929
851.7,8.70,11.769,2942.18,0.6923
851.7,8.78,11.757,2939.34,0.6917
851.7,8.86,11.745,2936.34,0.6912
851.7,8.94,11.732,2933.12,0.6906
851.7,9.02,11.718,2929.53,0.6900
851.7,9.10,11.701,2925.23,0.6892
851.7,9.18,11.681,2920.23,0.6882
851.7,9.26,11.658,2914.56,0.6870
851.7,9.34,11.633,2908.26,0.6856
851.7,9.42,11.605,2901.36,0.6841
851.7,9.50,11.576,2893.89,0.6823
851.7,9.58,11.544,2886.12,0.6805
851.7,9.66,11.513,2878.24,0.6787
851.7,9.74,11.482,2870.38,0.6767
851.7,9.83,11.451,2862.66,0.6748
851.7,9.91,11.421,2855.21,0.6728
851.7,9.99,11.393,2848.15,0.6708
851.7,10.07,11.366,2841.40,0.6689
851.7,10.15,11.338,2834.60,0.6669
851.7,10.23,11.311,2827.72,0.6649
851.7,10.31,11.283,2820.76,0.6629
851.7,10.39,11.255,2813.72,0.6609
851.7,10.47,11.226,2806.59,0.6589
851.7,10.55,11.197,2799.33,0.6569
851.7,10.63,11.168,2791.88,0.6549
851.7,10.71,11.137,2784.21,0.6530
851.7,10.79,11.105,2776.30,0.6511
851.7,10.87,11.072,2768.12,0.6492
851.7,10.95,11.039,2759.64,0.6473
851.7,11.03,11.004,2750.91,0.6455
851.7,11.11,10.968,2742.08,0.6436
851.7,11.19,10.933,2733.16,0.6417
851.7,11.28,10.897,2724.15,0.6397
851.7,11.36,10.860,2715.05,0.6377
851.7,11.44,10.823,2705.86,0.6356
851.7,11.52,10.786,2696.59,0.6335
851.7,11.60,10.749,2687.27,0.6314
851.7,11.68,10.712,2677.91,0.6293
851.7,11.76,10.674,2668.53,0.6271
851.7,11.84,10.637,2659.15,0.6250
851.7,11.92,10.599,2649.77,0.6228
851.7,12.00,10.562,2640.42,0.6206
857.0,0.00,14.724,3681.11,
857.0,0.08,14.675,3668.73,
857.0,0.16,14.627,3656.64,
857.0,0.24,14.579,3644.85,
857.0,0.32,14.533,3633.36,
857.0,0.40,14.489,3622.17,
857.0,0.48,14.445,3611.19,
857.0,0.56,14.400,3600.09,
857.0,0.64,14.355,3588.70,
857.0,0.72,14.308,3576.90,
857.0,0.81,14.258,3564.55,
857.0,0.89,14.206,3551.58,
857.0,0.97,14.154,3538.44,
857.0,1.05,14.101,3525.25,
857.0,1.13,14.048,3511.95,
857.0,1.21,13.994,3498.49,
857.0,1.29,13.939,3484.81,
857.0,1.37,13.883,3470.87,
857.0,1.45,13.826,3456.60,
857.0,1.53,13.768,3441.95,
857.0,1.61,13.708,3426.92,
857.0,1.69,13.646,3411.48,
857.0,1.77,13.583,3395.66,
857.0,1.85,13.518,3379.43,
857.0,1.93,13.451,3362.82,
857.0,2.01,13.383,3345.77,0.7753
857.0,2.09,13.308,3327.03,0.7704
857.0,2.17,13.225,3306.13,0.7648
857.0,2.26,13.134,3283.43,0.7587
857.0,2.34,13.037,3259.24,0.7521
857.0,2.42,12.936,3233.91,0.7453
857.0,2.50,12.833,3208.17,0.7383
857.0,2.58,12.732,3183.01,0.7315
857.0,2.66,12.634,3158.57,0.7249
857.0,2.74,12.540,3134.98,0.7187
857.0,2.82,12.449,3112.37,0.7128
857.0,2.90,12.363,3090.82,0.7074
857.0,2.98,12.280,3070.12,0.7023
857.0,3.06,12.201,3050.20,0.6975
857.0,3.14,12.124,3031.06,0.6931
857.0,3.22,12.051,3012.67,0.6890
857.0,3.30,11.980,2995.04,0.6851
857.0,3.38,11.913,2978.14,0.6815
857.0,3.46,11.848,2962.00,0.6782
857.0,3.54,11.788,2946.94,0.6752
857.0,3.62,11.733,2933.28,0.6725
857.0,3.70,11.685,2921.33,0.6703
857.0,3.79,11.645,2911.37,0.6685
857.0,3.87,11.615,2903.69,0.6672
857.0,3.95,11.594,2898.58,0.6664
857.0,4.03,11.586,2896.38,0.6664
857.0,4.11,11.591,2897.80,0.6673
857.0,4.19,11.610,2902.62,0.6691
857.0,4.27,11.642,2910.39,0.6718
857.0,4.35,11.683,2920.66,0.6751
857.0,4.43,11.732,2932.96,0.6791
857.0,4.51,11.783,2945.74,0.6832
857.0,4.59,11.830,2957.49,0.6870
857.0,4.67,11.871,2967.85,0.6904
857.0,4.75,11.906,2976.45,0.6934
857.0,4.83,11.932,2982.94,0.6958
857.0,4.91,11.949,2987.33,0.6977
857.0,4.99,11.963,2990.77,0.6992
857.0,5.07,11.974,2993.52,0.7004
857.0,5.15,11.983,2995.76,0.7014
857.0,5.23,11.991,2997.66,0.7022
857.0,5.32,11.998,2999.39,0.7028
857.0,5.40,12.005,3001.14,0.7034
857.0,5.48,12.012,3003.04,0.7040
857.0,5.56,12.020,3005.10,0.7046
857.0,5.64,12.029,3007.21,0.7051
857.0,5.72,12.037,3009.29,0.7055
857.0,5.80,12.045,3011.25,0.7058
857.0,5.88,12.052,3013.00,0.7060
857.0,5.96,12.058,3014.45,0.7061
857.0,6.04,12.061,3015.36,0.7060
857.0,6.12,12.059,3014.86,0.7056
857.0,6.20,12.052,3012.96,0.7048
857.0,6.28,12.039,3009.81,0.7038
857.0,6.36,12.022,3005.59,0.7025
857.0,6.44,12.002,3000.47,0.7011
857.0,6.52,11.981,2995.16,0.6996
857.0,6.60,11.961,2990.19,0.6982
857.0,6.68,11.943,2985.76,0.6970
857.0,6.77,11.928,2982.09,0.6960
857.0,6.85,11.918,2979.40,0.6953
857.0,6.93,11.912,2978.02,0.6950
857.0,7.01,11.913,2978.16,0.6949
857.0,7.09,11.918,2979.60,0.6951
857.0,7.17,11.929,2982.15,0.6955
857.0,7.25,11.942,2985.59,0.6961
857.0,7.33,11.959,2989.72,0.6968
857.0,7.41,11.977,2994.32,0.6976
857.0,7.49,11.996,2999.09,0.6984
857.0,7.57,12.014,3003.60,0.6991
857.0,7.65,12.031,3007.64,0.6998
857.0,7.73,12.044,3011.01,0.7002
857.0,7.81,12.054,3013.50,0.7004
857.0,7.89,12.060,3014.92,0.7004
857.0,7.97,12.060,3015.07,0.7000
857.0,8.05,12.056,3014.03,0.6993
857.0,8.13,12.051,3012.65,0.6986
857.0,8.21,12.044,3011.04,0.6980
857.0,8.30,12.037,3009.23,0.6974
857.0,8.38,12.029,3007.26,0.6968
857.0,8.46,12.021,3005.15,0.6963
857.0,8.54,12.012,3003.00,0.6958
857.0,8.62,12.003,3000.77,0.6954
857.0,8.70,11.994,2998.41,0.6949
857.0,8.78,11.984,2995.88,0.6945
857.0,8.86,11.972,2993.10,0.6941
857.0,8.94,11.959,2989.82,0.6936
857.0,9.02,11.943,2985.79,0.6928
857.0,9.10,11.924,2981.05,0.6919
857.0,9.18,11.903,2975.64,0.6907
857.0,9.26,11.878,2969.58,0.6894
857.0,9.34,11.852,2962.91,0.6879
857.0,9.42,11.823,2955.67,0.6863
857.0,9.50,11.792,2947.96,0.6845
857.0,9.58,11.760,2940.01,0.6827
857.0,9.66,11.728,2931.94,0.6808
857.0,9.74,11.695,2923.87,0.6788
857.0,9.83,11.664,2915.93,0.6768
857.0,9.91,11.633,2908.25,0.6748
857.0,9.99,11.604,2900.96,0.6728
857.0,10.07,11.576,2893.96,0.6708
857.0,10.15,11.548,2886.90,0.6688
857.0,10.23,11.519,2879.76,0.6668
857.0,10.31,11.490,2872.54,0.6648
857.0,10.39,11.461,2865.23,0.6627
857.0,10.47,11.431,2857.81,0.6607
857.0,10.55,11.401,2850.20,0.6587
857.0,10.63,11.369,2842.36,0.6567
857.0,10.71,11.337,2834.27,0.6548
857.0,10.79,11.304,2825.89,0.6529
857.0,10.87,11.269,2817.21,0.6510
857.0,10.95,11.233,2808.34,0.6492
857.0,11.03,11.198,2799.38,0.6472
857.0,11.11,11.161,2790.31,0.6452
857.0,11.19,11.125,2781.15,0.6432
857.0,11.28,11.088,2771.90,0.6412
857.0,11.36,11.050,2762.56,0.6391
857.0,11.44,11.013,2753.13,0.6370
857.0,11.52,10.975,2743.63,0.6348
857.0,11.60,10.936,2734.09,0.6327
857.0,11.68,10.898,2724.50,0.6305
857.0,11.76,10.860,2714.90,0.6283
857.0,11.84,10.821,2705.29,0.6261
857.0,11.92,10.783,2695.69,0.6238
857.0,12.00,10.744,2686.12,0.6216
862.4,0.00,14.994,3748.43,
862.4,0.08,14.945,3736.32,
862.4,0.16,14.898,3724.49,
862.4,0.24,14.852,3712.93,
862.4,0.32,14.807,3701.65,
862.4,0.40,14.762,3690.62,
862.4,0.48,14.718,3679.47,
862.4,0.56,14.672,3667.98,
862.4,0.64,14.624,3656.00,
862.4,0.72,14.574,3643.42,
862.4,0.81,14.521,3630.28,
862.4,0.89,14.468,3617.09,
862.4,0.97,14.415,3603.82,
862.4,1.05,14.362,3590.43,
862.4,1.13,14.307,3576.86,
862.4,1.21,14.252,3563.06,
862.4,1.29,14.196,3548.97,
862.4,1.37,14.138,3534.55,
862.4,1.45,14.079,3519.73,
862.4,1.53,14.018,3504.50,
862.4,1.61,13.955,3488.87,
862.4,1.69,13.891,3472.82,
862.4,1.77,13.825,3456.35,
862.4,1.85,13.758,3439.48,
862.4,1.93,13.689,3422.19,
862.4,2.01,13.618,3404.46,0.7770
862.4,2.09,13.540,3385.00,0.7718
862.4,2.17,13.453,3363.37,0.7660
862.4,2.26,13.360,3339.92,0.7597
862.4,2.34,13.260,3314.97,0.7529
862.4,2.42,13.156,3289.03,0.7459
862.4,2.50,13.054,3263.49,0.7390
862.4,2.58,12.955,3238.66,0.7324
862.4,2.66,12.859,3214.69,0.7261
862.4,2.74,12.767,3191.68,0.7202
862.4,2.82,12.679,3169.64,0.7146
862.4,2.90,12.593,3148.33,0.7094
862.4,2.98,12.511,3127.73,0.7045
862.4,3.06,12.431,3107.83,0.7000
862.4,3.14,12.355,3088.63,0.6957
862.4,3.22,12.280,3070.10,0.6916
862.4,3.30,12.209,3052.24,0.6878
862.4,3.38,12.140,3035.04,0.6843
862.4,3.46,12.074,3018.62,0.6810
862.4,3.54,12.013,3003.28,0.6780
862.4,3.62,11.957,2989.32,0.6753
862.4,3.70,11.908,2977.02,0.6730
862.4,3.79,11.867,2966.68,0.6712
862.4,3.87,11.834,2958.58,0.6699
862.4,3.95,11.812,2953.03,0.6691
862.4,4.03,11.801,2950.35,0.6689
862.4,4.11,11.805,2951.28,0.6698
862.4,4.19,11.822,2955.60,0.6716
862.4,4.27,11.852,2962.88,0.6742
862.4,4.35,11.891,2972.65,0.6775
862.4,4.43,11.935,2983.84,0.6812
862.4,4.51,11.976,2994.08,0.6846
862.4,4.59,12.011,3002.83,0.6877
862.4,4.67,12.039,3009.74,0.6903
862.4,4.75,12.058,3014.45,0.6923
862.4,4.83,12.070,3017.47,0.6938
862.4,4.91,12.079,3019.68,0.6950
862.4,4.99,12.085,3021.27,0.6959
862.4,5.07,12.090,3022.40,0.6966
862.4,5.15,12.093,3023.24,0.6972
862.4,5.23,12.096,3023.98,0.6976
862.4,5.32,12.099,3024.78,0.6980
862.4,5.40,12.103,3025.83,0.6984
862.4,5.48,12.109,3027.19,0.6988
862.4,5.56,12.115,3028.78,0.6992
862.4,5.64,12.122,3030.52,0.6996
862.4,5.72,12.129,3032.31,0.6999
862.4,5.80,12.136,3034.07,0.7002
862.4,5.88,12.143,3035.71,0.7004
862.4,5.96,12.149,3037.14,0.7004
862.4,6.04,12.152,3038.11,0.7003
862.4,6.12,12.151,3037.72,0.6999
862.4,6.20,12.144,3035.96,0.6992
862.4,6.28,12.132,3033.00,0.6982
862.4,6.36,12.116,3029.00,0.6970
862.4,6.44,12.098,3024.50,0.6957
862.4,6.52,12.081,3020.36,0.6945
862.4,6.60,12.067,3016.81,0.6935
862.4,6.68,12.056,3014.08,0.6927
862.4,6.77,12.050,3012.39,0.6923
862.4,6.85,12.049,3012.17,0.6922
862.4,6.93,12.054,3013.44,0.6924
862.4,7.01,12.064,3016.00,0.6928
862.4,7.09,12.079,3019.63,0.6935
862.4,7.17,12.097,3024.13,0.6943
862.4,7.25,12.117,3029.28,0.6952
862.4,7.33,12.140,3034.88,0.6962
862.4,7.41,12.163,3040.71,0.6973
862.4,7.49,12.186,3046.44,0.6984
862.4,7.57,12.207,3051.86,0.6993
862.4,7.65,12.227,3056.77,0.7002
862.4,7.73,12.244,3060.95,0.7008
862.4,7.81,12.257,3064.22,0.7012
862.4,7.89,12.265,3066.37,0.7014
862.4,7.97,12.269,3067.20,0.7012
862.4,8.05,12.267,3066.80,0.7007
862.4,8.13,12.264,3066.03,0.7002
862.4,8.21,12.260,3065.00,0.6997
862.4,8.30,12.255,3063.73,0.6993
862.4,8.38,12.249,3062.27,0.6989
862.4,8.46,12.243,3060.69,0.6986
862.4,8.54,12.236,3059.02,0.6982
862.4,8.62,12.229,3057.20,0.6979
862.4,8.70,12.221,3055.20,0.6976
862.4,8.78,12.212,3052.91,0.6973
862.4,8.86,12.200,3049.96,0.6969
862.4,8.94,12.185,3046.26,0.6962
862.4,9.02,12.167,3041.85,0.6953
862.4,9.10,12.147,3036.75,0.6942
862.4,9.18,12.124,3031.00,0.6930
862.4,9.26,12.099,3024.63,0.6916
862.4,9.34,12.071,3017.67,0.6900
862.4,9.42,12.041,3010.18,0.6883
862.4,9.50,12.009,3002.29,0.6866
862.4,9.58,11.977,2994.14,0.6847
862.4,9.66,11.943,2985.86,0.6828
862.4,9.74,11.910,2977.58,0.6808
862.4,9.83,11.878,2969.41,0.6788
862.4,9.91,11.846,2961.49,0.6767
862.4,9.99,11.816,2953.94,0.6747
862.4,10.07,11.787,2946.68,0.6726
862.4,10.15,11.757,2939.35,0.6706
862.4,10.23,11.728,2931.93,0.6686
862.4,10.31,11.698,2924.44,0.6665
862.4,10.39,11.667,2916.84,0.6645
862.4,10.47,11.636,2909.07,0.6624
862.4,10.55,11.604,2901.06,0.6604
862.4,10.63,11.571,2892.78,0.6585
862.4,10.71,11.537,2884.21,0.6566
862.4,10.79,11.501,2875.35,0.6547
862.4,10.87,11.465,2866.35,0.6528
862.4,10.95,11.429,2857.24,0.6508
862.4,11.03,11.392,2848.03,0.6488
862.4,11.11,11.355,2838.73,0.6467
862.4,11.19,11.317,2829.32,0.6446
862.4,11.28,11.279,2819.83,0.6425
862.4,11.36,11.241,2810.25,0.6403
862.4,11.44,11.202,2800.58,0.6382
862.4,11.52,11.163,2790.85,0.6360
862.4,11.60,11.124,2781.07,0.6338
862.4,11.68,11.085,2771.26,0.6316
862.4,11.76,11.046,2761.42,0.6293
862.4,11.84,11.006,2751.58,0.6271
862.4,11.92,10.967,2741.76,0.6248
862.4,12.00,10.928,2731.95,0.6225
867.8,0.00,15.269,3817.23,
867.8,0.08,15.221,3805.32,
867.8,0.16,15.175,3793.65,
867.8,0.24,15.129,3782.24,
867.8,0.32,15.084,3771.08,
867.8,0.40,15.040,3759.89,
867.8,0.48,14.993,3748.29,
867.8,0.56,14.945,3736.14,
867.8,0.64,14.893,3723.33,
867.8,0.72,14.841,3710.13,
867.8,0.81,14.788,3696.90,
867.8,0.89,14.734,3683.59,
867.8,0.97,14.681,3670.13,
867.8,1.05,14.626,3656.48,
867.8,1.13,14.570,3642.58,
867.8,1.21,14.513,3628.37,
867.8,1.29,14.455,3613.82,
867.8,1.37,14.395,3598.85,
867.8,1.45,14.334,3583.46,
867.8,1.53,14.271,3567.63,
867.8,1.61,14.206,3551.38,
867.8,1.69,14.139,3534.70,
867.8,1.77,14.070,3517.59,
867.8,1.85,14.000,3500.04,
867.8,1.93,13.928,3482.06,
867.8,2.01,13.854,3463.62,0.7786
867.8,2.09,13.774,3443.44,0.7732
867.8,2.17,13.684,3421.07,0.7672
867.8,2.26,13.587,3396.85,0.7607
867.8,2.34,13.485,3371.14,0.7538
867.8,2.42,13.381,3345.36,0.7468
867.8,2.50,13.281,3320.30,0.7402
867.8,2.58,13.184,3296.08,0.7338
867.8,2.66,13.091,3272.82,0.7279
867.8,2.74,13.001,3250.37,0.7223
867.8,2.82,12.914,3228.56,0.7170
867.8,2.90,12.830,3207.40,0.7120
867.8,2.98,12.747,3186.87,0.7073
867.8,3.06,12.668,3166.96,0.7028
867.8,3.14,12.591,3147.66,0.6986
867.8,3.22,12.516,3128.96,0.6947
867.8,3.30,12.443,3110.84,0.6909
867.8,3.38,12.373,3093.31,0.6874
867.8,3.46,12.306,3076.54,0.6841
867.8,3.54,12.243,3060.82,0.6810
867.8,3.62,12.186,3046.44,0.6783
867.8,3.70,12.135,3033.69,0.6760
867.8,3.79,12.091,3022.86,0.6741
867.8,3.87,12.057,3014.25,0.6727
867.8,3.95,12.033,3008.14,0.6719
867.8,4.03,12.020,3004.88,0.6717
867.8,4.11,12.021,3005.21,0.6724
867.8,4.19,12.036,3008.94,0.6741
867.8,4.27,12.062,3015.62,0.6766
867.8,4.35,12.098,3024.60,0.6798
867.8,4.43,12.132,3033.11,0.6828
867.8,4.51,12.160,3040.06,0.6855
867.8,4.59,12.180,3045.07,0.6876
867.8,4.67,12.192,3047.88,0.6892
867.8,4.75,12.198,3049.45,0.6903
867.8,4.83,12.201,3050.27,0.6911
867.8,4.91,12.202,3050.52,0.6917
867.8,4.99,12.201,3050.37,0.6921
867.8,5.07,12.200,3049.99,0.6924
867.8,5.15,12.198,3049.57,0.6925
867.8,5.23,12.197,3049.27,0.6927
867.8,5.32,12.197,3049.27,0.6928
867.8,5.40,12.199,3049.71,0.6930
867.8,5.48,12.202,3050.56,0.6932
867.8,5.56,12.207,3051.74,0.6935
867.8,5.64,12.213,3053.15,0.6938
867.8,5.72,12.219,3054.71,0.6941
867.8,5.80,12.225,3056.32,0.6943
867.8,5.88,12.232,3057.90,0.6944
867.8,5.96,12.237,3059.35,0.6945
867.8,6.04,12.242,3060.43,0.6944
867.8,6.12,12.241,3060.19,0.6940
867.8,6.20,12.234,3058.62,0.6933
867.8,6.28,12.224,3055.90,0.6924
867.8,6.36,12.209,3052.33,0.6913
867.8,6.44,12.196,3049.03,0.6903
867.8,6.52,12.186,3046.38,0.6895
867.8,6.60,12.178,3044.60,0.6890
867.8,6.68,12.176,3043.96,0.6888
867.8,6.77,12.180,3044.91,0.6890
867.8,6.85,12.189,3047.33,0.6894
867.8,6.93,12.204,3051.00,0.6901
867.8,7.01,12.223,3055.72,0.6909
867.8,7.09,12.245,3061.28,0.6920
867.8,7.17,12.270,3067.47,0.6931
867.8,7.25,12.296,3074.07,0.6944
867.8,7.33,12.324,3080.89,0.6957
867.8,7.41,12.351,3087.73,0.6970
867.8,7.49,12.378,3094.41,0.6983
867.8,7.57,12.403,3100.73,0.6995
867.8,7.65,12.426,3106.49,0.7006
867.8,7.73,12.446,3111.49,0.7014
867.8,7.81,12.462,3115.52,0.7021
867.8,7.89,12.474,3118.39,0.7024
867.8,7.97,12.480,3119.90,0.7024
867.8,8.05,12.481,3120.13,0.7021
867.8,8.13,12.480,3119.97,0.7017
867.8,8.21,12.478,3119.50,0.7015
867.8,8.30,12.475,3118.77,0.7012
867.8,8.38,12.471,3117.84,0.7010
867.8,8.46,12.467,3116.79,0.7008
867.8,8.54,12.462,3115.59,0.7007
867.8,8.62,12.457,3114.18,0.7005
867.8,8.70,12.450,3112.39,0.7003
867.8,8.78,12.439,3109.84,0.6999
867.8,8.86,12.426,3106.53,0.6993
867.8,8.94,12.410,3102.50,0.6985
867.8,9.02,12.391,3097.77,0.6975
867.8,9.10,12.370,3092.39,0.6964
867.8,9.18,12.345,3086.37,0.6951
867.8,9.26,12.319,3079.77,0.6936
867.8,9.34,12.290,3072.60,0.6920
867.8,9.42,12.260,3064.92,0.6903
867.8,9.50,12.227,3056.83,0.6885
867.8,9.58,12.194,3048.48,0.6866
867.8,9.66,12.160,3039.98,0.6846
867.8,9.74,12.126,3031.46,0.6826
867.8,9.83,12.092,3023.05,0.6806
867.8,9.91,12.059,3014.87,0.6785
867.8,9.99,12.028,3007.06,0.6765
867.8,10.07,11.998,2999.51,0.6744
867.8,10.15,11.968,2991.90,0.6723
867.8,10.23,11.937,2984.20,0.6703
867.8,10.31,11.906,2976.41,0.6682
867.8,10.39,11.874,2968.48,0.6662
867.8,10.47,11.841,2960.30,0.6641
867.8,10.55,11.807,2951.83,0.6622
867.8,10.63,11.772,2943.07,0.6602
867.8,10.71,11.736,2934.05,0.6583
867.8,10.79,11.700,2924.92,0.6563
867.8,10.87,11.663,2915.67,0.6543
867.8,10.95,11.625,2906.32,0.6523
867.8,11.03,11.587,2896.87,0.6502
867.8,11.11,11.549,2887.32,0.6480
867.8,11.19,11.511,2877.67,0.6459
867.8,11.28,11.472,2867.94,0.6437
867.8,11.36,11.432,2858.11,0.6415
867.8,11.44,11.393,2848.21,0.6393
867.8,11.52,11.353,2838.24,0.6371
867.8,11.60,11.313,2828.22,0.6348
867.8,11.68,11.273,2818.16,0.6326
867.8,11.76,11.232,2808.09,0.6303
867.8,11.84,11.192,2798.01,0.6280
867.8,11.92,11.152,2787.95,0.6257
867.8,12.00,11.112,2777.91,0.6234
873.2,0.00,15.549,3887.29,
873.2,0.08,15.502,3875.48,
873.2,0.16,15.456,3863.90,
873.2,0.24,15.410,3852.55,
873.2,0.32,15.365,3841.29,
873.2,0.40,15.318,3829.58,
873.2,0.48,15.269,3817.26,
873.2,0.56,15.217,3804.26,
873.2,0.64,15.164,3791.08,
873.2,0.72,15.111,3777.84,
873.2,0.81,15.058,3764.50,
873.2,0.89,15.004,3751.00,
873.2,0.97,14.949,3737.29,
873.2,1.05,14.893,3723.32,
873.2,1.13,14.836,3709.02,
873.2,1.21,14.777,3694.33,
873.2,1.29,14.717,3679.24,
873.2,1.37,14.655,3663.71,
873.2,1.45,14.591,3647.74,
873.2,1.53,14.525,3631.31,
873.2,1.61,14.458,3614.42,
873.2,1.69,14.388,3597.09,
873.2,1.77,14.317,3579.31,
873.2,1.85,14.244,3561.08,
873.2,1.93,14.170,3542.39,
873.2,2.01,14.093,3523.23,0.7803
873.2,2.09,14.009,3502.30,0.7747
873.2,2.17,13.917,3479.18,0.7685
873.2,2.26,13.817,3454.18,0.7618
873.2,2.34,13.713,3428.34,0.7548
873.2,2.42,13.613,3403.19,0.7482
873.2,2.50,13.515,3378.87,0.7418
873.2,2.58,13.422,3355.46,0.7358
873.2,2.66,13.331,3332.70,0.7302
873.2,2.74,13.242,3310.52,0.7248
873.2,2.82,13.156,3288.92,0.7198
873.2,2.90,13.071,3267.87,0.7150
873.2,2.98,12.990,3247.38,0.7104
873.2,3.06,12.910,3227.42,0.7061
873.2,3.14,12.832,3207.95,0.7020
873.2,3.22,12.756,3188.94,0.6980
873.2,3.30,12.682,3170.47,0.6943
873.2,3.38,12.611,3152.63,0.6907
873.2,3.46,12.542,3135.48,0.6874
873.2,3.54,12.477,3119.27,0.6843
873.2,3.62,12.417,3104.37,0.6816
873.2,3.70,12.364,3091.06,0.6792
873.2,3.79,12.319,3079.65,0.6772
873.2,3.87,12.282,3070.41,0.6757
873.2,3.95,12.255,3063.64,0.6748
873.2,4.03,12.239,3059.69,0.6744
873.2,4.11,12.237,3059.32,0.6751
873.2,4.19,12.249,3062.35,0.6766
873.2,4.27,12.273,3068.32,0.6790
873.2,4.35,12.300,3074.91,0.6816
873.2,4.43,12.319,3079.84,0.6838
873.2,4.51,12.331,3082.75,0.6854
873.2,4.59,12.335,3083.64,0.6865
873.2,4.67,12.334,3083.59,0.6872
873.2,4.75,12.331,3082.85,0.6877
873.2,4.83,12.326,3081.59,0.6879
873.2,4.91,12.320,3079.99,0.6879
873.2,4.99,12.313,3078.23,0.6878
873.2,5.07,12.306,3076.47,0.6877
873.2,5.15,12.300,3074.96,0.6875
873.2,5.23,12.295,3073.83,0.6874
873.2,5.32,12.293,3073.14,0.6873
873.2,5.40,12.292,3072.94,0.6873
873.2,5.48,12.293,3073.30,0.6874
873.2,5.56,12.296,3074.11,0.6876
873.2,5.64,12.301,3075.24,0.6878
873.2,5.72,12.306,3076.61,0.6880
873.2,5.80,12.312,3078.12,0.6881
873.2,5.88,12.319,3079.68,0.6883
873.2,5.96,12.325,3081.20,0.6883
873.2,6.04,12.330,3082.44,0.6883
873.2,6.12,12.330,3082.40,0.6879
873.2,6.20,12.324,3081.08,0.6873
873.2,6.28,12.315,3078.65,0.6865
873.2,6.36,12.305,3076.21,0.6857
873.2,6.44,12.298,3074.47,0.6851
873.2,6.52,12.295,3073.64,0.6848
873.2,6.60,12.297,3074.13,0.6849
873.2,6.68,12.305,3076.26,0.6853
873.2,6.77,12.319,3079.83,0.6859
873.2,6.85,12.338,3084.62,0.6868
873.2,6.93,12.362,3090.43,0.6879
873.2,7.01,12.388,3097.06,0.6892
873.2,7.09,12.417,3104.28,0.6906
873.2,7.17,12.448,3111.88,0.6920
873.2,7.25,12.479,3119.68,0.6936
873.2,7.33,12.510,3127.55,0.6951
873.2,7.41,12.541,3135.37,0.6967
873.2,7.49,12.572,3142.98,0.6982
873.2,7.57,12.601,3150.19,0.6997
873.2,7.65,12.627,3156.80,0.7010
873.2,7.73,12.650,3162.60,0.7020
873.2,7.81,12.670,3167.39,0.7029
873.2,7.89,12.684,3170.98,0.7034
873.2,7.97,12.693,3173.15,0.7036
873.2,8.05,12.696,3174.01,0.7035
873.2,8.13,12.698,3174.44,0.7034
873.2,8.21,12.698,3174.53,0.7033
873.2,8.30,12.697,3174.34,0.7032
873.2,8.38,12.696,3173.99,0.7032
873.2,8.46,12.694,3173.46,0.7032
873.2,8.54,12.691,3172.71,0.7032
873.2,8.62,12.686,3171.42,0.7031
873.2,8.70,12.677,3169.33,0.7028
873.2,8.78,12.666,3166.48,0.7022
873.2,8.86,12.652,3162.88,0.7015
873.2,8.94,12.634,3158.59,0.7006
873.2,9.02,12.615,3153.63,0.6995
873.2,9.10,12.592,3148.04,0.6983
873.2,9.18,12.567,3141.82,0.6970
873.2,9.26,12.540,3135.02,0.6955
873.2,9.34,12.511,3127.68,0.6939
873.2,9.42,12.479,3119.84,0.6921
873.2,9.50,12.446,3111.56,0.6903
873.2,9.58,12.412,3102.98,0.6884
873.2,9.66,12.377,3094.25,0.6864
873.2,9.74,12.342,3085.48,0.6844
873.2,9.83,12.307,3076.81,0.6823
873.2,9.91,12.273,3068.37,0.6802
873.2,9.99,12.241,3060.27,0.6782
873.2,10.07,12.210,3052.44,0.6761
873.2,10.15,12.178,3044.53,0.6740
873.2,10.23,12.146,3036.53,0.6719
873.2,10.31,12.114,3028.42,0.6699
873.2,10.39,12.080,3020.06,0.6678
873.2,10.47,12.046,3011.42,0.6658
873.2,10.55,12.010,3002.46,0.6639
873.2,10.63,11.973,2993.31,0.6619
873.2,10.71,11.936,2984.04,0.6599
873.2,10.79,11.899,2974.66,0.6578
873.2,10.87,11.861,2965.17,0.6557
873.2,10.95,11.822,2955.57,0.6536
873.2,11.03,11.784,2945.88,0.6514
873.2,11.11,11.744,2936.08,0.6492
873.2,11.19,11.705,2926.18,0.6470
873.2,11.28,11.665,2916.20,0.6448
873.2,11.36,11.625,2906.13,0.6426
873.2,11.44,11.584,2895.98,0.6403
873.2,11.52,11.543,2885.76,0.6381
873.2,11.60,11.502,2875.50,0.6358
873.2,11.68,11.461,2865.20,0.6335
873.2,11.76,11.420,2854.88,0.6312
873.2,11.84,11.378,2844.56,0.6289
873.2,11.92,11.337,2834.25,0.6265
873.2,12.00,11.296,2823.97,0.6242
878.5,0.00,15.834,3958.39,
878.5,0.08,15.786,3946.59,
878.5,0.16,15.740,3935.01,
878.5,0.24,15.694,3923.59,
878.5,0.32,15.647,3911.78,
878.5,0.40,15.597,3899.30,
878.5,0.48,15.545,3886.21,
878.5,0.56,15.492,3873.06,
878.5,0.64,15.439,3859.85,
878.5,0.72,15.386,3846.51,
878.5,0.81,15.332,3833.00,
878.5,0.89,15.277,3819.25,
878.5,0.97,15.221,3805.18,
878.5,1.05,15.163,3790.76,
878.5,1.13,15.104,3775.95,
878.5,1.21,15.043,3760.74,
878.5,1.29,14.980,3745.11,
878.5,1.37,14.916,3729.03,
878.5,1.45,14.850,3712.49,
878.5,1.53,14.782,3695.47,
878.5,1.61,14.712,3677.94,
878.5,1.69,14.640,3659.94,
878.5,1.77,14.566,3641.48,
878.5,1.85,14.490,3622.55,
878.5,1.93,14.413,3603.14,
878.5,2.01,14.333,3583.24,0.7819
878.5,2.09,14.246,3561.55,0.7761
878.5,2.17,14.151,3537.65,0.7697
878.5,2.26,14.049,3512.14,0.7629
878.5,2.34,13.948,3487.04,0.7563
878.5,2.42,13.851,3462.77,0.7499
878.5,2.50,13.757,3439.29,0.7440
878.5,2.58,13.665,3416.35,0.7383
878.5,2.66,13.576,3393.92,0.7329
878.5,2.74,13.488,3371.99,0.7278
878.5,2.82,13.402,3350.54,0.7230
878.5,2.90,13.318,3329.55,0.7183
878.5,2.98,13.235,3308.86,0.7138
878.5,3.06,13.154,3288.51,0.7095
878.5,3.14,13.074,3268.60,0.7054
878.5,3.22,12.997,3249.19,0.7015
878.5,3.30,12.922,3230.38,0.6977
878.5,3.38,12.849,3212.25,0.6942
878.5,3.46,12.779,3194.87,0.6908
878.5,3.54,12.713,3178.34,0.6877
878.5,3.62,12.651,3162.83,0.6849
878.5,3.70,12.595,3148.86,0.6824
878.5,3.79,12.547,3136.75,0.6804
878.5,3.87,12.507,3126.78,0.6788
878.5,3.95,12.477,3119.25,0.6777
878.5,4.03,12.458,3114.51,0.6772
878.5,4.11,12.453,3113.33,0.6777
878.5,4.19,12.462,3115.55,0.6791
878.5,4.27,12.479,3119.77,0.6811
878.5,4.35,12.490,3122.48,0.6828
878.5,4.43,12.492,3123.08,0.6838
878.5,4.51,12.488,3122.04,0.6844
878.5,4.59,12.481,3120.20,0.6847
878.5,4.67,12.471,3117.73,0.6847
878.5,4.75,12.459,3114.80,0.6845
878.5,4.83,12.446,3111.59,0.6841
878.5,4.91,12.433,3108.33,0.6836
878.5,4.99,12.421,3105.31,0.6832
878.5,5.07,12.410,3102.60,0.6827
878.5,5.15,12.401,3100.26,0.6823
878.5,5.23,12.393,3098.35,0.6820
878.5,5.32,12.388,3096.91,0.6817
878.5,5.40,12.384,3096.01,0.6815
878.5,5.48,12.383,3095.69,0.6814
878.5,5.56,12.384,3096.02,0.6814
878.5,5.64,12.388,3096.91,0.6815
878.5,5.72,12.393,3098.14,0.6817
878.5,5.80,12.398,3099.59,0.6819
878.5,5.88,12.405,3101.19,0.6820
878.5,5.96,12.411,3102.83,0.6821
878.5,6.04,12.417,3104.27,0.6821
878.5,6.12,12.418,3104.48,0.6818
878.5,6.20,12.414,3103.45,0.6813
878.5,6.28,12.408,3101.90,0.6807
878.5,6.36,12.404,3101.07,0.6803
878.5,6.44,12.405,3101.22,0.6802
878.5,6.52,12.412,3102.91,0.6805
878.5,6.60,12.425,3106.22,0.6811
878.5,6.68,12.444,3110.94,0.6820
878.5,6.77,12.467,3116.86,0.6831
878.5,6.85,12.495,3123.77,0.6844
878.5,6.93,12.526,3131.43,0.6859
878.5,7.01,12.558,3139.62,0.6875
878.5,7.09,12.593,3148.19,0.6892
878.5,7.17,12.628,3157.02,0.6910
878.5,7.25,12.664,3165.97,0.6928
878.5,7.33,12.700,3174.89,0.6946
878.5,7.41,12.735,3183.67,0.6964
878.5,7.49,12.769,3192.16,0.6982
878.5,7.57,12.801,3200.22,0.6998
878.5,7.65,12.831,3207.67,0.7014
878.5,7.73,12.857,3214.27,0.7027
878.5,7.81,12.879,3219.81,0.7037
878.5,7.89,12.896,3224.10,0.7045
878.5,7.97,12.908,3226.93,0.7049
878.5,8.05,12.914,3228.41,0.7049
878.5,8.13,12.918,3229.43,0.7050
878.5,8.21,12.920,3230.07,0.7051
878.5,8.30,12.922,3230.48,0.7052
878.5,8.38,12.923,3230.69,0.7054
878.5,8.46,12.923,3230.64,0.7056
878.5,8.54,12.920,3229.88,0.7055
878.5,8.62,12.913,3228.31,0.7053
878.5,8.70,12.904,3225.97,0.7049
878.5,8.78,12.892,3222.88,0.7042
878.5,8.86,12.876,3219.09,0.7034
878.5,8.94,12.858,3214.59,0.7025
878.5,9.02,12.838,3209.41,0.7014
878.5,9.10,12.814,3203.59,0.7001
878.5,9.18,12.789,3197.17,0.6987
878.5,9.26,12.761,3190.20,0.6972
878.5,9.34,12.731,3182.72,0.6956
878.5,9.42,12.699,3174.76,0.6939
878.5,9.50,12.666,3166.38,0.6920
878.5,9.58,12.630,3157.62,0.6901
878.5,9.66,12.595,3148.63,0.6881
878.5,9.74,12.558,3139.61,0.6861
878.5,9.83,12.523,3130.67,0.6840
878.5,9.91,12.488,3121.94,0.6819
878.5,9.99,12.454,3113.55,0.6798
878.5,10.07,12.422,3105.41,0.6777
878.5,10.15,12.389,3097.19,0.6756
878.5,10.23,12.356,3088.88,0.6735
878.5,10.31,12.321,3080.35,0.6715
878.5,10.39,12.286,3071.52,0.6695
878.5,10.47,12.250,3062.39,0.6675
878.5,10.55,12.212,3053.11,0.6655
878.5,10.63,12.175,3043.71,0.6634
878.5,10.71,12.137,3034.20,0.6613
878.5,10.79,12.098,3024.57,0.6592
878.5,10.87,12.059,3014.83,0.6570
878.5,10.95,12.020,3004.98,0.6548
878.5,11.03,11.980,2995.02,0.6526
878.5,11.11,11.940,2984.97,0.6503
878.5,11.19,11.899,2974.81,0.6481
878.5,11.28,11.858,2964.58,0.6458
878.5,11.36,11.817,2954.26,0.6436
878.5,11.44,11.775,2943.87,0.6413
878.5,11.52,11.734,2933.41,0.6390
878.5,11.60,11.692,2922.90,0.6367
878.5,11.68,11.649,2912.34,0.6344
878.5,11.76,11.607,2901.78,0.6320
878.5,11.84,11.565,2891.21,0.6297
878.5,11.92,11.523,2880.65,0.6273
878.5,12.00,11.480,2870.12,0.6249
883.9,0.00,16.121,4030.27,
883.9,0.08,16.074,4018.41,
883.9,0.16,16.027,4006.74,
883.9,0.24,15.979,3994.83,
883.9,0.32,15.929,3982.18,
883.9,0.40,15.877,3969.13,
883.9,0.48,15.824,3956.04,
883.9,0.56,15.771,3942.87,
883.9,0.64,15.718,3929.56,
883.9,0.72,15.664,3916.01,
883.9,0.81,15.609,3902.15,
883.9,0.89,15.552,3887.96,
883.9,0.97,15.494,3873.42,
883.9,1.05,15.434,3858.50,
883.9,1.13,15.373,3843.19,
883.9,1.21,15.310,3827.47,
883.9,1.29,15.245,3811.31,
883.9,1.37,15.179,3794.69,
883.9,1.45,15.110,3777.59,
883.9,1.53,15.040,3759.99,
883.9,1.61,14.967,3741.87,
883.9,1.69,14.893,3723.22,
883.9,1.77,14.816,3704.05,
883.9,1.85,14.738,3684.40,
883.9,1.93,14.657,3664.26,
883.9,2.01,14.574,3643.60,0.7836
883.9,2.09,14.485,3621.14,0.7776
883.9,2.17,14.386,3596.48,0.7710
883.9,2.26,14.286,3571.58,0.7645
883.9,2.34,14.190,3547.50,0.7582
883.9,2.42,14.096,3524.03,0.7523
883.9,2.50,14.004,3501.02,0.7466
883.9,2.58,13.914,3478.45,0.7413
883.9,2.66,13.825,3456.30,0.7361
883.9,2.74,13.737,3434.37,0.7312
883.9,2.82,13.650,3412.58,0.7263
883.9,2.90,13.564,3391.04,0.7217
883.9,2.98,13.479,3369.82,0.7172
883.9,3.06,13.396,3348.99,0.7129
883.9,3.14,13.315,3328.66,0.7087
883.9,3.22,13.236,3308.89,0.7048
883.9,3.30,13.159,3289.76,0.7010
883.9,3.38,13.085,3271.37,0.6975
883.9,3.46,13.015,3253.79,0.6942
883.9,3.54,12.948,3237.11,0.6911
883.9,3.62,12.886,3221.41,0.6883
883.9,3.70,12.827,3206.80,0.6857
883.9,3.79,12.776,3193.89,0.6835
883.9,3.87,12.732,3183.09,0.6818
883.9,3.95,12.699,3174.69,0.6806
883.9,4.03,12.676,3169.04,0.6799
883.9,4.11,12.668,3166.96,0.6802
883.9,4.19,12.672,3168.00,0.6814
883.9,4.27,12.673,3168.29,0.6825
883.9,4.35,12.666,3166.46,0.6829
883.9,4.43,12.654,3163.41,0.6830
883.9,4.51,12.638,3159.62,0.6827
883.9,4.59,12.621,3155.25,0.6822
883.9,4.67,12.602,3150.50,0.6816
883.9,4.75,12.583,3145.79,0.6808
883.9,4.83,12.565,3141.27,0.6801
883.9,4.91,12.548,3136.99,0.6793
883.9,4.99,12.532,3133.01,0.6786
883.9,5.07,12.518,3129.38,0.6779
883.9,5.15,12.505,3126.15,0.6772
883.9,5.23,12.494,3123.39,0.6766
883.9,5.32,12.485,3121.13,0.6761
883.9,5.40,12.478,3119.45,0.6757
883.9,5.48,12.474,3118.39,0.6754
883.9,5.56,12.472,3118.00,0.6752
883.9,5.64,12.473,3118.35,0.6752
883.9,5.72,12.478,3119.42,0.6753
883.9,5.80,12.483,3120.87,0.6754
883.9,5.88,12.490,3122.55,0.6756
883.9,5.96,12.497,3124.36,0.6757
883.9,6.04,12.504,3126.05,0.6758
883.9,6.12,12.506,3126.56,0.6756
883.9,6.20,12.504,3126.09,0.6752
883.9,6.28,12.505,3126.19,0.6751
883.9,6.36,12.510,3127.40,0.6752
883.9,6.44,12.521,3130.30,0.6757
883.9,6.52,12.539,3134.79,0.6765
883.9,6.60,12.563,3140.67,0.6776
883.9,6.68,12.591,3147.70,0.6790
883.9,6.77,12.622,3155.59,0.6805
883.9,6.85,12.657,3164.19,0.6822
883.9,6.93,12.693,3173.35,0.6840
883.9,7.01,12.732,3182.95,0.6860
883.9,7.09,12.771,3192.84,0.6880
883.9,7.17,12.812,3202.90,0.6901
883.9,7.25,12.852,3212.98,0.6922
883.9,7.33,12.892,3222.96,0.6942
883.9,7.41,12.931,3232.70,0.6963
883.9,7.49,12.968,3242.05,0.6982
883.9,7.57,13.004,3250.90,0.7001
883.9,7.65,13.036,3259.09,0.7018
883.9,7.73,13.066,3266.47,0.7033
883.9,7.81,13.091,3272.75,0.7046
883.9,7.89,13.111,3277.74,0.7056
883.9,7.97,13.125,3281.23,0.7062
883.9,8.05,13.133,3283.32,0.7065
883.9,8.13,13.140,3284.91,0.7067
883.9,8.21,13.145,3286.15,0.7070
883.9,8.30,13.149,3287.18,0.7074
883.9,8.38,13.151,3287.82,0.7076
883.9,8.46,13.151,3287.65,0.7077
883.9,8.54,13.147,3286.66,0.7076
883.9,8.62,13.140,3284.89,0.7072
883.9,8.70,13.129,3282.35,0.7067
883.9,8.78,13.116,3279.04,0.7060
883.9,8.86,13.100,3274.98,0.7052
883.9,8.94,13.081,3270.23,0.7042
883.9,9.02,13.059,3264.82,0.7030
883.9,9.10,13.035,3258.80,0.7018
883.9,9.18,13.009,3252.21,0.7004
883.9,9.26,12.980,3245.09,0.6989
883.9,9.34,12.950,3237.49,0.6972
883.9,9.42,12.918,3229.45,0.6955
883.9,9.50,12.884,3221.01,0.6937
883.9,9.58,12.849,3212.21,0.6918
883.9,9.66,12.812,3203.10,0.6898
883.9,9.74,12.775,3193.80,0.6877
883.9,9.83,12.738,3184.58,0.6856
883.9,9.91,12.702,3175.55,0.6835
883.9,9.99,12.667,3166.85,0.6814
883.9,10.07,12.634,3158.39,0.6793
883.9,10.15,12.599,3149.85,0.6772
883.9,10.23,12.565,3141.15,0.6751
883.9,10.31,12.529,3132.13,0.6731
883.9,10.39,12.491,3122.86,0.6711
883.9,10.47,12.454,3113.45,0.6690
883.9,10.55,12.416,3103.92,0.6669
883.9,10.63,12.377,3094.27,0.6647
883.9,10.71,12.338,3084.50,0.6626
883.9,10.79,12.298,3074.61,0.6604
883.9,10.87,12.258,3064.60,0.6581
883.9,10.95,12.218,3054.48,0.6559
883.9,11.03,12.177,3044.25,0.6536
883.9,11.11,12.136,3033.93,0.6514
883.9,11.19,12.094,3023.53,0.6491
883.9,11.28,12.052,3013.04,0.6468
883.9,11.36,12.010,3002.47,0.6445
883.9,11.44,11.967,2991.84,0.6422
883.9,11.52,11.925,2981.14,0.6398
883.9,11.60,11.882,2970.39,0.6375
883.9,11.68,11.838,2959.59,0.6352
883.9,11.76,11.795,2948.76,0.6328
883.9,11.84,11.752,2937.94,0.6304
883.9,11.92,11.708,2927.12,0.6280
883.9,12.00,11.665,2916.34,0.6256
889.3,0.00,16.411,4102.73,
889.3,0.08,16.363,4090.71,
889.3,0.16,16.315,4078.66,
889.3,0.24,16.264,4065.90,
889.3,0.32,16.212,4052.95,
889.3,0.40,16.160,4039.95,
889.3,0.48,16.107,4026.82,
889.3,0.56,16.054,4013.44,
889.3,0.64,15.999,3999.77,
889.3,0.72,15.943,3985.80,
889.3,0.81,15.886,3971.50,
889.3,0.89,15.827,3956.86,
889.3,0.97,15.767,3941.85,
889.3,1.05,15.706,3926.45,
889.3,1.13,15.643,3910.64,
889.3,1.21,15.578,3894.41,
889.3,1.29,15.511,3877.72,
889.3,1.37,15.442,3860.57,
889.3,1.45,15.372,3842.92,
889.3,1.53,15.299,3824.76,
889.3,1.61,15.224,3806.06,
889.3,1.69,15.147,3786.81,
889.3,1.77,15.068,3766.99,
889.3,1.85,14.986,3746.60,
889.3,1.93,14.903,3725.71,
889.3,2.01,14.817,3704.28,0.7853
889.3,2.09,14.724,3681.03,0.7791
889.3,2.17,14.626,3656.51,0.7727
889.3,2.26,14.531,3632.72,0.7665
889.3,2.34,14.437,3609.37,0.7606
889.3,2.42,14.346,3586.41,0.7550
889.3,2.50,14.255,3563.66,0.7496
889.3,2.58,14.164,3540.89,0.7444
889.3,2.66,14.073,3518.16,0.7392
889.3,2.74,13.982,3495.55,0.7342
889.3,2.82,13.893,3473.16,0.7294
889.3,2.90,13.804,3451.06,0.7247
889.3,2.98,13.717,3429.34,0.7202
889.3,3.06,13.632,3408.07,0.7159
889.3,3.14,13.549,3387.34,0.7117
889.3,3.22,13.469,3367.23,0.7078
889.3,3.30,13.391,3347.83,0.7041
889.3,3.38,13.317,3329.21,0.7005
889.3,3.46,13.246,3311.46,0.6973
889.3,3.54,13.179,3294.66,0.6942
889.3,3.62,13.116,3278.89,0.6914
889.3,3.70,13.057,3264.24,0.6889
889.3,3.79,13.003,3250.78,0.6866
889.3,3.87,12.956,3239.04,0.6847
889.3,3.95,12.919,3229.67,0.6833
889.3,4.03,12.892,3223.02,0.6825
889.3,4.11,12.880,3219.92,0.6826
889.3,4.19,12.870,3217.57,0.6830
889.3,4.27,12.853,3213.29,0.6828
889.3,4.35,12.832,3208.06,0.6823
889.3,4.43,12.809,3202.14,0.6815
889.3,4.51,12.784,3195.95,0.6806
889.3,4.59,12.759,3189.82,0.6796
889.3,4.67,12.735,3183.80,0.6785
889.3,4.75,12.712,3177.95,0.6775
889.3,4.83,12.689,3172.32,0.6764
889.3,4.91,12.668,3166.98,0.6753
889.3,4.99,12.648,3161.96,0.6743
889.3,5.07,12.629,3157.34,0.6733
889.3,5.15,12.613,3153.15,0.6724
889.3,5.23,12.598,3149.46,0.6715
889.3,5.32,12.585,3146.32,0.6708
889.3,5.40,12.575,3143.79,0.6701
889.3,5.48,12.568,3141.91,0.6696
889.3,5.56,12.563,3140.75,0.6692
889.3,5.64,12.561,3140.36,0.6689
889.3,5.72,12.563,3140.78,0.6688
889.3,5.80,12.568,3142.08,0.6689
889.3,5.88,12.576,3143.89,0.6691
889.3,5.96,12.584,3145.92,0.6693
889.3,6.04,12.592,3147.91,0.6695
889.3,6.12,12.595,3148.79,0.6694
889.3,6.20,12.599,3149.83,0.6694
889.3,6.28,12.609,3152.19,0.6698
889.3,6.36,12.625,3156.31,0.6705
889.3,6.44,12.648,3161.99,0.6715
889.3,6.52,12.676,3168.90,0.6729
889.3,6.60,12.707,3176.84,0.6744
889.3,6.68,12.743,3185.66,0.6761
889.3,6.77,12.781,3195.22,0.6781
889.3,6.85,12.822,3205.40,0.6801
889.3,6.93,12.864,3216.06,0.6823
889.3,7.01,12.908,3227.07,0.6846
889.3,7.09,12.953,3238.28,0.6869
889.3,7.17,12.998,3249.56,0.6893
889.3,7.25,13.043,3260.78,0.6917
889.3,7.33,13.087,3271.80,0.6940
889.3,7.41,13.130,3282.49,0.6962
889.3,7.49,13.171,3292.72,0.6984
889.3,7.57,13.209,3302.33,0.7005
889.3,7.65,13.245,3311.21,0.7024
889.3,7.73,13.277,3319.22,0.7041
889.3,7.81,13.305,3326.20,0.7056
889.3,7.89,13.328,3331.88,0.7067
889.3,7.97,13.344,3336.02,0.7076
889.3,8.05,13.355,3338.71,0.7080
889.3,8.13,13.364,3340.89,0.7085
889.3,8.21,13.371,3342.79,0.7090
889.3,8.30,13.376,3344.12,0.7094
889.3,8.38,13.378,3344.60,0.7096
889.3,8.46,13.377,3344.25,0.7096
889.3,8.54,13.372,3343.04,0.7093
889.3,8.62,13.364,3340.99,0.7089
889.3,8.70,13.353,3338.14,0.7084
889.3,8.78,13.338,3334.54,0.7076
889.3,8.86,13.321,3330.22,0.7068
889.3,8.94,13.301,3325.24,0.7057
889.3,9.02,13.279,3319.63,0.7046
889.3,9.10,13.254,3313.44,0.7033
889.3,9.18,13.227,3306.70,0.7019
889.3,9.26,13.198,3299.47,0.7004
889.3,9.34,13.167,3291.78,0.6987
889.3,9.42,13.135,3283.68,0.6970
889.3,9.50,13.101,3275.21,0.6952
889.3,9.58,13.066,3266.41,0.6933
889.3,9.66,13.029,3257.32,0.6913
889.3,9.74,12.992,3247.99,0.6893
889.3,9.83,12.954,3238.51,0.6872
889.3,9.91,12.917,3229.17,0.6851
889.3,9.99,12.881,3220.14,0.6829
889.3,10.07,12.845,3211.36,0.6808
889.3,10.15,12.810,3202.45,0.6787
889.3,10.23,12.773,3193.26,0.6767
889.3,10.31,12.735,3183.85,0.6746
889.3,10.39,12.697,3174.32,0.6725
889.3,10.47,12.659,3164.66,0.6703
889.3,10.55,12.619,3154.86,0.6682
889.3,10.63,12.580,3144.93,0.6660
889.3,10.71,12.540,3134.88,0.6637
889.3,10.79,12.499,3124.70,0.6615
889.3,10.87,12.458,3114.41,0.6592
889.3,10.95,12.416,3104.02,0.6570
889.3,11.03,12.374,3093.53,0.6547
889.3,11.11,12.332,3082.95,0.6524
889.3,11.19,12.289,3072.28,0.6501
889.3,11.28,12.246,3061.54,0.6477
889.3,11.36,12.203,3050.72,0.6454
889.3,11.44,12.159,3039.84,0.6430
889.3,11.52,12.116,3028.90,0.6407
889.3,11.60,12.072,3017.92,0.6383
889.3,11.68,12.028,3006.89,0.6359
889.3,11.76,11.983,2995.82,0.6335
889.3,11.84,11.939,2984.73,0.6311
889.3,11.92,11.895,2973.66,0.6287
889.3,12.00,11.850,2962.61,0.6263
894.6,0.00,16.702,4175.52,
894.6,0.08,16.653,4163.21,
894.6,0.16,16.602,4150.45,
894.6,0.24,16.550,4137.62,
894.6,0.32,16.498,4124.61,
894.6,0.40,16.445,4111.37,
894.6,0.48,16.391,4097.87,
894.6,0.56,16.336,4084.10,
894.6,0.64,16.280,4070.03,
894.6,0.72,16.223,4055.64,
894.6,0.81,16.164,4040.91,
894.6,0.89,16.103,4025.82,
894.6,0.97,16.041,4010.35,
894.6,1.05,15.978,3994.48,
894.6,1.13,15.913,3978.18,
894.6,1.21,15.846,3961.45,
894.6,1.29,15.777,3944.24,
894.6,1.37,15.706,3926.56,
894.6,1.45,15.633,3908.37,
894.6,1.53,15.559,3889.65,
894.6,1.61,15.482,3870.38,
894.6,1.69,15.402,3850.55,
894.6,1.77,15.320,3830.12,
894.6,1.85,15.236,3809.09,
894.6,1.93,15.150,3787.44,
894.6,2.01,15.061,3765.22,0.7871
894.6,2.09,14.966,3741.56,0.7808
894.6,2.17,14.873,3718.13,0.7748
894.6,2.26,14.780,3694.95,0.7690
894.6,2.34,14.686,3671.62,0.7633
894.6,2.42,14.593,3648.14,0.7577
894.6,2.50,14.498,3624.60,0.7523
894.6,2.58,14.404,3601.08,0.7470
894.6,2.66,14.311,3577.66,0.7418
894.6,2.74,14.218,3554.42,0.7368
894.6,2.82,14.126,3531.45,0.7319
894.6,2.90,14.035,3508.82,0.7272
894.6,2.98,13.946,3486.62,0.7227
894.6,3.06,13.860,3464.93,0.7184
894.6,3.14,13.775,3443.84,0.7142
894.6,3.22,13.694,3423.43,0.7103
894.6,3.30,13.615,3403.77,0.7066
894.6,3.38,13.540,3384.95,0.7031
894.6,3.46,13.468,3367.06,0.6999
894.6,3.54,13.401,3350.17,0.6969
894.6,3.62,13.337,3334.37,0.6941
894.6,3.70,13.279,3319.74,0.6916
894.6,3.79,13.225,3306.36,0.6894
894.6,3.87,13.177,3294.32,0.6875
894.6,3.95,13.136,3283.92,0.6859
894.6,4.03,13.105,3276.16,0.6848
894.6,4.11,13.083,3270.65,0.6844
894.6,4.19,13.056,3263.88,0.6836
894.6,4.27,13.026,3256.44,0.6825
894.6,4.35,12.996,3248.90,0.6813
894.6,4.43,12.965,3241.35,0.6801
894.6,4.51,12.935,3233.84,0.6787
894.6,4.59,12.906,3226.42,0.6774
894.6,4.67,12.877,3219.16,0.6760
894.6,4.75,12.848,3212.10,0.6746
894.6,4.83,12.821,3205.30,0.6732
894.6,4.91,12.795,3198.82,0.6718
894.6,4.99,12.771,3192.70,0.6704
894.6,5.07,12.748,3187.01,0.6691
894.6,5.15,12.727,3181.80,0.6679
894.6,5.23,12.708,3177.11,0.6668
894.6,5.32,12.692,3173.02,0.6657
894.6,5.40,12.678,3169.56,0.6648
894.6,5.48,12.667,3166.80,0.6640
894.6,5.56,12.659,3164.80,0.6634
894.6,5.64,12.654,3163.59,0.6629
894.6,5.72,12.653,3163.24,0.6626
894.6,5.80,12.655,3163.81,0.6625
894.6,5.88,12.661,3165.34,0.6627
894.6,5.96,12.671,3167.63,0.6629
894.6,6.04,12.680,3169.97,0.6632
894.6,6.12,12.688,3172.00,0.6634
894.6,6.20,12.702,3175.59,0.6640
894.6,6.28,12.723,3180.85,0.6649
894.6,6.36,12.750,3187.45,0.6662
894.6,6.44,12.781,3195.24,0.6677
894.6,6.52,12.816,3204.10,0.6694
894.6,6.60,12.856,3213.89,0.6714
894.6,6.68,12.898,3224.47,0.6735
894.6,6.77,12.943,3235.71,0.6759
894.6,6.85,12.990,3247.47,0.6783
894.6,6.93,13.038,3259.62,0.6808
894.6,7.01,13.088,3272.03,0.6834
894.6,7.09,13.138,3284.55,0.6861
894.6,7.17,13.188,3297.06,0.6887
894.6,7.25,13.238,3309.41,0.6914
894.6,7.33,13.286,3321.47,0.6939
894.6,7.41,13.332,3333.12,0.6964
894.6,7.49,13.377,3344.20,0.6988
894.6,7.57,13.418,3354.59,0.7010
894.6,7.65,13.457,3364.15,0.7031
894.6,7.73,13.491,3372.74,0.7050
894.6,7.81,13.521,3380.24,0.7066
894.6,7.89,13.546,3386.50,0.7080
894.6,7.97,13.565,3391.28,0.7090
894.6,8.05,13.578,3394.57,0.7097
894.6,8.13,13.589,3397.37,0.7104
894.6,8.21,13.598,3399.43,0.7109
894.6,8.30,13.602,3400.56,0.7112
894.6,8.38,13.603,3400.76,0.7113
894.6,8.46,13.600,3400.05,0.7112
894.6,8.54,13.594,3398.50,0.7109
894.6,8.62,13.585,3396.13,0.7105
894.6,8.70,13.572,3393.00,0.7099
894.6,8.78,13.557,3389.14,0.7091
894.6,8.86,13.538,3384.59,0.7082
894.6,8.94,13.518,3379.41,0.7072
894.6,9.02,13.494,3373.62,0.7060
894.6,9.10,13.469,3367.29,0.7047
894.6,9.18,13.442,3360.43,0.7033
894.6,9.26,13.412,3353.11,0.7017
894.6,9.34,13.381,3345.37,0.7001
894.6,9.42,13.349,3337.23,0.6984
894.6,9.50,13.315,3328.76,0.6966
894.6,9.58,13.280,3319.98,0.6947
894.6,9.66,13.244,3310.95,0.6928
894.6,9.74,13.207,3301.71,0.6907
894.6,9.83,13.169,3292.29,0.6887
894.6,9.91,13.131,3282.75,0.6866
894.6,9.99,13.094,3273.39,0.6845
894.6,10.07,13.057,3264.25,0.6823
894.6,10.15,13.020,3254.90,0.6803
894.6,10.23,12.981,3245.37,0.6781
894.6,10.31,12.943,3235.70,0.6760
894.6,10.39,12.904,3225.88,0.6738
894.6,10.47,12.864,3215.92,0.6716
894.6,10.55,12.823,3205.83,0.6694
894.6,10.63,12.782,3195.61,0.6672
894.6,10.71,12.741,3185.26,0.6649
894.6,10.79,12.699,3174.80,0.6626
894.6,10.87,12.657,3164.24,0.6603
894.6,10.95,12.614,3153.57,0.6580
894.6,11.03,12.571,3142.81,0.6557
894.6,11.11,12.528,3131.97,0.6533
894.6,11.19,12.484,3121.04,0.6510
894.6,11.28,12.440,3110.04,0.6486
894.6,11.36,12.396,3098.97,0.6462
894.6,11.44,12.351,3087.85,0.6439
894.6,11.52,12.307,3076.67,0.6415
894.6,11.60,12.262,3065.44,0.6391
894.6,11.68,12.217,3054.18,0.6366
894.6,11.76,12.172,3042.89,0.6342
894.6,11.84,12.126,3031.57,0.6318
894.6,11.92,12.081,3020.23,0.6294
894.6,12.00,12.036,3008.92,0.6270
900.0,0.00,16.994,4248.42,
900.0,0.08,16.943,4235.69,
900.0,0.16,16.891,4222.78,
900.0,0.24,16.839,4209.65,
900.0,0.32,16.785,4196.31,
900.0,0.40,16.731,4182.71,
900.0,0.48,16.675,4168.84,
900.0,0.56,16.619,4154.68,
900.0,0.64,16.561,4140.21,
900.0,0.72,16.502,4125.41,
900.0,0.81,16.441,4110.26,
900.0,0.89,16.379,4094.73,
900.0,0.97,16.315,4078.81,
900.0,1.05,16.250,4062.47,
900.0,1.13,16.183,4045.70,
900.0,1.21,16.114,4028.47,
900.0,1.29,16.043,4010.76,
900.0,1.37,15.970,3992.55,
900.0,1.45,15.895,3973.82,
900.0,1.53,15.818,3954.55,
900.0,1.61,15.739,3934.72,
900.0,1.69,15.657,3914.31,
900.0,1.77,15.573,3893.30,
900.0,1.85,15.487,3871.66,
900.0,1.93,15.397,3849.37,
900.0,2.01,15.306,3826.43,0.7889
900.0,2.09,15.212,3802.98,0.7828
900.0,2.17,15.117,3779.20,0.7769
900.0,2.26,15.021,3755.16,0.7711
900.0,2.34,14.924,3730.95,0.7653
900.0,2.42,14.827,3706.65,0.7597
900.0,2.50,14.729,3682.34,0.7543
900.0,2.58,14.632,3658.10,0.7489
900.0,2.66,14.536,3634.01,0.7437
900.0,2.74,14.441,3610.17,0.7387
900.0,2.82,14.347,3586.64,0.7338
900.0,2.90,14.254,3563.51,0.7291
900.0,2.98,14.163,3540.87,0.7246
900.0,3.06,14.075,3518.80,0.7202
900.0,3.14,13.989,3497.37,0.7161
900.0,3.22,13.907,3476.68,0.7122
900.0,3.30,13.827,3456.80,0.7085
900.0,3.38,13.751,3437.81,0.7050
900.0,3.46,13.679,3419.80,0.7018
900.0,3.54,13.611,3402.86,0.6989
900.0,3.62,13.548,3387.05,0.6962
900.0,3.70,13.490,3372.47,0.6937
900.0,3.79,13.437,3359.20,0.6916
900.0,3.87,13.389,3347.32,0.6897
900.0,3.95,13.348,3336.91,0.6881
900.0,4.03,13.312,3327.95,0.6868
900.0,4.11,13.277,3319.20,0.6855
900.0,4.19,13.241,3310.31,0.6841
900.0,4.27,13.205,3301.34,0.6826
900.0,4.35,13.169,3292.33,0.6810
900.0,4.43,13.133,3283.36,0.6793
900.0,4.51,13.098,3274.46,0.6776
900.0,4.59,13.063,3265.69,0.6758
900.0,4.67,13.028,3257.11,0.6741
900.0,4.75,12.995,3248.77,0.6723
900.0,4.83,12.963,3240.73,0.6706
900.0,4.91,12.932,3233.04,0.6688
900.0,4.99,12.903,3225.75,0.6672
900.0,5.07,12.876,3218.93,0.6655
900.0,5.15,12.850,3212.62,0.6640
900.0,5.23,12.827,3206.87,0.6626
900.0,5.32,12.807,3201.75,0.6613
900.0,5.40,12.789,3197.31,0.6601
900.0,5.48,12.774,3193.59,0.6590
900.0,5.56,12.763,3190.67,0.6581
900.0,5.64,12.754,3188.58,0.6574
900.0,5.72,12.750,3187.39,0.6569
900.0,5.80,12.749,3187.15,0.6565
900.0,5.88,12.752,3187.91,0.6565
900.0,5.96,12.759,3189.73,0.6566
900.0,6.04,12.771,3192.74,0.6570
900.0,6.12,12.789,3197.31,0.6578
900.0,6.20,12.814,3203.40,0.6589
900.0,6.28,12.843,3210.87,0.6604
900.0,6.36,12.878,3219.59,0.6621
900.0,6.44,12.918,3229.41,0.6641
900.0,6.52,12.961,3240.21,0.6663
900.0,6.60,13.007,3251.85,0.6687
900.0,6.68,13.057,3264.19,0.6712
900.0,6.77,13.108,3277.10,0.6739
900.0,6.85,13.162,3290.44,0.6767
900.0,6.93,13.216,3304.08,0.6796
900.0,7.01,13.272,3317.88,0.6826
900.0,7.09,13.327,3331.72,0.6855
900.0,7.17,13.382,3345.44,0.6884
900.0,7.25,13.436,3358.92,0.6913
900.0,7.33,13.488,3372.02,0.6942
900.0,7.41,13.538,3384.61,0.6969
900.0,7.49,13.586,3396.55,0.6995
900.0,7.57,13.631,3407.71,0.7019
900.0,7.65,13.672,3417.95,0.7041
900.0,7.73,13.709,3427.13,0.7061
900.0,7.81,13.740,3435.12,0.7079
900.0,7.89,13.767,3441.79,0.7094
900.0,7.97,13.788,3447.00,0.7105
900.0,8.05,13.803,3450.75,0.7114
900.0,8.13,13.814,3453.43,0.7120
900.0,8.21,13.820,3455.12,0.7125
900.0,8.30,13.823,3455.85,0.7127
900.0,8.38,13.823,3455.67,0.7127
900.0,8.46,13.819,3454.63,0.7126
900.0,8.54,13.811,3452.76,0.7123
900.0,8.62,13.800,3450.10,0.7118
900.0,8.70,13.787,3446.71,0.7112
900.0,8.78,13.770,3442.62,0.7104
900.0,8.86,13.751,3437.87,0.7095
900.0,8.94,13.730,3432.51,0.7084
900.0,9.02,13.706,3426.58,0.7072
900.0,9.10,13.681,3420.13,0.7059
900.0,9.18,13.653,3413.19,0.7045
900.0,9.26,13.623,3405.81,0.7030
900.0,9.34,13.592,3398.03,0.7014
900.0,9.42,13.560,3389.89,0.6997
900.0,9.50,13.526,3381.44,0.6979
900.0,9.58,13.491,3372.72,0.6960
900.0,9.66,13.455,3363.77,0.6941
900.0,9.74,13.419,3354.64,0.6921
900.0,9.83,13.381,3345.36,0.6901
900.0,9.91,13.344,3335.99,0.6881
900.0,9.99,13.306,3326.55,0.6860
900.0,10.07,13.268,3317.04,0.6838
900.0,10.15,13.229,3307.37,0.6817
900.0,10.23,13.190,3297.54,0.6795
900.0,10.31,13.150,3287.55,0.6773
900.0,10.39,13.110,3277.43,0.6751
900.0,10.47,13.069,3267.17,0.6729
900.0,10.55,13.027,3256.77,0.6706
900.0,10.63,12.985,3246.26,0.6683
900.0,10.71,12.942,3235.62,0.6660
900.0,10.79,12.900,3224.88,0.6637
900.0,10.87,12.856,3214.04,0.6614
900.0,10.95,12.812,3203.09,0.6590
900.0,11.03,12.768,3192.06,0.6567
900.0,11.11,12.724,3180.95,0.6543
900.0,11.19,12.679,3169.76,0.6519
900.0,11.28,12.634,3158.51,0.6495
900.0,11.36,12.589,3147.19,0.6471
900.0,11.44,12.543,3135.81,0.6447
900.0,11.52,12.498,3124.39,0.6423
900.0,11.60,12.452,3112.93,0.6398
900.0,11.68,12.406,3101.43,0.6374
900.0,11.76,12.360,3089.91,0.6349
900.0,11.84,12.313,3078.37,0.6325
900.0,11.92,12.267,3066.81,0.6300
900.0,12.00,12.221,3055.24,0.6276
