Agitacao_rpm,Vazao_Lpm,P_liq_W,P_V_W_m3,PG_P0
100.0,0.00,0.014,3.56,
100.0,0.08,0.016,3.98,
100.0,0.16,0.018,4.39,
100.0,0.24,0.019,4.80,
100.0,0.32,0.021,5.21,
100.0,0.40,0.022,5.62,
100.0,0.48,0.024,6.02,
100.0,0.56,0.026,6.42,
100.0,0.64,0.027,6.81,
100.0,0.72,0.029,7.20,
100.0,0.81,0.030,7.57,
100.0,0.89,0.032,7.94,
100.0,0.97,0.033,8.31,
100.0,1.05,0.035,8.66,
100.0,1.13,0.036,9.00,
100.0,1.21,0.037,9.33,
100.0,1.29,0.039,9.65,
100.0,1.37,0.040,9.96,
100.0,1.45,0.041,10.25,
100.0,1.53,0.042,10.53,
100.0,1.61,0.043,10.79,
100.0,1.69,0.044,11.04,
100.0,1.77,0.045,11.27,
100.0,1.85,0.046,11.48,
100.0,1.93,0.047,11.68,
100.0,2.01,0.047,11.85,1.5000
100.0,2.09,0.048,12.02,1.5000
100.0,2.17,0.049,12.18,1.5000
100.0,2.26,0.049,12.34,1.5000
100.0,2.34,0.050,12.49,1.5000
100.0,2.42,0.051,12.64,1.5000
100.0,2.50,0.051,12.79,1.5000
100.0,2.58,0.052,12.92,1.5000
100.0,2.66,0.052,13.06,1.5000
100.0,2.74,0.053,13.19,1.5000
100.0,2.82,0.053,13.32,1.5000
100.0,2.90,0.054,13.44,1.5000
100.0,2.98,0.054,13.55,1.5000
100.0,3.06,0.055,13.66,1.5000
100.0,3.14,0.055,13.77,1.5000
100.0,3.22,0.055,13.87,1.5000
100.0,3.30,0.056,13.97,1.5000
100.0,3.38,0.056,14.06,1.5000
100.0,3.46,0.057,14.15,1.5000
100.0,3.54,0.057,14.24,1.5000
100.0,3.62,0.057,14.32,1.5000
100.0,3.70,0.058,14.39,1.5000
100.0,3.79,0.058,14.46,1.5000
100.0,3.87,0.058,14.53,1.5000
100.0,3.95,0.058,14.59,1.5000
100.0,4.03,0.059,14.64,1.5000
100.0,4.11,0.059,14.71,1.5000
100.0,4.19,0.059,14.79,1.5000
100.0,4.27,0.059,14.87,1.5000
100.0,4.35,0.060,14.97,1.5000
100.0,4.43,0.060,15.08,1.5000
100.0,4.51,0.061,15.20,1.5000
100.0,4.59,0.061,15.33,1.5000
100.0,4.67,0.062,15.46,1.5000
100.0,4.75,0.062,15.60,1.5000
100.0,4.83,0.063,15.74,1.5000
100.0,4.91,0.064,15.89,1.5000
100.0,4.99,0.064,16.04,1.5000
100.0,5.07,0.065,16.19,1.5000
100.0,5.15,0.065,16.35,1.5000
100.0,5.23,0.066,16.50,1.5000
100.0,5.32,0.067,16.66,1.5000
100.0,5.40,0.067,16.81,1.5000
100.0,5.48,0.068,16.96,1.5000
100.0,5.56,0.068,17.11,1.5000
100.0,5.64,0.069,17.25,1.5000
100.0,5.72,0.070,17.39,1.5000
100.0,5.80,0.070,17.52,1.5000
100.0,5.88,0.071,17.64,1.5000
100.0,5.96,0.071,17.76,1.5000
100.0,6.04,0.071,17.86,1.5000
100.0,6.12,0.072,17.95,1.5000
100.0,6.20,0.072,18.03,1.5000
100.0,6.28,0.072,18.08,1.5000
100.0,6.36,0.073,18.13,1.5000
100.0,6.44,0.073,18.15,1.5000
100.0,6.52,0.073,18.17,1.5000
100.0,6.60,0.073,18.17,1.5000
100.0,6.68,0.073,18.16,1.5000
100.0,6.77,0.073,18.15,1.5000
100.0,6.85,0.072,18.12,1.5000
100.0,6.93,0.072,18.08,1.5000
100.0,7.01,0.072,18.04,1.5000
100.0,7.09,0.072,17.99,1.5000
100.0,7.17,0.072,17.94,1.5000
100.0,7.25,0.072,17.88,1.5000
100.0,7.33,0.071,17.82,1.5000
100.0,7.41,0.071,17.75,1.5000
100.0,7.49,0.071,17.69,1.5000
100.0,7.57,0.070,17.62,1.5000
100.0,7.65,0.070,17.56,1.5000
100.0,7.73,0.070,17.50,1.5000
100.0,7.81,0.070,17.43,1.5000
100.0,7.89,0.070,17.38,1.5000
100.0,7.97,0.069,17.32,1.5000
100.0,8.05,0.069,17.27,1.5000
100.0,8.13,0.069,17.22,1.5000
100.0,8.21,0.069,17.16,1.5000
100.0,8.30,0.068,17.10,1.5000
100.0,8.38,0.068,17.03,1.5000
100.0,8.46,0.068,16.97,1.5000
100.0,8.54,0.068,16.91,1.5000
100.0,8.62,0.067,16.85,1.5000
100.0,8.70,0.067,16.79,1.5000
100.0,8.78,0.067,16.73,1.5000
100.0,8.86,0.067,16.68,1.5000
100.0,8.94,0.067,16.64,1.5000
100.0,9.02,0.066,16.60,1.5000
100.0,9.10,0.066,16.57,1.5000
100.0,9.18,0.066,16.55,1.5000
100.0,9.26,0.066,16.55,1.5000
100.0,9.34,0.066,16.55,1.5000
100.0,9.42,0.066,16.56,1.5000
100.0,9.50,0.066,16.59,1.5000
100.0,9.58,0.067,16.64,1.5000
100.0,9.66,0.067,16.70,1.5000
100.0,9.74,0.067,16.78,1.5000
100.0,9.83,0.068,16.88,1.5000
100.0,9.91,0.068,16.99,1.5000
100.0,9.99,0.069,17.13,1.5000
100.0,10.07,0.069,17.28,1.5000
100.0,10.15,0.070,17.45,1.5000
100.0,10.23,0.071,17.64,1.5000
100.0,10.31,0.071,17.83,1.5000
100.0,10.39,0.072,18.04,1.5000
100.0,10.47,0.073,18.25,1.5000
100.0,10.55,0.074,18.47,1.5000
100.0,10.63,0.075,18.69,1.5000
100.0,10.71,0.076,18.92,1.5000
100.0,10.79,0.077,19.16,1.5000
100.0,10.87,0.078,19.39,1.5000
100.0,10.95,0.079,19.63,1.5000
100.0,11.03,0.079,19.86,1.5000
100.0,11.11,0.080,20.09,1.5000
100.0,11.19,0.081,20.32,1.5000
100.0,11.28,0.082,20.54,1.5000
100.0,11.36,0.083,20.75,1.5000
100.0,11.44,0.084,20.96,1.5000
100.0,11.52,0.085,21.15,1.5000
100.0,11.60,0.085,21.34,1.5000
100.0,11.68,0.086,21.51,1.5000
100.0,11.76,0.087,21.67,1.5000
100.0,11.84,0.087,21.81,1.5000
100.0,11.92,0.088,21.94,1.5000
100.0,12.00,0.088,22.05,1.5000
105.4,0.00,0.026,6.61,
105.4,0.08,0.028,7.02,
105.4,0.16,0.030,7.42,
105.4,0.24,0.031,7.82,
105.4,0.32,0.033,8.22,
105.4,0.40,0.034,8.61,
105.4,0.48,0.036,9.00,
105.4,0.56,0.038,9.39,
105.4,0.64,0.039,9.77,
105.4,0.72,0.041,10.14,
105.4,0.81,0.042,10.50,
105.4,0.89,0.043,10.86,
105.4,0.97,0.045,11.21,
105.4,1.05,0.046,11.54,
105.4,1.13,0.047,11.87,
105.4,1.21,0.049,12.18,
105.4,1.29,0.050,12.48,
105.4,1.37,0.051,12.77,
105.4,1.45,0.052,13.05,
105.4,1.53,0.053,13.31,
105.4,1.61,0.054,13.55,
105.4,1.69,0.055,13.78,
105.4,1.77,0.056,13.99,
105.4,1.85,0.057,14.18,
105.4,1.93,0.057,14.35,
105.4,2.01,0.058,14.49,1.5000
105.4,2.09,0.058,14.62,1.5000
105.4,2.17,0.059,14.77,1.5000
105.4,2.26,0.060,14.91,1.5000
105.4,2.34,0.060,15.04,1.5000
105.4,2.42,0.061,15.17,1.5000
105.4,2.50,0.061,15.30,1.5000
105.4,2.58,0.062,15.42,1.5000
105.4,2.66,0.062,15.54,1.5000
105.4,2.74,0.063,15.65,1.5000
105.4,2.82,0.063,15.76,1.5000
105.4,2.90,0.063,15.86,1.5000
105.4,2.98,0.064,15.96,1.5000
105.4,3.06,0.064,16.05,1.5000
105.4,3.14,0.065,16.14,1.5000
105.4,3.22,0.065,16.22,1.5000
105.4,3.30,0.065,16.30,1.5000
105.4,3.38,0.066,16.38,1.5000
105.4,3.46,0.066,16.45,1.5000
105.4,3.54,0.066,16.51,1.5000
105.4,3.62,0.066,16.58,1.5000
105.4,3.70,0.067,16.63,1.5000
105.4,3.79,0.067,16.68,1.5000
105.4,3.87,0.067,16.74,1.5000
105.4,3.95,0.067,16.79,1.5000
105.4,4.03,0.067,16.80,1.5000
105.4,4.11,0.067,16.85,1.5000
105.4,4.19,0.068,16.92,1.5000
105.4,4.27,0.068,17.01,1.5000
105.4,4.35,0.068,17.11,1.5000
105.4,4.43,0.069,17.21,1.5000
105.4,4.51,0.069,17.33,1.5000
105.4,4.59,0.070,17.45,1.5000
105.4,4.67,0.070,17.57,1.5000
105.4,4.75,0.071,17.71,1.5000
105.4,4.83,0.071,17.84,1.5000
105.4,4.91,0.072,17.98,1.5000
105.4,4.99,0.073,18.13,1.5000
105.4,5.07,0.073,18.27,1.5000
105.4,5.15,0.074,18.41,1.5000
105.4,5.23,0.074,18.56,1.5000
105.4,5.32,0.075,18.70,1.5000
105.4,5.40,0.075,18.84,1.5000
105.4,5.48,0.076,18.98,1.5000
105.4,5.56,0.076,19.11,1.5000
105.4,5.64,0.077,19.24,1.5000
105.4,5.72,0.077,19.37,1.5000
105.4,5.80,0.078,19.48,1.5000
105.4,5.88,0.078,19.61,1.5000
105.4,5.96,0.079,19.75,1.5000
105.4,6.04,0.079,19.84,1.5000
105.4,6.12,0.080,19.93,1.5000
105.4,6.20,0.080,20.00,1.5000
105.4,6.28,0.080,20.07,1.5000
105.4,6.36,0.080,20.12,1.5000
105.4,6.44,0.081,20.15,1.5000
105.4,6.52,0.081,20.18,1.5000
105.4,6.60,0.081,20.19,1.5000
105.4,6.68,0.081,20.19,1.5000
105.4,6.77,0.081,20.19,1.5000
105.4,6.85,0.081,20.17,1.5000
105.4,6.93,0.081,20.15,1.5000
105.4,7.01,0.080,20.12,1.5000
105.4,7.09,0.080,20.08,1.5000
105.4,7.17,0.080,20.04,1.5000
105.4,7.25,0.080,20.00,1.5000
105.4,7.33,0.080,19.95,1.5000
105.4,7.41,0.080,19.90,1.5000
105.4,7.49,0.079,19.85,1.5000
105.4,7.57,0.079,19.81,1.5000
105.4,7.65,0.079,19.76,1.5000
105.4,7.73,0.079,19.71,1.5000
105.4,7.81,0.079,19.67,1.5000
105.4,7.89,0.079,19.66,1.5000
105.4,7.97,0.079,19.63,1.5000
105.4,8.05,0.078,19.57,1.5000
105.4,8.13,0.078,19.52,1.5000
105.4,8.21,0.078,19.47,1.5000
105.4,8.30,0.078,19.41,1.5000
105.4,8.38,0.077,19.36,1.5000
105.4,8.46,0.077,19.30,1.5000
105.4,8.54,0.077,19.25,1.5000
105.4,8.62,0.077,19.20,1.5000
105.4,8.70,0.077,19.15,1.5000
105.4,8.78,0.076,19.10,1.5000
105.4,8.86,0.076,19.06,1.5000
105.4,8.94,0.076,19.03,1.5000
105.4,9.02,0.076,19.01,1.5000
105.4,9.10,0.076,19.00,1.5000
105.4,9.18,0.076,18.99,1.5000
105.4,9.26,0.076,19.00,1.5000
105.4,9.34,0.076,19.02,1.5000
105.4,9.42,0.076,19.05,1.5000
105.4,9.50,0.076,19.10,1.5000
105.4,9.58,0.077,19.16,1.5000
105.4,9.66,0.077,19.24,1.5000
105.4,9.74,0.077,19.34,1.5000
105.4,9.83,0.078,19.46,1.5000
105.4,9.91,0.078,19.61,1.5000
105.4,9.99,0.079,19.78,1.5000
105.4,10.07,0.080,19.92,1.5000
105.4,10.15,0.080,20.09,1.5000
105.4,10.23,0.081,20.26,1.5000
105.4,10.31,0.082,20.45,1.5000
105.4,10.39,0.083,20.65,1.5000
105.4,10.47,0.083,20.85,1.5000
105.4,10.55,0.084,21.06,1.5000
105.4,10.63,0.085,21.27,1.5000
105.4,10.71,0.086,21.49,1.5000
105.4,10.79,0.087,21.71,1.5000
105.4,10.87,0.088,21.93,1.5000
105.4,10.95,0.089,22.15,1.5000
105.4,11.03,0.089,22.37,1.5000
105.4,11.11,0.090,22.58,1.5000
105.4,11.19,0.091,22.79,1.5000
105.4,11.28,0.092,22.99,1.5000
105.4,11.36,0.093,23.19,1.5000
105.4,11.44,0.093,23.37,1.5000
105.4,11.52,0.094,23.55,1.5000
105.4,11.60,0.095,23.71,1.5000
105.4,11.68,0.095,23.86,1.5000
105.4,11.76,0.096,23.99,1.5000
105.4,11.84,0.096,24.11,1.5000
105.4,11.92,0.097,24.21,1.5000
105.4,12.00,0.097,24.27,1.5000
110.7,0.00,0.039,9.66,
110.7,0.08,0.040,10.06,
110.7,0.16,0.042,10.45,
110.7,0.24,0.043,10.85,
110.7,0.32,0.045,11.23,
110.7,0.40,0.046,11.62,
110.7,0.48,0.048,12.00,
110.7,0.56,0.049,12.37,
110.7,0.64,0.051,12.74,
110.7,0.72,0.052,13.10,
110.7,0.81,0.054,13.45,
110.7,0.89,0.055,13.79,
110.7,0.97,0.056,14.12,
110.7,1.05,0.058,14.44,
110.7,1.13,0.059,14.75,
110.7,1.21,0.060,15.05,
110.7,1.29,0.061,15.34,
110.7,1.37,0.062,15.61,
110.7,1.45,0.063,15.86,
110.7,1.53,0.064,16.11,
110.7,1.61,0.065,16.33,
110.7,1.69,0.066,16.54,
110.7,1.77,0.067,16.73,
110.7,1.85,0.068,16.90,
110.7,1.93,0.068,17.02,
110.7,2.01,0.068,17.12,1.5000
110.7,2.09,0.069,17.22,1.5000
110.7,2.17,0.069,17.33,1.5000
110.7,2.26,0.070,17.45,1.5000
110.7,2.34,0.070,17.57,1.5000
110.7,2.42,0.071,17.68,1.5000
110.7,2.50,0.071,17.79,1.5000
110.7,2.58,0.072,17.90,1.5000
110.7,2.66,0.072,18.00,1.5000
110.7,2.74,0.072,18.09,1.5000
110.7,2.82,0.073,18.18,1.5000
110.7,2.90,0.073,18.27,1.5000
110.7,2.98,0.073,18.35,1.5000
110.7,3.06,0.074,18.43,1.5000
110.7,3.14,0.074,18.50,1.5000
110.7,3.22,0.074,18.56,1.5000
110.7,3.30,0.075,18.63,1.5000
110.7,3.38,0.075,18.68,1.5000
110.7,3.46,0.075,18.74,1.5000
110.7,3.54,0.075,18.79,1.5000
110.7,3.62,0.075,18.83,1.5000
110.7,3.70,0.076,18.89,1.5000
110.7,3.79,0.076,18.97,1.5000
110.7,3.87,0.076,19.02,1.5000
110.7,3.95,0.076,19.00,1.5000
110.7,4.03,0.076,18.96,1.5000
110.7,4.11,0.076,18.96,1.5000
110.7,4.19,0.076,19.01,1.5000
110.7,4.27,0.076,19.09,1.5000
110.7,4.35,0.077,19.18,1.5000
110.7,4.43,0.077,19.28,1.5000
110.7,4.51,0.078,19.39,1.5000
110.7,4.59,0.078,19.50,1.5000
110.7,4.67,0.078,19.62,1.5000
110.7,4.75,0.079,19.75,1.5000
110.7,4.83,0.080,19.88,1.5000
110.7,4.91,0.080,20.01,1.5000
110.7,4.99,0.081,20.14,1.5000
110.7,5.07,0.081,20.27,1.5000
110.7,5.15,0.082,20.41,1.5000
110.7,5.23,0.082,20.54,1.5000
110.7,5.32,0.083,20.67,1.5000
110.7,5.40,0.083,20.80,1.5000
110.7,5.48,0.084,20.93,1.5000
110.7,5.56,0.084,21.05,1.5000
110.7,5.64,0.085,21.17,1.5000
110.7,5.72,0.085,21.31,1.5000
110.7,5.80,0.086,21.47,1.5000
110.7,5.88,0.087,21.63,1.5000
110.7,5.96,0.087,21.76,1.5000
110.7,6.04,0.087,21.83,1.5000
110.7,6.12,0.088,21.89,1.5000
110.7,6.20,0.088,21.97,1.5000
110.7,6.28,0.088,22.04,1.5000
110.7,6.36,0.088,22.09,1.5000
110.7,6.44,0.089,22.14,1.5000
110.7,6.52,0.089,22.17,1.5000
110.7,6.60,0.089,22.19,1.5000
110.7,6.68,0.089,22.20,1.5000
110.7,6.77,0.089,22.21,1.5000
110.7,6.85,0.089,22.20,1.5000
110.7,6.93,0.089,22.19,1.5000
110.7,7.01,0.089,22.17,1.5000
110.7,7.09,0.089,22.15,1.5000
110.7,7.17,0.088,22.12,1.5000
110.7,7.25,0.088,22.09,1.5000
110.7,7.33,0.088,22.06,1.5000
110.7,7.41,0.088,22.03,1.5000
110.7,7.49,0.088,22.00,1.5000
110.7,7.57,0.088,21.97,1.5000
110.7,7.65,0.088,21.95,1.5000
110.7,7.73,0.088,21.95,1.5000
110.7,7.81,0.088,21.99,1.5000
110.7,7.89,0.088,22.00,1.5000
110.7,7.97,0.088,21.96,1.5000
110.7,8.05,0.088,21.89,1.5000
110.7,8.13,0.087,21.82,1.5000
110.7,8.21,0.087,21.77,1.5000
110.7,8.30,0.087,21.72,1.5000
110.7,8.38,0.087,21.67,1.5000
110.7,8.46,0.086,21.62,1.5000
110.7,8.54,0.086,21.58,1.5000
110.7,8.62,0.086,21.53,1.5000
110.7,8.70,0.086,21.50,1.5000
110.7,8.78,0.086,21.46,1.5000
110.7,8.86,0.086,21.44,1.5000
110.7,8.94,0.086,21.42,1.5000
110.7,9.02,0.086,21.41,1.5000
110.7,9.10,0.086,21.41,1.5000
110.7,9.18,0.086,21.42,1.5000
110.7,9.26,0.086,21.44,1.5000
110.7,9.34,0.086,21.47,1.5000
110.7,9.42,0.086,21.52,1.5000
110.7,9.50,0.086,21.59,1.5000
110.7,9.58,0.087,21.67,1.5000
110.7,9.66,0.087,21.78,1.5000
110.7,9.74,0.088,21.92,1.5000
110.7,9.83,0.088,22.10,1.5000
110.7,9.91,0.089,22.28,1.5000
110.7,9.99,0.090,22.44,1.5000
110.7,10.07,0.090,22.57,1.5000
110.7,10.15,0.091,22.73,1.5000
110.7,10.23,0.092,22.90,1.5000
110.7,10.31,0.092,23.08,1.5000
110.7,10.39,0.093,23.26,1.5000
110.7,10.47,0.094,23.46,1.5000
110.7,10.55,0.095,23.66,1.5000
110.7,10.63,0.095,23.86,1.5000
110.7,10.71,0.096,24.07,1.5000
110.7,10.79,0.097,24.28,1.5000
110.7,10.87,0.098,24.48,1.5000
110.7,10.95,0.099,24.69,1.5000
110.7,11.03,0.100,24.89,1.5000
110.7,11.11,0.100,25.09,1.5000
110.7,11.19,0.101,25.28,1.5000
110.7,11.28,0.102,25.47,1.5000
110.7,11.36,0.103,25.64,1.5000
110.7,11.44,0.103,25.81,1.5000
110.7,11.52,0.104,25.96,1.5000
110.7,11.60,0.104,26.10,1.5000
110.7,11.68,0.105,26.23,1.5000
110.7,11.76,0.105,26.35,1.5000
110.7,11.84,0.106,26.44,1.5000
110.7,11.92,0.106,26.49,1.5000
110.7,12.00,0.106,26.50,1.5000
116.1,0.00,0.051,12.72,
116.1,0.08,0.052,13.11,
116.1,0.16,0.054,13.50,
116.1,0.24,0.056,13.88,
116.1,0.32,0.057,14.26,
116.1,0.40,0.059,14.63,
116.1,0.48,0.060,15.00,
116.1,0.56,0.061,15.36,
116.1,0.64,0.063,15.72,
116.1,0.72,0.064,16.07,
116.1,0.81,0.066,16.41,
116.1,0.89,0.067,16.74,
116.1,0.97,0.068,17.05,
116.1,1.05,0.069,17.36,
116.1,1.13,0.071,17.66,
116.1,1.21,0.072,17.94,
116.1,1.29,0.073,18.21,
116.1,1.37,0.074,18.47,
116.1,1.45,0.075,18.71,
116.1,1.53,0.076,18.93,
116.1,1.61,0.077,19.14,
116.1,1.69,0.077,19.34,
116.1,1.77,0.078,19.50,
116.1,1.85,0.078,19.61,
116.1,1.93,0.079,19.70,
116.1,2.01,0.079,19.76,1.5000
116.1,2.09,0.079,19.83,1.5000
116.1,2.17,0.080,19.91,1.5000
116.1,2.26,0.080,20.00,1.5000
116.1,2.34,0.080,20.10,1.5000
116.1,2.42,0.081,20.20,1.5000
116.1,2.50,0.081,20.29,1.5000
116.1,2.58,0.082,20.38,1.5000
116.1,2.66,0.082,20.46,1.5000
116.1,2.74,0.082,20.54,1.5000
116.1,2.82,0.082,20.61,1.5000
116.1,2.90,0.083,20.68,1.5000
116.1,2.98,0.083,20.75,1.5000
116.1,3.06,0.083,20.81,1.5000
116.1,3.14,0.083,20.87,1.5000
116.1,3.22,0.084,20.92,1.5000
116.1,3.30,0.084,20.96,1.5000
116.1,3.38,0.084,21.00,1.5000
116.1,3.46,0.084,21.05,1.5000
116.1,3.54,0.084,21.11,1.5000
116.1,3.62,0.085,21.19,1.5000
116.1,3.70,0.085,21.28,1.5000
116.1,3.79,0.085,21.32,1.5000
116.1,3.87,0.085,21.27,1.5000
116.1,3.95,0.085,21.20,1.5000
116.1,4.03,0.084,21.12,1.5000
116.1,4.11,0.084,21.08,1.5000
116.1,4.19,0.084,21.09,1.5000
116.1,4.27,0.085,21.14,1.5000
116.1,4.35,0.085,21.22,1.5000
116.1,4.43,0.085,21.32,1.5000
116.1,4.51,0.086,21.42,1.5000
116.1,4.59,0.086,21.52,1.5000
116.1,4.67,0.087,21.64,1.5000
116.1,4.75,0.087,21.75,1.5000
116.1,4.83,0.087,21.87,1.5000
116.1,4.91,0.088,21.99,1.5000
116.1,4.99,0.088,22.11,1.5000
116.1,5.07,0.089,22.24,1.5000
116.1,5.15,0.089,22.36,1.5000
116.1,5.23,0.090,22.48,1.5000
116.1,5.32,0.090,22.60,1.5000
116.1,5.40,0.091,22.72,1.5000
116.1,5.48,0.091,22.85,1.5000
116.1,5.56,0.092,22.99,1.5000
116.1,5.64,0.093,23.16,1.5000
116.1,5.72,0.093,23.35,1.5000
116.1,5.80,0.094,23.52,1.5000
116.1,5.88,0.095,23.69,1.5000
116.1,5.96,0.095,23.79,1.5000
116.1,6.04,0.095,23.84,1.5000
116.1,6.12,0.096,23.89,1.5000
116.1,6.20,0.096,23.95,1.5000
116.1,6.28,0.096,24.01,1.5000
116.1,6.36,0.096,24.07,1.5000
116.1,6.44,0.096,24.12,1.5000
116.1,6.52,0.097,24.16,1.5000
116.1,6.60,0.097,24.20,1.5000
116.1,6.68,0.097,24.22,1.5000
116.1,6.77,0.097,24.23,1.5000
116.1,6.85,0.097,24.24,1.5000
116.1,6.93,0.097,24.24,1.5000
116.1,7.01,0.097,24.23,1.5000
116.1,7.09,0.097,24.22,1.5000
116.1,7.17,0.097,24.21,1.5000
116.1,7.25,0.097,24.19,1.5000
116.1,7.33,0.097,24.18,1.5000
116.1,7.41,0.097,24.16,1.5000
116.1,7.49,0.097,24.17,1.5000
116.1,7.57,0.097,24.19,1.5000
116.1,7.65,0.097,24.25,1.5000
116.1,7.73,0.097,24.33,1.5000
116.1,7.81,0.097,24.36,1.5000
116.1,7.89,0.097,24.35,1.5000
116.1,7.97,0.097,24.30,1.5000
116.1,8.05,0.097,24.22,1.5000
116.1,8.13,0.097,24.14,1.5000
116.1,8.21,0.096,24.08,1.5000
116.1,8.30,0.096,24.03,1.5000
116.1,8.38,0.096,23.99,1.5000
116.1,8.46,0.096,23.95,1.5000
116.1,8.54,0.096,23.91,1.5000
116.1,8.62,0.096,23.88,1.5000
116.1,8.70,0.095,23.85,1.5000
116.1,8.78,0.095,23.82,1.5000
116.1,8.86,0.095,23.81,1.5000
116.1,8.94,0.095,23.80,1.5000
116.1,9.02,0.095,23.80,1.5000
116.1,9.10,0.095,23.81,1.5000
116.1,9.18,0.095,23.84,1.5000
116.1,9.26,0.095,23.87,1.5000
116.1,9.34,0.096,23.92,1.5000
116.1,9.42,0.096,23.99,1.5000
116.1,9.50,0.096,24.09,1.5000
116.1,9.58,0.097,24.22,1.5000
116.1,9.66,0.098,24.39,1.5000
116.1,9.74,0.098,24.58,1.5000
116.1,9.83,0.099,24.77,1.5000
116.1,9.91,0.100,24.96,1.5000
116.1,9.99,0.100,25.11,1.5000
116.1,10.07,0.101,25.24,1.5000
116.1,10.15,0.102,25.38,1.5000
116.1,10.23,0.102,25.54,1.5000
116.1,10.31,0.103,25.71,1.5000
116.1,10.39,0.104,25.90,1.5000
116.1,10.47,0.104,26.08,1.5000
116.1,10.55,0.105,26.28,1.5000
116.1,10.63,0.106,26.47,1.5000
116.1,10.71,0.107,26.67,1.5000
116.1,10.79,0.107,26.86,1.5000
116.1,10.87,0.108,27.06,1.5000
116.1,10.95,0.109,27.25,1.5000
116.1,11.03,0.110,27.44,1.5000
116.1,11.11,0.110,27.62,1.5000
116.1,11.19,0.111,27.80,1.5000
116.1,11.28,0.112,27.97,1.5000
116.1,11.36,0.112,28.12,1.5000
116.1,11.44,0.113,28.27,1.5000
116.1,11.52,0.114,28.41,1.5000
116.1,11.60,0.114,28.54,1.5000
116.1,11.68,0.115,28.66,1.5000
116.1,11.76,0.115,28.74,1.5000
116.1,11.84,0.115,28.77,1.5000
116.1,11.92,0.115,28.76,1.5000
116.1,12.00,0.115,28.72,1.5000
121.5,0.00,0.063,15.79,
121.5,0.08,0.065,16.17,
121.5,0.16,0.066,16.55,
121.5,0.24,0.068,16.93,
121.5,0.32,0.069,17.30,
121.5,0.40,0.071,17.66,
121.5,0.48,0.072,18.02,
121.5,0.56,0.073,18.37,
121.5,0.64,0.075,18.72,
121.5,0.72,0.076,19.06,
121.5,0.81,0.078,19.38,
121.5,0.89,0.079,19.70,
121.5,0.97,0.080,20.01,
121.5,1.05,0.081,20.30,
121.5,1.13,0.082,20.58,
121.5,1.21,0.083,20.85,
121.5,1.29,0.084,21.11,
121.5,1.37,0.085,21.35,
121.5,1.45,0.086,21.58,
121.5,1.53,0.087,21.79,
121.5,1.61,0.088,21.99,
121.5,1.69,0.089,22.14,
121.5,1.77,0.089,22.25,
121.5,1.85,0.089,22.33,
121.5,1.93,0.090,22.39,
121.5,2.01,0.090,22.43,1.5000
121.5,2.09,0.090,22.47,1.5000
121.5,2.17,0.090,22.52,1.5000
121.5,2.26,0.090,22.58,1.5000
121.5,2.34,0.091,22.65,1.5000
121.5,2.42,0.091,22.73,1.5000
121.5,2.50,0.091,22.81,1.5000
121.5,2.58,0.092,22.88,1.5000
121.5,2.66,0.092,22.95,1.5000
121.5,2.74,0.092,23.01,1.5000
121.5,2.82,0.092,23.07,1.5000
121.5,2.90,0.093,23.13,1.5000
121.5,2.98,0.093,23.18,1.5000
121.5,3.06,0.093,23.22,1.5000
121.5,3.14,0.093,23.26,1.5000
121.5,3.22,0.093,23.30,1.5000
121.5,3.30,0.093,23.35,1.5000
121.5,3.38,0.094,23.41,1.5000
121.5,3.46,0.094,23.49,1.5000
121.5,3.54,0.094,23.58,1.5000
121.5,3.62,0.095,23.67,1.5000
121.5,3.70,0.095,23.69,1.5000
121.5,3.79,0.095,23.64,1.5000
121.5,3.87,0.094,23.54,1.5000
121.5,3.95,0.094,23.43,1.5000
121.5,4.03,0.093,23.31,1.5000
121.5,4.11,0.093,23.23,1.5000
121.5,4.19,0.093,23.20,1.5000
121.5,4.27,0.093,23.22,1.5000
121.5,4.35,0.093,23.27,1.5000
121.5,4.43,0.093,23.35,1.5000
121.5,4.51,0.094,23.44,1.5000
121.5,4.59,0.094,23.54,1.5000
121.5,4.67,0.095,23.64,1.5000
121.5,4.75,0.095,23.75,1.5000
121.5,4.83,0.095,23.86,1.5000
121.5,4.91,0.096,23.97,1.5000
121.5,4.99,0.096,24.08,1.5000
121.5,5.07,0.097,24.19,1.5000
121.5,5.15,0.097,24.30,1.5000
121.5,5.23,0.098,24.41,1.5000
121.5,5.32,0.098,24.54,1.5000
121.5,5.40,0.099,24.69,1.5000
121.5,5.48,0.099,24.85,1.5000
121.5,5.56,0.100,25.04,1.5000
121.5,5.64,0.101,25.25,1.5000
121.5,5.72,0.102,25.44,1.5000
121.5,5.80,0.103,25.63,1.5000
121.5,5.88,0.103,25.77,1.5000
121.5,5.96,0.103,25.86,1.5000
121.5,6.04,0.104,25.90,1.5000
121.5,6.12,0.104,25.93,1.5000
121.5,6.20,0.104,25.98,1.5000
121.5,6.28,0.104,26.03,1.5000
121.5,6.36,0.104,26.08,1.5000
121.5,6.44,0.105,26.14,1.5000
121.5,6.52,0.105,26.19,1.5000
121.5,6.60,0.105,26.23,1.5000
121.5,6.68,0.105,26.26,1.5000
121.5,6.77,0.105,26.28,1.5000
121.5,6.85,0.105,26.30,1.5000
121.5,6.93,0.105,26.31,1.5000
121.5,7.01,0.105,26.31,1.5000
121.5,7.09,0.105,26.32,1.5000
121.5,7.17,0.105,26.32,1.5000
121.5,7.25,0.105,26.33,1.5000
121.5,7.33,0.105,26.35,1.5000
121.5,7.41,0.106,26.40,1.5000
121.5,7.49,0.106,26.47,1.5000
121.5,7.57,0.106,26.57,1.5000
121.5,7.65,0.107,26.67,1.5000
121.5,7.73,0.107,26.73,1.5000
121.5,7.81,0.107,26.75,1.5000
121.5,7.89,0.107,26.73,1.5000
121.5,7.97,0.107,26.67,1.5000
121.5,8.05,0.106,26.58,1.5000
121.5,8.13,0.106,26.49,1.5000
121.5,8.21,0.106,26.43,1.5000
121.5,8.30,0.105,26.37,1.5000
121.5,8.38,0.105,26.32,1.5000
121.5,8.46,0.105,26.29,1.5000
121.5,8.54,0.105,26.26,1.5000
121.5,8.62,0.105,26.23,1.5000
121.5,8.70,0.105,26.21,1.5000
121.5,8.78,0.105,26.20,1.5000
121.5,8.86,0.105,26.19,1.5000
121.5,8.94,0.105,26.20,1.5000
121.5,9.02,0.105,26.21,1.5000
121.5,9.10,0.105,26.23,1.5000
121.5,9.18,0.105,26.27,1.5000
121.5,9.26,0.105,26.33,1.5000
121.5,9.34,0.106,26.42,1.5000
121.5,9.42,0.106,26.53,1.5000
121.5,9.50,0.107,26.68,1.5000
121.5,9.58,0.107,26.86,1.5000
121.5,9.66,0.108,27.07,1.5000
121.5,9.74,0.109,27.27,1.5000
121.5,9.83,0.110,27.48,1.5000
121.5,9.91,0.111,27.66,1.5000
121.5,9.99,0.111,27.80,1.5000
121.5,10.07,0.112,27.92,1.5000
121.5,10.15,0.112,28.06,1.5000
121.5,10.23,0.113,28.21,1.5000
121.5,10.31,0.114,28.38,1.5000
121.5,10.39,0.114,28.55,1.5000
121.5,10.47,0.115,28.73,1.5000
121.5,10.55,0.116,28.91,1.5000
121.5,10.63,0.116,29.10,1.5000
121.5,10.71,0.117,29.29,1.5000
121.5,10.79,0.118,29.47,1.5000
121.5,10.87,0.119,29.66,1.5000
121.5,10.95,0.119,29.84,1.5000
121.5,11.03,0.120,30.01,1.5000
121.5,11.11,0.121,30.18,1.5000
121.5,11.19,0.121,30.34,1.5000
121.5,11.28,0.122,30.50,1.5000
121.5,11.36,0.123,30.65,1.5000
121.5,11.44,0.123,30.78,1.5000
121.5,11.52,0.124,30.91,1.5000
121.5,11.60,0.124,31.03,1.5000
121.5,11.68,0.124,31.10,1.5000
121.5,11.76,0.124,31.12,1.5000
121.5,11.84,0.124,31.09,1.5000
121.5,11.92,0.124,31.04,1.5000
121.5,12.00,0.124,30.96,1.5000
126.8,0.00,0.075,18.86,
126.8,0.08,0.077,19.24,
126.8,0.16,0.078,19.62,
126.8,0.24,0.080,19.99,
126.8,0.32,0.081,20.35,
126.8,0.40,0.083,20.71,
126.8,0.48,0.084,21.06,
126.8,0.56,0.086,21.40,
126.8,0.64,0.087,21.74,
126.8,0.72,0.088,22.07,
126.8,0.81,0.090,22.38,
126.8,0.89,0.091,22.69,
126.8,0.97,0.092,22.99,
126.8,1.05,0.093,23.27,
126.8,1.13,0.094,23.54,
126.8,1.21,0.095,23.80,
126.8,1.29,0.096,24.04,
126.8,1.37,0.097,24.27,
126.8,1.45,0.098,24.49,
126.8,1.53,0.099,24.68,
126.8,1.61,0.099,24.83,
126.8,1.69,0.100,24.95,
126.8,1.77,0.100,25.02,
126.8,1.85,0.100,25.08,
126.8,1.93,0.100,25.11,
126.8,2.01,0.101,25.13,1.5000
126.8,2.09,0.101,25.14,1.5000
126.8,2.17,0.101,25.17,1.5000
126.8,2.26,0.101,25.21,1.5000
126.8,2.34,0.101,25.26,1.5000
126.8,2.42,0.101,25.31,1.5000
126.8,2.50,0.101,25.37,1.5000
126.8,2.58,0.102,25.43,1.5000
126.8,2.66,0.102,25.48,1.5000
126.8,2.74,0.102,25.53,1.5000
126.8,2.82,0.102,25.58,1.5000
126.8,2.90,0.102,25.62,1.5000
126.8,2.98,0.103,25.65,1.5000
126.8,3.06,0.103,25.69,1.5000
126.8,3.14,0.103,25.74,1.5000
126.8,3.22,0.103,25.80,1.5000
126.8,3.30,0.103,25.87,1.5000
126.8,3.38,0.104,25.95,1.5000
126.8,3.46,0.104,26.07,1.5000
126.8,3.54,0.105,26.15,1.5000
126.8,3.62,0.105,26.15,1.5000
126.8,3.70,0.104,26.08,1.5000
126.8,3.79,0.104,25.96,1.5000
126.8,3.87,0.103,25.82,1.5000
126.8,3.95,0.103,25.67,1.5000
126.8,4.03,0.102,25.52,1.5000
126.8,4.11,0.102,25.41,1.5000
126.8,4.19,0.101,25.35,1.5000
126.8,4.27,0.101,25.33,1.5000
126.8,4.35,0.101,25.36,1.5000
126.8,4.43,0.102,25.41,1.5000
126.8,4.51,0.102,25.49,1.5000
126.8,4.59,0.102,25.57,1.5000
126.8,4.67,0.103,25.67,1.5000
126.8,4.75,0.103,25.76,1.5000
126.8,4.83,0.103,25.86,1.5000
126.8,4.91,0.104,25.96,1.5000
126.8,4.99,0.104,26.06,1.5000
126.8,5.07,0.105,26.17,1.5000
126.8,5.15,0.105,26.29,1.5000
126.8,5.23,0.106,26.43,1.5000
126.8,5.32,0.106,26.58,1.5000
126.8,5.40,0.107,26.77,1.5000
126.8,5.48,0.108,26.97,1.5000
126.8,5.56,0.109,27.18,1.5000
126.8,5.64,0.110,27.39,1.5000
126.8,5.72,0.110,27.59,1.5000
126.8,5.80,0.111,27.77,1.5000
126.8,5.88,0.112,27.90,1.5000
126.8,5.96,0.112,27.98,1.5000
126.8,6.04,0.112,28.00,1.5000
126.8,6.12,0.112,28.02,1.5000
126.8,6.20,0.112,28.06,1.5000
126.8,6.28,0.112,28.10,1.5000
126.8,6.36,0.113,28.15,1.5000
126.8,6.44,0.113,28.20,1.5000
126.8,6.52,0.113,28.25,1.5000
126.8,6.60,0.113,28.30,1.5000
126.8,6.68,0.113,28.34,1.5000
126.8,6.77,0.114,28.38,1.5000
126.8,6.85,0.114,28.40,1.5000
126.8,6.93,0.114,28.43,1.5000
126.8,7.01,0.114,28.45,1.5000
126.8,7.09,0.114,28.48,1.5000
126.8,7.17,0.114,28.52,1.5000
126.8,7.25,0.114,28.58,1.5000
126.8,7.33,0.115,28.66,1.5000
126.8,7.41,0.115,28.78,1.5000
126.8,7.49,0.116,28.92,1.5000
126.8,7.57,0.116,29.04,1.5000
126.8,7.65,0.116,29.12,1.5000
126.8,7.73,0.117,29.16,1.5000
126.8,7.81,0.117,29.17,1.5000
126.8,7.89,0.117,29.14,1.5000
126.8,7.97,0.116,29.07,1.5000
126.8,8.05,0.116,28.97,1.5000
126.8,8.13,0.116,28.88,1.5000
126.8,8.21,0.115,28.80,1.5000
126.8,8.30,0.115,28.74,1.5000
126.8,8.38,0.115,28.70,1.5000
126.8,8.46,0.115,28.66,1.5000
126.8,8.54,0.115,28.64,1.5000
126.8,8.62,0.114,28.62,1.5000
126.8,8.70,0.114,28.60,1.5000
126.8,8.78,0.114,28.60,1.5000
126.8,8.86,0.114,28.60,1.5000
126.8,8.94,0.114,28.62,1.5000
126.8,9.02,0.115,28.65,1.5000
126.8,9.10,0.115,28.69,1.5000
126.8,9.18,0.115,28.76,1.5000
126.8,9.26,0.115,28.86,1.5000
126.8,9.34,0.116,28.99,1.5000
126.8,9.42,0.117,29.16,1.5000
126.8,9.50,0.117,29.36,1.5000
126.8,9.58,0.118,29.57,1.5000
126.8,9.66,0.119,29.78,1.5000
126.8,9.74,0.120,30.00,1.5000
126.8,9.83,0.121,30.20,1.5000
126.8,9.91,0.122,30.38,1.5000
126.8,9.99,0.122,30.51,1.5000
126.8,10.07,0.123,30.63,1.5000
126.8,10.15,0.123,30.76,1.5000
126.8,10.23,0.124,30.91,1.5000
126.8,10.31,0.124,31.07,1.5000
126.8,10.39,0.125,31.23,1.5000
126.8,10.47,0.126,31.41,1.5000
126.8,10.55,0.126,31.58,1.5000
126.8,10.63,0.127,31.76,1.5000
126.8,10.71,0.128,31.94,1.5000
126.8,10.79,0.128,32.12,1.5000
126.8,10.87,0.129,32.29,1.5000
126.8,10.95,0.130,32.46,1.5000
126.8,11.03,0.131,32.63,1.5000
126.8,11.11,0.131,32.79,1.5000
126.8,11.19,0.132,32.94,1.5000
126.8,11.28,0.132,33.08,1.5000
126.8,11.36,0.133,33.22,1.5000
126.8,11.44,0.133,33.35,1.5000
126.8,11.52,0.134,33.46,1.5000
126.8,11.60,0.134,33.52,1.5000
126.8,11.68,0.134,33.53,1.5000
126.8,11.76,0.134,33.49,1.5000
126.8,11.84,0.134,33.43,1.5000
126.8,11.92,0.133,33.33,1.5000
126.8,12.00,0.133,33.21,1.5000
132.2,0.00,0.088,21.96,
132.2,0.08,0.089,22.33,
132.2,0.16,0.091,22.70,
132.2,0.24,0.092,23.06,
132.2,0.32,0.094,23.42,
132.2,0.40,0.095,23.77,
132.2,0.48,0.096,24.12,
132.2,0.56,0.098,24.45,
132.2,0.64,0.099,24.78,
132.2,0.72,0.100,25.10,
132.2,0.81,0.102,25.41,
132.2,0.89,0.103,25.71,
132.2,0.97,0.104,25.99,
132.2,1.05,0.105,26.26,
132.2,1.13,0.106,26.53,
132.2,1.21,0.107,26.78,
132.2,1.29,0.108,27.01,
132.2,1.37,0.109,27.23,
132.2,1.45,0.110,27.42,
132.2,1.53,0.110,27.57,
132.2,1.61,0.111,27.69,
132.2,1.69,0.111,27.77,
132.2,1.77,0.111,27.83,
132.2,1.85,0.111,27.86,
132.2,1.93,0.112,27.88,
132.2,2.01,0.111,27.87,1.5000
132.2,2.09,0.111,27.86,1.5000
132.2,2.17,0.111,27.87,1.5000
132.2,2.26,0.112,27.89,1.5000
132.2,2.34,0.112,27.92,1.5000
132.2,2.42,0.112,27.95,1.5000
132.2,2.50,0.112,28.00,1.5000
132.2,2.58,0.112,28.04,1.5000
132.2,2.66,0.112,28.08,1.5000
132.2,2.74,0.112,28.12,1.5000
132.2,2.82,0.113,28.15,1.5000
132.2,2.90,0.113,28.19,1.5000
132.2,2.98,0.113,28.23,1.5000
132.2,3.06,0.113,28.28,1.5000
132.2,3.14,0.113,28.34,1.5000
132.2,3.22,0.114,28.42,1.5000
132.2,3.30,0.114,28.52,1.5000
132.2,3.38,0.115,28.64,1.5000
132.2,3.46,0.115,28.70,1.5000
132.2,3.54,0.115,28.69,1.5000
132.2,3.62,0.114,28.61,1.5000
132.2,3.70,0.114,28.47,1.5000
132.2,3.79,0.113,28.31,1.5000
132.2,3.87,0.113,28.14,1.5000
132.2,3.95,0.112,27.96,1.5000
132.2,4.03,0.111,27.77,1.5000
132.2,4.11,0.111,27.63,1.5000
132.2,4.19,0.110,27.54,1.5000
132.2,4.27,0.110,27.50,1.5000
132.2,4.35,0.110,27.50,1.5000
132.2,4.43,0.110,27.53,1.5000
132.2,4.51,0.110,27.59,1.5000
132.2,4.59,0.111,27.66,1.5000
132.2,4.67,0.111,27.74,1.5000
132.2,4.75,0.111,27.82,1.5000
132.2,4.83,0.112,27.91,1.5000
132.2,4.91,0.112,28.01,1.5000
132.2,4.99,0.112,28.12,1.5000
132.2,5.07,0.113,28.24,1.5000
132.2,5.15,0.114,28.38,1.5000
132.2,5.23,0.114,28.55,1.5000
132.2,5.32,0.115,28.74,1.5000
132.2,5.40,0.116,28.96,1.5000
132.2,5.48,0.117,29.17,1.5000
132.2,5.56,0.118,29.38,1.5000
132.2,5.64,0.118,29.59,1.5000
132.2,5.72,0.119,29.79,1.5000
132.2,5.80,0.120,29.95,1.5000
132.2,5.88,0.120,30.08,1.5000
132.2,5.96,0.121,30.14,1.5000
132.2,6.04,0.121,30.15,1.5000
132.2,6.12,0.121,30.17,1.5000
132.2,6.20,0.121,30.20,1.5000
132.2,6.28,0.121,30.24,1.5000
132.2,6.36,0.121,30.29,1.5000
132.2,6.44,0.121,30.34,1.5000
132.2,6.52,0.122,30.40,1.5000
132.2,6.60,0.122,30.45,1.5000
132.2,6.68,0.122,30.50,1.5000
132.2,6.77,0.122,30.54,1.5000
132.2,6.85,0.122,30.58,1.5000
132.2,6.93,0.123,30.63,1.5000
132.2,7.01,0.123,30.69,1.5000
132.2,7.09,0.123,30.76,1.5000
132.2,7.17,0.123,30.85,1.5000
132.2,7.25,0.124,30.97,1.5000
132.2,7.33,0.124,31.12,1.5000
132.2,7.41,0.125,31.29,1.5000
132.2,7.49,0.126,31.43,1.5000
132.2,7.57,0.126,31.53,1.5000
132.2,7.65,0.126,31.59,1.5000
132.2,7.73,0.126,31.62,1.5000
132.2,7.81,0.126,31.62,1.5000
132.2,7.89,0.126,31.58,1.5000
132.2,7.97,0.126,31.50,1.5000
132.2,8.05,0.126,31.39,1.5000
132.2,8.13,0.125,31.30,1.5000
132.2,8.21,0.125,31.22,1.5000
132.2,8.30,0.125,31.16,1.5000
132.2,8.38,0.124,31.11,1.5000
132.2,8.46,0.124,31.08,1.5000
132.2,8.54,0.124,31.06,1.5000
132.2,8.62,0.124,31.04,1.5000
132.2,8.70,0.124,31.04,1.5000
132.2,8.78,0.124,31.04,1.5000
132.2,8.86,0.124,31.06,1.5000
132.2,8.94,0.124,31.09,1.5000
132.2,9.02,0.125,31.15,1.5000
132.2,9.10,0.125,31.23,1.5000
132.2,9.18,0.125,31.34,1.5000
132.2,9.26,0.126,31.48,1.5000
132.2,9.34,0.127,31.66,1.5000
132.2,9.42,0.127,31.87,1.5000
132.2,9.50,0.128,32.08,1.5000
132.2,9.58,0.129,32.30,1.5000
132.2,9.66,0.130,32.53,1.5000
132.2,9.74,0.131,32.75,1.5000
132.2,9.83,0.132,32.95,1.5000
132.2,9.91,0.132,33.12,1.5000
132.2,9.99,0.133,33.26,1.5000
132.2,10.07,0.133,33.37,1.5000
132.2,10.15,0.134,33.50,1.5000
132.2,10.23,0.135,33.64,1.5000
132.2,10.31,0.135,33.79,1.5000
132.2,10.39,0.136,33.95,1.5000
132.2,10.47,0.136,34.12,1.5000
132.2,10.55,0.137,34.29,1.5000
132.2,10.63,0.138,34.46,1.5000
132.2,10.71,0.139,34.64,1.5000
132.2,10.79,0.139,34.80,1.5000
132.2,10.87,0.140,34.97,1.5000
132.2,10.95,0.141,35.13,1.5000
132.2,11.03,0.141,35.29,1.5000
132.2,11.11,0.142,35.44,1.5000
132.2,11.19,0.142,35.59,1.5000
132.2,11.28,0.143,35.72,1.5000
132.2,11.36,0.143,35.85,1.5000
132.2,11.44,0.144,35.96,1.5000
132.2,11.52,0.144,36.01,1.5000
132.2,11.60,0.144,36.01,1.5000
132.2,11.68,0.144,35.97,1.5000
132.2,11.76,0.144,35.89,1.5000
132.2,11.84,0.143,35.79,1.5000
132.2,11.92,0.143,35.66,1.5000
132.2,12.00,0.142,35.50,1.5000
137.6,0.00,0.100,25.06,
137.6,0.08,0.102,25.44,
137.6,0.16,0.103,25.80,
137.6,0.24,0.105,26.16,
137.6,0.32,0.106,26.51,
137.6,0.40,0.107,26.86,
137.6,0.48,0.109,27.20,
137.6,0.56,0.110,27.53,
137.6,0.64,0.111,27.85,
137.6,0.72,0.113,28.16,
137.6,0.81,0.114,28.46,
137.6,0.89,0.115,28.75,
137.6,0.97,0.116,29.03,
137.6,1.05,0.117,29.30,
137.6,1.13,0.118,29.55,
137.6,1.21,0.119,29.79,
137.6,1.29,0.120,30.01,
137.6,1.37,0.121,30.20,
137.6,1.45,0.121,30.36,
137.6,1.53,0.122,30.48,
137.6,1.61,0.122,30.57,
137.6,1.69,0.123,30.63,
137.6,1.77,0.123,30.67,
137.6,1.85,0.123,30.69,
137.6,1.93,0.123,30.69,
137.6,2.01,0.123,30.66,1.5000
137.6,2.09,0.123,30.64,1.5000
137.6,2.17,0.123,30.63,1.5000
137.6,2.26,0.123,30.63,1.5000
137.6,2.34,0.123,30.65,1.5000
137.6,2.42,0.123,30.67,1.5000
137.6,2.50,0.123,30.70,1.5000
137.6,2.58,0.123,30.73,1.5000
137.6,2.66,0.123,30.76,1.5000
137.6,2.74,0.123,30.79,1.5000
137.6,2.82,0.123,30.82,1.5000
137.6,2.90,0.123,30.86,1.5000
137.6,2.98,0.124,30.92,1.5000
137.6,3.06,0.124,30.99,1.5000
137.6,3.14,0.124,31.08,1.5000
137.6,3.22,0.125,31.19,1.5000
137.6,3.30,0.125,31.31,1.5000
137.6,3.38,0.125,31.35,1.5000
137.6,3.46,0.125,31.32,1.5000
137.6,3.54,0.125,31.23,1.5000
137.6,3.62,0.124,31.08,1.5000
137.6,3.70,0.124,30.90,1.5000
137.6,3.79,0.123,30.70,1.5000
137.6,3.87,0.122,30.50,1.5000
137.6,3.95,0.121,30.29,1.5000
137.6,4.03,0.120,30.07,1.5000
137.6,4.11,0.120,29.90,1.5000
137.6,4.19,0.119,29.79,1.5000
137.6,4.27,0.119,29.73,1.5000
137.6,4.35,0.119,29.71,1.5000
137.6,4.43,0.119,29.72,1.5000
137.6,4.51,0.119,29.76,1.5000
137.6,4.59,0.119,29.82,1.5000
137.6,4.67,0.120,29.89,1.5000
137.6,4.75,0.120,29.97,1.5000
137.6,4.83,0.120,30.05,1.5000
137.6,4.91,0.121,30.16,1.5000
137.6,4.99,0.121,30.28,1.5000
137.6,5.07,0.122,30.42,1.5000
137.6,5.15,0.122,30.59,1.5000
137.6,5.23,0.123,30.78,1.5000
137.6,5.32,0.124,31.00,1.5000
137.6,5.40,0.125,31.21,1.5000
137.6,5.48,0.126,31.43,1.5000
137.6,5.56,0.127,31.64,1.5000
137.6,5.64,0.127,31.85,1.5000
137.6,5.72,0.128,32.04,1.5000
137.6,5.80,0.129,32.20,1.5000
137.6,5.88,0.129,32.31,1.5000
137.6,5.96,0.129,32.37,1.5000
137.6,6.04,0.129,32.37,1.5000
137.6,6.12,0.130,32.39,1.5000
137.6,6.20,0.130,32.42,1.5000
137.6,6.28,0.130,32.46,1.5000
137.6,6.36,0.130,32.51,1.5000
137.6,6.44,0.130,32.56,1.5000
137.6,6.52,0.131,32.63,1.5000
137.6,6.60,0.131,32.69,1.5000
137.6,6.68,0.131,32.74,1.5000
137.6,6.77,0.131,32.81,1.5000
137.6,6.85,0.131,32.87,1.5000
137.6,6.93,0.132,32.95,1.5000
137.6,7.01,0.132,33.05,1.5000
137.6,7.09,0.133,33.18,1.5000
137.6,7.17,0.133,33.33,1.5000
137.6,7.25,0.134,33.52,1.5000
137.6,7.33,0.135,33.71,1.5000
137.6,7.41,0.135,33.85,1.5000
137.6,7.49,0.136,33.96,1.5000
137.6,7.57,0.136,34.04,1.5000
137.6,7.65,0.136,34.09,1.5000
137.6,7.73,0.136,34.11,1.5000
137.6,7.81,0.136,34.10,1.5000
137.6,7.89,0.136,34.05,1.5000
137.6,7.97,0.136,33.97,1.5000
137.6,8.05,0.135,33.86,1.5000
137.6,8.13,0.135,33.76,1.5000
137.6,8.21,0.135,33.68,1.5000
137.6,8.30,0.134,33.62,1.5000
137.6,8.38,0.134,33.58,1.5000
137.6,8.46,0.134,33.55,1.5000
137.6,8.54,0.134,33.53,1.5000
137.6,8.62,0.134,33.52,1.5000
137.6,8.70,0.134,33.53,1.5000
137.6,8.78,0.134,33.55,1.5000
137.6,8.86,0.134,33.58,1.5000
137.6,8.94,0.135,33.64,1.5000
137.6,9.02,0.135,33.73,1.5000
137.6,9.10,0.135,33.85,1.5000
137.6,9.18,0.136,34.00,1.5000
137.6,9.26,0.137,34.19,1.5000
137.6,9.34,0.138,34.40,1.5000
137.6,9.42,0.138,34.62,1.5000
137.6,9.50,0.139,34.84,1.5000
137.6,9.58,0.140,35.08,1.5000
137.6,9.66,0.141,35.31,1.5000
137.6,9.74,0.142,35.53,1.5000
137.6,9.83,0.143,35.73,1.5000
137.6,9.91,0.144,35.90,1.5000
137.6,9.99,0.144,36.03,1.5000
137.6,10.07,0.145,36.14,1.5000
137.6,10.15,0.145,36.27,1.5000
137.6,10.23,0.146,36.41,1.5000
137.6,10.31,0.146,36.56,1.5000
137.6,10.39,0.147,36.71,1.5000
137.6,10.47,0.148,36.88,1.5000
137.6,10.55,0.148,37.04,1.5000
137.6,10.63,0.149,37.21,1.5000
137.6,10.71,0.150,37.38,1.5000
137.6,10.79,0.150,37.54,1.5000
137.6,10.87,0.151,37.70,1.5000
137.6,10.95,0.151,37.86,1.5000
137.6,11.03,0.152,38.01,1.5000
137.6,11.11,0.153,38.15,1.5000
137.6,11.19,0.153,38.29,1.5000
137.6,11.28,0.154,38.42,1.5000
137.6,11.36,0.154,38.51,1.5000
137.6,11.44,0.154,38.56,1.5000
137.6,11.52,0.154,38.55,1.5000
137.6,11.60,0.154,38.51,1.5000
137.6,11.68,0.154,38.42,1.5000
137.6,11.76,0.153,38.31,1.5000
137.6,11.84,0.153,38.18,1.5000
137.6,11.92,0.152,38.01,1.5000
137.6,12.00,0.151,37.82,1.5000
143.0,0.00,0.113,28.19,
143.0,0.08,0.114,28.56,
143.0,0.16,0.116,28.93,
143.0,0.24,0.117,29.28,
143.0,0.32,0.119,29.63,
143.0,0.40,0.120,29.97,
143.0,0.48,0.121,30.31,
143.0,0.56,0.123,30.63,
143.0,0.64,0.124,30.95,
143.0,0.72,0.125,31.25,
143.0,0.81,0.126,31.55,
143.0,0.89,0.127,31.83,
143.0,0.97,0.128,32.10,
143.0,1.05,0.129,32.36,
143.0,1.13,0.130,32.61,
143.0,1.21,0.131,32.84,
143.0,1.29,0.132,33.03,
143.0,1.37,0.133,33.19,
143.0,1.45,0.133,33.32,
143.0,1.53,0.134,33.41,
143.0,1.61,0.134,33.48,
143.0,1.69,0.134,33.53,
143.0,1.77,0.134,33.56,
143.0,1.85,0.134,33.57,
143.0,1.93,0.134,33.56,
143.0,2.01,0.134,33.52,1.5000
143.0,2.09,0.134,33.48,1.5000
143.0,2.17,0.134,33.46,1.5000
143.0,2.26,0.134,33.45,1.5000
143.0,2.34,0.134,33.46,1.5000
143.0,2.42,0.134,33.47,1.5000
143.0,2.50,0.134,33.49,1.5000
143.0,2.58,0.134,33.51,1.5000
143.0,2.66,0.134,33.54,1.5000
143.0,2.74,0.134,33.57,1.5000
143.0,2.82,0.134,33.61,1.5000
143.0,2.90,0.135,33.67,1.5000
143.0,2.98,0.135,33.75,1.5000
143.0,3.06,0.135,33.85,1.5000
143.0,3.14,0.136,33.97,1.5000
143.0,3.22,0.136,34.07,1.5000
143.0,3.30,0.136,34.09,1.5000
143.0,3.38,0.136,34.04,1.5000
143.0,3.46,0.136,33.93,1.5000
143.0,3.54,0.135,33.77,1.5000
143.0,3.62,0.134,33.58,1.5000
143.0,3.70,0.133,33.36,1.5000
143.0,3.79,0.133,33.14,1.5000
143.0,3.87,0.132,32.91,1.5000
143.0,3.95,0.131,32.67,1.5000
143.0,4.03,0.130,32.43,1.5000
143.0,4.11,0.129,32.24,1.5000
143.0,4.19,0.128,32.11,1.5000
143.0,4.27,0.128,32.03,1.5000
143.0,4.35,0.128,32.00,1.5000
143.0,4.43,0.128,32.00,1.5000
143.0,4.51,0.128,32.02,1.5000
143.0,4.59,0.128,32.07,1.5000
143.0,4.67,0.129,32.13,1.5000
143.0,4.75,0.129,32.20,1.5000
143.0,4.83,0.129,32.30,1.5000
143.0,4.91,0.130,32.41,1.5000
143.0,4.99,0.130,32.55,1.5000
143.0,5.07,0.131,32.71,1.5000
143.0,5.15,0.132,32.91,1.5000
143.0,5.23,0.132,33.12,1.5000
143.0,5.32,0.133,33.33,1.5000
143.0,5.40,0.134,33.54,1.5000
143.0,5.48,0.135,33.75,1.5000
143.0,5.56,0.136,33.96,1.5000
143.0,5.64,0.137,34.17,1.5000
143.0,5.72,0.137,34.35,1.5000
143.0,5.80,0.138,34.50,1.5000
143.0,5.88,0.138,34.61,1.5000
143.0,5.96,0.139,34.67,1.5000
143.0,6.04,0.139,34.67,1.5000
143.0,6.12,0.139,34.69,1.5000
143.0,6.20,0.139,34.72,1.5000
143.0,6.28,0.139,34.76,1.5000
143.0,6.36,0.139,34.82,1.5000
143.0,6.44,0.140,34.88,1.5000
143.0,6.52,0.140,34.95,1.5000
143.0,6.60,0.140,35.02,1.5000
143.0,6.68,0.140,35.10,1.5000
143.0,6.77,0.141,35.19,1.5000
143.0,6.85,0.141,35.29,1.5000
143.0,6.93,0.142,35.41,1.5000
143.0,7.01,0.142,35.56,1.5000
143.0,7.09,0.143,35.75,1.5000
143.0,7.17,0.144,35.96,1.5000
143.0,7.25,0.145,36.16,1.5000
143.0,7.33,0.145,36.31,1.5000
143.0,7.41,0.146,36.44,1.5000
143.0,7.49,0.146,36.53,1.5000
143.0,7.57,0.146,36.59,1.5000
143.0,7.65,0.147,36.63,1.5000
143.0,7.73,0.147,36.64,1.5000
143.0,7.81,0.146,36.62,1.5000
143.0,7.89,0.146,36.57,1.5000
143.0,7.97,0.146,36.48,1.5000
143.0,8.05,0.145,36.37,1.5000
143.0,8.13,0.145,36.27,1.5000
143.0,8.21,0.145,36.19,1.5000
143.0,8.30,0.145,36.14,1.5000
143.0,8.38,0.144,36.10,1.5000
143.0,8.46,0.144,36.07,1.5000
143.0,8.54,0.144,36.06,1.5000
143.0,8.62,0.144,36.06,1.5000
143.0,8.70,0.144,36.08,1.5000
143.0,8.78,0.144,36.12,1.5000
143.0,8.86,0.145,36.18,1.5000
143.0,8.94,0.145,36.27,1.5000
143.0,9.02,0.146,36.40,1.5000
143.0,9.10,0.146,36.56,1.5000
143.0,9.18,0.147,36.75,1.5000
143.0,9.26,0.148,36.96,1.5000
143.0,9.34,0.149,37.18,1.5000
143.0,9.42,0.150,37.41,1.5000
143.0,9.50,0.151,37.65,1.5000
143.0,9.58,0.152,37.89,1.5000
143.0,9.66,0.152,38.12,1.5000
143.0,9.74,0.153,38.34,1.5000
143.0,9.83,0.154,38.54,1.5000
143.0,9.91,0.155,38.71,1.5000
143.0,9.99,0.155,38.84,1.5000
143.0,10.07,0.156,38.95,1.5000
143.0,10.15,0.156,39.08,1.5000
143.0,10.23,0.157,39.22,1.5000
143.0,10.31,0.157,39.36,1.5000
143.0,10.39,0.158,39.52,1.5000
143.0,10.47,0.159,39.68,1.5000
143.0,10.55,0.159,39.84,1.5000
143.0,10.63,0.160,40.01,1.5000
143.0,10.71,0.161,40.17,1.5000
143.0,10.79,0.161,40.33,1.5000
143.0,10.87,0.162,40.48,1.5000
143.0,10.95,0.163,40.64,1.5000
143.0,11.03,0.163,40.78,1.5000
143.0,11.11,0.164,40.93,1.5000
143.0,11.19,0.164,41.05,1.5000
143.0,11.28,0.165,41.14,1.5000
143.0,11.36,0.165,41.17,1.5000
143.0,11.44,0.165,41.16,1.5000
143.0,11.52,0.164,41.11,1.5000
143.0,11.60,0.164,41.03,1.5000
143.0,11.68,0.164,40.91,1.5000
143.0,11.76,0.163,40.77,1.5000
143.0,11.84,0.162,40.60,1.5000
143.0,11.92,0.162,40.41,1.5000
143.0,12.00,0.161,40.19,1.5000
148.3,0.00,0.125,31.35,
148.3,0.08,0.127,31.71,
148.3,0.16,0.128,32.08,
148.3,0.24,0.130,32.43,
148.3,0.32,0.131,32.78,
148.3,0.40,0.132,33.12,
148.3,0.48,0.134,33.45,
148.3,0.56,0.135,33.77,
148.3,0.64,0.136,34.08,
148.3,0.72,0.138,34.38,
148.3,0.81,0.139,34.67,
148.3,0.89,0.140,34.95,
148.3,0.97,0.141,35.22,
148.3,1.05,0.142,35.47,
148.3,1.13,0.143,35.70,
148.3,1.21,0.144,35.90,
148.3,1.29,0.144,36.06,
148.3,1.37,0.145,36.20,
148.3,1.45,0.145,36.31,
148.3,1.53,0.146,36.39,
148.3,1.61,0.146,36.45,
148.3,1.69,0.146,36.50,
148.3,1.77,0.146,36.52,
148.3,1.85,0.146,36.52,
148.3,1.93,0.146,36.50,
148.3,2.01,0.146,36.45,1.5000
148.3,2.09,0.146,36.40,1.5000
148.3,2.17,0.146,36.38,1.5000
148.3,2.26,0.145,36.36,1.5000
148.3,2.34,0.145,36.36,1.5000
148.3,2.42,0.145,36.37,1.5000
148.3,2.50,0.146,36.38,1.5000
148.3,2.58,0.146,36.40,1.5000
148.3,2.66,0.146,36.43,1.5000
148.3,2.74,0.146,36.47,1.5000
148.3,2.82,0.146,36.53,1.5000
148.3,2.90,0.146,36.62,1.5000
148.3,2.98,0.147,36.72,1.5000
148.3,3.06,0.147,36.85,1.5000
148.3,3.14,0.148,36.93,1.5000
148.3,3.22,0.148,36.93,1.5000
148.3,3.30,0.147,36.86,1.5000
148.3,3.38,0.147,36.74,1.5000
148.3,3.46,0.146,36.57,1.5000
148.3,3.54,0.145,36.36,1.5000
148.3,3.62,0.145,36.13,1.5000
148.3,3.70,0.144,35.89,1.5000
148.3,3.79,0.143,35.64,1.5000
148.3,3.87,0.142,35.38,1.5000
148.3,3.95,0.140,35.12,1.5000
148.3,4.03,0.139,34.87,1.5000
148.3,4.11,0.139,34.66,1.5000
148.3,4.19,0.138,34.51,1.5000
148.3,4.27,0.138,34.42,1.5000
148.3,4.35,0.137,34.37,1.5000
148.3,4.43,0.137,34.36,1.5000
148.3,4.51,0.138,34.38,1.5000
148.3,4.59,0.138,34.42,1.5000
148.3,4.67,0.138,34.47,1.5000
148.3,4.75,0.138,34.55,1.5000
148.3,4.83,0.139,34.65,1.5000
148.3,4.91,0.139,34.78,1.5000
148.3,4.99,0.140,34.94,1.5000
148.3,5.07,0.141,35.13,1.5000
148.3,5.15,0.141,35.33,1.5000
148.3,5.23,0.142,35.52,1.5000
148.3,5.32,0.143,35.72,1.5000
148.3,5.40,0.144,35.93,1.5000
148.3,5.48,0.145,36.14,1.5000
148.3,5.56,0.145,36.35,1.5000
148.3,5.64,0.146,36.56,1.5000
148.3,5.72,0.147,36.74,1.5000
148.3,5.80,0.148,36.89,1.5000
148.3,5.88,0.148,36.99,1.5000
148.3,5.96,0.148,37.05,1.5000
148.3,6.04,0.148,37.05,1.5000
148.3,6.12,0.148,37.07,1.5000
148.3,6.20,0.148,37.11,1.5000
148.3,6.28,0.149,37.16,1.5000
148.3,6.36,0.149,37.22,1.5000
148.3,6.44,0.149,37.30,1.5000
148.3,6.52,0.150,37.38,1.5000
148.3,6.60,0.150,37.47,1.5000
148.3,6.68,0.150,37.58,1.5000
148.3,6.77,0.151,37.70,1.5000
148.3,6.85,0.151,37.84,1.5000
148.3,6.93,0.152,38.02,1.5000
148.3,7.01,0.153,38.23,1.5000
148.3,7.09,0.154,38.46,1.5000
148.3,7.17,0.155,38.66,1.5000
148.3,7.25,0.155,38.82,1.5000
148.3,7.33,0.156,38.95,1.5000
148.3,7.41,0.156,39.05,1.5000
148.3,7.49,0.157,39.13,1.5000
148.3,7.57,0.157,39.18,1.5000
148.3,7.65,0.157,39.21,1.5000
148.3,7.73,0.157,39.22,1.5000
148.3,7.81,0.157,39.19,1.5000
148.3,7.89,0.157,39.14,1.5000
148.3,7.97,0.156,39.04,1.5000
148.3,8.05,0.156,38.93,1.5000
148.3,8.13,0.155,38.84,1.5000
148.3,8.21,0.155,38.76,1.5000
148.3,8.30,0.155,38.71,1.5000
148.3,8.38,0.155,38.67,1.5000
148.3,8.46,0.155,38.66,1.5000
148.3,8.54,0.155,38.65,1.5000
148.3,8.62,0.155,38.67,1.5000
148.3,8.70,0.155,38.71,1.5000
148.3,8.78,0.155,38.77,1.5000
148.3,8.86,0.155,38.86,1.5000
148.3,8.94,0.156,38.99,1.5000
148.3,9.02,0.157,39.16,1.5000
148.3,9.10,0.157,39.35,1.5000
148.3,9.18,0.158,39.56,1.5000
148.3,9.26,0.159,39.78,1.5000
148.3,9.34,0.160,40.01,1.5000
148.3,9.42,0.161,40.25,1.5000
148.3,9.50,0.162,40.49,1.5000
148.3,9.58,0.163,40.73,1.5000
148.3,9.66,0.164,40.97,1.5000
148.3,9.74,0.165,41.19,1.5000
148.3,9.83,0.166,41.39,1.5000
148.3,9.91,0.166,41.56,1.5000
148.3,9.99,0.167,41.69,1.5000
148.3,10.07,0.167,41.81,1.5000
148.3,10.15,0.168,41.93,1.5000
148.3,10.23,0.168,42.07,1.5000
148.3,10.31,0.169,42.22,1.5000
148.3,10.39,0.170,42.38,1.5000
148.3,10.47,0.170,42.53,1.5000
148.3,10.55,0.171,42.70,1.5000
148.3,10.63,0.171,42.86,1.5000
148.3,10.71,0.172,43.02,1.5000
148.3,10.79,0.173,43.17,1.5000
148.3,10.87,0.173,43.33,1.5000
148.3,10.95,0.174,43.48,1.5000
148.3,11.03,0.175,43.63,1.5000
148.3,11.11,0.175,43.75,1.5000
148.3,11.19,0.175,43.82,1.5000
148.3,11.28,0.175,43.85,1.5000
148.3,11.36,0.175,43.84,1.5000
148.3,11.44,0.175,43.79,1.5000
148.3,11.52,0.175,43.70,1.5000
148.3,11.60,0.174,43.58,1.5000
148.3,11.68,0.174,43.44,1.5000
148.3,11.76,0.173,43.28,1.5000
148.3,11.84,0.172,43.08,1.5000
148.3,11.92,0.171,42.86,1.5000
148.3,12.00,0.170,42.61,1.5000
153.7,0.00,0.138,34.52,
153.7,0.08,0.140,34.89,
153.7,0.16,0.141,35.25,
153.7,0.24,0.142,35.61,
153.7,0.32,0.144,35.95,
153.7,0.40,0.145,36.29,
153.7,0.48,0.146,36.62,
153.7,0.56,0.148,36.93,
153.7,0.64,0.149,37.24,
153.7,0.72,0.150,37.54,
153.7,0.81,0.151,37.83,
153.7,0.89,0.152,38.11,
153.7,0.97,0.153,38.37,
153.7,1.05,0.154,38.60,
153.7,1.13,0.155,38.81,
153.7,1.21,0.156,38.98,
153.7,1.29,0.157,39.13,
153.7,1.37,0.157,39.25,
153.7,1.45,0.157,39.35,
153.7,1.53,0.158,39.43,
153.7,1.61,0.158,39.49,
153.7,1.69,0.158,39.53,
153.7,1.77,0.158,39.55,
153.7,1.85,0.158,39.55,
153.7,1.93,0.158,39.52,
153.7,2.01,0.158,39.47,1.5000
153.7,2.09,0.158,39.42,1.5000
153.7,2.17,0.158,39.39,1.5000
153.7,2.26,0.157,39.37,1.5000
153.7,2.34,0.157,39.37,1.5000
153.7,2.42,0.157,39.37,1.5000
153.7,2.50,0.158,39.39,1.5000
153.7,2.58,0.158,39.41,1.5000
153.7,2.66,0.158,39.45,1.5000
153.7,2.74,0.158,39.52,1.5000
153.7,2.82,0.158,39.60,1.5000
153.7,2.90,0.159,39.72,1.5000
153.7,2.98,0.159,39.84,1.5000
153.7,3.06,0.160,39.89,1.5000
153.7,3.14,0.159,39.86,1.5000
153.7,3.22,0.159,39.78,1.5000
153.7,3.30,0.159,39.64,1.5000
153.7,3.38,0.158,39.46,1.5000
153.7,3.46,0.157,39.24,1.5000
153.7,3.54,0.156,38.99,1.5000
153.7,3.62,0.155,38.74,1.5000
153.7,3.70,0.154,38.48,1.5000
153.7,3.79,0.153,38.21,1.5000
153.7,3.87,0.152,37.93,1.5000
153.7,3.95,0.151,37.65,1.5000
153.7,4.03,0.150,37.38,1.5000
153.7,4.11,0.149,37.16,1.5000
153.7,4.19,0.148,37.00,1.5000
153.7,4.27,0.148,36.89,1.5000
153.7,4.35,0.147,36.84,1.5000
153.7,4.43,0.147,36.82,1.5000
153.7,4.51,0.147,36.83,1.5000
153.7,4.59,0.147,36.87,1.5000
153.7,4.67,0.148,36.92,1.5000
153.7,4.75,0.148,37.01,1.5000
153.7,4.83,0.148,37.12,1.5000
153.7,4.91,0.149,37.27,1.5000
153.7,4.99,0.150,37.45,1.5000
153.7,5.07,0.151,37.63,1.5000
153.7,5.15,0.151,37.81,1.5000
153.7,5.23,0.152,38.00,1.5000
153.7,5.32,0.153,38.19,1.5000
153.7,5.40,0.154,38.40,1.5000
153.7,5.48,0.154,38.61,1.5000
153.7,5.56,0.155,38.82,1.5000
153.7,5.64,0.156,39.02,1.5000
153.7,5.72,0.157,39.20,1.5000
153.7,5.80,0.157,39.35,1.5000
153.7,5.88,0.158,39.46,1.5000
153.7,5.96,0.158,39.52,1.5000
153.7,6.04,0.158,39.53,1.5000
153.7,6.12,0.158,39.55,1.5000
153.7,6.20,0.158,39.60,1.5000
153.7,6.28,0.159,39.66,1.5000
153.7,6.36,0.159,39.74,1.5000
153.7,6.44,0.159,39.83,1.5000
153.7,6.52,0.160,39.93,1.5000
153.7,6.60,0.160,40.05,1.5000
153.7,6.68,0.161,40.19,1.5000
153.7,6.77,0.161,40.35,1.5000
153.7,6.85,0.162,40.55,1.5000
153.7,6.93,0.163,40.79,1.5000
153.7,7.01,0.164,41.02,1.5000
153.7,7.09,0.165,41.22,1.5000
153.7,7.17,0.166,41.38,1.5000
153.7,7.25,0.166,41.52,1.5000
153.7,7.33,0.166,41.62,1.5000
153.7,7.41,0.167,41.71,1.5000
153.7,7.49,0.167,41.77,1.5000
153.7,7.57,0.167,41.82,1.5000
153.7,7.65,0.167,41.84,1.5000
153.7,7.73,0.167,41.84,1.5000
153.7,7.81,0.167,41.81,1.5000
153.7,7.89,0.167,41.75,1.5000
153.7,7.97,0.167,41.66,1.5000
153.7,8.05,0.166,41.55,1.5000
153.7,8.13,0.166,41.46,1.5000
153.7,8.21,0.166,41.39,1.5000
153.7,8.30,0.165,41.34,1.5000
153.7,8.38,0.165,41.31,1.5000
153.7,8.46,0.165,41.31,1.5000
153.7,8.54,0.165,41.32,1.5000
153.7,8.62,0.165,41.35,1.5000
153.7,8.70,0.166,41.41,1.5000
153.7,8.78,0.166,41.51,1.5000
153.7,8.86,0.167,41.64,1.5000
153.7,8.94,0.167,41.81,1.5000
153.7,9.02,0.168,42.00,1.5000
153.7,9.10,0.169,42.20,1.5000
153.7,9.18,0.170,42.42,1.5000
153.7,9.26,0.171,42.64,1.5000
153.7,9.34,0.172,42.88,1.5000
153.7,9.42,0.172,43.12,1.5000
153.7,9.50,0.173,43.37,1.5000
153.7,9.58,0.174,43.62,1.5000
153.7,9.66,0.175,43.86,1.5000
153.7,9.74,0.176,44.08,1.5000
153.7,9.83,0.177,44.28,1.5000
153.7,9.91,0.178,44.45,1.5000
153.7,9.99,0.178,44.59,1.5000
153.7,10.07,0.179,44.71,1.5000
153.7,10.15,0.179,44.84,1.5000
153.7,10.23,0.180,44.98,1.5000
153.7,10.31,0.181,45.13,1.5000
153.7,10.39,0.181,45.28,1.5000
153.7,10.47,0.182,45.45,1.5000
153.7,10.55,0.182,45.61,1.5000
153.7,10.63,0.183,45.77,1.5000
153.7,10.71,0.184,45.93,1.5000
153.7,10.79,0.184,46.08,1.5000
153.7,10.87,0.185,46.24,1.5000
153.7,10.95,0.186,46.39,1.5000
153.7,11.03,0.186,46.50,1.5000
153.7,11.11,0.186,46.57,1.5000
153.7,11.19,0.186,46.59,1.5000
153.7,11.28,0.186,46.58,1.5000
153.7,11.36,0.186,46.53,1.5000
153.7,11.44,0.186,46.44,1.5000
153.7,11.52,0.185,46.33,1.5000
153.7,11.60,0.185,46.19,1.5000
153.7,11.68,0.184,46.02,1.5000
153.7,11.76,0.183,45.83,1.5000
153.7,11.84,0.182,45.61,1.5000
153.7,11.92,0.181,45.37,1.5000
153.7,12.00,0.180,45.09,1.5000
159.1,0.00,0.151,37.73,
159.1,0.08,0.152,38.10,
159.1,0.16,0.154,38.46,
159.1,0.24,0.155,38.82,
159.1,0.32,0.157,39.16,
159.1,0.40,0.158,39.50,
159.1,0.48,0.159,39.82,
159.1,0.56,0.161,40.14,
159.1,0.64,0.162,40.45,
159.1,0.72,0.163,40.75,
159.1,0.81,0.164,41.03,
159.1,0.89,0.165,41.30,
159.1,0.97,0.166,41.54,
159.1,1.05,0.167,41.76,
159.1,1.13,0.168,41.94,
159.1,1.21,0.168,42.11,
159.1,1.29,0.169,42.24,
159.1,1.37,0.169,42.36,
159.1,1.45,0.170,42.46,
159.1,1.53,0.170,42.54,
159.1,1.61,0.170,42.61,
159.1,1.69,0.171,42.65,
159.1,1.77,0.171,42.67,
159.1,1.85,0.171,42.67,
159.1,1.93,0.171,42.64,
159.1,2.01,0.170,42.58,1.5000
159.1,2.09,0.170,42.53,1.5000
159.1,2.17,0.170,42.50,1.5000
159.1,2.26,0.170,42.49,1.5000
159.1,2.34,0.170,42.48,1.5000
159.1,2.42,0.170,42.49,1.5000
159.1,2.50,0.170,42.51,1.5000
159.1,2.58,0.170,42.55,1.5000
159.1,2.66,0.170,42.62,1.5000
159.1,2.74,0.171,42.71,1.5000
159.1,2.82,0.171,42.83,1.5000
159.1,2.90,0.172,42.93,1.5000
159.1,2.98,0.172,42.95,1.5000
159.1,3.06,0.172,42.91,1.5000
159.1,3.14,0.171,42.80,1.5000
159.1,3.22,0.171,42.65,1.5000
159.1,3.30,0.170,42.45,1.5000
159.1,3.38,0.169,42.22,1.5000
159.1,3.46,0.168,41.96,1.5000
159.1,3.54,0.167,41.70,1.5000
159.1,3.62,0.166,41.42,1.5000
159.1,3.70,0.165,41.14,1.5000
159.1,3.79,0.163,40.85,1.5000
159.1,3.87,0.162,40.56,1.5000
159.1,3.95,0.161,40.27,1.5000
159.1,4.03,0.160,39.98,1.5000
159.1,4.11,0.159,39.75,1.5000
159.1,4.19,0.158,39.58,1.5000
159.1,4.27,0.158,39.47,1.5000
159.1,4.35,0.158,39.41,1.5000
159.1,4.43,0.158,39.39,1.5000
159.1,4.51,0.158,39.40,1.5000
159.1,4.59,0.158,39.43,1.5000
159.1,4.67,0.158,39.50,1.5000
159.1,4.75,0.158,39.59,1.5000
159.1,4.83,0.159,39.73,1.5000
159.1,4.91,0.160,39.88,1.5000
159.1,4.99,0.160,40.04,1.5000
159.1,5.07,0.161,40.20,1.5000
159.1,5.15,0.161,40.37,1.5000
159.1,5.23,0.162,40.55,1.5000
159.1,5.32,0.163,40.74,1.5000
159.1,5.40,0.164,40.94,1.5000
159.1,5.48,0.165,41.16,1.5000
159.1,5.56,0.165,41.37,1.5000
159.1,5.64,0.166,41.57,1.5000
159.1,5.72,0.167,41.75,1.5000
159.1,5.80,0.168,41.91,1.5000
159.1,5.88,0.168,42.02,1.5000
159.1,5.96,0.168,42.09,1.5000
159.1,6.04,0.168,42.11,1.5000
159.1,6.12,0.169,42.15,1.5000
159.1,6.20,0.169,42.20,1.5000
159.1,6.28,0.169,42.28,1.5000
159.1,6.36,0.170,42.38,1.5000
159.1,6.44,0.170,42.48,1.5000
159.1,6.52,0.170,42.61,1.5000
159.1,6.60,0.171,42.76,1.5000
159.1,6.68,0.172,42.95,1.5000
159.1,6.77,0.173,43.16,1.5000
159.1,6.85,0.174,43.42,1.5000
159.1,6.93,0.175,43.65,1.5000
159.1,7.01,0.175,43.84,1.5000
159.1,7.09,0.176,44.01,1.5000
159.1,7.17,0.177,44.14,1.5000
159.1,7.25,0.177,44.25,1.5000
159.1,7.33,0.177,44.34,1.5000
159.1,7.41,0.178,44.41,1.5000
159.1,7.49,0.178,44.46,1.5000
159.1,7.57,0.178,44.50,1.5000
159.1,7.65,0.178,44.52,1.5000
159.1,7.73,0.178,44.51,1.5000
159.1,7.81,0.178,44.49,1.5000
159.1,7.89,0.178,44.43,1.5000
159.1,7.97,0.177,44.34,1.5000
159.1,8.05,0.177,44.23,1.5000
159.1,8.13,0.177,44.14,1.5000
159.1,8.21,0.176,44.08,1.5000
159.1,8.30,0.176,44.04,1.5000
159.1,8.38,0.176,44.03,1.5000
159.1,8.46,0.176,44.03,1.5000
159.1,8.54,0.176,44.06,1.5000
159.1,8.62,0.176,44.12,1.5000
159.1,8.70,0.177,44.21,1.5000
159.1,8.78,0.177,44.34,1.5000
159.1,8.86,0.178,44.50,1.5000
159.1,8.94,0.179,44.69,1.5000
159.1,9.02,0.180,44.89,1.5000
159.1,9.10,0.180,45.10,1.5000
159.1,9.18,0.181,45.32,1.5000
159.1,9.26,0.182,45.55,1.5000
159.1,9.34,0.183,45.79,1.5000
159.1,9.42,0.184,46.04,1.5000
159.1,9.50,0.185,46.29,1.5000
159.1,9.58,0.186,46.54,1.5000
159.1,9.66,0.187,46.78,1.5000
159.1,9.74,0.188,47.01,1.5000
159.1,9.83,0.189,47.21,1.5000
159.1,9.91,0.190,47.39,1.5000
159.1,9.99,0.190,47.54,1.5000
159.1,10.07,0.191,47.66,1.5000
159.1,10.15,0.191,47.79,1.5000
159.1,10.23,0.192,47.94,1.5000
159.1,10.31,0.192,48.09,1.5000
159.1,10.39,0.193,48.25,1.5000
159.1,10.47,0.194,48.42,1.5000
159.1,10.55,0.194,48.58,1.5000
159.1,10.63,0.195,48.74,1.5000
159.1,10.71,0.196,48.90,1.5000
159.1,10.79,0.196,49.06,1.5000
159.1,10.87,0.197,49.21,1.5000
159.1,10.95,0.197,49.31,1.5000
159.1,11.03,0.198,49.38,1.5000
159.1,11.11,0.198,49.40,1.5000
159.1,11.19,0.198,49.38,1.5000
159.1,11.28,0.197,49.34,1.5000
159.1,11.36,0.197,49.25,1.5000
159.1,11.44,0.197,49.14,1.5000
159.1,11.52,0.196,49.01,1.5000
159.1,11.60,0.195,48.85,1.5000
159.1,11.68,0.195,48.66,1.5000
159.1,11.76,0.194,48.45,1.5000
159.1,11.84,0.193,48.21,1.5000
159.1,11.92,0.192,47.95,1.5000
159.1,12.00,0.191,47.65,1.5000
164.4,0.00,0.164,40.97,
164.4,0.08,0.165,41.34,
164.4,0.16,0.167,41.70,
164.4,0.24,0.168,42.06,
164.4,0.32,0.170,42.40,
164.4,0.40,0.171,42.74,
164.4,0.48,0.172,43.07,
164.4,0.56,0.174,43.39,
164.4,0.64,0.175,43.70,
164.4,0.72,0.176,44.00,
164.4,0.81,0.177,44.27,
164.4,0.89,0.178,44.52,
164.4,0.97,0.179,44.75,
164.4,1.05,0.180,44.95,
164.4,1.13,0.180,45.12,
164.4,1.21,0.181,45.28,
164.4,1.29,0.182,45.42,
164.4,1.37,0.182,45.54,
164.4,1.45,0.183,45.65,
164.4,1.53,0.183,45.74,
164.4,1.61,0.183,45.81,
164.4,1.69,0.183,45.86,
164.4,1.77,0.184,45.88,
164.4,1.85,0.184,45.88,
164.4,1.93,0.183,45.86,
164.4,2.01,0.183,45.81,1.5000
164.4,2.09,0.183,45.76,1.5000
164.4,2.17,0.183,45.73,1.5000
164.4,2.26,0.183,45.72,1.5000
164.4,2.34,0.183,45.72,1.5000
164.4,2.42,0.183,45.74,1.5000
164.4,2.50,0.183,45.78,1.5000
164.4,2.58,0.183,45.84,1.5000
164.4,2.66,0.184,45.94,1.5000
164.4,2.74,0.184,46.06,1.5000
164.4,2.82,0.185,46.13,1.5000
164.4,2.90,0.185,46.13,1.5000
164.4,2.98,0.184,46.06,1.5000
164.4,3.06,0.184,45.93,1.5000
164.4,3.14,0.183,45.76,1.5000
164.4,3.22,0.182,45.55,1.5000
164.4,3.30,0.181,45.30,1.5000
164.4,3.38,0.180,45.04,1.5000
164.4,3.46,0.179,44.77,1.5000
164.4,3.54,0.178,44.48,1.5000
164.4,3.62,0.177,44.19,1.5000
164.4,3.70,0.176,43.89,1.5000
164.4,3.79,0.174,43.59,1.5000
164.4,3.87,0.173,43.29,1.5000
164.4,3.95,0.172,42.98,1.5000
164.4,4.03,0.171,42.69,1.5000
164.4,4.11,0.170,42.45,1.5000
164.4,4.19,0.169,42.28,1.5000
164.4,4.27,0.169,42.17,1.5000
164.4,4.35,0.168,42.10,1.5000
164.4,4.43,0.168,42.08,1.5000
164.4,4.51,0.168,42.08,1.5000
164.4,4.59,0.168,42.12,1.5000
164.4,4.67,0.169,42.20,1.5000
164.4,4.75,0.169,42.31,1.5000
164.4,4.83,0.170,42.43,1.5000
164.4,4.91,0.170,42.56,1.5000
164.4,4.99,0.171,42.70,1.5000
164.4,5.07,0.171,42.85,1.5000
164.4,5.15,0.172,43.01,1.5000
164.4,5.23,0.173,43.19,1.5000
164.4,5.32,0.174,43.38,1.5000
164.4,5.40,0.174,43.58,1.5000
164.4,5.48,0.175,43.80,1.5000
164.4,5.56,0.176,44.01,1.5000
164.4,5.64,0.177,44.22,1.5000
164.4,5.72,0.178,44.41,1.5000
164.4,5.80,0.178,44.57,1.5000
164.4,5.88,0.179,44.69,1.5000
164.4,5.96,0.179,44.77,1.5000
164.4,6.04,0.179,44.80,1.5000
164.4,6.12,0.179,44.85,1.5000
164.4,6.20,0.180,44.93,1.5000
164.4,6.28,0.180,45.02,1.5000
164.4,6.36,0.181,45.14,1.5000
164.4,6.44,0.181,45.27,1.5000
164.4,6.52,0.182,45.44,1.5000
164.4,6.60,0.183,45.63,1.5000
164.4,6.68,0.183,45.87,1.5000
164.4,6.77,0.184,46.12,1.5000
164.4,6.85,0.185,46.35,1.5000
164.4,6.93,0.186,46.54,1.5000
164.4,7.01,0.187,46.70,1.5000
164.4,7.09,0.187,46.83,1.5000
164.4,7.17,0.188,46.93,1.5000
164.4,7.25,0.188,47.02,1.5000
164.4,7.33,0.188,47.10,1.5000
164.4,7.41,0.189,47.16,1.5000
164.4,7.49,0.189,47.21,1.5000
164.4,7.57,0.189,47.24,1.5000
164.4,7.65,0.189,47.25,1.5000
164.4,7.73,0.189,47.25,1.5000
164.4,7.81,0.189,47.22,1.5000
164.4,7.89,0.189,47.17,1.5000
164.4,7.97,0.188,47.08,1.5000
164.4,8.05,0.188,46.98,1.5000
164.4,8.13,0.188,46.90,1.5000
164.4,8.21,0.187,46.85,1.5000
164.4,8.30,0.187,46.82,1.5000
164.4,8.38,0.187,46.81,1.5000
164.4,8.46,0.187,46.83,1.5000
164.4,8.54,0.188,46.88,1.5000
164.4,8.62,0.188,46.97,1.5000
164.4,8.70,0.188,47.10,1.5000
164.4,8.78,0.189,47.26,1.5000
164.4,8.86,0.190,47.43,1.5000
164.4,8.94,0.190,47.62,1.5000
164.4,9.02,0.191,47.82,1.5000
164.4,9.10,0.192,48.04,1.5000
164.4,9.18,0.193,48.26,1.5000
164.4,9.26,0.194,48.50,1.5000
164.4,9.34,0.195,48.75,1.5000
164.4,9.42,0.196,49.00,1.5000
164.4,9.50,0.197,49.26,1.5000
164.4,9.58,0.198,49.52,1.5000
164.4,9.66,0.199,49.76,1.5000
164.4,9.74,0.200,49.99,1.5000
164.4,9.83,0.201,50.20,1.5000
164.4,9.91,0.202,50.39,1.5000
164.4,9.99,0.202,50.54,1.5000
164.4,10.07,0.203,50.67,1.5000
164.4,10.15,0.203,50.81,1.5000
164.4,10.23,0.204,50.96,1.5000
164.4,10.31,0.204,51.12,1.5000
164.4,10.39,0.205,51.29,1.5000
164.4,10.47,0.206,51.45,1.5000
164.4,10.55,0.206,51.62,1.5000
164.4,10.63,0.207,51.78,1.5000
164.4,10.71,0.208,51.95,1.5000
164.4,10.79,0.208,52.09,1.5000
164.4,10.87,0.209,52.19,1.5000
164.4,10.95,0.209,52.25,1.5000
164.4,11.03,0.209,52.27,1.5000
164.4,11.11,0.209,52.26,1.5000
164.4,11.19,0.209,52.21,1.5000
164.4,11.28,0.209,52.13,1.5000
164.4,11.36,0.208,52.03,1.5000
164.4,11.44,0.208,51.90,1.5000
164.4,11.52,0.207,51.75,1.5000
164.4,11.60,0.206,51.57,1.5000
164.4,11.68,0.205,51.37,1.5000
164.4,11.76,0.205,51.14,1.5000
164.4,11.84,0.204,50.89,1.5000
164.4,11.92,0.202,50.60,1.5000
164.4,12.00,0.201,50.29,1.5000
169.8,0.00,0.177,44.24,
169.8,0.08,0.178,44.61,
169.8,0.16,0.180,44.98,
169.8,0.24,0.181,45.34,
169.8,0.32,0.183,45.69,
169.8,0.40,0.184,46.03,
169.8,0.48,0.185,46.36,
169.8,0.56,0.187,46.68,
169.8,0.64,0.188,46.99,
169.8,0.72,0.189,47.27,
169.8,0.81,0.190,47.54,
169.8,0.89,0.191,47.77,
169.8,0.97,0.192,47.99,
169.8,1.05,0.193,48.19,
169.8,1.13,0.193,48.37,
169.8,1.21,0.194,48.53,
169.8,1.29,0.195,48.68,
169.8,1.37,0.195,48.81,
169.8,1.45,0.196,48.93,
169.8,1.53,0.196,49.03,
169.8,1.61,0.196,49.11,
169.8,1.69,0.197,49.16,
169.8,1.77,0.197,49.20,
169.8,1.85,0.197,49.21,
169.8,1.93,0.197,49.19,
169.8,2.01,0.197,49.15,1.5000
169.8,2.09,0.196,49.11,1.5000
169.8,2.17,0.196,49.09,1.5000
169.8,2.26,0.196,49.08,1.5000
169.8,2.34,0.196,49.10,1.5000
169.8,2.42,0.197,49.13,1.5000
169.8,2.50,0.197,49.20,1.5000
169.8,2.58,0.197,49.30,1.5000
169.8,2.66,0.198,49.41,1.5000
169.8,2.74,0.198,49.45,1.5000
169.8,2.82,0.198,49.41,1.5000
169.8,2.90,0.197,49.32,1.5000
169.8,2.98,0.197,49.17,1.5000
169.8,3.06,0.196,48.98,1.5000
169.8,3.14,0.195,48.75,1.5000
169.8,3.22,0.194,48.50,1.5000
169.8,3.30,0.193,48.23,1.5000
169.8,3.38,0.192,47.95,1.5000
169.8,3.46,0.191,47.66,1.5000
169.8,3.54,0.189,47.35,1.5000
169.8,3.62,0.188,47.05,1.5000
169.8,3.70,0.187,46.74,1.5000
169.8,3.79,0.186,46.43,1.5000
169.8,3.87,0.184,46.12,1.5000
169.8,3.95,0.183,45.81,1.5000
169.8,4.03,0.182,45.51,1.5000
169.8,4.11,0.181,45.27,1.5000
169.8,4.19,0.180,45.09,1.5000
169.8,4.27,0.180,44.98,1.5000
169.8,4.35,0.180,44.92,1.5000
169.8,4.43,0.180,44.89,1.5000
169.8,4.51,0.180,44.90,1.5000
169.8,4.59,0.180,44.95,1.5000
169.8,4.67,0.180,45.03,1.5000
169.8,4.75,0.180,45.12,1.5000
169.8,4.83,0.181,45.22,1.5000
169.8,4.91,0.181,45.33,1.5000
169.8,4.99,0.182,45.45,1.5000
169.8,5.07,0.182,45.59,1.5000
169.8,5.15,0.183,45.74,1.5000
169.8,5.23,0.184,45.91,1.5000
169.8,5.32,0.184,46.10,1.5000
169.8,5.40,0.185,46.31,1.5000
169.8,5.48,0.186,46.53,1.5000
169.8,5.56,0.187,46.75,1.5000
169.8,5.64,0.188,46.97,1.5000
169.8,5.72,0.189,47.17,1.5000
169.8,5.80,0.189,47.34,1.5000
169.8,5.88,0.190,47.48,1.5000
169.8,5.96,0.190,47.57,1.5000
169.8,6.04,0.190,47.62,1.5000
169.8,6.12,0.191,47.69,1.5000
169.8,6.20,0.191,47.78,1.5000
169.8,6.28,0.192,47.90,1.5000
169.8,6.36,0.192,48.04,1.5000
169.8,6.44,0.193,48.21,1.5000
169.8,6.52,0.194,48.42,1.5000
169.8,6.60,0.195,48.67,1.5000
169.8,6.68,0.196,48.92,1.5000
169.8,6.77,0.197,49.13,1.5000
169.8,6.85,0.197,49.31,1.5000
169.8,6.93,0.198,49.46,1.5000
169.8,7.01,0.198,49.58,1.5000
169.8,7.09,0.199,49.69,1.5000
169.8,7.17,0.199,49.77,1.5000
169.8,7.25,0.199,49.85,1.5000
169.8,7.33,0.200,49.91,1.5000
169.8,7.41,0.200,49.96,1.5000
169.8,7.49,0.200,50.01,1.5000
169.8,7.57,0.200,50.04,1.5000
169.8,7.65,0.200,50.05,1.5000
169.8,7.73,0.200,50.05,1.5000
169.8,7.81,0.200,50.02,1.5000
169.8,7.89,0.200,49.97,1.5000
169.8,7.97,0.200,49.89,1.5000
169.8,8.05,0.199,49.80,1.5000
169.8,8.13,0.199,49.73,1.5000
169.8,8.21,0.199,49.69,1.5000
169.8,8.30,0.199,49.67,1.5000
169.8,8.38,0.199,49.68,1.5000
169.8,8.46,0.199,49.72,1.5000
169.8,8.54,0.199,49.80,1.5000
169.8,8.62,0.200,49.93,1.5000
169.8,8.70,0.200,50.07,1.5000
169.8,8.78,0.201,50.24,1.5000
169.8,8.86,0.202,50.41,1.5000
169.8,8.94,0.202,50.60,1.5000
169.8,9.02,0.203,50.81,1.5000
169.8,9.10,0.204,51.03,1.5000
169.8,9.18,0.205,51.26,1.5000
169.8,9.26,0.206,51.50,1.5000
169.8,9.34,0.207,51.75,1.5000
169.8,9.42,0.208,52.01,1.5000
169.8,9.50,0.209,52.28,1.5000
169.8,9.58,0.210,52.54,1.5000
169.8,9.66,0.211,52.79,1.5000
169.8,9.74,0.212,53.03,1.5000
169.8,9.83,0.213,53.25,1.5000
169.8,9.91,0.214,53.44,1.5000
169.8,9.99,0.214,53.60,1.5000
169.8,10.07,0.215,53.74,1.5000
169.8,10.15,0.216,53.89,1.5000
169.8,10.23,0.216,54.05,1.5000
169.8,10.31,0.217,54.22,1.5000
169.8,10.39,0.218,54.38,1.5000
169.8,10.47,0.218,54.56,1.5000
169.8,10.55,0.219,54.73,1.5000
169.8,10.63,0.220,54.90,1.5000
169.8,10.71,0.220,55.03,1.5000
169.8,10.79,0.221,55.13,1.5000
169.8,10.87,0.221,55.18,1.5000
169.8,10.95,0.221,55.21,1.5000
169.8,11.03,0.221,55.19,1.5000
169.8,11.11,0.221,55.15,1.5000
169.8,11.19,0.220,55.08,1.5000
169.8,11.28,0.220,54.99,1.5000
169.8,11.36,0.219,54.87,1.5000
169.8,11.44,0.219,54.73,1.5000
169.8,11.52,0.218,54.56,1.5000
169.8,11.60,0.217,54.37,1.5000
169.8,11.68,0.217,54.15,1.5000
169.8,11.76,0.216,53.91,1.5000
169.8,11.84,0.215,53.64,1.5000
169.8,11.92,0.213,53.34,1.5000
169.8,12.00,0.212,53.01,1.5000
175.2,0.00,0.190,47.55,
175.2,0.08,0.192,47.93,
175.2,0.16,0.193,48.30,
175.2,0.24,0.195,48.66,
175.2,0.32,0.196,49.01,
175.2,0.40,0.197,49.36,
175.2,0.48,0.199,49.69,
175.2,0.56,0.200,50.01,
175.2,0.64,0.201,50.31,
175.2,0.72,0.202,50.58,
175.2,0.81,0.203,50.84,
175.2,0.89,0.204,51.07,
175.2,0.97,0.205,51.29,
175.2,1.05,0.206,51.49,
175.2,1.13,0.207,51.68,
175.2,1.21,0.207,51.86,
175.2,1.29,0.208,52.02,
175.2,1.37,0.209,52.17,
175.2,1.45,0.209,52.30,
175.2,1.53,0.210,52.42,
175.2,1.61,0.210,52.51,
175.2,1.69,0.210,52.58,
175.2,1.77,0.211,52.63,
175.2,1.85,0.211,52.66,
175.2,1.93,0.211,52.65,
175.2,2.01,0.210,52.62,1.4834
175.2,2.09,0.210,52.59,1.4943
175.2,2.17,0.210,52.58,1.5000
175.2,2.26,0.210,52.59,1.5000
175.2,2.34,0.210,52.62,1.5000
175.2,2.42,0.211,52.69,1.5000
175.2,2.50,0.211,52.79,1.5000
175.2,2.58,0.211,52.87,1.5000
175.2,2.66,0.212,52.88,1.5000
175.2,2.74,0.211,52.82,1.5000
175.2,2.82,0.211,52.70,1.5000
175.2,2.90,0.210,52.53,1.5000
175.2,2.98,0.209,52.32,1.5000
175.2,3.06,0.208,52.08,1.5000
175.2,3.14,0.207,51.82,1.5000
175.2,3.22,0.206,51.54,1.5000
175.2,3.30,0.205,51.25,1.5000
175.2,3.38,0.204,50.95,1.5000
175.2,3.46,0.203,50.64,1.5000
175.2,3.54,0.201,50.33,1.5000
175.2,3.62,0.200,50.01,1.5000
175.2,3.70,0.199,49.69,1.5000
175.2,3.79,0.197,49.37,1.5000
175.2,3.87,0.196,49.06,1.5000
175.2,3.95,0.195,48.75,1.5000
175.2,4.03,0.194,48.45,1.5000
175.2,4.11,0.193,48.21,1.5000
175.2,4.19,0.192,48.04,1.5000
175.2,4.27,0.192,47.93,1.5000
175.2,4.35,0.191,47.87,1.5000
175.2,4.43,0.191,47.84,1.5000
175.2,4.51,0.191,47.86,1.5000
175.2,4.59,0.192,47.90,1.5000
175.2,4.67,0.192,47.95,1.5000
175.2,4.75,0.192,48.01,1.5000
175.2,4.83,0.192,48.09,1.5000
175.2,4.91,0.193,48.18,1.5000
175.2,4.99,0.193,48.29,1.5000
175.2,5.07,0.194,48.42,1.5000
175.2,5.15,0.194,48.57,1.5000
175.2,5.23,0.195,48.75,1.5000
175.2,5.32,0.196,48.94,1.5000
175.2,5.40,0.197,49.15,1.5000
175.2,5.48,0.198,49.38,1.5000
175.2,5.56,0.198,49.61,1.5000
175.2,5.64,0.199,49.84,1.5000
175.2,5.72,0.200,50.05,1.5000
175.2,5.80,0.201,50.24,1.5000
175.2,5.88,0.202,50.39,1.5000
175.2,5.96,0.202,50.50,1.5000
175.2,6.04,0.202,50.57,1.5000
175.2,6.12,0.203,50.66,1.5000
175.2,6.20,0.203,50.78,1.5000
175.2,6.28,0.204,50.92,1.5000
175.2,6.36,0.204,51.10,1.5000
175.2,6.44,0.205,51.31,1.5000
175.2,6.52,0.206,51.57,1.5000
175.2,6.60,0.207,51.80,1.5000
175.2,6.68,0.208,52.00,1.5000
175.2,6.77,0.209,52.17,1.5000
175.2,6.85,0.209,52.30,1.5000
175.2,6.93,0.210,52.42,1.5000
175.2,7.01,0.210,52.52,1.5000
175.2,7.09,0.210,52.60,1.5000
175.2,7.17,0.211,52.67,1.5000
175.2,7.25,0.211,52.74,1.5000
175.2,7.33,0.211,52.79,1.5000
175.2,7.41,0.211,52.84,1.5000
175.2,7.49,0.211,52.87,1.5000
175.2,7.57,0.212,52.90,1.5000
175.2,7.65,0.212,52.92,1.5000
175.2,7.73,0.212,52.92,1.5000
175.2,7.81,0.212,52.90,1.5000
175.2,7.89,0.211,52.85,1.5000
175.2,7.97,0.211,52.78,1.5000
175.2,8.05,0.211,52.70,1.5000
175.2,8.13,0.211,52.64,1.5000
175.2,8.21,0.210,52.61,1.5000
175.2,8.30,0.210,52.61,1.5000
175.2,8.38,0.211,52.64,1.5000
175.2,8.46,0.211,52.71,1.5000
175.2,8.54,0.211,52.82,1.5000
175.2,8.62,0.212,52.95,1.5000
175.2,8.70,0.212,53.10,1.5000
175.2,8.78,0.213,53.27,1.5000
175.2,8.86,0.214,53.45,1.5000
175.2,8.94,0.215,53.64,1.5000
175.2,9.02,0.215,53.85,1.5000
175.2,9.10,0.216,54.07,1.5000
175.2,9.18,0.217,54.31,1.5000
175.2,9.26,0.218,54.55,1.5000
175.2,9.34,0.219,54.81,1.5000
175.2,9.42,0.220,55.08,1.5000
175.2,9.50,0.221,55.35,1.5000
175.2,9.58,0.222,55.62,1.5000
175.2,9.66,0.224,55.88,1.5000
175.2,9.74,0.225,56.13,1.5000
175.2,9.83,0.225,56.35,1.5000
175.2,9.91,0.226,56.56,1.5000
175.2,9.99,0.227,56.73,1.5000
175.2,10.07,0.228,56.88,1.5000
175.2,10.15,0.228,57.04,1.5000
175.2,10.23,0.229,57.20,1.5000
175.2,10.31,0.230,57.38,1.5000
175.2,10.39,0.230,57.56,1.5000
175.2,10.47,0.231,57.73,1.5000
175.2,10.55,0.232,57.90,1.5000
175.2,10.63,0.232,58.03,1.5000
175.2,10.71,0.233,58.13,1.5000
175.2,10.79,0.233,58.18,1.5000
175.2,10.87,0.233,58.20,1.5000
175.2,10.95,0.233,58.20,1.5000
175.2,11.03,0.233,58.16,1.5000
175.2,11.11,0.232,58.10,1.5000
175.2,11.19,0.232,58.02,1.5000
175.2,11.28,0.232,57.91,1.5000
175.2,11.36,0.231,57.78,1.5000
175.2,11.44,0.231,57.63,1.5000
175.2,11.52,0.230,57.45,1.5000
175.2,11.60,0.229,57.25,1.5000
175.2,11.68,0.228,57.02,1.5000
175.2,11.76,0.227,56.77,1.5000
175.2,11.84,0.226,56.49,1.5000
175.2,11.92,0.225,56.18,1.5000
175.2,12.00,0.223,55.84,1.5000
180.5,0.00,0.204,50.90,
180.5,0.08,0.205,51.28,
180.5,0.16,0.207,51.66,
180.5,0.24,0.208,52.03,
180.5,0.32,0.210,52.38,
180.5,0.40,0.211,52.73,
180.5,0.48,0.212,53.07,
180.5,0.56,0.214,53.38,
180.5,0.64,0.215,53.67,
180.5,0.72,0.216,53.94,
180.5,0.81,0.217,54.20,
180.5,0.89,0.218,54.44,
180.5,0.97,0.219,54.68,
180.5,1.05,0.220,54.90,
180.5,1.13,0.220,55.11,
180.5,1.21,0.221,55.30,
180.5,1.29,0.222,55.48,
180.5,1.37,0.223,55.65,
180.5,1.45,0.223,55.80,
180.5,1.53,0.224,55.93,
180.5,1.61,0.224,56.04,
180.5,1.69,0.225,56.13,
180.5,1.77,0.225,56.19,
180.5,1.85,0.225,56.23,
180.5,1.93,0.225,56.24,
180.5,2.01,0.225,56.22,1.3892
180.5,2.09,0.225,56.21,1.4000
180.5,2.17,0.225,56.22,1.4114
180.5,2.26,0.225,56.25,1.4237
180.5,2.34,0.225,56.32,1.4376
180.5,2.42,0.226,56.41,1.4531
180.5,2.50,0.226,56.46,1.4653
180.5,2.58,0.226,56.43,1.4733
180.5,2.66,0.225,56.34,1.4777
180.5,2.74,0.225,56.19,1.4788
180.5,2.82,0.224,56.00,1.4776
180.5,2.90,0.223,55.78,1.4748
180.5,2.98,0.222,55.54,1.4709
180.5,3.06,0.221,55.27,1.4660
180.5,3.14,0.220,54.99,1.4602
180.5,3.22,0.219,54.69,1.4538
180.5,3.30,0.218,54.38,1.4470
180.5,3.38,0.216,54.06,1.4398
180.5,3.46,0.215,53.73,1.4326
180.5,3.54,0.214,53.41,1.4255
180.5,3.62,0.212,53.09,1.4187
180.5,3.70,0.211,52.76,1.4121
180.5,3.79,0.210,52.44,1.4060
180.5,3.87,0.209,52.13,1.4004
180.5,3.95,0.207,51.82,1.3955
180.5,4.03,0.206,51.52,1.3918
180.5,4.11,0.205,51.29,1.3929
180.5,4.19,0.204,51.12,1.3993
180.5,4.27,0.204,51.02,1.4090
180.5,4.35,0.204,50.95,1.4202
180.5,4.43,0.204,50.93,1.4322
180.5,4.51,0.204,50.92,1.4422
180.5,4.59,0.204,50.93,1.4499
180.5,4.67,0.204,50.95,1.4559
180.5,4.75,0.204,50.99,1.4604
180.5,4.83,0.204,51.05,1.4641
180.5,4.91,0.205,51.14,1.4680
180.5,4.99,0.205,51.25,1.4721
180.5,5.07,0.206,51.39,1.4763
180.5,5.15,0.206,51.55,1.4807
180.5,5.23,0.207,51.73,1.4853
180.5,5.32,0.208,51.92,1.4899
180.5,5.40,0.209,52.13,1.4947
180.5,5.48,0.209,52.35,1.4995
180.5,5.56,0.210,52.59,1.5000
180.5,5.64,0.211,52.83,1.5000
180.5,5.72,0.212,53.06,1.5000
180.5,5.80,0.213,53.26,1.5000
180.5,5.88,0.214,53.44,1.5000
180.5,5.96,0.214,53.57,1.5000
180.5,6.04,0.215,53.66,1.5000
180.5,6.12,0.215,53.78,1.5000
180.5,6.20,0.216,53.92,1.5000
180.5,6.28,0.216,54.10,1.5000
180.5,6.36,0.217,54.32,1.5000
180.5,6.44,0.218,54.57,1.5000
180.5,6.52,0.219,54.78,1.5000
180.5,6.60,0.220,54.96,1.5000
180.5,6.68,0.220,55.11,1.5000
180.5,6.77,0.221,55.24,1.5000
180.5,6.85,0.221,55.35,1.5000
180.5,6.93,0.222,55.44,1.5000
180.5,7.01,0.222,55.52,1.5000
180.5,7.09,0.222,55.59,1.5000
180.5,7.17,0.223,55.66,1.5000
180.5,7.25,0.223,55.71,1.5000
180.5,7.33,0.223,55.75,1.5000
180.5,7.41,0.223,55.79,1.5000
180.5,7.49,0.223,55.82,1.5000
180.5,7.57,0.223,55.84,1.5000
180.5,7.65,0.223,55.86,1.5000
180.5,7.73,0.223,55.86,1.5000
180.5,7.81,0.223,55.85,1.5000
180.5,7.89,0.223,55.81,1.5000
180.5,7.97,0.223,55.75,1.5000
180.5,8.05,0.223,55.67,1.5000
180.5,8.13,0.223,55.63,1.4906
180.5,8.21,0.222,55.61,1.4839
180.5,8.30,0.223,55.63,1.4822
180.5,8.38,0.223,55.69,1.4870
180.5,8.46,0.223,55.79,1.4954
180.5,8.54,0.224,55.90,1.5000
180.5,8.62,0.224,56.04,1.5000
180.5,8.70,0.225,56.19,1.5000
180.5,8.78,0.225,56.35,1.5000
180.5,8.86,0.226,56.53,1.5000
180.5,8.94,0.227,56.73,1.5000
180.5,9.02,0.228,56.95,1.5000
180.5,9.10,0.229,57.18,1.5000
180.5,9.18,0.230,57.43,1.5000
180.5,9.26,0.231,57.68,1.5000
180.5,9.34,0.232,57.94,1.5000
180.5,9.42,0.233,58.21,1.5000
180.5,9.50,0.234,58.48,1.5000
180.5,9.58,0.235,58.75,1.5000
180.5,9.66,0.236,59.03,1.5000
180.5,9.74,0.237,59.29,1.5000
180.5,9.83,0.238,59.52,1.5000
180.5,9.91,0.239,59.74,1.5000
180.5,9.99,0.240,59.92,1.5000
180.5,10.07,0.240,60.08,1.5000
180.5,10.15,0.241,60.25,1.5000
180.5,10.23,0.242,60.43,1.5000
180.5,10.31,0.242,60.62,1.5000
180.5,10.39,0.243,60.80,1.5000
180.5,10.47,0.244,60.97,1.5000
180.5,10.55,0.244,61.10,1.5000
180.5,10.63,0.245,61.19,1.5000
180.5,10.71,0.245,61.24,1.5000
180.5,10.79,0.245,61.27,1.5000
180.5,10.87,0.245,61.27,1.5000
180.5,10.95,0.245,61.25,1.5000
180.5,11.03,0.245,61.20,1.5000
180.5,11.11,0.245,61.13,1.5000
180.5,11.19,0.244,61.04,1.5000
180.5,11.28,0.244,60.92,1.5000
180.5,11.36,0.243,60.78,1.5000
180.5,11.44,0.242,60.62,1.5000
180.5,11.52,0.242,60.43,1.5000
180.5,11.60,0.241,60.22,1.5000
180.5,11.68,0.240,59.98,1.5000
180.5,11.76,0.239,59.72,1.5000
180.5,11.84,0.238,59.43,1.5000
180.5,11.92,0.236,59.12,1.5000
180.5,12.00,0.235,58.77,1.5000
185.9,0.00,0.217,54.29,
185.9,0.08,0.219,54.68,
185.9,0.16,0.220,55.07,
185.9,0.24,0.222,55.44,
185.9,0.32,0.223,55.80,
185.9,0.40,0.225,56.15,
185.9,0.48,0.226,56.48,
185.9,0.56,0.227,56.79,
185.9,0.64,0.228,57.08,
185.9,0.72,0.229,57.37,
185.9,0.81,0.231,57.65,
185.9,0.89,0.232,57.92,
185.9,0.97,0.233,58.18,
185.9,1.05,0.234,58.42,
185.9,1.13,0.235,58.65,
185.9,1.21,0.235,58.87,
185.9,1.29,0.236,59.07,
185.9,1.37,0.237,59.25,
185.9,1.45,0.238,59.42,
185.9,1.53,0.238,59.57,
185.9,1.61,0.239,59.70,
185.9,1.69,0.239,59.81,
185.9,1.77,0.240,59.89,
185.9,1.85,0.240,59.95,
185.9,1.93,0.240,59.98,
185.9,2.01,0.240,59.98,1.3026
185.9,2.09,0.240,59.99,1.3135
185.9,2.17,0.240,60.02,1.3251
185.9,2.26,0.240,60.08,1.3384
185.9,2.34,0.241,60.16,1.3522
185.9,2.42,0.241,60.17,1.3618
185.9,2.50,0.240,60.11,1.3674
185.9,2.58,0.240,59.99,1.3696
185.9,2.66,0.239,59.82,1.3696
185.9,2.74,0.239,59.63,1.3679
185.9,2.82,0.238,59.40,1.3649
185.9,2.90,0.237,59.15,1.3606
185.9,2.98,0.236,58.88,1.3552
185.9,3.06,0.234,58.59,1.3489
185.9,3.14,0.233,58.28,1.3420
185.9,3.22,0.232,57.96,1.3345
185.9,3.30,0.231,57.63,1.3267
185.9,3.38,0.229,57.30,1.3187
185.9,3.46,0.228,56.96,1.3108
185.9,3.54,0.226,56.62,1.3031
185.9,3.62,0.225,56.29,1.2958
185.9,3.70,0.224,55.96,1.2891
185.9,3.79,0.223,55.64,1.2830
185.9,3.87,0.221,55.33,1.2775
185.9,3.95,0.220,55.03,1.2729
185.9,4.03,0.219,54.74,1.2694
185.9,4.11,0.218,54.51,1.2709
185.9,4.19,0.217,54.36,1.2771
185.9,4.27,0.217,54.25,1.2853
185.9,4.35,0.217,54.18,1.2937
185.9,4.43,0.216,54.12,1.2997
185.9,4.51,0.216,54.08,1.3039
185.9,4.59,0.216,54.06,1.3066
185.9,4.67,0.216,54.07,1.3092
185.9,4.75,0.216,54.11,1.3120
185.9,4.83,0.217,54.18,1.3151
185.9,4.91,0.217,54.27,1.3183
185.9,4.99,0.218,54.39,1.3217
185.9,5.07,0.218,54.53,1.3253
185.9,5.15,0.219,54.69,1.3291
185.9,5.23,0.219,54.87,1.3329
185.9,5.32,0.220,55.07,1.3369
185.9,5.40,0.221,55.28,1.3409
185.9,5.48,0.222,55.50,1.3450
185.9,5.56,0.223,55.73,1.3492
185.9,5.64,0.224,55.96,1.3533
185.9,5.72,0.225,56.20,1.3575
185.9,5.80,0.226,56.43,1.3608
185.9,5.88,0.227,56.63,1.3621
185.9,5.96,0.227,56.79,1.3609
185.9,6.04,0.228,56.91,1.3575
185.9,6.12,0.228,57.05,1.3563
185.9,6.20,0.229,57.23,1.3581
185.9,6.28,0.230,57.45,1.3643
185.9,6.36,0.231,57.68,1.3717
185.9,6.44,0.231,57.87,1.3766
185.9,6.52,0.232,58.03,1.3795
185.9,6.60,0.233,58.16,1.3808
185.9,6.68,0.233,58.28,1.3818
185.9,6.77,0.234,58.38,1.3828
185.9,6.85,0.234,58.48,1.3837
185.9,6.93,0.234,58.56,1.3845
185.9,7.01,0.235,58.63,1.3852
185.9,7.09,0.235,58.69,1.3857
185.9,7.17,0.235,58.74,1.3861
185.9,7.25,0.235,58.78,1.3864
185.9,7.33,0.235,58.81,1.3864
185.9,7.41,0.235,58.84,1.3863
185.9,7.49,0.235,58.86,1.3860
185.9,7.57,0.235,58.87,1.3854
185.9,7.65,0.236,58.88,1.3846
185.9,7.73,0.236,58.88,1.3836
185.9,7.81,0.236,58.88,1.3811
185.9,7.89,0.235,58.85,1.3761
185.9,7.97,0.235,58.80,1.3682
185.9,8.05,0.235,58.74,1.3584
185.9,8.13,0.235,58.71,1.3514
185.9,8.21,0.235,58.72,1.3488
185.9,8.30,0.235,58.76,1.3529
185.9,8.38,0.235,58.84,1.3579
185.9,8.46,0.236,58.93,1.3610
185.9,8.54,0.236,59.05,1.3626
185.9,8.62,0.237,59.18,1.3634
185.9,8.70,0.237,59.33,1.3645
185.9,8.78,0.238,59.51,1.3659
185.9,8.86,0.239,59.70,1.3677
185.9,8.94,0.240,59.92,1.3700
185.9,9.02,0.241,60.14,1.3727
185.9,9.10,0.242,60.38,1.3759
185.9,9.18,0.243,60.63,1.3797
185.9,9.26,0.244,60.89,1.3839
185.9,9.34,0.245,61.16,1.3888
185.9,9.42,0.246,61.43,1.3942
185.9,9.50,0.247,61.70,1.4003
185.9,9.58,0.248,61.97,1.4070
185.9,9.66,0.249,62.24,1.4144
185.9,9.74,0.250,62.51,1.4225
185.9,9.83,0.251,62.76,1.4304
185.9,9.91,0.252,62.99,1.4378
185.9,9.99,0.253,63.19,1.4442
185.9,10.07,0.253,63.36,1.4523
185.9,10.15,0.254,63.55,1.4665
185.9,10.23,0.255,63.74,1.4843
185.9,10.31,0.256,63.93,1.5000
185.9,10.39,0.256,64.09,1.5000
185.9,10.47,0.257,64.22,1.5000
185.9,10.55,0.257,64.31,1.5000
185.9,10.63,0.257,64.37,1.5000
185.9,10.71,0.258,64.41,1.5000
185.9,10.79,0.258,64.42,1.5000
185.9,10.87,0.258,64.42,1.5000
185.9,10.95,0.258,64.38,1.5000
185.9,11.03,0.257,64.33,1.5000
185.9,11.11,0.257,64.25,1.5000
185.9,11.19,0.257,64.15,1.5000
185.9,11.28,0.256,64.02,1.5000
185.9,11.36,0.256,63.88,1.5000
185.9,11.44,0.255,63.70,1.5000
185.9,11.52,0.254,63.51,1.5000
185.9,11.60,0.253,63.29,1.5000
185.9,11.68,0.252,63.05,1.5000
185.9,11.76,0.251,62.78,1.5000
185.9,11.84,0.250,62.49,1.5000
185.9,11.92,0.249,62.17,1.5000
185.9,12.00,0.247,61.81,1.5000
191.3,0.00,0.231,57.73,
191.3,0.08,0.233,58.13,
191.3,0.16,0.234,58.52,
191.3,0.24,0.236,58.90,
191.3,0.32,0.237,59.26,
191.3,0.40,0.238,59.61,
191.3,0.48,0.240,59.95,
191.3,0.56,0.241,60.28,
191.3,0.64,0.242,60.61,
191.3,0.72,0.244,60.92,
191.3,0.81,0.245,61.23,
191.3,0.89,0.246,61.52,
191.3,0.97,0.247,61.81,
191.3,1.05,0.248,62.08,
191.3,1.13,0.249,62.33,
191.3,1.21,0.250,62.57,
191.3,1.29,0.251,62.79,
191.3,1.37,0.252,63.00,
191.3,1.45,0.253,63.19,
191.3,1.53,0.253,63.36,
191.3,1.61,0.254,63.51,
191.3,1.69,0.255,63.64,
191.3,1.77,0.255,63.74,
191.3,1.85,0.255,63.83,
191.3,1.93,0.256,63.88,
191.3,2.01,0.256,63.90,1.2242
191.3,2.09,0.256,63.93,1.2354
191.3,2.17,0.256,63.99,1.2481
191.3,2.26,0.256,64.04,1.2594
191.3,2.34,0.256,64.01,1.2665
191.3,2.42,0.256,63.92,1.2702
191.3,2.50,0.255,63.79,1.2720
191.3,2.58,0.255,63.63,1.2718
191.3,2.66,0.254,63.43,1.2700
191.3,2.74,0.253,63.20,1.2667
191.3,2.82,0.252,62.94,1.2621
191.3,2.90,0.251,62.67,1.2564
191.3,2.98,0.249,62.37,1.2497
191.3,3.06,0.248,62.05,1.2423
191.3,3.14,0.247,61.72,1.2343
191.3,3.22,0.246,61.38,1.2259
191.3,3.30,0.244,61.03,1.2173
191.3,3.38,0.243,60.68,1.2086
191.3,3.46,0.241,60.33,1.2002
191.3,3.54,0.240,59.98,1.1920
191.3,3.62,0.239,59.64,1.1844
191.3,3.70,0.237,59.31,1.1775
191.3,3.79,0.236,58.99,1.1714
191.3,3.87,0.235,58.68,1.1664
191.3,3.95,0.234,58.39,1.1623
191.3,4.03,0.232,58.11,1.1594
191.3,4.11,0.232,57.89,1.1615
191.3,4.19,0.231,57.74,1.1664
191.3,4.27,0.230,57.61,1.1704
191.3,4.35,0.230,57.50,1.1723
191.3,4.43,0.230,57.42,1.1735
191.3,4.51,0.229,57.37,1.1750
191.3,4.59,0.229,57.36,1.1768
191.3,4.67,0.230,57.38,1.1788
191.3,4.75,0.230,57.43,1.1810
191.3,4.83,0.230,57.50,1.1834
191.3,4.91,0.230,57.60,1.1860
191.3,4.99,0.231,57.73,1.1888
191.3,5.07,0.231,57.87,1.1918
191.3,5.15,0.232,58.04,1.1948
191.3,5.23,0.233,58.22,1.1980
191.3,5.32,0.234,58.41,1.2013
191.3,5.40,0.234,58.62,1.2046
191.3,5.48,0.235,58.83,1.2080
191.3,5.56,0.236,59.06,1.2114
191.3,5.64,0.237,59.28,1.2148
191.3,5.72,0.238,59.52,1.2182
191.3,5.80,0.239,59.75,1.2216
191.3,5.88,0.240,59.97,1.2245
191.3,5.96,0.241,60.16,1.2252
191.3,6.04,0.241,60.31,1.2238
191.3,6.12,0.242,60.49,1.2248
191.3,6.20,0.243,60.70,1.2300
191.3,6.28,0.244,60.90,1.2344
191.3,6.36,0.244,61.07,1.2366
191.3,6.44,0.245,61.21,1.2381
191.3,6.52,0.245,61.34,1.2395
191.3,6.60,0.246,61.46,1.2409
191.3,6.68,0.246,61.56,1.2422
191.3,6.77,0.247,61.65,1.2435
191.3,6.85,0.247,61.73,1.2446
191.3,6.93,0.247,61.79,1.2457
191.3,7.01,0.247,61.85,1.2466
191.3,7.09,0.248,61.89,1.2473
191.3,7.17,0.248,61.93,1.2479
191.3,7.25,0.248,61.96,1.2484
191.3,7.33,0.248,61.98,1.2486
191.3,7.41,0.248,61.99,1.2487
191.3,7.49,0.248,62.00,1.2485
191.3,7.57,0.248,62.01,1.2481
191.3,7.65,0.248,62.01,1.2475
191.3,7.73,0.248,62.00,1.2466
191.3,7.81,0.248,62.00,1.2454
191.3,7.89,0.248,61.98,1.2432
191.3,7.97,0.248,61.95,1.2382
191.3,8.05,0.248,61.90,1.2314
191.3,8.13,0.248,61.89,1.2282
191.3,8.21,0.248,61.92,1.2305
191.3,8.30,0.248,61.97,1.2319
191.3,8.38,0.248,62.04,1.2317
191.3,8.46,0.249,62.14,1.2315
191.3,8.54,0.249,62.27,1.2315
191.3,8.62,0.250,62.41,1.2319
191.3,8.70,0.250,62.58,1.2327
191.3,8.78,0.251,62.77,1.2338
191.3,8.86,0.252,62.98,1.2354
191.3,8.94,0.253,63.20,1.2374
191.3,9.02,0.254,63.43,1.2399
191.3,9.10,0.255,63.68,1.2429
191.3,9.18,0.256,63.93,1.2464
191.3,9.26,0.257,64.20,1.2505
191.3,9.34,0.258,64.47,1.2552
191.3,9.42,0.259,64.74,1.2605
191.3,9.50,0.260,65.01,1.2664
191.3,9.58,0.261,65.28,1.2731
191.3,9.66,0.262,65.55,1.2804
191.3,9.74,0.263,65.82,1.2885
191.3,9.83,0.264,66.08,1.2973
191.3,9.91,0.265,66.32,1.3062
191.3,9.99,0.266,66.53,1.3144
191.3,10.07,0.267,66.72,1.3242
191.3,10.15,0.268,66.92,1.3391
191.3,10.23,0.268,67.12,1.3555
191.3,10.31,0.269,67.28,1.3698
191.3,10.39,0.270,67.40,1.3822
191.3,10.47,0.270,67.50,1.3942
191.3,10.55,0.270,67.58,1.4058
191.3,10.63,0.271,67.64,1.4170
191.3,10.71,0.271,67.67,1.4274
191.3,10.79,0.271,67.68,1.4369
191.3,10.87,0.271,67.66,1.4454
191.3,10.95,0.270,67.62,1.4525
191.3,11.03,0.270,67.56,1.4583
191.3,11.11,0.270,67.48,1.4624
191.3,11.19,0.269,67.37,1.4647
191.3,11.28,0.269,67.24,1.4650
191.3,11.36,0.268,67.08,1.4631
191.3,11.44,0.268,66.91,1.4588
191.3,11.52,0.267,66.70,1.4520
191.3,11.60,0.266,66.48,1.4424
191.3,11.68,0.265,66.23,1.4300
191.3,11.76,0.264,65.96,1.4144
191.3,11.84,0.263,65.66,1.3954
191.3,11.92,0.261,65.34,1.3717
191.3,12.00,0.260,64.98,1.3420
196.6,0.00,0.245,61.22,
196.6,0.08,0.247,61.63,
196.6,0.16,0.248,62.02,
196.6,0.24,0.250,62.41,
196.6,0.32,0.251,62.80,
196.6,0.40,0.253,63.18,
196.6,0.48,0.254,63.55,
196.6,0.56,0.256,63.91,
196.6,0.64,0.257,64.27,
196.6,0.72,0.258,64.61,
196.6,0.81,0.260,64.95,
196.6,0.89,0.261,65.27,
196.6,0.97,0.262,65.58,
196.6,1.05,0.264,65.88,
196.6,1.13,0.265,66.16,
196.6,1.21,0.266,66.43,
196.6,1.29,0.267,66.68,
196.6,1.37,0.268,66.91,
196.6,1.45,0.268,67.12,
196.6,1.53,0.269,67.31,
196.6,1.61,0.270,67.48,
196.6,1.69,0.271,67.63,
196.6,1.77,0.271,67.76,
196.6,1.85,0.271,67.86,
196.6,1.93,0.272,67.94,
196.6,2.01,0.272,67.99,1.1545
196.6,2.09,0.272,68.05,1.1662
196.6,2.17,0.272,68.05,1.1751
196.6,2.26,0.272,68.01,1.1812
196.6,2.34,0.272,67.92,1.1851
196.6,2.42,0.271,67.79,1.1869
196.6,2.50,0.270,67.62,1.1867
196.6,2.58,0.270,67.42,1.1848
196.6,2.66,0.269,67.19,1.1814
196.6,2.74,0.268,66.93,1.1766
196.6,2.82,0.267,66.64,1.1706
196.6,2.90,0.265,66.34,1.1636
196.6,2.98,0.264,66.01,1.1558
196.6,3.06,0.263,65.67,1.1473
196.6,3.14,0.261,65.32,1.1384
196.6,3.22,0.260,64.96,1.1293
196.6,3.30,0.258,64.60,1.1200
196.6,3.38,0.257,64.23,1.1108
196.6,3.46,0.255,63.87,1.1019
196.6,3.54,0.254,63.51,1.0935
196.6,3.62,0.253,63.16,1.0857
196.6,3.70,0.251,62.82,1.0787
196.6,3.79,0.250,62.50,1.0728
196.6,3.87,0.249,62.19,1.0680
196.6,3.95,0.248,61.90,1.0646
196.6,4.03,0.247,61.64,1.0627
196.6,4.11,0.246,61.43,1.0636
196.6,4.19,0.245,61.24,1.0635
196.6,4.27,0.244,61.10,1.0636
196.6,4.35,0.244,60.99,1.0639
196.6,4.43,0.244,60.93,1.0646
196.6,4.51,0.244,60.89,1.0655
196.6,4.59,0.244,60.89,1.0667
196.6,4.67,0.244,60.92,1.0681
196.6,4.75,0.244,60.98,1.0697
196.6,4.83,0.244,61.06,1.0716
196.6,4.91,0.245,61.17,1.0735
196.6,4.99,0.245,61.29,1.0757
196.6,5.07,0.246,61.44,1.0780
196.6,5.15,0.246,61.61,1.0804
196.6,5.23,0.247,61.79,1.0829
196.6,5.32,0.248,61.98,1.0854
196.6,5.40,0.249,62.18,1.0881
196.6,5.48,0.250,62.39,1.0907
196.6,5.56,0.250,62.61,1.0934
196.6,5.64,0.251,62.83,1.0961
196.6,5.72,0.252,63.05,1.0987
196.6,5.80,0.253,63.27,1.1014
196.6,5.88,0.254,63.49,1.1039
196.6,5.96,0.255,63.70,1.1063
196.6,6.04,0.256,63.88,1.1073
196.6,6.12,0.256,64.08,1.1102
196.6,6.20,0.257,64.26,1.1120
196.6,6.28,0.258,64.42,1.1138
196.6,6.36,0.258,64.56,1.1156
196.6,6.44,0.259,64.68,1.1173
196.6,6.52,0.259,64.79,1.1190
196.6,6.60,0.260,64.89,1.1206
196.6,6.68,0.260,64.98,1.1222
196.6,6.77,0.260,65.05,1.1236
196.6,6.85,0.260,65.11,1.1250
196.6,6.93,0.261,65.16,1.1262
196.6,7.01,0.261,65.20,1.1273
196.6,7.09,0.261,65.23,1.1282
196.6,7.17,0.261,65.25,1.1290
196.6,7.25,0.261,65.27,1.1296
196.6,7.33,0.261,65.28,1.1300
196.6,7.41,0.261,65.28,1.1302
196.6,7.49,0.261,65.28,1.1301
196.6,7.57,0.261,65.27,1.1298
196.6,7.65,0.261,65.26,1.1293
196.6,7.73,0.261,65.24,1.1285
196.6,7.81,0.261,65.23,1.1274
196.6,7.89,0.261,65.21,1.1260
196.6,7.97,0.261,65.19,1.1239
196.6,8.05,0.261,65.16,1.1207
196.6,8.13,0.261,65.16,1.1201
196.6,8.21,0.261,65.19,1.1187
196.6,8.30,0.261,65.26,1.1176
196.6,8.38,0.261,65.35,1.1167
196.6,8.46,0.262,65.46,1.1162
196.6,8.54,0.262,65.60,1.1160
196.6,8.62,0.263,65.76,1.1161
196.6,8.70,0.264,65.95,1.1166
196.6,8.78,0.265,66.15,1.1176
196.6,8.86,0.265,66.36,1.1189
196.6,8.94,0.266,66.59,1.1208
196.6,9.02,0.267,66.84,1.1231
196.6,9.10,0.268,67.09,1.1260
196.6,9.18,0.269,67.35,1.1294
196.6,9.26,0.270,67.62,1.1334
196.6,9.34,0.272,67.89,1.1380
196.6,9.42,0.273,68.16,1.1432
196.6,9.50,0.274,68.43,1.1491
196.6,9.58,0.275,68.71,1.1557
196.6,9.66,0.276,68.97,1.1630
196.6,9.74,0.277,69.24,1.1711
196.6,9.83,0.278,69.49,1.1800
196.6,9.91,0.279,69.73,1.1896
196.6,9.99,0.280,69.96,1.1998
196.6,10.07,0.281,70.17,1.2114
196.6,10.15,0.281,70.36,1.2238
196.6,10.23,0.282,70.53,1.2357
196.6,10.31,0.283,70.67,1.2476
196.6,10.39,0.283,70.79,1.2594
196.6,10.47,0.284,70.89,1.2710
196.6,10.55,0.284,70.96,1.2821
196.6,10.63,0.284,71.01,1.2926
196.6,10.71,0.284,71.04,1.3022
196.6,10.79,0.284,71.04,1.3109
196.6,10.87,0.284,71.02,1.3183
196.6,10.95,0.284,70.98,1.3243
196.6,11.03,0.284,70.91,1.3288
196.6,11.11,0.283,70.82,1.3315
196.6,11.19,0.283,70.71,1.3323
196.6,11.28,0.282,70.58,1.3309
196.6,11.36,0.282,70.42,1.3273
196.6,11.44,0.281,70.23,1.3211
196.6,11.52,0.280,70.03,1.3123
196.6,11.60,0.279,69.80,1.3006
196.6,11.68,0.278,69.54,1.2859
196.6,11.76,0.277,69.26,1.2679
196.6,11.84,0.276,68.96,1.2465
196.6,11.92,0.275,68.64,1.2215
196.6,12.00,0.273,68.29,1.1919
202.0,0.00,0.259,64.75,
202.0,0.08,0.261,65.18,
202.0,0.16,0.262,65.61,
202.0,0.24,0.264,66.04,
202.0,0.32,0.266,66.46,
202.0,0.40,0.268,66.88,
202.0,0.48,0.269,67.28,
202.0,0.56,0.271,67.68,
202.0,0.64,0.272,68.07,
202.0,0.72,0.274,68.45,
202.0,0.81,0.275,68.81,
202.0,0.89,0.277,69.17,
202.0,0.97,0.278,69.51,
202.0,1.05,0.279,69.84,
202.0,1.13,0.281,70.15,
202.0,1.21,0.282,70.44,
202.0,1.29,0.283,70.72,
202.0,1.37,0.284,70.98,
202.0,1.45,0.285,71.21,
202.0,1.53,0.286,71.43,
202.0,1.61,0.287,71.63,
202.0,1.69,0.287,71.80,
202.0,1.77,0.288,71.96,
202.0,1.85,0.288,72.08,
202.0,1.93,0.289,72.18,
202.0,2.01,0.289,72.26,1.0942
202.0,2.09,0.289,72.27,1.1032
202.0,2.17,0.289,72.22,1.1096
202.0,2.26,0.289,72.13,1.1137
202.0,2.34,0.288,72.00,1.1156
202.0,2.42,0.287,71.83,1.1155
202.0,2.50,0.287,71.63,1.1136
202.0,2.58,0.286,71.39,1.1101
202.0,2.66,0.285,71.13,1.1052
202.0,2.74,0.283,70.83,1.0990
202.0,2.82,0.282,70.52,1.0918
202.0,2.90,0.281,70.19,1.0837
202.0,2.98,0.279,69.84,1.0749
202.0,3.06,0.278,69.48,1.0656
202.0,3.14,0.276,69.10,1.0559
202.0,3.22,0.275,68.73,1.0461
202.0,3.30,0.273,68.35,1.0363
202.0,3.38,0.272,67.97,1.0268
202.0,3.46,0.270,67.59,1.0176
202.0,3.54,0.269,67.23,1.0090
202.0,3.62,0.267,66.87,1.0012
202.0,3.70,0.266,66.52,0.9943
202.0,3.79,0.265,66.20,0.9886
202.0,3.87,0.264,65.89,0.9841
202.0,3.95,0.262,65.61,0.9811
202.0,4.03,0.261,65.34,0.9799
202.0,4.11,0.261,65.13,0.9788
202.0,4.19,0.260,64.96,0.9780
202.0,4.27,0.259,64.83,0.9776
202.0,4.35,0.259,64.74,0.9774
202.0,4.43,0.259,64.68,0.9775
202.0,4.51,0.259,64.66,0.9779
202.0,4.59,0.259,64.67,0.9785
202.0,4.67,0.259,64.71,0.9794
202.0,4.75,0.259,64.77,0.9804
202.0,4.83,0.259,64.86,0.9816
202.0,4.91,0.260,64.97,0.9830
202.0,4.99,0.260,65.10,0.9845
202.0,5.07,0.261,65.25,0.9861
202.0,5.15,0.262,65.41,0.9878
202.0,5.23,0.262,65.59,0.9896
202.0,5.32,0.263,65.78,0.9915
202.0,5.40,0.264,65.98,0.9935
202.0,5.48,0.265,66.18,0.9954
202.0,5.56,0.266,66.39,0.9974
202.0,5.64,0.266,66.60,0.9993
202.0,5.72,0.267,66.81,1.0012
202.0,5.80,0.268,67.02,1.0031
202.0,5.88,0.269,67.22,1.0049
202.0,5.96,0.270,67.43,1.0062
202.0,6.04,0.270,67.62,1.0085
202.0,6.12,0.271,67.79,1.0105
202.0,6.20,0.272,67.94,1.0125
202.0,6.28,0.272,68.08,1.0145
202.0,6.36,0.273,68.20,1.0165
202.0,6.44,0.273,68.31,1.0184
202.0,6.52,0.274,68.40,1.0203
202.0,6.60,0.274,68.48,1.0221
202.0,6.68,0.274,68.54,1.0238
202.0,6.77,0.274,68.60,1.0255
202.0,6.85,0.275,68.64,1.0270
202.0,6.93,0.275,68.68,1.0283
202.0,7.01,0.275,68.70,1.0296
202.0,7.09,0.275,68.72,1.0306
202.0,7.17,0.275,68.72,1.0315
202.0,7.25,0.275,68.72,1.0322
202.0,7.33,0.275,68.72,1.0327
202.0,7.41,0.275,68.71,1.0330
202.0,7.49,0.275,68.69,1.0330
202.0,7.57,0.275,68.67,1.0328
202.0,7.65,0.275,68.65,1.0323
202.0,7.73,0.274,68.62,1.0315
202.0,7.81,0.274,68.59,1.0305
202.0,7.89,0.274,68.56,1.0291
202.0,7.97,0.274,68.54,1.0268
202.0,8.05,0.274,68.51,1.0253
202.0,8.13,0.274,68.53,1.0234
202.0,8.21,0.274,68.58,1.0218
202.0,8.30,0.275,68.66,1.0204
202.0,8.38,0.275,68.77,1.0194
202.0,8.46,0.276,68.90,1.0186
202.0,8.54,0.276,69.06,1.0182
202.0,8.62,0.277,69.23,1.0181
202.0,8.70,0.278,69.43,1.0185
202.0,8.78,0.279,69.64,1.0193
202.0,8.86,0.279,69.87,1.0205
202.0,8.94,0.280,70.10,1.0222
202.0,9.02,0.281,70.35,1.0245
202.0,9.10,0.282,70.61,1.0273
202.0,9.18,0.284,70.88,1.0306
202.0,9.26,0.285,71.15,1.0346
202.0,9.34,0.286,71.42,1.0392
202.0,9.42,0.287,71.69,1.0444
202.0,9.50,0.288,71.97,1.0504
202.0,9.58,0.289,72.24,1.0570
202.0,9.66,0.290,72.50,1.0644
202.0,9.74,0.291,72.76,1.0726
202.0,9.83,0.292,73.01,1.0815
202.0,9.91,0.293,73.24,1.0913
202.0,9.99,0.294,73.48,1.1014
202.0,10.07,0.295,73.68,1.1132
202.0,10.15,0.295,73.87,1.1251
202.0,10.23,0.296,74.03,1.1370
202.0,10.31,0.297,74.17,1.1490
202.0,10.39,0.297,74.28,1.1607
202.0,10.47,0.298,74.38,1.1721
202.0,10.55,0.298,74.45,1.1828
202.0,10.63,0.298,74.50,1.1928
202.0,10.71,0.298,74.52,1.2018
202.0,10.79,0.298,74.52,1.2097
202.0,10.87,0.298,74.50,1.2163
202.0,10.95,0.298,74.45,1.2213
202.0,11.03,0.298,74.38,1.2247
202.0,11.11,0.297,74.29,1.2262
202.0,11.19,0.297,74.18,1.2256
202.0,11.28,0.296,74.04,1.2228
202.0,11.36,0.295,73.87,1.2176
202.0,11.44,0.295,73.69,1.2097
202.0,11.52,0.294,73.48,1.1990
202.0,11.60,0.293,73.24,1.1854
202.0,11.68,0.292,72.99,1.1685
202.0,11.76,0.291,72.71,1.1483
202.0,11.84,0.290,72.40,1.1246
202.0,11.92,0.288,72.07,1.0972
202.0,12.00,0.287,71.73,1.0659
207.4,0.00,0.273,68.36,
207.4,0.08,0.275,68.79,
207.4,0.16,0.277,69.25,
207.4,0.24,0.279,69.71,
207.4,0.32,0.281,70.17,
207.4,0.40,0.283,70.63,
207.4,0.48,0.284,71.07,
207.4,0.56,0.286,71.51,
207.4,0.64,0.288,71.93,
207.4,0.72,0.289,72.35,
207.4,0.81,0.291,72.75,
207.4,0.89,0.293,73.14,
207.4,0.97,0.294,73.51,
207.4,1.05,0.295,73.87,
207.4,1.13,0.297,74.21,
207.4,1.21,0.298,74.54,
207.4,1.29,0.299,74.85,
207.4,1.37,0.301,75.14,
207.4,1.45,0.302,75.41,
207.4,1.53,0.303,75.65,
207.4,1.61,0.304,75.88,
207.4,1.69,0.304,76.08,
207.4,1.77,0.305,76.28,
207.4,1.85,0.306,76.50,
207.4,1.93,0.307,76.68,
207.4,2.01,0.307,76.73,1.0448
207.4,2.09,0.307,76.69,1.0545
207.4,2.17,0.306,76.61,1.0592
207.4,2.26,0.306,76.48,1.0613
207.4,2.34,0.305,76.30,1.0612
207.4,2.42,0.304,76.10,1.0594
207.4,2.50,0.303,75.86,1.0558
207.4,2.58,0.302,75.58,1.0508
207.4,2.66,0.301,75.29,1.0445
207.4,2.74,0.300,74.97,1.0370
207.4,2.82,0.298,74.62,1.0286
207.4,2.90,0.297,74.27,1.0194
207.4,2.98,0.296,73.89,1.0097
207.4,3.06,0.294,73.51,0.9995
207.4,3.14,0.292,73.12,0.9892
207.4,3.22,0.291,72.73,0.9788
207.4,3.30,0.289,72.33,0.9686
207.4,3.38,0.288,71.94,0.9587
207.4,3.46,0.286,71.56,0.9494
207.4,3.54,0.285,71.18,0.9407
207.4,3.62,0.283,70.82,0.9329
207.4,3.70,0.282,70.47,0.9262
207.4,3.79,0.281,70.15,0.9199
207.4,3.87,0.279,69.87,0.9134
207.4,3.95,0.278,69.53,0.9106
207.4,4.03,0.277,69.20,0.9129
207.4,4.11,0.276,68.96,0.9142
207.4,4.19,0.275,68.80,0.9132
207.4,4.27,0.275,68.68,0.9123
207.4,4.35,0.274,68.61,0.9116
207.4,4.43,0.274,68.56,0.9113
207.4,4.51,0.274,68.55,0.9111
207.4,4.59,0.274,68.57,0.9112
207.4,4.67,0.274,68.61,0.9115
207.4,4.75,0.275,68.68,0.9119
207.4,4.83,0.275,68.77,0.9126
207.4,4.91,0.276,68.88,0.9134
207.4,4.99,0.276,69.02,0.9143
207.4,5.07,0.277,69.16,0.9153
207.4,5.15,0.277,69.33,0.9164
207.4,5.23,0.278,69.50,0.9176
207.4,5.32,0.279,69.68,0.9188
207.4,5.40,0.279,69.87,0.9201
207.4,5.48,0.280,70.07,0.9214
207.4,5.56,0.281,70.27,0.9226
207.4,5.64,0.282,70.47,0.9239
207.4,5.72,0.283,70.67,0.9250
207.4,5.80,0.284,70.88,0.9245
207.4,5.88,0.285,71.13,0.9214
207.4,5.96,0.286,71.38,0.9226
207.4,6.04,0.286,71.53,0.9290
207.4,6.12,0.287,71.66,0.9335
207.4,6.20,0.287,71.79,0.9358
207.4,6.28,0.288,71.91,0.9380
207.4,6.36,0.288,72.01,0.9402
207.4,6.44,0.288,72.10,0.9423
207.4,6.52,0.289,72.17,0.9443
207.4,6.60,0.289,72.23,0.9463
207.4,6.68,0.289,72.28,0.9481
207.4,6.77,0.289,72.32,0.9499
207.4,6.85,0.289,72.34,0.9515
207.4,6.93,0.289,72.36,0.9530
207.4,7.01,0.289,72.37,0.9544
207.4,7.09,0.289,72.37,0.9555
207.4,7.17,0.289,72.36,0.9565
207.4,7.25,0.289,72.35,0.9573
207.4,7.33,0.289,72.33,0.9578
207.4,7.41,0.289,72.31,0.9581
207.4,7.49,0.289,72.28,0.9582
207.4,7.57,0.289,72.25,0.9580
207.4,7.65,0.289,72.21,0.9576
207.4,7.73,0.289,72.17,0.9567
207.4,7.81,0.289,72.15,0.9532
207.4,7.89,0.289,72.13,0.9473
207.4,7.97,0.288,72.01,0.9456
207.4,8.05,0.288,71.90,0.9478
207.4,8.13,0.288,71.89,0.9475
207.4,8.21,0.288,71.96,0.9457
207.4,8.30,0.288,72.06,0.9441
207.4,8.38,0.289,72.19,0.9428
207.4,8.46,0.289,72.34,0.9419
207.4,8.54,0.290,72.51,0.9413
207.4,8.62,0.291,72.69,0.9411
207.4,8.70,0.292,72.90,0.9413
207.4,8.78,0.292,73.12,0.9420
207.4,8.86,0.293,73.36,0.9431
207.4,8.94,0.294,73.60,0.9448
207.4,9.02,0.295,73.86,0.9470
207.4,9.10,0.296,74.12,0.9497
207.4,9.18,0.298,74.39,0.9531
207.4,9.26,0.299,74.66,0.9571
207.4,9.34,0.300,74.94,0.9617
207.4,9.42,0.301,75.21,0.9670
207.4,9.50,0.302,75.48,0.9730
207.4,9.58,0.303,75.75,0.9797
207.4,9.66,0.304,76.01,0.9872
207.4,9.74,0.305,76.27,0.9951
207.4,9.83,0.306,76.56,1.0016
207.4,9.91,0.308,76.89,1.0077
207.4,9.99,0.308,77.11,1.0194
207.4,10.07,0.309,77.25,1.0342
207.4,10.15,0.310,77.41,1.0472
207.4,10.23,0.310,77.57,1.0593
207.4,10.31,0.311,77.71,1.0713
207.4,10.39,0.311,77.83,1.0829
207.4,10.47,0.312,77.92,1.0940
207.4,10.55,0.312,77.99,1.1044
207.4,10.63,0.312,78.03,1.1139
207.4,10.71,0.312,78.05,1.1223
207.4,10.79,0.312,78.05,1.1295
207.4,10.87,0.312,78.03,1.1352
207.4,10.95,0.312,77.98,1.1393
207.4,11.03,0.312,77.91,1.1416
207.4,11.11,0.311,77.81,1.1418
207.4,11.19,0.311,77.70,1.1399
207.4,11.28,0.310,77.55,1.1356
207.4,11.36,0.310,77.39,1.1288
207.4,11.44,0.309,77.20,1.1192
207.4,11.52,0.308,76.99,1.1067
207.4,11.60,0.307,76.75,1.0911
207.4,11.68,0.306,76.49,1.0721
207.4,11.76,0.305,76.22,1.0492
207.4,11.84,0.304,75.97,1.0197
207.4,11.92,0.303,75.71,0.9879
207.4,12.00,0.301,75.31,0.9622
212.8,0.00,0.288,72.06,
212.8,0.08,0.290,72.49,
212.8,0.16,0.292,72.95,
212.8,0.24,0.294,73.45,
212.8,0.32,0.296,73.95,
212.8,0.40,0.298,74.44,
212.8,0.48,0.300,74.93,
212.8,0.56,0.302,75.41,
212.8,0.64,0.303,75.87,
212.8,0.72,0.305,76.33,
212.8,0.81,0.307,76.77,
212.8,0.89,0.309,77.20,
212.8,0.97,0.310,77.61,
212.8,1.05,0.312,78.01,
212.8,1.13,0.314,78.39,
212.8,1.21,0.315,78.75,
212.8,1.29,0.316,79.09,
212.8,1.37,0.318,79.42,
212.8,1.45,0.319,79.72,
212.8,1.53,0.320,80.01,
212.8,1.61,0.321,80.30,
212.8,1.69,0.323,80.63,
212.8,1.77,0.324,80.98,
212.8,1.85,0.325,81.25,
212.8,1.93,0.326,81.41,
212.8,2.01,0.326,81.42,1.0058
212.8,2.09,0.325,81.34,1.0164
212.8,2.17,0.325,81.22,1.0218
212.8,2.26,0.324,81.05,1.0229
212.8,2.34,0.323,80.84,1.0210
212.8,2.42,0.322,80.59,1.0174
212.8,2.50,0.321,80.32,1.0122
212.8,2.58,0.320,80.02,1.0057
212.8,2.66,0.319,79.69,0.9980
212.8,2.74,0.317,79.34,0.9893
212.8,2.82,0.316,78.97,0.9797
212.8,2.90,0.314,78.59,0.9696
212.8,2.98,0.313,78.20,0.9589
212.8,3.06,0.311,77.80,0.9480
212.8,3.14,0.310,77.39,0.9371
212.8,3.22,0.308,76.98,0.9262
212.8,3.30,0.306,76.58,0.9155
212.8,3.38,0.305,76.18,0.9054
212.8,3.46,0.303,75.78,0.8959
212.8,3.54,0.302,75.40,0.8869
212.8,3.62,0.300,75.05,0.8776
212.8,3.70,0.299,74.73,0.8678
212.8,3.79,0.298,74.44,0.8582
212.8,3.87,0.296,74.05,0.8538
212.8,3.95,0.294,73.62,0.8546
212.8,4.03,0.293,73.24,0.8599
212.8,4.11,0.292,72.96,0.8641
212.8,4.19,0.291,72.77,0.8655
212.8,4.27,0.291,72.65,0.8649
212.8,4.35,0.290,72.59,0.8638
212.8,4.43,0.290,72.55,0.8629
212.8,4.51,0.290,72.55,0.8623
212.8,4.59,0.290,72.57,0.8619
212.8,4.67,0.290,72.62,0.8617
212.8,4.75,0.291,72.69,0.8617
212.8,4.83,0.291,72.79,0.8618
212.8,4.91,0.292,72.90,0.8620
212.8,4.99,0.292,73.03,0.8624
212.8,5.07,0.293,73.18,0.8628
212.8,5.15,0.293,73.34,0.8634
212.8,5.23,0.294,73.51,0.8640
212.8,5.32,0.295,73.68,0.8646
212.8,5.40,0.295,73.87,0.8652
212.8,5.48,0.296,74.05,0.8659
212.8,5.56,0.297,74.25,0.8658
212.8,5.64,0.298,74.48,0.8634
212.8,5.72,0.299,74.73,0.8581
212.8,5.80,0.300,75.02,0.8518
212.8,5.88,0.301,75.31,0.8511
212.8,5.96,0.302,75.53,0.8561
212.8,6.04,0.303,75.64,0.8660
212.8,6.12,0.303,75.74,0.8739
212.8,6.20,0.303,75.83,0.8789
212.8,6.28,0.304,75.92,0.8818
212.8,6.36,0.304,76.01,0.8841
212.8,6.44,0.304,76.08,0.8863
212.8,6.52,0.305,76.13,0.8885
212.8,6.60,0.305,76.17,0.8906
212.8,6.68,0.305,76.21,0.8926
212.8,6.77,0.305,76.23,0.8945
212.8,6.85,0.305,76.24,0.8962
212.8,6.93,0.305,76.24,0.8978
212.8,7.01,0.305,76.23,0.8992
212.8,7.09,0.305,76.22,0.9004
212.8,7.17,0.305,76.20,0.9015
212.8,7.25,0.305,76.17,0.9023
212.8,7.33,0.305,76.14,0.9029
212.8,7.41,0.304,76.10,0.9032
212.8,7.49,0.304,76.06,0.9033
212.8,7.57,0.304,76.02,0.9020
212.8,7.65,0.304,76.01,0.8978
212.8,7.73,0.304,76.01,0.8902
212.8,7.81,0.304,75.98,0.8818
212.8,7.89,0.303,75.80,0.8783
212.8,7.97,0.302,75.58,0.8800
212.8,8.05,0.302,75.41,0.8854
212.8,8.13,0.301,75.34,0.8883
212.8,8.21,0.301,75.37,0.8885
212.8,8.30,0.302,75.48,0.8870
212.8,8.38,0.302,75.62,0.8855
212.8,8.46,0.303,75.79,0.8844
212.8,8.54,0.304,75.97,0.8837
212.8,8.62,0.305,76.17,0.8833
212.8,8.70,0.306,76.38,0.8835
212.8,8.78,0.306,76.62,0.8841
212.8,8.86,0.307,76.86,0.8851
212.8,8.94,0.308,77.11,0.8868
212.8,9.02,0.309,77.37,0.8889
212.8,9.10,0.311,77.64,0.8917
212.8,9.18,0.312,77.91,0.8950
212.8,9.26,0.313,78.18,0.8990
212.8,9.34,0.314,78.46,0.9037
212.8,9.42,0.315,78.73,0.9090
212.8,9.50,0.316,79.00,0.9151
212.8,9.58,0.317,79.29,0.9205
212.8,9.66,0.319,79.63,0.9243
212.8,9.74,0.320,80.02,0.9259
212.8,9.83,0.322,80.41,0.9293
212.8,9.91,0.323,80.71,0.9384
212.8,9.99,0.323,80.87,0.9529
212.8,10.07,0.324,80.95,0.9704
212.8,10.15,0.324,81.06,0.9858
212.8,10.23,0.325,81.19,0.9993
212.8,10.31,0.325,81.32,1.0114
212.8,10.39,0.326,81.44,1.0228
212.8,10.47,0.326,81.53,1.0336
212.8,10.55,0.326,81.59,1.0436
212.8,10.63,0.327,81.64,1.0526
212.8,10.71,0.327,81.66,1.0604
212.8,10.79,0.327,81.66,1.0668
212.8,10.87,0.327,81.63,1.0716
212.8,10.95,0.326,81.58,1.0747
212.8,11.03,0.326,81.51,1.0758
212.8,11.11,0.326,81.41,1.0748
212.8,11.19,0.325,81.29,1.0715
212.8,11.28,0.325,81.15,1.0657
212.8,11.36,0.324,80.98,1.0572
212.8,11.44,0.323,80.79,1.0459
212.8,11.52,0.322,80.58,1.0314
212.8,11.60,0.321,80.37,1.0118
212.8,11.68,0.321,80.19,0.9861
212.8,11.76,0.320,80.04,0.9536
212.8,11.84,0.319,79.84,0.9228
212.8,11.92,0.318,79.52,0.8980
212.8,12.00,0.316,79.04,0.8787
218.1,0.00,0.304,75.89,
218.1,0.08,0.305,76.33,
218.1,0.16,0.307,76.81,
218.1,0.24,0.309,77.32,
218.1,0.32,0.311,77.84,
218.1,0.40,0.314,78.38,
218.1,0.48,0.316,78.92,
218.1,0.56,0.318,79.44,
218.1,0.64,0.320,79.95,
218.1,0.72,0.322,80.45,
218.1,0.81,0.324,80.93,
218.1,0.89,0.326,81.40,
218.1,0.97,0.327,81.86,
218.1,1.05,0.329,82.30,
218.1,1.13,0.331,82.72,
218.1,1.21,0.332,83.12,
218.1,1.29,0.334,83.50,
218.1,1.37,0.336,83.88,
218.1,1.45,0.337,84.28,
218.1,1.53,0.339,84.70,
218.1,1.61,0.341,85.16,
218.1,1.69,0.342,85.62,
218.1,1.77,0.344,85.99,
218.1,1.85,0.345,86.24,
218.1,1.93,0.345,86.36,
218.1,2.01,0.345,86.33,0.9764
218.1,2.09,0.345,86.22,0.9876
218.1,2.17,0.344,86.06,0.9935
218.1,2.26,0.343,85.86,0.9950
218.1,2.34,0.342,85.61,0.9926
218.1,2.42,0.341,85.33,0.9874
218.1,2.50,0.340,85.03,0.9807
218.1,2.58,0.339,84.69,0.9727
218.1,2.66,0.337,84.34,0.9637
218.1,2.74,0.336,83.96,0.9538
218.1,2.82,0.334,83.57,0.9431
218.1,2.90,0.333,83.17,0.9320
218.1,2.98,0.331,82.76,0.9205
218.1,3.06,0.329,82.34,0.9089
218.1,3.14,0.328,81.92,0.8973
218.1,3.22,0.326,81.50,0.8860
218.1,3.30,0.324,81.08,0.8750
218.1,3.38,0.323,80.68,0.8637
218.1,3.46,0.321,80.30,0.8519
218.1,3.54,0.320,79.95,0.8396
218.1,3.62,0.319,79.64,0.8265
218.1,3.70,0.317,79.32,0.8150
218.1,3.79,0.316,78.88,0.8091
218.1,3.87,0.313,78.37,0.8082
218.1,3.95,0.312,77.90,0.8118
218.1,4.03,0.310,77.49,0.8199
218.1,4.11,0.309,77.17,0.8265
218.1,4.19,0.308,76.95,0.8302
218.1,4.27,0.307,76.80,0.8317
218.1,4.35,0.307,76.72,0.8313
218.1,4.43,0.307,76.70,0.8300
218.1,4.51,0.307,76.70,0.8290
218.1,4.59,0.307,76.73,0.8281
218.1,4.67,0.307,76.78,0.8275
218.1,4.75,0.307,76.86,0.8269
218.1,4.83,0.308,76.95,0.8266
218.1,4.91,0.308,77.07,0.8263
218.1,4.99,0.309,77.20,0.8262
218.1,5.07,0.309,77.34,0.8261
218.1,5.15,0.310,77.49,0.8261
218.1,5.23,0.311,77.65,0.8262
218.1,5.32,0.311,77.83,0.8261
218.1,5.40,0.312,78.02,0.8245
218.1,5.48,0.313,78.24,0.8207
218.1,5.56,0.314,78.50,0.8143
218.1,5.64,0.315,78.78,0.8047
218.1,5.72,0.316,79.10,0.7965
218.1,5.80,0.318,79.42,0.7941
218.1,5.88,0.319,79.72,0.7971
218.1,5.96,0.320,79.90,0.8054
218.1,6.04,0.320,79.97,0.8184
218.1,6.12,0.320,80.03,0.8291
218.1,6.20,0.320,80.09,0.8369
218.1,6.28,0.321,80.15,0.8421
218.1,6.36,0.321,80.21,0.8454
218.1,6.44,0.321,80.26,0.8478
218.1,6.52,0.321,80.30,0.8501
218.1,6.60,0.321,80.32,0.8523
218.1,6.68,0.321,80.34,0.8544
218.1,6.77,0.321,80.34,0.8563
218.1,6.85,0.321,80.34,0.8581
218.1,6.93,0.321,80.33,0.8598
218.1,7.01,0.321,80.30,0.8613
218.1,7.09,0.321,80.28,0.8625
218.1,7.17,0.321,80.24,0.8636
218.1,7.25,0.321,80.20,0.8644
218.1,7.33,0.321,80.16,0.8647
218.1,7.41,0.321,80.13,0.8629
218.1,7.49,0.320,80.11,0.8584
218.1,7.57,0.320,80.11,0.8506
218.1,7.65,0.321,80.14,0.8391
218.1,7.73,0.320,80.07,0.8295
218.1,7.81,0.319,79.86,0.8245
218.1,7.89,0.318,79.57,0.8240
218.1,7.97,0.317,79.30,0.8287
218.1,8.05,0.316,79.07,0.8370
218.1,8.13,0.316,78.94,0.8424
218.1,8.21,0.316,78.93,0.8452
218.1,8.30,0.316,79.00,0.8457
218.1,8.38,0.317,79.14,0.8447
218.1,8.46,0.317,79.31,0.8434
218.1,8.54,0.318,79.51,0.8426
218.1,8.62,0.319,79.72,0.8422
218.1,8.70,0.320,79.94,0.8422
218.1,8.78,0.321,80.18,0.8427
218.1,8.86,0.322,80.43,0.8438
218.1,8.94,0.323,80.69,0.8454
218.1,9.02,0.324,80.96,0.8475
218.1,9.10,0.325,81.22,0.8503
218.1,9.18,0.326,81.50,0.8537
218.1,9.26,0.327,81.77,0.8577
218.1,9.34,0.328,82.05,0.8619
218.1,9.42,0.329,82.37,0.8651
218.1,9.50,0.331,82.74,0.8667
218.1,9.58,0.333,83.16,0.8662
218.1,9.66,0.335,83.63,0.8638
218.1,9.74,0.336,84.06,0.8653
218.1,9.83,0.338,84.41,0.8722
218.1,9.91,0.339,84.67,0.8839
218.1,9.99,0.339,84.78,0.9008
218.1,10.07,0.339,84.81,0.9205
218.1,10.15,0.339,84.87,0.9380
218.1,10.23,0.340,84.96,0.9533
218.1,10.31,0.340,85.06,0.9666
218.1,10.39,0.341,85.17,0.9781
218.1,10.47,0.341,85.26,0.9886
218.1,10.55,0.341,85.32,0.9982
218.1,10.63,0.341,85.37,1.0066
218.1,10.71,0.342,85.39,1.0136
218.1,10.79,0.342,85.38,1.0192
218.1,10.87,0.341,85.36,1.0231
218.1,10.95,0.341,85.31,1.0251
218.1,11.03,0.341,85.23,1.0251
218.1,11.11,0.341,85.13,1.0227
218.1,11.19,0.340,85.01,1.0180
218.1,11.28,0.339,84.87,1.0107
218.1,11.36,0.339,84.72,0.9997
218.1,11.44,0.338,84.57,0.9836
218.1,11.52,0.338,84.45,0.9618
218.1,11.60,0.337,84.36,0.9334
218.1,11.68,0.337,84.29,0.8995
218.1,11.76,0.337,84.14,0.8700
218.1,11.84,0.336,83.89,0.8461
218.1,11.92,0.334,83.49,0.8273
218.1,12.00,0.332,82.93,0.8138
223.5,0.00,0.319,79.87,
223.5,0.08,0.321,80.34,
223.5,0.16,0.323,80.84,
223.5,0.24,0.325,81.37,
223.5,0.32,0.328,81.93,
223.5,0.40,0.330,82.50,
223.5,0.48,0.332,83.08,
223.5,0.56,0.335,83.65,
223.5,0.64,0.337,84.21,
223.5,0.72,0.339,84.75,
223.5,0.81,0.341,85.29,
223.5,0.89,0.343,85.80,
223.5,0.97,0.345,86.30,
223.5,1.05,0.347,86.79,
223.5,1.13,0.349,87.26,
223.5,1.21,0.351,87.74,
223.5,1.29,0.353,88.23,
223.5,1.37,0.355,88.74,
223.5,1.45,0.357,89.29,
223.5,1.53,0.360,89.88,
223.5,1.61,0.362,90.43,
223.5,1.69,0.364,90.88,
223.5,1.77,0.365,91.23,
223.5,1.85,0.366,91.45,
223.5,1.93,0.366,91.54,
223.5,2.01,0.366,91.48,0.9558
223.5,2.09,0.365,91.34,0.9673
223.5,2.17,0.365,91.14,0.9734
223.5,2.26,0.364,90.91,0.9750
223.5,2.34,0.363,90.63,0.9727
223.5,2.42,0.361,90.32,0.9671
223.5,2.50,0.360,89.99,0.9591
223.5,2.58,0.359,89.63,0.9497
223.5,2.66,0.357,89.24,0.9394
223.5,2.74,0.355,88.84,0.9283
223.5,2.82,0.354,88.43,0.9166
223.5,2.90,0.352,88.01,0.9046
223.5,2.98,0.350,87.58,0.8923
223.5,3.06,0.349,87.15,0.8801
223.5,3.14,0.347,86.72,0.8676
223.5,3.22,0.345,86.30,0.8546
223.5,3.30,0.344,85.90,0.8410
223.5,3.38,0.342,85.52,0.8267
223.5,3.46,0.341,85.18,0.8115
223.5,3.54,0.339,84.87,0.7956
223.5,3.62,0.338,84.50,0.7830
223.5,3.70,0.336,84.03,0.7759
223.5,3.79,0.334,83.46,0.7735
223.5,3.87,0.332,82.90,0.7752
223.5,3.95,0.330,82.39,0.7813
223.5,4.03,0.328,81.95,0.7916
223.5,4.11,0.326,81.60,0.8003
223.5,4.19,0.325,81.35,0.8059
223.5,4.27,0.325,81.17,0.8090
223.5,4.35,0.324,81.07,0.8102
223.5,4.43,0.324,81.03,0.8098
223.5,4.51,0.324,81.04,0.8085
223.5,4.59,0.324,81.07,0.8072
223.5,4.67,0.325,81.13,0.8061
223.5,4.75,0.325,81.20,0.8052
223.5,4.83,0.325,81.30,0.8044
223.5,4.91,0.326,81.41,0.8037
223.5,4.99,0.326,81.54,0.8031
223.5,5.07,0.327,81.67,0.8026
223.5,5.15,0.327,81.83,0.8013
223.5,5.23,0.328,82.01,0.7987
223.5,5.32,0.329,82.22,0.7940
223.5,5.40,0.330,82.46,0.7869
223.5,5.48,0.331,82.74,0.7768
223.5,5.56,0.332,83.05,0.7638
223.5,5.64,0.334,83.39,0.7546
223.5,5.72,0.335,83.73,0.7510
223.5,5.80,0.336,84.08,0.7522
223.5,5.88,0.337,84.34,0.7581
223.5,5.96,0.338,84.50,0.7692
223.5,6.04,0.338,84.53,0.7847
223.5,6.12,0.338,84.56,0.7979
223.5,6.20,0.338,84.59,0.8078
223.5,6.28,0.338,84.62,0.8152
223.5,6.36,0.339,84.65,0.8203
223.5,6.44,0.339,84.67,0.8238
223.5,6.52,0.339,84.69,0.8262
223.5,6.60,0.339,84.70,0.8285
223.5,6.68,0.339,84.70,0.8307
223.5,6.77,0.339,84.69,0.8327
223.5,6.85,0.339,84.67,0.8345
223.5,6.93,0.339,84.64,0.8362
223.5,7.01,0.338,84.61,0.8377
223.5,7.09,0.338,84.57,0.8389
223.5,7.17,0.338,84.53,0.8390
223.5,7.25,0.338,84.49,0.8371
223.5,7.33,0.338,84.48,0.8327
223.5,7.41,0.338,84.48,0.8252
223.5,7.49,0.338,84.50,0.8141
223.5,7.57,0.338,84.53,0.8000
223.5,7.65,0.338,84.42,0.7895
223.5,7.73,0.337,84.18,0.7833
223.5,7.81,0.335,83.84,0.7811
223.5,7.89,0.334,83.50,0.7833
223.5,7.97,0.333,83.18,0.7906
223.5,8.05,0.332,82.90,0.8012
223.5,8.13,0.331,82.73,0.8090
223.5,8.21,0.331,82.67,0.8138
223.5,8.30,0.331,82.71,0.8162
223.5,8.38,0.331,82.81,0.8168
223.5,8.46,0.332,82.98,0.8163
223.5,8.54,0.333,83.19,0.8154
223.5,8.62,0.334,83.41,0.8149
223.5,8.70,0.335,83.64,0.8149
223.5,8.78,0.336,83.89,0.8154
223.5,8.86,0.337,84.14,0.8164
223.5,8.94,0.338,84.40,0.8180
223.5,9.02,0.339,84.67,0.8202
223.5,9.10,0.340,84.95,0.8228
223.5,9.18,0.341,85.24,0.8251
223.5,9.26,0.342,85.58,0.8265
223.5,9.34,0.344,85.96,0.8264
223.5,9.42,0.346,86.39,0.8244
223.5,9.50,0.348,86.88,0.8201
223.5,9.58,0.350,87.40,0.8150
223.5,9.66,0.351,87.87,0.8149
223.5,9.74,0.353,88.26,0.8199
223.5,9.83,0.354,88.58,0.8292
223.5,9.91,0.355,88.79,0.8431
223.5,9.99,0.355,88.86,0.8620
223.5,10.07,0.355,88.85,0.8834
223.5,10.15,0.356,88.88,0.9024
223.5,10.23,0.356,88.93,0.9191
223.5,10.31,0.356,89.00,0.9336
223.5,10.39,0.356,89.07,0.9460
223.5,10.47,0.357,89.15,0.9565
223.5,10.55,0.357,89.22,0.9656
223.5,10.63,0.357,89.26,0.9734
223.5,10.71,0.357,89.28,0.9797
223.5,10.79,0.357,89.28,0.9844
223.5,10.87,0.357,89.25,0.9873
223.5,10.95,0.357,89.20,0.9883
223.5,11.03,0.357,89.13,0.9870
223.5,11.11,0.356,89.04,0.9831
223.5,11.19,0.356,88.94,0.9753
223.5,11.28,0.355,88.85,0.9629
223.5,11.36,0.355,88.79,0.9451
223.5,11.44,0.355,88.74,0.9212
223.5,11.52,0.355,88.74,0.8903
223.5,11.60,0.355,88.73,0.8567
223.5,11.68,0.354,88.62,0.8286
223.5,11.76,0.354,88.43,0.8058
223.5,11.84,0.352,88.11,0.7876
223.5,11.92,0.351,87.65,0.7742
223.5,12.00,0.348,87.01,0.7659
228.9,0.00,0.336,84.03,
228.9,0.08,0.338,84.54,
228.9,0.16,0.340,85.08,
228.9,0.24,0.343,85.65,
228.9,0.32,0.345,86.24,
228.9,0.40,0.347,86.85,
228.9,0.48,0.350,87.47,
228.9,0.56,0.352,88.09,
228.9,0.64,0.355,88.70,
228.9,0.72,0.357,89.30,
228.9,0.81,0.360,89.88,
228.9,0.89,0.362,90.45,
228.9,0.97,0.364,91.01,
228.9,1.05,0.366,91.58,
228.9,1.13,0.369,92.16,
228.9,1.21,0.371,92.76,
228.9,1.29,0.374,93.40,
228.9,1.37,0.376,94.07,
228.9,1.45,0.379,94.78,
228.9,1.53,0.382,95.42,
228.9,1.61,0.384,95.96,
228.9,1.69,0.386,96.39,
228.9,1.77,0.387,96.71,
228.9,1.85,0.388,96.90,
228.9,1.93,0.388,96.96,
228.9,2.01,0.387,96.87,0.9431
228.9,2.09,0.387,96.69,0.9546
228.9,2.17,0.386,96.47,0.9607
228.9,2.26,0.385,96.21,0.9621
228.9,2.34,0.384,95.90,0.9594
228.9,2.42,0.382,95.57,0.9535
228.9,2.50,0.381,95.21,0.9450
228.9,2.58,0.379,94.82,0.9345
228.9,2.66,0.378,94.41,0.9230
228.9,2.74,0.376,93.99,0.9108
228.9,2.82,0.374,93.56,0.8982
228.9,2.90,0.372,93.12,0.8852
228.9,2.98,0.371,92.68,0.8717
228.9,3.06,0.369,92.25,0.8575
228.9,3.14,0.367,91.83,0.8426
228.9,3.22,0.366,91.43,0.8269
228.9,3.30,0.364,91.06,0.8103
228.9,3.38,0.363,90.72,0.7926
228.9,3.46,0.362,90.41,0.7747
228.9,3.54,0.360,90.00,0.7615
228.9,3.62,0.358,89.48,0.7533
228.9,3.70,0.356,88.88,0.7497
228.9,3.79,0.353,88.24,0.7499
228.9,3.87,0.351,87.65,0.7538
228.9,3.95,0.348,87.11,0.7619
228.9,4.03,0.347,86.64,0.7741
228.9,4.11,0.345,86.26,0.7844
228.9,4.19,0.344,85.99,0.7915
228.9,4.27,0.343,85.79,0.7960
228.9,4.35,0.343,85.67,0.7982
228.9,4.43,0.342,85.62,0.7986
228.9,4.51,0.342,85.61,0.7979
228.9,4.59,0.343,85.64,0.7966
228.9,4.67,0.343,85.70,0.7951
228.9,4.75,0.343,85.77,0.7938
228.9,4.83,0.343,85.87,0.7926
228.9,4.91,0.344,85.98,0.7913
228.9,4.99,0.344,86.11,0.7893
228.9,5.07,0.345,86.27,0.7860
228.9,5.15,0.346,86.46,0.7810
228.9,5.23,0.347,86.68,0.7736
228.9,5.32,0.348,86.93,0.7635
228.9,5.40,0.349,87.22,0.7501
228.9,5.48,0.350,87.56,0.7351
228.9,5.56,0.352,87.91,0.7253
228.9,5.64,0.353,88.27,0.7206
228.9,5.72,0.355,88.64,0.7204
228.9,5.80,0.356,88.97,0.7244
228.9,5.88,0.357,89.20,0.7328
228.9,5.96,0.357,89.32,0.7462
228.9,6.04,0.357,89.33,0.7638
228.9,6.12,0.357,89.33,0.7788
228.9,6.20,0.357,89.33,0.7905
228.9,6.28,0.357,89.33,0.7994
228.9,6.36,0.357,89.34,0.8059
228.9,6.44,0.357,89.34,0.8106
228.9,6.52,0.357,89.34,0.8139
228.9,6.60,0.357,89.33,0.8164
228.9,6.68,0.357,89.31,0.8186
228.9,6.77,0.357,89.29,0.8206
228.9,6.85,0.357,89.25,0.8225
228.9,6.93,0.357,89.21,0.8239
228.9,7.01,0.357,89.18,0.8241
228.9,7.09,0.357,89.14,0.8225
228.9,7.17,0.356,89.12,0.8187
228.9,7.25,0.356,89.12,0.8119
228.9,7.33,0.357,89.13,0.8018
228.9,7.41,0.357,89.17,0.7876
228.9,7.49,0.357,89.18,0.7722
228.9,7.57,0.356,89.04,0.7611
228.9,7.65,0.355,88.77,0.7540
228.9,7.73,0.354,88.39,0.7504
228.9,7.81,0.352,88.00,0.7506
228.9,7.89,0.350,87.61,0.7551
228.9,7.97,0.349,87.24,0.7645
228.9,8.05,0.348,86.92,0.7772
228.9,8.13,0.347,86.72,0.7867
228.9,8.21,0.347,86.64,0.7931
228.9,8.30,0.347,86.64,0.7970
228.9,8.38,0.347,86.73,0.7989
228.9,8.46,0.348,86.88,0.7995
228.9,8.54,0.348,87.07,0.7992
228.9,8.62,0.349,87.30,0.7987
228.9,8.70,0.350,87.54,0.7987
228.9,8.78,0.351,87.79,0.7992
228.9,8.86,0.352,88.05,0.8002
228.9,8.94,0.353,88.33,0.8014
228.9,9.02,0.355,88.63,0.8023
228.9,9.10,0.356,88.96,0.8023
228.9,9.18,0.357,89.34,0.8011
228.9,9.26,0.359,89.76,0.7981
228.9,9.34,0.361,90.25,0.7929
228.9,9.42,0.363,90.80,0.7850
228.9,9.50,0.365,91.36,0.7785
228.9,9.58,0.367,91.85,0.7772
228.9,9.66,0.369,92.28,0.7805
228.9,9.74,0.371,92.65,0.7879
228.9,9.83,0.372,92.93,0.7992
228.9,9.91,0.372,93.10,0.8148
228.9,9.99,0.373,93.13,0.8351
228.9,10.07,0.372,93.09,0.8578
228.9,10.15,0.372,93.09,0.8780
228.9,10.23,0.372,93.11,0.8956
228.9,10.31,0.373,93.16,0.9108
228.9,10.39,0.373,93.22,0.9238
228.9,10.47,0.373,93.28,0.9346
228.9,10.55,0.373,93.34,0.9435
228.9,10.63,0.374,93.38,0.9507
228.9,10.71,0.374,93.40,0.9563
228.9,10.79,0.374,93.40,0.9601
228.9,10.87,0.373,93.37,0.9619
228.9,10.95,0.373,93.33,0.9611
228.9,11.03,0.373,93.29,0.9568
228.9,11.11,0.373,93.25,0.9482
228.9,11.19,0.373,93.23,0.9346
228.9,11.28,0.373,93.23,0.9153
228.9,11.36,0.373,93.26,0.8894
228.9,11.44,0.373,93.33,0.8565
228.9,11.52,0.373,93.36,0.8247
228.9,11.60,0.373,93.30,0.7981
228.9,11.68,0.373,93.15,0.7765
228.9,11.76,0.372,92.91,0.7592
228.9,11.84,0.370,92.52,0.7459
228.9,11.92,0.368,91.99,0.7371
228.9,12.00,0.365,91.28,0.7335
234.2,0.00,0.354,88.41,
234.2,0.08,0.356,88.96,
234.2,0.16,0.358,89.55,
234.2,0.24,0.361,90.17,
234.2,0.32,0.363,90.81,
234.2,0.40,0.366,91.47,
234.2,0.48,0.369,92.14,
234.2,0.56,0.371,92.81,
234.2,0.64,0.374,93.48,
234.2,0.72,0.377,94.13,
234.2,0.81,0.379,94.78,
234.2,0.89,0.382,95.44,
234.2,0.97,0.384,96.10,
234.2,1.05,0.387,96.78,
234.2,1.13,0.390,97.50,
234.2,1.21,0.393,98.25,
234.2,1.29,0.396,99.05,
234.2,1.37,0.399,99.86,
234.2,1.45,0.402,100.59,
234.2,1.53,0.405,101.21,
234.2,1.61,0.407,101.72,
234.2,1.69,0.409,102.14,
234.2,1.77,0.410,102.43,
234.2,1.85,0.410,102.59,
234.2,1.93,0.410,102.62,
234.2,2.01,0.410,102.50,0.9377
234.2,2.09,0.409,102.30,0.9488
234.2,2.17,0.408,102.05,0.9545
234.2,2.26,0.407,101.76,0.9554
234.2,2.34,0.406,101.44,0.9521
234.2,2.42,0.404,101.08,0.9455
234.2,2.50,0.403,100.69,0.9362
234.2,2.58,0.401,100.28,0.9250
234.2,2.66,0.399,99.85,0.9124
234.2,2.74,0.398,99.41,0.8990
234.2,2.82,0.396,98.97,0.8851
234.2,2.90,0.394,98.52,0.8704
234.2,2.98,0.392,98.09,0.8548
234.2,3.06,0.391,97.67,0.8383
234.2,3.14,0.389,97.28,0.8208
234.2,3.22,0.388,96.91,0.8021
234.2,3.30,0.386,96.59,0.7822
234.2,3.38,0.385,96.25,0.7634
234.2,3.46,0.383,95.79,0.7498
234.2,3.54,0.381,95.24,0.7408
234.2,3.62,0.378,94.60,0.7361
234.2,3.70,0.376,93.91,0.7350
234.2,3.79,0.373,93.25,0.7371
234.2,3.87,0.371,92.63,0.7429
234.2,3.95,0.368,92.06,0.7526
234.2,4.03,0.366,91.57,0.7662
234.2,4.11,0.365,91.17,0.7778
234.2,4.19,0.364,90.88,0.7860
234.2,4.27,0.363,90.67,0.7913
234.2,4.35,0.362,90.54,0.7942
234.2,4.43,0.362,90.47,0.7952
234.2,4.51,0.362,90.45,0.7948
234.2,4.59,0.362,90.48,0.7935
234.2,4.67,0.362,90.53,0.7918
234.2,4.75,0.362,90.61,0.7900
234.2,4.83,0.363,90.71,0.7876
234.2,4.91,0.363,90.83,0.7842
234.2,4.99,0.364,90.98,0.7792
234.2,5.07,0.365,91.17,0.7721
234.2,5.15,0.366,91.40,0.7624
234.2,5.23,0.367,91.66,0.7496
234.2,5.32,0.368,91.96,0.7332
234.2,5.40,0.369,92.30,0.7177
234.2,5.48,0.371,92.66,0.7075
234.2,5.56,0.372,93.04,0.7021
234.2,5.64,0.374,93.42,0.7009
234.2,5.72,0.375,93.80,0.7033
234.2,5.80,0.376,94.10,0.7095
234.2,5.88,0.377,94.30,0.7198
234.2,5.96,0.378,94.39,0.7350
234.2,6.04,0.377,94.37,0.7542
234.2,6.12,0.377,94.35,0.7706
234.2,6.20,0.377,94.32,0.7835
234.2,6.28,0.377,94.31,0.7935
234.2,6.36,0.377,94.29,0.8009
234.2,6.44,0.377,94.27,0.8064
234.2,6.52,0.377,94.25,0.8102
234.2,6.60,0.377,94.23,0.8131
234.2,6.68,0.377,94.19,0.8153
234.2,6.77,0.377,94.16,0.8171
234.2,6.85,0.376,94.12,0.8179
234.2,6.93,0.376,94.08,0.8171
234.2,7.01,0.376,94.05,0.8142
234.2,7.09,0.376,94.04,0.8086
234.2,7.17,0.376,94.05,0.7998
234.2,7.25,0.376,94.08,0.7872
234.2,7.33,0.377,94.14,0.7704
234.2,7.41,0.376,94.10,0.7548
234.2,7.49,0.376,93.93,0.7434
234.2,7.57,0.375,93.63,0.7356
234.2,7.65,0.373,93.23,0.7311
234.2,7.73,0.371,92.78,0.7297
234.2,7.81,0.369,92.34,0.7319
234.2,7.89,0.368,91.92,0.7383
234.2,7.97,0.366,91.52,0.7493
234.2,8.05,0.365,91.18,0.7635
234.2,8.13,0.364,90.95,0.7744
234.2,8.21,0.363,90.84,0.7820
234.2,8.30,0.363,90.83,0.7869
234.2,8.38,0.364,90.90,0.7897
234.2,8.46,0.364,91.04,0.7910
234.2,8.54,0.365,91.23,0.7912
234.2,8.62,0.366,91.46,0.7910
234.2,8.70,0.367,91.71,0.7910
234.2,8.78,0.368,91.97,0.7912
234.2,8.86,0.369,92.26,0.7911
234.2,8.94,0.370,92.58,0.7903
234.2,9.02,0.372,92.94,0.7884
234.2,9.10,0.373,93.35,0.7849
234.2,9.18,0.375,93.82,0.7793
234.2,9.26,0.377,94.35,0.7712
234.2,9.34,0.380,94.95,0.7606
234.2,9.42,0.382,95.52,0.7534
234.2,9.50,0.384,96.03,0.7512
234.2,9.58,0.386,96.48,0.7532
234.2,9.66,0.388,96.89,0.7590
234.2,9.74,0.389,97.23,0.7681
234.2,9.83,0.390,97.48,0.7809
234.2,9.91,0.390,97.61,0.7977
234.2,9.99,0.390,97.62,0.8191
234.2,10.07,0.390,97.56,0.8427
234.2,10.15,0.390,97.54,0.8635
234.2,10.23,0.390,97.54,0.8816
234.2,10.31,0.390,97.57,0.8971
234.2,10.39,0.390,97.62,0.9102
234.2,10.47,0.391,97.67,0.9209
234.2,10.55,0.391,97.72,0.9295
234.2,10.63,0.391,97.76,0.9361
234.2,10.71,0.391,97.79,0.9408
234.2,10.79,0.391,97.79,0.9432
234.2,10.87,0.391,97.79,0.9424
234.2,10.95,0.391,97.80,0.9378
234.2,11.03,0.391,97.81,0.9286
234.2,11.11,0.391,97.84,0.9140
234.2,11.19,0.392,97.91,0.8933
234.2,11.28,0.392,98.02,0.8658
234.2,11.36,0.393,98.15,0.8323
234.2,11.44,0.393,98.22,0.8026
234.2,11.52,0.393,98.20,0.7778
234.2,11.60,0.392,98.09,0.7575
234.2,11.68,0.392,97.89,0.7411
234.2,11.76,0.390,97.58,0.7282
234.2,11.84,0.389,97.14,0.7192
234.2,11.92,0.386,96.53,0.7146
234.2,12.00,0.383,95.77,0.7151
239.6,0.00,0.372,93.03,
239.6,0.08,0.375,93.64,
239.6,0.16,0.377,94.29,
239.6,0.24,0.380,94.97,
239.6,0.32,0.383,95.67,
239.6,0.40,0.386,96.39,
239.6,0.48,0.388,97.12,
239.6,0.56,0.391,97.86,
239.6,0.64,0.394,98.59,
239.6,0.72,0.397,99.32,
239.6,0.81,0.400,100.06,
239.6,0.89,0.403,100.82,
239.6,0.97,0.406,101.61,
239.6,1.05,0.410,102.44,
239.6,1.13,0.413,103.31,
239.6,1.21,0.417,104.23,
239.6,1.29,0.421,105.14,
239.6,1.37,0.424,105.94,
239.6,1.45,0.427,106.64,
239.6,1.53,0.429,107.24,
239.6,1.61,0.431,107.74,
239.6,1.69,0.433,108.13,
239.6,1.77,0.434,108.40,
239.6,1.85,0.434,108.53,
239.6,1.93,0.434,108.53,
239.6,2.01,0.434,108.39,0.9386
239.6,2.09,0.433,108.17,0.9491
239.6,2.17,0.432,107.90,0.9540
239.6,2.26,0.430,107.58,0.9541
239.6,2.34,0.429,107.23,0.9500
239.6,2.42,0.427,106.85,0.9424
239.6,2.50,0.426,106.44,0.9320
239.6,2.58,0.424,106.01,0.9196
239.6,2.66,0.422,105.57,0.9058
239.6,2.74,0.420,105.12,0.8911
239.6,2.82,0.419,104.68,0.8755
239.6,2.90,0.417,104.24,0.8588
239.6,2.98,0.415,103.83,0.8409
239.6,3.06,0.414,103.44,0.8218
239.6,3.14,0.412,103.09,0.8014
239.6,3.22,0.411,102.77,0.7797
239.6,3.30,0.410,102.38,0.7609
239.6,3.38,0.408,101.89,0.7470
239.6,3.46,0.405,101.30,0.7376
239.6,3.54,0.403,100.63,0.7321
239.6,3.62,0.400,99.91,0.7299
239.6,3.70,0.397,99.18,0.7305
239.6,3.79,0.394,98.49,0.7342
239.6,3.87,0.391,97.85,0.7413
239.6,3.95,0.389,97.27,0.7523
239.6,4.03,0.387,96.76,0.7669
239.6,4.11,0.385,96.34,0.7794
239.6,4.19,0.384,96.03,0.7882
239.6,4.27,0.383,95.82,0.7940
239.6,4.35,0.383,95.67,0.7972
239.6,4.43,0.382,95.60,0.7982
239.6,4.51,0.382,95.58,0.7977
239.6,4.59,0.382,95.60,0.7961
239.6,4.67,0.383,95.66,0.7939
239.6,4.75,0.383,95.74,0.7908
239.6,4.83,0.383,95.85,0.7863
239.6,4.91,0.384,95.99,0.7799
239.6,4.99,0.385,96.18,0.7711
239.6,5.07,0.386,96.40,0.7594
239.6,5.15,0.387,96.66,0.7443
239.6,5.23,0.388,96.97,0.7258
239.6,5.32,0.389,97.31,0.7107
239.6,5.40,0.391,97.67,0.7005
239.6,5.48,0.392,98.05,0.6947
239.6,5.56,0.394,98.45,0.6927
239.6,5.64,0.395,98.85,0.6940
239.6,5.72,0.397,99.20,0.6983
239.6,5.80,0.398,99.47,0.7061
239.6,5.88,0.399,99.65,0.7179
239.6,5.96,0.399,99.72,0.7343
239.6,6.04,0.399,99.68,0.7546
239.6,6.12,0.399,99.63,0.7720
239.6,6.20,0.398,99.59,0.7857
239.6,6.28,0.398,99.55,0.7962
239.6,6.36,0.398,99.51,0.8041
239.6,6.44,0.398,99.48,0.8097
239.6,6.52,0.398,99.44,0.8137
239.6,6.60,0.398,99.41,0.8164
239.6,6.68,0.397,99.36,0.8182
239.6,6.77,0.397,99.32,0.8186
239.6,6.85,0.397,99.29,0.8171
239.6,6.93,0.397,99.27,0.8131
239.6,7.01,0.397,99.26,0.8061
239.6,7.09,0.397,99.28,0.7955
239.6,7.17,0.397,99.32,0.7807
239.6,7.25,0.397,99.37,0.7624
239.6,7.33,0.397,99.30,0.7471
239.6,7.41,0.396,99.09,0.7356
239.6,7.49,0.395,98.76,0.7275
239.6,7.57,0.393,98.34,0.7224
239.6,7.65,0.391,97.86,0.7197
239.6,7.73,0.390,97.38,0.7200
239.6,7.81,0.388,96.91,0.7238
239.6,7.89,0.386,96.47,0.7316
239.6,7.97,0.384,96.05,0.7439
239.6,8.05,0.383,95.68,0.7592
239.6,8.13,0.382,95.44,0.7710
239.6,8.21,0.381,95.32,0.7794
239.6,8.30,0.381,95.30,0.7849
239.6,8.38,0.381,95.37,0.7881
239.6,8.46,0.382,95.51,0.7896
239.6,8.54,0.383,95.70,0.7899
239.6,8.62,0.384,95.94,0.7897
239.6,8.70,0.385,96.20,0.7892
239.6,8.78,0.386,96.49,0.7881
239.6,8.86,0.387,96.82,0.7861
239.6,8.94,0.389,97.20,0.7825
239.6,9.02,0.391,97.64,0.7770
239.6,9.10,0.393,98.14,0.7692
239.6,9.18,0.395,98.71,0.7585
239.6,9.26,0.397,99.34,0.7465
239.6,9.34,0.400,99.91,0.7390
239.6,9.42,0.402,100.43,0.7361
239.6,9.50,0.404,100.90,0.7372
239.6,9.58,0.405,101.33,0.7417
239.6,9.66,0.407,101.71,0.7491
239.6,9.74,0.408,102.02,0.7594
239.6,9.83,0.409,102.25,0.7731
239.6,9.91,0.409,102.36,0.7908
239.6,9.99,0.409,102.36,0.8128
239.6,10.07,0.409,102.28,0.8368
239.6,10.15,0.409,102.24,0.8579
239.6,10.23,0.409,102.24,0.8760
239.6,10.31,0.409,102.26,0.8913
239.6,10.39,0.409,102.31,0.9040
239.6,10.47,0.409,102.36,0.9142
239.6,10.55,0.410,102.41,0.9221
239.6,10.63,0.410,102.45,0.9278
239.6,10.71,0.410,102.49,0.9307
239.6,10.79,0.410,102.53,0.9302
239.6,10.87,0.410,102.57,0.9255
239.6,10.95,0.411,102.63,0.9159
239.6,11.03,0.411,102.72,0.9005
239.6,11.11,0.411,102.85,0.8787
239.6,11.19,0.412,103.02,0.8496
239.6,11.28,0.413,103.20,0.8174
239.6,11.36,0.413,103.30,0.7899
239.6,11.44,0.413,103.31,0.7670
239.6,11.52,0.413,103.24,0.7481
239.6,11.60,0.412,103.09,0.7327
239.6,11.68,0.411,102.84,0.7205
239.6,11.76,0.410,102.47,0.7114
239.6,11.84,0.408,101.96,0.7061
239.6,11.92,0.405,101.30,0.7051
239.6,12.00,0.402,100.48,0.7091
245.0,0.00,0.392,97.92,
245.0,0.08,0.394,98.60,
245.0,0.16,0.397,99.32,
245.0,0.24,0.400,100.07,
245.0,0.32,0.403,100.84,
245.0,0.40,0.407,101.64,
245.0,0.48,0.410,102.44,
245.0,0.56,0.413,103.25,
245.0,0.64,0.416,104.06,
245.0,0.72,0.420,104.90,
245.0,0.81,0.423,105.76,
245.0,0.89,0.427,106.65,
245.0,0.97,0.430,107.59,
245.0,1.05,0.434,108.58,
245.0,1.13,0.438,109.62,
245.0,1.21,0.442,110.60,
245.0,1.29,0.446,111.48,
245.0,1.37,0.449,112.27,
245.0,1.45,0.452,112.95,
245.0,1.53,0.454,113.53,
245.0,1.61,0.456,114.01,
245.0,1.69,0.458,114.38,
245.0,1.77,0.458,114.62,
245.0,1.85,0.459,114.73,
245.0,1.93,0.459,114.71,
245.0,2.01,0.458,114.55,0.9450
245.0,2.09,0.457,114.30,0.9545
245.0,2.17,0.456,114.01,0.9585
245.0,2.26,0.455,113.67,0.9574
245.0,2.34,0.453,113.30,0.9521
245.0,2.42,0.452,112.90,0.9433
245.0,2.50,0.450,112.48,0.9315
245.0,2.58,0.448,112.03,0.9176
245.0,2.66,0.446,111.58,0.9025
245.0,2.74,0.445,111.14,0.8862
245.0,2.82,0.443,110.71,0.8686
245.0,2.90,0.441,110.30,0.8497
245.0,2.98,0.440,109.92,0.8294
245.0,3.06,0.438,109.57,0.8075
245.0,3.14,0.437,109.25,0.7848
245.0,3.22,0.435,108.82,0.7664
245.0,3.30,0.433,108.29,0.7526
245.0,3.38,0.431,107.67,0.7429
245.0,3.46,0.428,106.97,0.7368
245.0,3.54,0.425,106.22,0.7337
245.0,3.62,0.422,105.45,0.7332
245.0,3.70,0.419,104.70,0.7351
245.0,3.79,0.416,103.99,0.7400
245.0,3.87,0.413,103.34,0.7481
245.0,3.95,0.411,102.74,0.7598
245.0,4.03,0.409,102.21,0.7751
245.0,4.11,0.407,101.79,0.7880
245.0,4.19,0.406,101.47,0.7971
245.0,4.27,0.405,101.25,0.8030
245.0,4.35,0.404,101.10,0.8060
245.0,4.43,0.404,101.03,0.8068
245.0,4.51,0.404,101.01,0.8058
245.0,4.59,0.404,101.03,0.8035
245.0,4.67,0.404,101.09,0.7999
245.0,4.75,0.405,101.18,0.7947
245.0,4.83,0.405,101.31,0.7873
245.0,4.91,0.406,101.48,0.7772
245.0,4.99,0.407,101.69,0.7638
245.0,5.07,0.408,101.95,0.7467
245.0,5.15,0.409,102.26,0.7276
245.0,5.23,0.410,102.59,0.7131
245.0,5.32,0.412,102.95,0.7032
245.0,5.40,0.413,103.33,0.6973
245.0,5.48,0.415,103.73,0.6949
245.0,5.56,0.417,104.13,0.6953
245.0,5.64,0.418,104.52,0.6982
245.0,5.72,0.419,104.85,0.7039
245.0,5.80,0.420,105.10,0.7129
245.0,5.88,0.421,105.26,0.7257
245.0,5.96,0.421,105.31,0.7429
245.0,6.04,0.421,105.25,0.7638
245.0,6.12,0.421,105.18,0.7816
245.0,6.20,0.420,105.12,0.7956
245.0,6.28,0.420,105.07,0.8062
245.0,6.36,0.420,105.02,0.8140
245.0,6.44,0.420,104.98,0.8194
245.0,6.52,0.420,104.93,0.8229
245.0,6.60,0.420,104.88,0.8250
245.0,6.68,0.419,104.84,0.8253
245.0,6.77,0.419,104.81,0.8234
245.0,6.85,0.419,104.79,0.8186
245.0,6.93,0.419,104.79,0.8103
245.0,7.01,0.419,104.81,0.7982
245.0,7.09,0.419,104.87,0.7815
245.0,7.17,0.420,104.89,0.7630
245.0,7.25,0.419,104.77,0.7482
245.0,7.33,0.418,104.53,0.7370
245.0,7.41,0.417,104.18,0.7288
245.0,7.49,0.415,103.74,0.7232
245.0,7.57,0.413,103.23,0.7198
245.0,7.65,0.411,102.72,0.7187
245.0,7.73,0.409,102.21,0.7203
245.0,7.81,0.407,101.73,0.7252
245.0,7.89,0.405,101.27,0.7339
245.0,7.97,0.403,100.83,0.7471
245.0,8.05,0.402,100.46,0.7631
245.0,8.13,0.401,100.21,0.7754
245.0,8.21,0.400,100.09,0.7841
245.0,8.30,0.400,100.07,0.7898
245.0,8.38,0.401,100.15,0.7930
245.0,8.46,0.401,100.30,0.7943
245.0,8.54,0.402,100.50,0.7942
245.0,8.62,0.403,100.75,0.7934
245.0,8.70,0.404,101.04,0.7917
245.0,8.78,0.406,101.38,0.7886
245.0,8.86,0.407,101.77,0.7838
245.0,8.94,0.409,102.22,0.7767
245.0,9.02,0.411,102.75,0.7669
245.0,9.10,0.413,103.36,0.7539
245.0,9.18,0.416,103.98,0.7417
245.0,9.26,0.418,104.55,0.7343
245.0,9.34,0.420,105.06,0.7311
245.0,9.42,0.422,105.54,0.7316
245.0,9.50,0.424,105.99,0.7350
245.0,9.58,0.426,106.40,0.7410
245.0,9.66,0.427,106.76,0.7493
245.0,9.74,0.428,107.05,0.7604
245.0,9.83,0.429,107.26,0.7747
245.0,9.91,0.429,107.36,0.7928
245.0,9.99,0.429,107.35,0.8150
245.0,10.07,0.429,107.26,0.8390
245.0,10.15,0.429,107.22,0.8598
245.0,10.23,0.429,107.22,0.8775
245.0,10.31,0.429,107.25,0.8923
245.0,10.39,0.429,107.30,0.9042
245.0,10.47,0.429,107.36,0.9134
245.0,10.55,0.430,107.42,0.9201
245.0,10.63,0.430,107.48,0.9239
245.0,10.71,0.430,107.55,0.9239
245.0,10.79,0.431,107.63,0.9193
245.0,10.87,0.431,107.74,0.9094
245.0,10.95,0.432,107.88,0.8935
245.0,11.03,0.432,108.06,0.8707
245.0,11.11,0.433,108.30,0.8405
245.0,11.19,0.434,108.50,0.8109
245.0,11.28,0.434,108.62,0.7858
245.0,11.36,0.435,108.66,0.7649
245.0,11.44,0.434,108.62,0.7476
245.0,11.52,0.434,108.51,0.7334
245.0,11.60,0.433,108.31,0.7219
245.0,11.68,0.432,108.01,0.7130
245.0,11.76,0.430,107.58,0.7071
245.0,11.84,0.428,107.02,0.7049
245.0,11.92,0.425,106.31,0.7070
245.0,12.00,0.422,105.43,0.7138
250.3,0.00,0.412,103.12,
250.3,0.08,0.415,103.87,
250.3,0.16,0.419,104.67,
250.3,0.24,0.422,105.50,
250.3,0.32,0.425,106.36,
250.3,0.40,0.429,107.24,
250.3,0.48,0.433,108.13,
250.3,0.56,0.436,109.03,
250.3,0.64,0.440,109.95,
250.3,0.72,0.444,110.91,
250.3,0.81,0.448,111.91,
250.3,0.89,0.452,112.96,
250.3,0.97,0.456,114.07,
250.3,1.05,0.461,115.22,
250.3,1.13,0.465,116.27,
250.3,1.21,0.469,117.23,
250.3,1.29,0.472,118.09,
250.3,1.37,0.475,118.85,
250.3,1.45,0.478,119.51,
250.3,1.53,0.480,120.08,
250.3,1.61,0.482,120.54,
250.3,1.69,0.484,120.88,
250.3,1.77,0.484,121.10,
250.3,1.85,0.485,121.20,
250.3,1.93,0.485,121.15,
250.3,2.01,0.484,120.97,0.9561
250.3,2.09,0.483,120.70,0.9644
250.3,2.17,0.482,120.39,0.9670
250.3,2.26,0.480,120.04,0.9646
250.3,2.34,0.479,119.66,0.9578
250.3,2.42,0.477,119.24,0.9473
250.3,2.50,0.475,118.80,0.9339
250.3,2.58,0.473,118.35,0.9186
250.3,2.66,0.472,117.91,0.9019
250.3,2.74,0.470,117.48,0.8837
250.3,2.82,0.468,117.08,0.8640
250.3,2.90,0.467,116.71,0.8426
250.3,2.98,0.465,116.37,0.8195
250.3,3.06,0.464,116.02,0.7970
250.3,3.14,0.462,115.56,0.7792
250.3,3.22,0.460,114.99,0.7657
250.3,3.30,0.457,114.34,0.7561
250.3,3.38,0.454,113.62,0.7496
250.3,3.46,0.451,112.84,0.7459
250.3,3.54,0.448,112.04,0.7444
250.3,3.62,0.445,111.25,0.7449
250.3,3.70,0.442,110.48,0.7478
250.3,3.79,0.439,109.76,0.7534
250.3,3.87,0.436,109.09,0.7620
250.3,3.95,0.434,108.48,0.7742
250.3,4.03,0.432,107.95,0.7897
250.3,4.11,0.430,107.52,0.8027
250.3,4.19,0.429,107.20,0.8117
250.3,4.27,0.428,106.98,0.8171
250.3,4.35,0.427,106.83,0.8197
250.3,4.43,0.427,106.76,0.8197
250.3,4.51,0.427,106.75,0.8178
250.3,4.59,0.427,106.78,0.8142
250.3,4.67,0.427,106.84,0.8086
250.3,4.75,0.428,106.95,0.8005
250.3,4.83,0.428,107.10,0.7893
250.3,4.91,0.429,107.30,0.7747
250.3,4.99,0.430,107.55,0.7559
250.3,5.07,0.431,107.84,0.7376
250.3,5.15,0.433,108.16,0.7241
250.3,5.23,0.434,108.51,0.7148
250.3,5.32,0.436,108.89,0.7092
250.3,5.40,0.437,109.28,0.7066
250.3,5.48,0.439,109.68,0.7065
250.3,5.56,0.440,110.09,0.7084
250.3,5.64,0.442,110.45,0.7124
250.3,5.72,0.443,110.76,0.7189
250.3,5.80,0.444,110.99,0.7286
250.3,5.88,0.445,111.14,0.7420
250.3,5.96,0.445,111.17,0.7595
250.3,6.04,0.444,111.10,0.7805
250.3,6.12,0.444,111.02,0.7982
250.3,6.20,0.444,110.94,0.8119
250.3,6.28,0.444,110.88,0.8222
250.3,6.36,0.443,110.82,0.8294
250.3,6.44,0.443,110.77,0.8340
250.3,6.52,0.443,110.72,0.8367
250.3,6.60,0.443,110.67,0.8372
250.3,6.68,0.443,110.63,0.8350
250.3,6.77,0.442,110.62,0.8296
250.3,6.85,0.442,110.62,0.8205
250.3,6.93,0.443,110.66,0.8070
250.3,7.01,0.443,110.72,0.7888
250.3,7.09,0.443,110.70,0.7713
250.3,7.17,0.442,110.53,0.7574
250.3,7.25,0.441,110.25,0.7467
250.3,7.33,0.440,109.88,0.7387
250.3,7.41,0.438,109.42,0.7330
250.3,7.49,0.436,108.90,0.7292
250.3,7.57,0.433,108.36,0.7269
250.3,7.65,0.431,107.83,0.7268
250.3,7.73,0.429,107.31,0.7292
250.3,7.81,0.427,106.82,0.7348
250.3,7.89,0.425,106.35,0.7441
250.3,7.97,0.424,105.91,0.7577
250.3,8.05,0.422,105.54,0.7739
250.3,8.13,0.421,105.30,0.7863
250.3,8.21,0.421,105.18,0.7949
250.3,8.30,0.421,105.18,0.8003
250.3,8.38,0.421,105.27,0.8031
250.3,8.46,0.422,105.43,0.8038
250.3,8.54,0.423,105.66,0.8030
250.3,8.62,0.424,105.94,0.8009
250.3,8.70,0.425,106.27,0.7972
250.3,8.78,0.427,106.67,0.7913
250.3,8.86,0.429,107.13,0.7829
250.3,8.94,0.431,107.67,0.7715
250.3,9.02,0.433,108.30,0.7570
250.3,9.10,0.436,108.90,0.7456
250.3,9.18,0.438,109.45,0.7385
250.3,9.26,0.440,109.96,0.7353
250.3,9.34,0.442,110.44,0.7354
250.3,9.42,0.444,110.89,0.7382
250.3,9.50,0.445,111.32,0.7431
250.3,9.58,0.447,111.72,0.7499
250.3,9.66,0.448,112.06,0.7587
250.3,9.74,0.449,112.35,0.7701
250.3,9.83,0.450,112.54,0.7845
250.3,9.91,0.451,112.64,0.8025
250.3,9.99,0.451,112.63,0.8244
250.3,10.07,0.450,112.54,0.8480
250.3,10.15,0.450,112.51,0.8682
250.3,10.23,0.450,112.52,0.8850
250.3,10.31,0.450,112.55,0.8987
250.3,10.39,0.450,112.61,0.9094
250.3,10.47,0.451,112.69,0.9172
250.3,10.55,0.451,112.77,0.9220
250.3,10.63,0.451,112.87,0.9227
250.3,10.71,0.452,112.99,0.9184
250.3,10.79,0.453,113.13,0.9085
250.3,10.87,0.453,113.32,0.8922
250.3,10.95,0.454,113.56,0.8687
250.3,11.03,0.455,113.83,0.8389
250.3,11.11,0.456,114.05,0.8122
250.3,11.19,0.457,114.19,0.7896
250.3,11.28,0.457,114.26,0.7708
250.3,11.36,0.457,114.25,0.7553
250.3,11.44,0.457,114.16,0.7425
250.3,11.52,0.456,114.01,0.7319
250.3,11.60,0.455,113.76,0.7233
250.3,11.68,0.454,113.41,0.7171
250.3,11.76,0.452,112.94,0.7139
250.3,11.84,0.449,112.33,0.7142
250.3,11.92,0.446,111.57,0.7187
250.3,12.00,0.443,110.65,0.7279
255.7,0.00,0.435,108.64,
255.7,0.08,0.438,109.49,
255.7,0.16,0.442,110.38,
255.7,0.24,0.445,111.30,
255.7,0.32,0.449,112.25,
255.7,0.40,0.453,113.22,
255.7,0.48,0.457,114.21,
255.7,0.56,0.461,115.23,
255.7,0.64,0.465,116.29,
255.7,0.72,0.470,117.39,
255.7,0.81,0.474,118.56,
255.7,0.89,0.479,119.79,
255.7,0.97,0.484,121.02,
255.7,1.05,0.489,122.14,
255.7,1.13,0.493,123.17,
255.7,1.21,0.496,124.11,
255.7,1.29,0.500,124.95,
255.7,1.37,0.503,125.69,
255.7,1.45,0.505,126.34,
255.7,1.53,0.508,126.89,
255.7,1.61,0.509,127.33,
255.7,1.69,0.511,127.65,
255.7,1.77,0.511,127.86,
255.7,1.85,0.512,127.93,
255.7,1.93,0.511,127.87,
255.7,2.01,0.511,127.67,0.9711
255.7,2.09,0.510,127.39,0.9779
255.7,2.17,0.508,127.06,0.9789
255.7,2.26,0.507,126.70,0.9747
255.7,2.34,0.505,126.30,0.9661
255.7,2.42,0.503,125.87,0.9537
255.7,2.50,0.502,125.42,0.9386
255.7,2.58,0.500,124.98,0.9218
255.7,2.66,0.498,124.56,0.9033
255.7,2.74,0.497,124.17,0.8831
255.7,2.82,0.495,123.81,0.8609
255.7,2.90,0.494,123.48,0.8370
255.7,2.98,0.492,123.09,0.8155
255.7,3.06,0.490,122.59,0.7986
255.7,3.14,0.488,121.99,0.7857
255.7,3.22,0.485,121.31,0.7763
255.7,3.30,0.482,120.57,0.7698
255.7,3.38,0.479,119.77,0.7657
255.7,3.46,0.476,118.95,0.7635
255.7,3.54,0.472,118.12,0.7629
255.7,3.62,0.469,117.31,0.7641
255.7,3.70,0.466,116.54,0.7674
255.7,3.79,0.463,115.81,0.7733
255.7,3.87,0.461,115.13,0.7822
255.7,3.95,0.458,114.52,0.7943
255.7,4.03,0.456,113.98,0.8096
255.7,4.11,0.454,113.56,0.8223
255.7,4.19,0.453,113.24,0.8307
255.7,4.27,0.452,113.02,0.8354
255.7,4.35,0.452,112.88,0.8370
255.7,4.43,0.451,112.82,0.8359
255.7,4.51,0.451,112.81,0.8326
255.7,4.59,0.451,112.85,0.8270
255.7,4.67,0.452,112.93,0.8185
255.7,4.75,0.452,113.05,0.8067
255.7,4.83,0.453,113.23,0.7911
255.7,4.91,0.454,113.46,0.7716
255.7,4.99,0.455,113.74,0.7549
255.7,5.07,0.456,114.04,0.7427
255.7,5.15,0.457,114.37,0.7344
255.7,5.23,0.459,114.73,0.7293
255.7,5.32,0.460,115.11,0.7269
255.7,5.40,0.462,115.51,0.7267
255.7,5.48,0.464,115.91,0.7279
255.7,5.56,0.465,116.30,0.7306
255.7,5.64,0.467,116.65,0.7351
255.7,5.72,0.468,116.95,0.7421
255.7,5.80,0.469,117.17,0.7520
255.7,5.88,0.469,117.30,0.7653
255.7,5.96,0.469,117.32,0.7826
255.7,6.04,0.469,117.23,0.8033
255.7,6.12,0.469,117.14,0.8205
255.7,6.20,0.468,117.06,0.8335
255.7,6.28,0.468,116.99,0.8428
255.7,6.36,0.468,116.93,0.8490
255.7,6.44,0.467,116.87,0.8524
255.7,6.52,0.467,116.82,0.8533
255.7,6.60,0.467,116.78,0.8512
255.7,6.68,0.467,116.76,0.8456
255.7,6.77,0.467,116.77,0.8358
255.7,6.85,0.467,116.81,0.8212
255.7,6.93,0.467,116.86,0.8027
255.7,7.01,0.467,116.79,0.7866
255.7,7.09,0.466,116.59,0.7738
255.7,7.17,0.465,116.27,0.7639
255.7,7.25,0.463,115.87,0.7564
255.7,7.33,0.462,115.39,0.7508
255.7,7.41,0.459,114.86,0.7468
255.7,7.49,0.457,114.31,0.7440
255.7,7.57,0.455,113.76,0.7425
255.7,7.65,0.453,113.22,0.7429
255.7,7.73,0.451,112.70,0.7458
255.7,7.81,0.449,112.20,0.7516
255.7,7.89,0.447,111.74,0.7611
255.7,7.97,0.445,111.31,0.7746
255.7,8.05,0.444,110.94,0.7906
255.7,8.13,0.443,110.71,0.8027
255.7,8.21,0.442,110.62,0.8107
255.7,8.30,0.443,110.63,0.8154
255.7,8.38,0.443,110.75,0.8173
255.7,8.46,0.444,110.95,0.8170
255.7,8.54,0.445,111.20,0.8149
255.7,8.62,0.446,111.52,0.8108
255.7,8.70,0.448,111.91,0.8043
255.7,8.78,0.450,112.38,0.7949
255.7,8.86,0.452,112.93,0.7821
255.7,8.94,0.454,113.54,0.7675
255.7,9.02,0.456,114.12,0.7570
255.7,9.10,0.459,114.65,0.7506
255.7,9.18,0.461,115.15,0.7478
255.7,9.26,0.462,115.62,0.7478
255.7,9.34,0.464,116.06,0.7503
255.7,9.42,0.466,116.49,0.7545
255.7,9.50,0.468,116.91,0.7601
255.7,9.58,0.469,117.30,0.7671
255.7,9.66,0.471,117.64,0.7760
255.7,9.74,0.472,117.92,0.7873
255.7,9.83,0.472,118.12,0.8014
255.7,9.91,0.473,118.22,0.8188
255.7,9.99,0.473,118.21,0.8400
255.7,10.07,0.473,118.14,0.8627
255.7,10.15,0.472,118.12,0.8818
255.7,10.23,0.473,118.14,0.8974
255.7,10.31,0.473,118.20,0.9096
255.7,10.39,0.473,118.28,0.9186
255.7,10.47,0.474,118.38,0.9244
255.7,10.55,0.474,118.50,0.9260
255.7,10.63,0.475,118.65,0.9223
255.7,10.71,0.475,118.83,0.9125
255.7,10.79,0.476,119.06,0.8960
255.7,10.87,0.477,119.35,0.8720
255.7,10.95,0.479,119.65,0.8442
255.7,11.03,0.480,119.88,0.8206
255.7,11.11,0.480,120.03,0.8007
255.7,11.19,0.480,120.12,0.7842
255.7,11.28,0.481,120.13,0.7705
255.7,11.36,0.480,120.08,0.7592
255.7,11.44,0.480,119.95,0.7497
255.7,11.52,0.479,119.75,0.7416
255.7,11.60,0.478,119.46,0.7353
255.7,11.68,0.476,119.07,0.7313
255.7,11.76,0.474,118.55,0.7301
255.7,11.84,0.472,117.90,0.7324
255.7,11.92,0.468,117.10,0.7387
255.7,12.00,0.465,116.14,0.7496
261.1,0.00,0.458,114.52,
261.1,0.08,0.462,115.47,
261.1,0.16,0.466,116.47,
261.1,0.24,0.470,117.49,
261.1,0.32,0.474,118.55,
261.1,0.40,0.479,119.63,
261.1,0.48,0.483,120.74,
261.1,0.56,0.488,121.90,
261.1,0.64,0.492,123.11,
261.1,0.72,0.498,124.39,
261.1,0.81,0.503,125.74,
261.1,0.89,0.508,127.03,
261.1,0.97,0.513,128.23,
261.1,1.05,0.517,129.33,
261.1,1.13,0.521,130.34,
261.1,1.21,0.525,131.25,
261.1,1.29,0.528,132.08,
261.1,1.37,0.531,132.80,
261.1,1.45,0.534,133.44,
261.1,1.53,0.536,133.97,
261.1,1.61,0.538,134.39,
261.1,1.69,0.539,134.70,
261.1,1.77,0.540,134.89,
261.1,1.85,0.540,134.94,
261.1,1.93,0.539,134.87,
261.1,2.01,0.539,134.65,0.9892
261.1,2.09,0.537,134.36,0.9942
261.1,2.17,0.536,134.02,0.9932
261.1,2.26,0.535,133.64,0.9870
261.1,2.34,0.533,133.23,0.9763
261.1,2.42,0.531,132.79,0.9618
261.1,2.50,0.529,132.36,0.9452
261.1,2.58,0.528,131.95,0.9266
261.1,2.66,0.526,131.57,0.9061
261.1,2.74,0.525,131.22,0.8835
261.1,2.82,0.524,130.89,0.8597
261.1,2.90,0.522,130.46,0.8397
261.1,2.98,0.520,129.92,0.8239
261.1,3.06,0.517,129.29,0.8118
261.1,3.14,0.514,128.59,0.8028
261.1,3.22,0.511,127.82,0.7966
261.1,3.30,0.508,127.01,0.7924
261.1,3.38,0.505,126.17,0.7897
261.1,3.46,0.501,125.32,0.7883
261.1,3.54,0.498,124.48,0.7880
261.1,3.62,0.495,123.67,0.7895
261.1,3.70,0.492,122.89,0.7929
261.1,3.79,0.489,122.15,0.7987
261.1,3.87,0.486,121.48,0.8073
261.1,3.95,0.483,120.86,0.8191
261.1,4.03,0.481,120.33,0.8338
261.1,4.11,0.480,119.91,0.8457
261.1,4.19,0.478,119.60,0.8531
261.1,4.27,0.478,119.39,0.8568
261.1,4.35,0.477,119.26,0.8570
261.1,4.43,0.477,119.21,0.8544
261.1,4.51,0.477,119.21,0.8491
261.1,4.59,0.477,119.25,0.8406
261.1,4.67,0.477,119.35,0.8285
261.1,4.75,0.478,119.50,0.8122
261.1,4.83,0.479,119.71,0.7934
261.1,4.91,0.480,119.95,0.7787
261.1,4.99,0.481,120.24,0.7681
261.1,5.07,0.482,120.55,0.7610
261.1,5.15,0.484,120.89,0.7568
261.1,5.23,0.485,121.25,0.7549
261.1,5.32,0.487,121.63,0.7548
261.1,5.40,0.488,122.02,0.7558
261.1,5.48,0.490,122.42,0.7576
261.1,5.56,0.491,122.79,0.7605
261.1,5.64,0.493,123.13,0.7652
261.1,5.72,0.494,123.42,0.7720
261.1,5.80,0.495,123.63,0.7816
261.1,5.88,0.495,123.75,0.7945
261.1,5.96,0.495,123.76,0.8111
261.1,6.04,0.495,123.67,0.8309
261.1,6.12,0.494,123.57,0.8470
261.1,6.20,0.494,123.49,0.8588
261.1,6.28,0.494,123.41,0.8668
261.1,6.36,0.493,123.35,0.8714
261.1,6.44,0.493,123.29,0.8730
261.1,6.52,0.493,123.25,0.8712
261.1,6.60,0.493,123.23,0.8655
261.1,6.68,0.493,123.24,0.8553
261.1,6.77,0.493,123.29,0.8400
261.1,6.85,0.493,123.30,0.8224
261.1,6.93,0.493,123.18,0.8081
261.1,7.01,0.492,122.94,0.7967
261.1,7.09,0.490,122.59,0.7878
261.1,7.17,0.489,122.16,0.7810
261.1,7.25,0.487,121.66,0.7759
261.1,7.33,0.485,121.13,0.7720
261.1,7.41,0.482,120.56,0.7689
261.1,7.49,0.480,120.00,0.7665
261.1,7.57,0.478,119.45,0.7653
261.1,7.65,0.476,118.91,0.7659
261.1,7.73,0.474,118.40,0.7687
261.1,7.81,0.472,117.91,0.7745
261.1,7.89,0.470,117.46,0.7836
261.1,7.97,0.468,117.05,0.7966
261.1,8.05,0.467,116.70,0.8120
261.1,8.13,0.466,116.50,0.8233
261.1,8.21,0.466,116.43,0.8304
261.1,8.30,0.466,116.47,0.8340
261.1,8.38,0.466,116.62,0.8346
261.1,8.46,0.467,116.85,0.8328
261.1,8.54,0.469,117.15,0.8287
261.1,8.62,0.470,117.53,0.8218
261.1,8.70,0.472,117.99,0.8117
261.1,8.78,0.474,118.54,0.7979
261.1,8.86,0.476,119.12,0.7844
261.1,8.94,0.479,119.66,0.7753
261.1,9.02,0.481,120.16,0.7699
261.1,9.10,0.483,120.63,0.7676
261.1,9.18,0.484,121.08,0.7680
261.1,9.26,0.486,121.52,0.7704
261.1,9.34,0.488,121.95,0.7743
261.1,9.42,0.489,122.37,0.7790
261.1,9.50,0.491,122.78,0.7846
261.1,9.58,0.493,123.17,0.7915
261.1,9.66,0.494,123.51,0.8000
261.1,9.74,0.495,123.80,0.8107
261.1,9.83,0.496,124.00,0.8240
261.1,9.91,0.496,124.12,0.8405
261.1,9.99,0.497,124.13,0.8606
261.1,10.07,0.496,124.08,0.8819
261.1,10.15,0.496,124.08,0.8995
261.1,10.23,0.497,124.13,0.9133
261.1,10.31,0.497,124.21,0.9236
261.1,10.39,0.497,124.32,0.9305
261.1,10.47,0.498,124.46,0.9331
261.1,10.55,0.499,124.64,0.9302
261.1,10.63,0.499,124.85,0.9208
261.1,10.71,0.500,125.12,0.9043
261.1,10.79,0.502,125.45,0.8801
261.1,10.87,0.503,125.75,0.8558
261.1,10.95,0.504,125.99,0.8354
261.1,11.03,0.505,126.16,0.8184
261.1,11.11,0.505,126.26,0.8043
261.1,11.19,0.505,126.29,0.7926
261.1,11.28,0.505,126.25,0.7828
261.1,11.36,0.505,126.16,0.7746
261.1,11.44,0.504,125.99,0.7673
261.1,11.52,0.503,125.75,0.7610
261.1,11.60,0.502,125.42,0.7564
261.1,11.68,0.500,124.99,0.7539
261.1,11.76,0.498,124.43,0.7542
261.1,11.84,0.495,123.75,0.7579
261.1,11.92,0.492,122.91,0.7654
261.1,12.00,0.488,121.92,0.7774
266.4,0.00,0.483,120.80,
266.4,0.08,0.487,121.86,
266.4,0.16,0.492,122.97,
266.4,0.24,0.496,124.11,
266.4,0.32,0.501,125.28,
266.4,0.40,0.506,126.48,
266.4,0.48,0.511,127.74,
266.4,0.56,0.516,129.07,
266.4,0.64,0.522,130.47,
266.4,0.72,0.528,131.91,
266.4,0.81,0.533,133.26,
266.4,0.89,0.538,134.53,
266.4,0.97,0.543,135.70,
266.4,1.05,0.547,136.78,
266.4,1.13,0.551,137.77,
266.4,1.21,0.555,138.67,
266.4,1.29,0.558,139.47,
266.4,1.37,0.561,140.19,
266.4,1.45,0.563,140.80,
266.4,1.53,0.565,141.32,
266.4,1.61,0.567,141.73,
266.4,1.69,0.568,142.02,
266.4,1.77,0.569,142.20,
266.4,1.85,0.569,142.25,
266.4,1.93,0.569,142.16,
266.4,2.01,0.568,141.93,1.0096
266.4,2.09,0.567,141.63,1.0124
266.4,2.17,0.565,141.28,1.0092
266.4,2.26,0.564,140.89,1.0007
266.4,2.34,0.562,140.47,0.9875
266.4,2.42,0.560,140.05,0.9713
266.4,2.50,0.559,139.64,0.9530
266.4,2.58,0.557,139.27,0.9325
266.4,2.66,0.556,138.94,0.9097
266.4,2.74,0.554,138.58,0.8870
266.4,2.82,0.552,138.12,0.8687
266.4,2.90,0.550,137.55,0.8543
266.4,2.98,0.548,136.89,0.8432
266.4,3.06,0.545,136.16,0.8351
266.4,3.14,0.541,135.37,0.8292
266.4,3.22,0.538,134.55,0.8251
266.4,3.30,0.535,133.70,0.8223
266.4,3.38,0.531,132.84,0.8203
266.4,3.46,0.528,131.98,0.8190
266.4,3.54,0.525,131.14,0.8188
266.4,3.62,0.521,130.32,0.8200
266.4,3.70,0.518,129.54,0.8232
266.4,3.79,0.515,128.81,0.8285
266.4,3.87,0.513,128.13,0.8365
266.4,3.95,0.510,127.52,0.8474
266.4,4.03,0.508,127.00,0.8612
266.4,4.11,0.506,126.59,0.8719
266.4,4.19,0.505,126.29,0.8780
266.4,4.27,0.504,126.09,0.8800
266.4,4.35,0.504,125.99,0.8785
266.4,4.43,0.504,125.94,0.8739
266.4,4.51,0.504,125.94,0.8657
266.4,4.59,0.504,126.01,0.8536
266.4,4.67,0.505,126.13,0.8370
266.4,4.75,0.505,126.30,0.8204
266.4,4.83,0.506,126.51,0.8080
266.4,4.91,0.507,126.76,0.7993
266.4,4.99,0.508,127.05,0.7937
266.4,5.07,0.509,127.36,0.7907
266.4,5.15,0.511,127.70,0.7897
266.4,5.23,0.512,128.06,0.7899
266.4,5.32,0.514,128.43,0.7910
266.4,5.40,0.515,128.82,0.7924
266.4,5.48,0.517,129.21,0.7942
266.4,5.56,0.518,129.57,0.7969
266.4,5.64,0.520,129.90,0.8012
266.4,5.72,0.521,130.18,0.8074
266.4,5.80,0.522,130.38,0.8163
266.4,5.88,0.522,130.50,0.8281
266.4,5.96,0.522,130.51,0.8436
266.4,6.04,0.522,130.41,0.8620
266.4,6.12,0.521,130.31,0.8767
266.4,6.20,0.521,130.23,0.8868
266.4,6.28,0.521,130.15,0.8929
266.4,6.36,0.520,130.09,0.8954
266.4,6.44,0.520,130.04,0.8942
266.4,6.52,0.520,130.02,0.8887
266.4,6.60,0.520,130.04,0.8783
266.4,6.68,0.520,130.08,0.8627
266.4,6.77,0.520,130.04,0.8472
266.4,6.85,0.519,129.87,0.8348
266.4,6.93,0.518,129.59,0.8251
266.4,7.01,0.517,129.21,0.8176
266.4,7.09,0.515,128.75,0.8118
266.4,7.17,0.513,128.24,0.8074
266.4,7.25,0.511,127.69,0.8039
266.4,7.33,0.508,127.12,0.8008
266.4,7.41,0.506,126.56,0.7980
266.4,7.49,0.504,126.00,0.7956
266.4,7.57,0.502,125.46,0.7943
266.4,7.65,0.500,124.93,0.7946
266.4,7.73,0.498,124.44,0.7970
266.4,7.81,0.496,123.97,0.8021
266.4,7.89,0.494,123.54,0.8105
266.4,7.97,0.493,123.15,0.8227
266.4,8.05,0.491,122.84,0.8370
266.4,8.13,0.491,122.67,0.8470
266.4,8.21,0.491,122.63,0.8528
266.4,8.30,0.491,122.72,0.8548
266.4,8.38,0.492,122.91,0.8537
266.4,8.46,0.493,123.18,0.8498
266.4,8.54,0.494,123.54,0.8429
266.4,8.62,0.496,123.98,0.8324
266.4,8.70,0.498,124.52,0.8185
266.4,8.78,0.500,125.05,0.8070
266.4,8.86,0.502,125.54,0.7995
266.4,8.94,0.504,126.01,0.7954
266.4,9.02,0.506,126.45,0.7941
266.4,9.10,0.507,126.87,0.7950
266.4,9.18,0.509,127.29,0.7977
266.4,9.26,0.511,127.70,0.8015
266.4,9.34,0.512,128.12,0.8059
266.4,9.42,0.514,128.54,0.8105
266.4,9.50,0.516,128.96,0.8156
266.4,9.58,0.517,129.35,0.8218
266.4,9.66,0.519,129.70,0.8295
266.4,9.74,0.520,130.00,0.8392
266.4,9.83,0.521,130.23,0.8514
266.4,9.91,0.521,130.37,0.8665
266.4,9.99,0.522,130.40,0.8850
266.4,10.07,0.522,130.38,0.9045
266.4,10.15,0.522,130.41,0.9201
266.4,10.23,0.522,130.49,0.9318
266.4,10.31,0.522,130.61,0.9397
266.4,10.39,0.523,130.76,0.9435
266.4,10.47,0.524,130.96,0.9415
266.4,10.55,0.525,131.20,0.9327
266.4,10.63,0.526,131.51,0.9164
266.4,10.71,0.527,131.86,0.8935
266.4,10.79,0.529,132.16,0.8730
266.4,10.87,0.530,132.40,0.8560
266.4,10.95,0.530,132.57,0.8419
266.4,11.03,0.531,132.68,0.8303
266.4,11.11,0.531,132.73,0.8208
266.4,11.19,0.531,132.71,0.8128
266.4,11.28,0.531,132.64,0.8058
266.4,11.36,0.530,132.50,0.7995
266.4,11.44,0.529,132.30,0.7935
266.4,11.52,0.528,132.03,0.7885
266.4,11.60,0.527,131.66,0.7850
266.4,11.68,0.525,131.19,0.7835
266.4,11.76,0.522,130.61,0.7847
266.4,11.84,0.520,129.89,0.7891
266.4,11.92,0.516,129.03,0.7973
266.4,12.00,0.512,128.01,0.8099
271.8,0.00,0.510,127.49,
271.8,0.08,0.515,128.68,
271.8,0.16,0.520,129.91,
271.8,0.24,0.525,131.18,
271.8,0.32,0.530,132.48,
271.8,0.40,0.535,133.84,
271.8,0.48,0.541,135.27,
271.8,0.56,0.547,136.79,
271.8,0.64,0.553,138.30,
271.8,0.72,0.559,139.72,
271.8,0.81,0.564,141.05,
271.8,0.89,0.569,142.30,
271.8,0.97,0.574,143.45,
271.8,1.05,0.578,144.51,
271.8,1.13,0.582,145.48,
271.8,1.21,0.585,146.36,
271.8,1.29,0.589,147.15,
271.8,1.37,0.591,147.85,
271.8,1.45,0.594,148.45,
271.8,1.53,0.596,148.96,
271.8,1.61,0.597,149.35,
271.8,1.69,0.599,149.64,
271.8,1.77,0.599,149.80,
271.8,1.85,0.599,149.84,
271.8,1.93,0.599,149.74,
271.8,2.01,0.598,149.51,1.0314
271.8,2.09,0.597,149.20,1.0318
271.8,2.17,0.595,148.84,1.0260
271.8,2.26,0.594,148.45,1.0149
271.8,2.34,0.592,148.03,0.9995
271.8,2.42,0.591,147.64,0.9816
271.8,2.50,0.589,147.28,0.9614
271.8,2.58,0.588,146.96,0.9388
271.8,2.66,0.586,146.57,0.9183
271.8,2.74,0.584,146.07,0.9019
271.8,2.82,0.582,145.47,0.8891
271.8,2.90,0.579,144.78,0.8793
271.8,2.98,0.576,144.03,0.8722
271.8,3.06,0.573,143.23,0.8670
271.8,3.14,0.570,142.39,0.8633
271.8,3.22,0.566,141.53,0.8604
271.8,3.30,0.563,140.67,0.8580
271.8,3.38,0.559,139.80,0.8561
271.8,3.46,0.556,138.94,0.8546
271.8,3.54,0.552,138.10,0.8540
271.8,3.62,0.549,137.28,0.8547
271.8,3.70,0.546,136.51,0.8572
271.8,3.79,0.543,135.78,0.8616
271.8,3.87,0.540,135.12,0.8685
271.8,3.95,0.538,134.52,0.8782
271.8,4.03,0.536,134.01,0.8906
271.8,4.11,0.534,133.61,0.8997
271.8,4.19,0.533,133.33,0.9041
271.8,4.27,0.533,133.15,0.9042
271.8,4.35,0.532,133.06,0.9005
271.8,4.43,0.532,133.02,0.8931
271.8,4.51,0.532,133.04,0.8813
271.8,4.59,0.532,133.12,0.8653
271.8,4.67,0.533,133.25,0.8516
271.8,4.75,0.534,133.42,0.8419
271.8,4.83,0.535,133.64,0.8354
271.8,4.91,0.536,133.89,0.8317
271.8,4.99,0.537,134.17,0.8302
271.8,5.07,0.538,134.48,0.8303
271.8,5.15,0.539,134.81,0.8313
271.8,5.23,0.541,135.16,0.8325
271.8,5.32,0.542,135.53,0.8338
271.8,5.40,0.544,135.91,0.8351
271.8,5.48,0.545,136.28,0.8364
271.8,5.56,0.547,136.65,0.8385
271.8,5.64,0.548,136.97,0.8418
271.8,5.72,0.549,137.24,0.8470
271.8,5.80,0.550,137.45,0.8546
271.8,5.88,0.550,137.56,0.8650
271.8,5.96,0.550,137.57,0.8788
271.8,6.04,0.550,137.47,0.8954
271.8,6.12,0.550,137.38,0.9080
271.8,6.20,0.549,137.29,0.9159
271.8,6.28,0.549,137.22,0.9197
271.8,6.36,0.549,137.17,0.9193
271.8,6.44,0.549,137.15,0.9143
271.8,6.52,0.549,137.16,0.9040
271.8,6.60,0.549,137.19,0.8891
271.8,6.68,0.548,137.09,0.8763
271.8,6.77,0.547,136.87,0.8661
271.8,6.85,0.546,136.55,0.8583
271.8,6.93,0.545,136.13,0.8524
271.8,7.01,0.543,135.65,0.8480
271.8,7.09,0.540,135.12,0.8445
271.8,7.17,0.538,134.57,0.8416
271.8,7.25,0.536,134.00,0.8387
271.8,7.33,0.534,133.44,0.8358
271.8,7.41,0.532,132.88,0.8329
271.8,7.49,0.529,132.34,0.8301
271.8,7.57,0.527,131.81,0.8283
271.8,7.65,0.525,131.31,0.8278
271.8,7.73,0.523,130.84,0.8294
271.8,7.81,0.522,130.40,0.8335
271.8,7.89,0.520,130.01,0.8407
271.8,7.97,0.519,129.65,0.8515
271.8,8.05,0.518,129.38,0.8644
271.8,8.13,0.517,129.25,0.8728
271.8,8.21,0.517,129.26,0.8767
271.8,8.30,0.518,129.40,0.8767
271.8,8.38,0.519,129.63,0.8734
271.8,8.46,0.520,129.96,0.8668
271.8,8.54,0.522,130.38,0.8563
271.8,8.62,0.524,130.88,0.8434
271.8,8.70,0.525,131.35,0.8343
271.8,8.78,0.527,131.79,0.8287
271.8,8.86,0.529,132.20,0.8262
271.8,8.94,0.530,132.61,0.8262
271.8,9.02,0.532,133.00,0.8281
271.8,9.10,0.534,133.38,0.8313
271.8,9.18,0.535,133.78,0.8353
271.8,9.26,0.537,134.18,0.8393
271.8,9.34,0.538,134.60,0.8434
271.8,9.42,0.540,135.03,0.8476
271.8,9.50,0.542,135.46,0.8518
271.8,9.58,0.543,135.87,0.8570
271.8,9.66,0.545,136.24,0.8634
271.8,9.74,0.546,136.56,0.8717
271.8,9.83,0.547,136.81,0.8822
271.8,9.91,0.548,136.98,0.8954
271.8,9.99,0.548,137.04,0.9119
271.8,10.07,0.548,137.06,0.9292
271.8,10.15,0.549,137.13,0.9424
271.8,10.23,0.549,137.25,0.9514
271.8,10.31,0.550,137.42,0.9564
271.8,10.39,0.551,137.63,0.9555
271.8,10.47,0.552,137.90,0.9475
271.8,10.55,0.553,138.23,0.9317
271.8,10.63,0.554,138.59,0.9117
271.8,10.71,0.556,138.89,0.8951
271.8,10.79,0.556,139.12,0.8815
271.8,10.87,0.557,139.30,0.8706
271.8,10.95,0.558,139.41,0.8617
271.8,11.03,0.558,139.47,0.8545
271.8,11.11,0.558,139.46,0.8483
271.8,11.19,0.558,139.40,0.8427
271.8,11.28,0.557,139.29,0.8373
271.8,11.36,0.556,139.12,0.8320
271.8,11.44,0.556,138.89,0.8269
271.8,11.52,0.554,138.58,0.8225
271.8,11.60,0.553,138.19,0.8195
271.8,11.68,0.551,137.69,0.8184
271.8,11.76,0.548,137.08,0.8199
271.8,11.84,0.545,136.34,0.8245
271.8,11.92,0.542,135.46,0.8328
271.8,12.00,0.538,134.42,0.8454
277.2,0.00,0.539,134.63,
277.2,0.08,0.544,135.95,
277.2,0.16,0.549,137.32,
277.2,0.24,0.555,138.72,
277.2,0.32,0.561,140.19,
277.2,0.40,0.567,141.73,
277.2,0.48,0.573,143.36,
277.2,0.56,0.580,144.93,
277.2,0.64,0.586,146.41,
277.2,0.72,0.591,147.81,
277.2,0.81,0.596,149.12,
277.2,0.89,0.601,150.33,
277.2,0.97,0.606,151.46,
277.2,1.05,0.610,152.51,
277.2,1.13,0.614,153.47,
277.2,1.21,0.617,154.34,
277.2,1.29,0.620,155.12,
277.2,1.37,0.623,155.80,
277.2,1.45,0.626,156.39,
277.2,1.53,0.628,156.88,
277.2,1.61,0.629,157.27,
277.2,1.69,0.630,157.55,
277.2,1.77,0.631,157.71,
277.2,1.85,0.631,157.74,
277.2,1.93,0.631,157.63,
277.2,2.01,0.630,157.39,1.0539
277.2,2.09,0.628,157.07,1.0515
277.2,2.17,0.627,156.71,1.0429
277.2,2.26,0.625,156.32,1.0289
277.2,2.34,0.624,155.94,1.0118
277.2,2.42,0.622,155.60,0.9922
277.2,2.50,0.621,155.27,0.9707
277.2,2.58,0.619,154.84,0.9527
277.2,2.66,0.617,154.31,0.9385
277.2,2.74,0.615,153.68,0.9275
277.2,2.82,0.612,152.97,0.9194
277.2,2.90,0.609,152.20,0.9134
277.2,2.98,0.606,151.39,0.9089
277.2,3.06,0.602,150.54,0.9051
277.2,3.14,0.599,149.69,0.9018
277.2,3.22,0.595,148.82,0.8991
277.2,3.30,0.592,147.94,0.8969
277.2,3.38,0.588,147.07,0.8951
277.2,3.46,0.585,146.22,0.8938
277.2,3.54,0.582,145.38,0.8927
277.2,3.62,0.578,144.57,0.8925
277.2,3.70,0.575,143.81,0.8938
277.2,3.79,0.572,143.09,0.8969
277.2,3.87,0.570,142.44,0.9024
277.2,3.95,0.567,141.86,0.9105
277.2,4.03,0.565,141.37,0.9211
277.2,4.11,0.564,140.99,0.9282
277.2,4.19,0.563,140.73,0.9304
277.2,4.27,0.562,140.58,0.9281
277.2,4.35,0.562,140.48,0.9217
277.2,4.43,0.562,140.46,0.9107
277.2,4.51,0.562,140.49,0.8967
277.2,4.59,0.562,140.57,0.8863
277.2,4.67,0.563,140.70,0.8795
277.2,4.75,0.564,140.88,0.8756
277.2,4.83,0.564,141.09,0.8741
277.2,4.91,0.565,141.33,0.8744
277.2,4.99,0.566,141.60,0.8754
277.2,5.07,0.568,141.91,0.8765
277.2,5.15,0.569,142.24,0.8777
277.2,5.23,0.570,142.59,0.8789
277.2,5.32,0.572,142.95,0.8802
277.2,5.40,0.573,143.31,0.8814
277.2,5.48,0.575,143.67,0.8827
277.2,5.56,0.576,144.03,0.8839
277.2,5.64,0.577,144.35,0.8859
277.2,5.72,0.578,144.62,0.8895
277.2,5.80,0.579,144.83,0.8953
277.2,5.88,0.580,144.94,0.9038
277.2,5.96,0.580,144.95,0.9155
277.2,6.04,0.579,144.86,0.9297
277.2,6.12,0.579,144.77,0.9398
277.2,6.20,0.579,144.70,0.9450
277.2,6.28,0.579,144.64,0.9457
277.2,6.36,0.578,144.61,0.9414
277.2,6.44,0.578,144.62,0.9315
277.2,6.52,0.578,144.61,0.9188
277.2,6.60,0.578,144.46,0.9088
277.2,6.68,0.577,144.19,0.9012
277.2,6.77,0.575,143.82,0.8956
277.2,6.85,0.574,143.38,0.8916
277.2,6.93,0.571,142.87,0.8887
277.2,7.01,0.569,142.33,0.8860
277.2,7.09,0.567,141.78,0.8832
277.2,7.17,0.565,141.22,0.8803
277.2,7.25,0.563,140.66,0.8774
277.2,7.33,0.560,140.11,0.8745
277.2,7.41,0.558,139.56,0.8716
277.2,7.49,0.556,139.04,0.8688
277.2,7.57,0.554,138.54,0.8661
277.2,7.65,0.552,138.07,0.8645
277.2,7.73,0.551,137.64,0.8648
277.2,7.81,0.549,137.24,0.8674
277.2,7.89,0.548,136.88,0.8730
277.2,7.97,0.546,136.58,0.8821
277.2,8.05,0.545,136.35,0.8930
277.2,8.13,0.545,136.27,0.8993
277.2,8.21,0.545,136.34,0.9010
277.2,8.30,0.546,136.53,0.8987
277.2,8.38,0.547,136.82,0.8926
277.2,8.46,0.549,137.21,0.8823
277.2,8.54,0.551,137.64,0.8719
277.2,8.62,0.552,138.04,0.8654
277.2,8.70,0.554,138.42,0.8621
277.2,8.78,0.555,138.78,0.8615
277.2,8.86,0.557,139.13,0.8631
277.2,8.94,0.558,139.48,0.8662
277.2,9.02,0.559,139.85,0.8697
277.2,9.10,0.561,140.23,0.8733
277.2,9.18,0.562,140.62,0.8770
277.2,9.26,0.564,141.03,0.8808
277.2,9.34,0.566,141.45,0.8846
277.2,9.42,0.568,141.88,0.8883
277.2,9.50,0.569,142.31,0.8920
277.2,9.58,0.571,142.74,0.8958
277.2,9.66,0.573,143.14,0.9005
277.2,9.74,0.574,143.49,0.9069
277.2,9.83,0.575,143.78,0.9153
277.2,9.91,0.576,143.98,0.9263
277.2,9.99,0.576,144.09,0.9403
277.2,10.07,0.577,144.15,0.9549
277.2,10.15,0.577,144.27,0.9652
277.2,10.23,0.578,144.44,0.9712
277.2,10.31,0.579,144.67,0.9717
277.2,10.39,0.580,144.96,0.9647
277.2,10.47,0.581,145.31,0.9496
277.2,10.55,0.583,145.66,0.9339
277.2,10.63,0.584,145.94,0.9214
277.2,10.71,0.585,146.17,0.9115
277.2,10.79,0.585,146.34,0.9037
277.2,10.87,0.586,146.46,0.8977
277.2,10.95,0.586,146.52,0.8928
277.2,11.03,0.586,146.53,0.8879
277.2,11.11,0.586,146.49,0.8830
277.2,11.19,0.586,146.41,0.8783
277.2,11.28,0.585,146.26,0.8736
277.2,11.36,0.584,146.05,0.8692
277.2,11.44,0.583,145.78,0.8651
277.2,11.52,0.582,145.44,0.8614
277.2,11.60,0.580,145.03,0.8584
277.2,11.68,0.578,144.51,0.8572
277.2,11.76,0.576,143.88,0.8584
277.2,11.84,0.572,143.12,0.8626
277.2,11.92,0.569,142.22,0.8703
277.2,12.00,0.565,141.16,0.8823
282.6,0.00,0.569,142.25,
282.6,0.08,0.575,143.72,
282.6,0.16,0.581,145.23,
282.6,0.24,0.587,146.80,
282.6,0.32,0.594,148.45,
282.6,0.40,0.601,150.16,
282.6,0.48,0.607,151.80,
282.6,0.56,0.613,153.34,
282.6,0.64,0.619,154.80,
282.6,0.72,0.625,156.17,
282.6,0.81,0.630,157.46,
282.6,0.89,0.635,158.67,
282.6,0.97,0.639,159.79,
282.6,1.05,0.643,160.82,
282.6,1.13,0.647,161.77,
282.6,1.21,0.651,162.63,
282.6,1.29,0.654,163.40,
282.6,1.37,0.656,164.07,
282.6,1.45,0.659,164.64,
282.6,1.53,0.660,165.12,
282.6,1.61,0.662,165.49,
282.6,1.69,0.663,165.76,
282.6,1.77,0.664,165.91,
282.6,1.85,0.664,165.94,
282.6,1.93,0.663,165.84,
282.6,2.01,0.662,165.59,1.0762
282.6,2.09,0.661,165.27,1.0707
282.6,2.17,0.660,164.91,1.0590
282.6,2.26,0.658,164.54,1.0429
282.6,2.34,0.657,164.22,1.0241
282.6,2.42,0.655,163.87,1.0049
282.6,2.50,0.654,163.41,0.9896
282.6,2.58,0.651,162.84,0.9778
282.6,2.66,0.649,162.18,0.9690
282.6,2.74,0.646,161.46,0.9624
282.6,2.82,0.643,160.68,0.9569
282.6,2.90,0.639,159.87,0.9520
282.6,2.98,0.636,159.03,0.9478
282.6,3.06,0.633,158.17,0.9442
282.6,3.14,0.629,157.30,0.9412
282.6,3.22,0.626,156.42,0.9387
282.6,3.30,0.622,155.54,0.9367
282.6,3.38,0.619,154.67,0.9350
282.6,3.46,0.615,153.82,0.9338
282.6,3.54,0.612,153.00,0.9328
282.6,3.62,0.609,152.20,0.9321
282.6,3.70,0.606,151.45,0.9319
282.6,3.79,0.603,150.75,0.9334
282.6,3.87,0.600,150.12,0.9370
282.6,3.95,0.598,149.56,0.9430
282.6,4.03,0.596,149.09,0.9514
282.6,4.11,0.595,148.74,0.9562
282.6,4.19,0.594,148.51,0.9558
282.6,4.27,0.593,148.36,0.9507
282.6,4.35,0.593,148.28,0.9408
282.6,4.43,0.593,148.26,0.9302
282.6,4.51,0.593,148.29,0.9234
282.6,4.59,0.593,148.37,0.9198
282.6,4.67,0.594,148.49,0.9188
282.6,4.75,0.595,148.66,0.9195
282.6,4.83,0.595,148.87,0.9203
282.6,4.91,0.596,149.11,0.9213
282.6,4.99,0.598,149.39,0.9224
282.6,5.07,0.599,149.70,0.9236
282.6,5.15,0.600,150.03,0.9248
282.6,5.23,0.601,150.37,0.9260
282.6,5.32,0.603,150.72,0.9273
282.6,5.40,0.604,151.07,0.9285
282.6,5.48,0.606,151.41,0.9297
282.6,5.56,0.607,151.74,0.9309
282.6,5.64,0.608,152.05,0.9319
282.6,5.72,0.609,152.33,0.9335
282.6,5.80,0.610,152.54,0.9371
282.6,5.88,0.611,152.66,0.9431
282.6,5.96,0.611,152.68,0.9522
282.6,6.04,0.610,152.59,0.9636
282.6,6.12,0.610,152.51,0.9707
282.6,6.20,0.610,152.45,0.9727
282.6,6.28,0.610,152.41,0.9694
282.6,6.36,0.610,152.42,0.9602
282.6,6.44,0.609,152.34,0.9508
282.6,6.52,0.609,152.14,0.9439
282.6,6.60,0.607,151.82,0.9391
282.6,6.68,0.606,151.41,0.9360
282.6,6.77,0.604,150.95,0.9337
282.6,6.85,0.602,150.44,0.9313
282.6,6.93,0.600,149.92,0.9286
282.6,7.01,0.598,149.38,0.9259
282.6,7.09,0.595,148.82,0.9230
282.6,7.17,0.593,148.27,0.9201
282.6,7.25,0.591,147.71,0.9172
282.6,7.33,0.589,147.17,0.9142
282.6,7.41,0.587,146.65,0.9114
282.6,7.49,0.585,146.14,0.9086
282.6,7.57,0.583,145.67,0.9059
282.6,7.65,0.581,145.24,0.9034
282.6,7.73,0.579,144.85,0.9020
282.6,7.81,0.578,144.50,0.9027
282.6,7.89,0.577,144.19,0.9063
282.6,7.97,0.576,143.94,0.9132
282.6,8.05,0.575,143.77,0.9218
282.6,8.13,0.575,143.76,0.9255
282.6,8.21,0.576,143.89,0.9246
282.6,8.30,0.577,144.13,0.9194
282.6,8.38,0.578,144.48,0.9102
282.6,8.46,0.579,144.83,0.9031
282.6,8.54,0.581,145.15,0.8995
282.6,8.62,0.582,145.46,0.8988
282.6,8.70,0.583,145.76,0.9004
282.6,8.78,0.584,146.06,0.9032
282.6,8.86,0.586,146.39,0.9062
282.6,8.94,0.587,146.74,0.9094
282.6,9.02,0.588,147.11,0.9127
282.6,9.10,0.590,147.50,0.9161
282.6,9.18,0.592,147.90,0.9195
282.6,9.26,0.593,148.31,0.9230
282.6,9.34,0.595,148.72,0.9265
282.6,9.42,0.597,149.15,0.9300
282.6,9.50,0.598,149.57,0.9333
282.6,9.58,0.600,150.00,0.9365
282.6,9.66,0.602,150.42,0.9396
282.6,9.74,0.603,150.82,0.9436
282.6,9.83,0.605,151.14,0.9495
282.6,9.91,0.606,151.40,0.9578
282.6,9.99,0.606,151.56,0.9689
282.6,10.07,0.607,151.67,0.9804
282.6,10.15,0.607,151.85,0.9874
282.6,10.23,0.608,152.08,0.9892
282.6,10.31,0.610,152.39,0.9834
282.6,10.39,0.611,152.75,0.9706
282.6,10.47,0.612,153.08,0.9595
282.6,10.55,0.613,153.34,0.9511
282.6,10.63,0.614,153.56,0.9450
282.6,10.71,0.615,153.72,0.9406
282.6,10.79,0.615,153.84,0.9366
282.6,10.87,0.616,153.92,0.9325
282.6,10.95,0.616,153.96,0.9282
282.6,11.03,0.616,153.94,0.9240
282.6,11.11,0.616,153.88,0.9198
282.6,11.19,0.615,153.76,0.9157
282.6,11.28,0.614,153.58,0.9118
282.6,11.36,0.613,153.34,0.9082
282.6,11.44,0.612,153.03,0.9050
282.6,11.52,0.611,152.65,0.9021
282.6,11.60,0.609,152.19,0.8998
282.6,11.68,0.607,151.65,0.8981
282.6,11.76,0.604,151.01,0.8984
282.6,11.84,0.601,150.24,0.9017
282.6,11.92,0.597,149.32,0.9084
282.6,12.00,0.593,148.26,0.9191
287.9,0.00,0.601,150.37,
287.9,0.08,0.608,152.00,
287.9,0.16,0.615,153.68,
287.9,0.24,0.622,155.44,
287.9,0.32,0.629,157.22,
287.9,0.40,0.636,158.91,
287.9,0.48,0.642,160.51,
287.9,0.56,0.648,162.03,
287.9,0.64,0.654,163.48,
287.9,0.72,0.659,164.84,
287.9,0.81,0.665,166.13,
287.9,0.89,0.669,167.33,
287.9,0.97,0.674,168.44,
287.9,1.05,0.678,169.47,
287.9,1.13,0.682,170.41,
287.9,1.21,0.685,171.26,
287.9,1.29,0.688,172.01,
287.9,1.37,0.691,172.67,
287.9,1.45,0.693,173.22,
287.9,1.53,0.695,173.68,
287.9,1.61,0.696,174.04,
287.9,1.69,0.697,174.29,
287.9,1.77,0.698,174.44,
287.9,1.85,0.698,174.46,
287.9,1.93,0.697,174.36,
287.9,2.01,0.696,174.11,1.0975
287.9,2.09,0.695,173.79,1.0887
287.9,2.17,0.694,173.45,1.0741
287.9,2.26,0.693,173.13,1.0565
287.9,2.34,0.691,172.75,1.0404
287.9,2.42,0.689,172.26,1.0281
287.9,2.50,0.687,171.66,1.0190
287.9,2.58,0.684,170.99,1.0115
287.9,2.66,0.681,170.27,1.0047
287.9,2.74,0.678,169.50,0.9988
287.9,2.82,0.675,168.70,0.9936
287.9,2.90,0.671,167.86,0.9891
287.9,2.98,0.668,167.00,0.9852
287.9,3.06,0.664,166.12,0.9819
287.9,3.14,0.661,165.24,0.9791
287.9,3.22,0.657,164.35,0.9768
287.9,3.30,0.654,163.47,0.9749
287.9,3.38,0.650,162.61,0.9734
287.9,3.46,0.647,161.77,0.9722
287.9,3.54,0.644,160.96,0.9713
287.9,3.62,0.641,160.18,0.9707
287.9,3.70,0.638,159.45,0.9702
287.9,3.79,0.635,158.78,0.9699
287.9,3.87,0.633,158.17,0.9712
287.9,3.95,0.631,157.64,0.9748
287.9,4.03,0.629,157.19,0.9806
287.9,4.11,0.628,156.88,0.9826
287.9,4.19,0.627,156.66,0.9793
287.9,4.27,0.626,156.52,0.9712
287.9,4.35,0.626,156.44,0.9650
287.9,4.43,0.626,156.41,0.9621
287.9,4.51,0.626,156.43,0.9620
287.9,4.59,0.626,156.51,0.9625
287.9,4.67,0.627,156.64,0.9632
287.9,4.75,0.627,156.82,0.9640
287.9,4.83,0.628,157.04,0.9650
287.9,4.91,0.629,157.30,0.9661
287.9,4.99,0.630,157.59,0.9672
287.9,5.07,0.632,157.89,0.9684
287.9,5.15,0.633,158.21,0.9696
287.9,5.23,0.634,158.54,0.9709
287.9,5.32,0.636,158.88,0.9721
287.9,5.40,0.637,159.21,0.9734
287.9,5.48,0.638,159.53,0.9745
287.9,5.56,0.639,159.83,0.9756
287.9,5.64,0.640,160.12,0.9767
287.9,5.72,0.641,160.37,0.9776
287.9,5.80,0.642,160.58,0.9786
287.9,5.88,0.643,160.71,0.9817
287.9,5.96,0.643,160.74,0.9877
287.9,6.04,0.643,160.67,0.9957
287.9,6.12,0.642,160.60,0.9993
287.9,6.20,0.642,160.56,0.9973
287.9,6.28,0.642,160.54,0.9901
287.9,6.36,0.642,160.40,0.9844
287.9,6.44,0.641,160.14,0.9809
287.9,6.52,0.639,159.78,0.9789
287.9,6.60,0.637,159.37,0.9770
287.9,6.68,0.636,158.92,0.9748
287.9,6.77,0.634,158.43,0.9723
287.9,6.85,0.632,157.92,0.9697
287.9,6.93,0.630,157.39,0.9670
287.9,7.01,0.627,156.84,0.9641
287.9,7.09,0.625,156.29,0.9612
287.9,7.17,0.623,155.74,0.9583
287.9,7.25,0.621,155.20,0.9553
287.9,7.33,0.619,154.67,0.9524
287.9,7.41,0.617,154.17,0.9496
287.9,7.49,0.615,153.69,0.9469
287.9,7.57,0.613,153.25,0.9443
287.9,7.65,0.611,152.85,0.9419
287.9,7.73,0.610,152.51,0.9397
287.9,7.81,0.609,152.21,0.9383
287.9,7.89,0.608,151.97,0.9394
287.9,7.97,0.607,151.78,0.9437
287.9,8.05,0.607,151.68,0.9495
287.9,8.13,0.607,151.74,0.9503
287.9,8.21,0.608,151.92,0.9464
287.9,8.30,0.609,152.20,0.9396
287.9,8.38,0.610,152.46,0.9361
287.9,8.46,0.611,152.70,0.9357
287.9,8.54,0.612,152.93,0.9374
287.9,8.62,0.613,153.20,0.9396
287.9,8.70,0.614,153.49,0.9421
287.9,8.78,0.615,153.81,0.9447
287.9,8.86,0.617,154.14,0.9476
287.9,8.94,0.618,154.50,0.9506
287.9,9.02,0.619,154.87,0.9537
287.9,9.10,0.621,155.26,0.9569
287.9,9.18,0.623,155.66,0.9602
287.9,9.26,0.624,156.07,0.9634
287.9,9.34,0.626,156.48,0.9666
287.9,9.42,0.628,156.90,0.9697
287.9,9.50,0.629,157.32,0.9727
287.9,9.58,0.631,157.74,0.9756
287.9,9.66,0.633,158.15,0.9783
287.9,9.74,0.634,158.56,0.9808
287.9,9.83,0.636,158.94,0.9837
287.9,9.91,0.637,159.25,0.9888
287.9,9.99,0.638,159.47,0.9965
287.9,10.07,0.639,159.64,1.0045
287.9,10.15,0.640,159.89,1.0076
287.9,10.23,0.641,160.20,1.0032
287.9,10.31,0.642,160.55,0.9941
287.9,10.39,0.643,160.85,0.9878
287.9,10.47,0.644,161.10,0.9837
287.9,10.55,0.645,161.31,0.9808
287.9,10.63,0.646,161.48,0.9776
287.9,10.71,0.646,161.62,0.9742
287.9,10.79,0.647,161.72,0.9705
287.9,10.87,0.647,161.78,0.9667
287.9,10.95,0.647,161.79,0.9629
287.9,11.03,0.647,161.75,0.9591
287.9,11.11,0.647,161.66,0.9555
287.9,11.19,0.646,161.51,0.9520
287.9,11.28,0.645,161.30,0.9487
287.9,11.36,0.644,161.02,0.9458
287.9,11.44,0.643,160.67,0.9433
287.9,11.52,0.641,160.24,0.9412
287.9,11.60,0.639,159.74,0.9397
287.9,11.68,0.637,159.16,0.9388
287.9,11.76,0.634,158.49,0.9386
287.9,11.84,0.631,157.71,0.9403
287.9,11.92,0.627,156.79,0.9453
287.9,12.00,0.623,155.72,0.9543
293.3,0.00,0.636,159.03,
293.3,0.08,0.643,160.83,
293.3,0.16,0.651,162.70,
293.3,0.24,0.658,164.52,
293.3,0.32,0.665,166.27,
293.3,0.40,0.672,167.94,
293.3,0.48,0.678,169.54,
293.3,0.56,0.684,171.06,
293.3,0.64,0.690,172.51,
293.3,0.72,0.695,173.87,
293.3,0.81,0.701,175.15,
293.3,0.89,0.705,176.34,
293.3,0.97,0.710,177.45,
293.3,1.05,0.714,178.47,
293.3,1.13,0.718,179.40,
293.3,1.21,0.721,180.23,
293.3,1.29,0.724,180.97,
293.3,1.37,0.726,181.62,
293.3,1.45,0.729,182.16,
293.3,1.53,0.730,182.60,
293.3,1.61,0.732,182.94,
293.3,1.69,0.733,183.17,
293.3,1.77,0.733,183.29,
293.3,1.85,0.733,183.31,
293.3,1.93,0.733,183.20,
293.3,2.01,0.732,182.96,1.1171
293.3,2.09,0.731,182.65,1.1047
293.3,2.17,0.729,182.33,1.0892
293.3,2.26,0.728,181.92,1.0768
293.3,2.34,0.726,181.40,1.0670
293.3,2.42,0.723,180.81,1.0581
293.3,2.50,0.721,180.16,1.0502
293.3,2.58,0.718,179.44,1.0431
293.3,2.66,0.715,178.68,1.0368
293.3,2.74,0.712,177.88,1.0313
293.3,2.82,0.708,177.05,1.0264
293.3,2.90,0.705,176.19,1.0222
293.3,2.98,0.701,175.31,1.0186
293.3,3.06,0.698,174.42,1.0156
293.3,3.14,0.694,173.52,1.0130
293.3,3.22,0.691,172.63,1.0109
293.3,3.30,0.687,171.76,1.0092
293.3,3.38,0.684,170.90,1.0078
293.3,3.46,0.680,170.07,1.0068
293.3,3.54,0.677,169.28,1.0059
293.3,3.62,0.674,168.52,1.0053
293.3,3.70,0.671,167.82,1.0048
293.3,3.79,0.669,167.18,1.0044
293.3,3.87,0.666,166.60,1.0040
293.3,3.95,0.664,166.10,1.0048
293.3,4.03,0.663,165.69,1.0076
293.3,4.11,0.662,165.40,1.0064
293.3,4.19,0.661,165.19,1.0017
293.3,4.27,0.660,165.04,1.0001
293.3,4.35,0.660,164.95,1.0002
293.3,4.43,0.660,164.94,1.0005
293.3,4.51,0.660,164.98,1.0010
293.3,4.59,0.660,165.09,1.0017
293.3,4.67,0.661,165.24,1.0025
293.3,4.75,0.662,165.43,1.0034
293.3,4.83,0.663,165.66,1.0045
293.3,4.91,0.664,165.92,1.0056
293.3,4.99,0.665,166.21,1.0068
293.3,5.07,0.666,166.51,1.0080
293.3,5.15,0.667,166.83,1.0093
293.3,5.23,0.669,167.15,1.0106
293.3,5.32,0.670,167.47,1.0118
293.3,5.40,0.671,167.78,1.0130
293.3,5.48,0.672,168.07,1.0142
293.3,5.56,0.673,168.35,1.0152
293.3,5.64,0.674,168.60,1.0162
293.3,5.72,0.675,168.81,1.0171
293.3,5.80,0.676,168.99,1.0177
293.3,5.88,0.676,169.12,1.0183
293.3,5.96,0.677,169.17,1.0206
293.3,6.04,0.676,169.11,1.0249
293.3,6.12,0.676,169.06,1.0243
293.3,6.20,0.676,168.99,1.0204
293.3,6.28,0.675,168.79,1.0186
293.3,6.36,0.674,168.51,1.0174
293.3,6.44,0.673,168.17,1.0158
293.3,6.52,0.671,167.78,1.0139
293.3,6.60,0.669,167.34,1.0117
293.3,6.68,0.667,166.87,1.0093
293.3,6.77,0.665,166.37,1.0067
293.3,6.85,0.663,165.85,1.0040
293.3,6.93,0.661,165.32,1.0011
293.3,7.01,0.659,164.77,0.9982
293.3,7.09,0.657,164.23,0.9952
293.3,7.17,0.655,163.69,0.9923
293.3,7.25,0.653,163.16,0.9893
293.3,7.33,0.651,162.65,0.9864
293.3,7.41,0.649,162.17,0.9836
293.3,7.49,0.647,161.72,0.9810
293.3,7.57,0.645,161.32,0.9785
293.3,7.65,0.644,160.96,0.9762
293.3,7.73,0.643,160.65,0.9742
293.3,7.81,0.642,160.41,0.9724
293.3,7.89,0.641,160.23,0.9712
293.3,7.97,0.640,160.12,0.9724
293.3,8.05,0.640,160.09,0.9750
293.3,8.13,0.641,160.22,0.9726
293.3,8.21,0.642,160.39,0.9696
293.3,8.30,0.642,160.55,0.9698
293.3,8.38,0.643,160.74,0.9710
293.3,8.46,0.644,160.96,0.9726
293.3,8.54,0.645,161.20,0.9744
293.3,8.62,0.646,161.48,0.9766
293.3,8.70,0.647,161.78,0.9789
293.3,8.78,0.648,162.10,0.9815
293.3,8.86,0.650,162.45,0.9843
293.3,8.94,0.651,162.81,0.9871
293.3,9.02,0.653,163.18,0.9901
293.3,9.10,0.654,163.57,0.9931
293.3,9.18,0.656,163.97,0.9961
293.3,9.26,0.657,164.37,0.9992
293.3,9.34,0.659,164.78,1.0021
293.3,9.42,0.661,165.19,1.0049
293.3,9.50,0.662,165.60,1.0076
293.3,9.58,0.664,166.01,1.0102
293.3,9.66,0.666,166.42,1.0125
293.3,9.74,0.667,166.81,1.0146
293.3,9.83,0.669,167.20,1.0164
293.3,9.91,0.670,167.56,1.0182
293.3,9.99,0.671,167.85,1.0221
293.3,10.07,0.672,168.09,1.0261
293.3,10.15,0.674,168.42,1.0234
293.3,10.23,0.675,168.73,1.0195
293.3,10.31,0.676,169.01,1.0177
293.3,10.39,0.677,169.26,1.0157
293.3,10.47,0.678,169.48,1.0132
293.3,10.55,0.679,169.67,1.0105
293.3,10.63,0.679,169.83,1.0074
293.3,10.71,0.680,169.96,1.0041
293.3,10.79,0.680,170.04,1.0007
293.3,10.87,0.680,170.08,0.9972
293.3,10.95,0.680,170.06,0.9937
293.3,11.03,0.680,170.00,0.9903
293.3,11.11,0.680,169.88,0.9870
293.3,11.19,0.679,169.69,0.9840
293.3,11.28,0.678,169.44,0.9813
293.3,11.36,0.677,169.13,0.9789
293.3,11.44,0.675,168.74,0.9770
293.3,11.52,0.673,168.27,0.9756
293.3,11.60,0.671,167.72,0.9748
293.3,11.68,0.668,167.09,0.9747
293.3,11.76,0.665,166.37,0.9753
293.3,11.84,0.662,165.56,0.9767
293.3,11.92,0.659,164.64,0.9796
293.3,12.00,0.654,163.57,0.9862
298.7,0.00,0.673,168.26,
298.7,0.08,0.681,170.21,
298.7,0.16,0.688,172.10,
298.7,0.24,0.696,173.92,
298.7,0.32,0.703,175.67,
298.7,0.40,0.709,177.35,
298.7,0.48,0.716,178.94,
298.7,0.56,0.722,180.47,
298.7,0.64,0.728,181.91,
298.7,0.72,0.733,183.27,
298.7,0.81,0.738,184.54,
298.7,0.89,0.743,185.73,
298.7,0.97,0.747,186.83,
298.7,1.05,0.751,187.84,
298.7,1.13,0.755,188.76,
298.7,1.21,0.758,189.58,
298.7,1.29,0.761,190.31,
298.7,1.37,0.764,190.93,
298.7,1.45,0.766,191.46,
298.7,1.53,0.768,191.88,
298.7,1.61,0.769,192.20,
298.7,1.69,0.770,192.41,
298.7,1.77,0.770,192.51,
298.7,1.85,0.770,192.51,
298.7,1.93,0.770,192.38,
298.7,2.01,0.769,192.15,1.1340
298.7,2.09,0.767,191.82,1.1214
298.7,2.17,0.766,191.40,1.1102
298.7,2.26,0.764,190.90,1.1001
298.7,2.34,0.761,190.33,1.0908
298.7,2.42,0.759,189.68,1.0825
298.7,2.50,0.756,188.98,1.0751
298.7,2.58,0.753,188.23,1.0685
298.7,2.66,0.750,187.44,1.0626
298.7,2.74,0.746,186.60,1.0575
298.7,2.82,0.743,185.74,1.0530
298.7,2.90,0.739,184.86,1.0491
298.7,2.98,0.736,183.97,1.0458
298.7,3.06,0.732,183.06,1.0430
298.7,3.14,0.729,182.17,1.0407
298.7,3.22,0.725,181.28,1.0388
298.7,3.30,0.722,180.40,1.0372
298.7,3.38,0.718,179.56,1.0360
298.7,3.46,0.715,178.74,1.0350
298.7,3.54,0.712,177.97,1.0342
298.7,3.62,0.709,177.24,1.0336
298.7,3.70,0.706,176.57,1.0331
298.7,3.79,0.704,175.96,1.0327
298.7,3.87,0.702,175.42,1.0322
298.7,3.95,0.700,174.96,1.0317
298.7,4.03,0.698,174.59,1.0313
298.7,4.11,0.697,174.31,1.0306
298.7,4.19,0.696,174.11,1.0304
298.7,4.27,0.696,173.99,1.0305
298.7,4.35,0.696,173.94,1.0308
298.7,4.43,0.696,173.95,1.0312
298.7,4.51,0.696,174.02,1.0319
298.7,4.59,0.697,174.14,1.0327
298.7,4.67,0.697,174.31,1.0336
298.7,4.75,0.698,174.51,1.0346
298.7,4.83,0.699,174.75,1.0358
298.7,4.91,0.700,175.02,1.0370
298.7,4.99,0.701,175.30,1.0382
298.7,5.07,0.702,175.60,1.0395
298.7,5.15,0.704,175.91,1.0408
298.7,5.23,0.705,176.21,1.0421
298.7,5.32,0.706,176.51,1.0434
298.7,5.40,0.707,176.80,1.0446
298.7,5.48,0.708,177.07,1.0457
298.7,5.56,0.709,177.32,1.0467
298.7,5.64,0.710,177.53,1.0476
298.7,5.72,0.711,177.71,1.0484
298.7,5.80,0.711,177.84,1.0490
298.7,5.88,0.712,177.93,1.0495
298.7,5.96,0.712,177.95,1.0497
298.7,6.04,0.712,177.91,1.0498
298.7,6.12,0.711,177.80,1.0494
298.7,6.20,0.710,177.61,1.0486
298.7,6.28,0.709,177.35,1.0474
298.7,6.36,0.708,177.03,1.0459
298.7,6.44,0.707,176.66,1.0440
298.7,6.52,0.705,176.25,1.0419
298.7,6.60,0.703,175.80,1.0396
298.7,6.68,0.701,175.31,1.0370
298.7,6.77,0.699,174.80,1.0343
298.7,6.85,0.697,174.28,1.0314
298.7,6.93,0.695,173.74,1.0285
298.7,7.01,0.693,173.20,1.0255
298.7,7.09,0.691,172.67,1.0224
298.7,7.17,0.689,172.14,1.0194
298.7,7.25,0.687,171.63,1.0164
298.7,7.33,0.685,171.14,1.0136
298.7,7.41,0.683,170.69,1.0108
298.7,7.49,0.681,170.28,1.0082
298.7,7.57,0.680,169.91,1.0059
298.7,7.65,0.678,169.59,1.0037
298.7,7.73,0.677,169.33,1.0018
298.7,7.81,0.677,169.13,1.0002
298.7,7.89,0.676,169.01,0.9990
298.7,7.97,0.676,168.97,0.9982
298.7,8.05,0.676,169.02,0.9977
298.7,8.13,0.676,169.11,0.9978
298.7,8.21,0.677,169.24,0.9983
298.7,8.30,0.678,169.41,0.9992
298.7,8.38,0.678,169.61,1.0004
298.7,8.46,0.679,169.84,1.0020
298.7,8.54,0.680,170.09,1.0039
298.7,8.62,0.682,170.38,1.0060
298.7,8.70,0.683,170.69,1.0084
298.7,8.78,0.684,171.01,1.0109
298.7,8.86,0.685,171.36,1.0136
298.7,8.94,0.687,171.72,1.0163
298.7,9.02,0.688,172.10,1.0191
298.7,9.10,0.690,172.48,1.0220
298.7,9.18,0.692,172.88,1.0248
298.7,9.26,0.693,173.28,1.0276
298.7,9.34,0.695,173.68,1.0303
298.7,9.42,0.696,174.09,1.0329
298.7,9.50,0.698,174.49,1.0353
298.7,9.58,0.700,174.88,1.0375
298.7,9.66,0.701,175.27,1.0395
298.7,9.74,0.703,175.66,1.0412
298.7,9.83,0.704,176.02,1.0426
298.7,9.91,0.706,176.38,1.0436
298.7,9.99,0.707,176.72,1.0443
298.7,10.07,0.708,177.03,1.0445
298.7,10.15,0.709,177.33,1.0439
298.7,10.23,0.710,177.62,1.0428
298.7,10.31,0.712,177.88,1.0411
298.7,10.39,0.712,178.12,1.0390
298.7,10.47,0.713,178.34,1.0365
298.7,10.55,0.714,178.52,1.0337
298.7,10.63,0.715,178.67,1.0306
298.7,10.71,0.715,178.77,1.0274
298.7,10.79,0.715,178.83,1.0241
298.7,10.87,0.715,178.85,1.0207
298.7,10.95,0.715,178.81,1.0174
298.7,11.03,0.715,178.72,1.0143
298.7,11.11,0.714,178.57,1.0113
298.7,11.19,0.713,178.35,1.0087
298.7,11.28,0.712,178.07,1.0064
298.7,11.36,0.711,177.71,1.0045
298.7,11.44,0.709,177.28,1.0030
298.7,11.52,0.707,176.77,1.0022
298.7,11.60,0.705,176.18,1.0020
298.7,11.68,0.702,175.50,1.0025
298.7,11.76,0.699,174.72,1.0038
298.7,11.84,0.695,173.86,1.0060
298.7,11.92,0.692,172.89,1.0091
298.7,12.00,0.687,171.82,1.0134
304.0,0.00,0.712,178.09,
304.0,0.08,0.720,180.07,
304.0,0.16,0.728,181.96,
304.0,0.24,0.735,183.78,
304.0,0.32,0.742,185.53,
304.0,0.40,0.749,187.21,
304.0,0.48,0.755,188.81,
304.0,0.56,0.761,190.33,
304.0,0.64,0.767,191.76,
304.0,0.72,0.772,193.12,
304.0,0.81,0.778,194.39,
304.0,0.89,0.782,195.57,
304.0,0.97,0.787,196.66,
304.0,1.05,0.791,197.66,
304.0,1.13,0.794,198.56,
304.0,1.21,0.797,199.37,
304.0,1.29,0.800,200.08,
304.0,1.37,0.803,200.69,
304.0,1.45,0.805,201.20,
304.0,1.53,0.806,201.61,
304.0,1.61,0.808,201.91,
304.0,1.69,0.808,202.10,
304.0,1.77,0.809,202.18,
304.0,1.85,0.809,202.14,
304.0,1.93,0.808,201.97,
304.0,2.01,0.807,201.66,1.1479
304.0,2.09,0.805,201.27,1.1360
304.0,2.17,0.803,200.79,1.1254
304.0,2.26,0.801,200.23,1.1159
304.0,2.34,0.798,199.60,1.1072
304.0,2.42,0.796,198.91,1.0994
304.0,2.50,0.793,198.17,1.0925
304.0,2.58,0.790,197.38,1.0863
304.0,2.66,0.786,196.55,1.0809
304.0,2.74,0.783,195.69,1.0761
304.0,2.82,0.779,194.81,1.0720
304.0,2.90,0.776,193.91,1.0685
304.0,2.98,0.772,193.00,1.0655
304.0,3.06,0.768,192.09,1.0629
304.0,3.14,0.765,191.19,1.0608
304.0,3.22,0.761,190.30,1.0591
304.0,3.30,0.758,189.44,1.0577
304.0,3.38,0.754,188.60,1.0566
304.0,3.46,0.751,187.81,1.0557
304.0,3.54,0.748,187.05,1.0550
304.0,3.62,0.745,186.36,1.0544
304.0,3.70,0.743,185.72,1.0539
304.0,3.79,0.741,185.15,1.0534
304.0,3.87,0.739,184.65,1.0529
304.0,3.95,0.737,184.26,1.0528
304.0,4.03,0.736,183.90,1.0517
304.0,4.11,0.735,183.65,1.0512
304.0,4.19,0.734,183.49,1.0512
304.0,4.27,0.734,183.40,1.0514
304.0,4.35,0.734,183.38,1.0519
304.0,4.43,0.734,183.42,1.0525
304.0,4.51,0.734,183.52,1.0533
304.0,4.59,0.735,183.66,1.0542
304.0,4.67,0.735,183.84,1.0553
304.0,4.75,0.736,184.05,1.0564
304.0,4.83,0.737,184.30,1.0576
304.0,4.91,0.738,184.56,1.0589
304.0,4.99,0.739,184.84,1.0602
304.0,5.07,0.741,185.13,1.0616
304.0,5.15,0.742,185.43,1.0629
304.0,5.23,0.743,185.72,1.0642
304.0,5.32,0.744,186.00,1.0655
304.0,5.40,0.745,186.26,1.0667
304.0,5.48,0.746,186.50,1.0678
304.0,5.56,0.747,186.72,1.0687
304.0,5.64,0.748,186.90,1.0696
304.0,5.72,0.748,187.03,1.0703
304.0,5.80,0.748,187.12,1.0709
304.0,5.88,0.749,187.15,1.0713
304.0,5.96,0.749,187.14,1.0720
304.0,6.04,0.748,187.07,1.0712
304.0,6.12,0.748,186.91,1.0704
304.0,6.20,0.747,186.68,1.0693
304.0,6.28,0.746,186.39,1.0679
304.0,6.36,0.744,186.04,1.0661
304.0,6.44,0.743,185.65,1.0640
304.0,6.52,0.741,185.21,1.0616
304.0,6.60,0.739,184.75,1.0591
304.0,6.68,0.737,184.25,1.0564
304.0,6.77,0.735,183.73,1.0535
304.0,6.85,0.733,183.21,1.0505
304.0,6.93,0.731,182.67,1.0475
304.0,7.01,0.729,182.14,1.0444
304.0,7.09,0.726,181.61,1.0413
304.0,7.17,0.724,181.10,1.0383
304.0,7.25,0.722,180.62,1.0353
304.0,7.33,0.721,180.16,1.0325
304.0,7.41,0.719,179.73,1.0298
304.0,7.49,0.717,179.35,1.0273
304.0,7.57,0.716,179.02,1.0250
304.0,7.65,0.715,178.75,1.0230
304.0,7.73,0.714,178.54,1.0212
304.0,7.81,0.714,178.40,1.0198
304.0,7.89,0.713,178.34,1.0190
304.0,7.97,0.714,178.39,1.0189
304.0,8.05,0.714,178.50,1.0181
304.0,8.13,0.714,178.61,1.0183
304.0,8.21,0.715,178.75,1.0189
304.0,8.30,0.716,178.93,1.0199
304.0,8.38,0.717,179.14,1.0212
304.0,8.46,0.718,179.38,1.0229
304.0,8.54,0.719,179.65,1.0248
304.0,8.62,0.720,179.94,1.0269
304.0,8.70,0.721,180.25,1.0292
304.0,8.78,0.722,180.58,1.0317
304.0,8.86,0.724,180.93,1.0342
304.0,8.94,0.725,181.29,1.0369
304.0,9.02,0.727,181.67,1.0396
304.0,9.10,0.728,182.05,1.0423
304.0,9.18,0.730,182.44,1.0449
304.0,9.26,0.731,182.83,1.0475
304.0,9.34,0.733,183.22,1.0500
304.0,9.42,0.734,183.62,1.0523
304.0,9.50,0.736,184.01,1.0544
304.0,9.58,0.738,184.39,1.0563
304.0,9.66,0.739,184.77,1.0580
304.0,9.74,0.741,185.13,1.0594
304.0,9.83,0.742,185.48,1.0604
304.0,9.91,0.743,185.79,1.0612
304.0,9.99,0.744,186.09,1.0618
304.0,10.07,0.746,186.45,1.0612
304.0,10.15,0.747,186.75,1.0603
304.0,10.23,0.748,187.03,1.0588
304.0,10.31,0.749,187.29,1.0569
304.0,10.39,0.750,187.53,1.0546
304.0,10.47,0.751,187.73,1.0519
304.0,10.55,0.752,187.90,1.0489
304.0,10.63,0.752,188.03,1.0458
304.0,10.71,0.752,188.12,1.0426
304.0,10.79,0.753,188.16,1.0393
304.0,10.87,0.753,188.15,1.0360
304.0,10.95,0.752,188.09,1.0329
304.0,11.03,0.752,187.96,1.0299
304.0,11.11,0.751,187.78,1.0272
304.0,11.19,0.750,187.53,1.0248
304.0,11.28,0.749,187.21,1.0228
304.0,11.36,0.747,186.81,1.0213
304.0,11.44,0.745,186.34,1.0203
304.0,11.52,0.743,185.79,1.0199
304.0,11.60,0.741,185.15,1.0203
304.0,11.68,0.738,184.42,1.0213
304.0,11.76,0.734,183.59,1.0233
304.0,11.84,0.731,182.67,1.0261
304.0,11.92,0.726,181.61,1.0304
304.0,12.00,0.722,180.46,1.0346
309.4,0.00,0.754,188.56,
309.4,0.08,0.762,190.55,
309.4,0.16,0.770,192.46,
309.4,0.24,0.777,194.28,
309.4,0.32,0.784,196.03,
309.4,0.40,0.791,197.70,
309.4,0.48,0.797,199.30,
309.4,0.56,0.803,200.81,
309.4,0.64,0.809,202.24,
309.4,0.72,0.814,203.58,
309.4,0.81,0.819,204.84,
309.4,0.89,0.824,206.01,
309.4,0.97,0.828,207.09,
309.4,1.05,0.832,208.07,
309.4,1.13,0.836,208.96,
309.4,1.21,0.839,209.75,
309.4,1.29,0.842,210.44,
309.4,1.37,0.844,211.04,
309.4,1.45,0.846,211.52,
309.4,1.53,0.848,211.90,
309.4,1.61,0.849,212.18,
309.4,1.69,0.849,212.33,
309.4,1.77,0.849,212.33,
309.4,1.85,0.849,212.17,
309.4,1.93,0.847,211.87,
309.4,2.01,0.846,211.52,1.1577
309.4,2.09,0.844,211.08,1.1455
309.4,2.17,0.842,210.55,1.1351
309.4,2.26,0.840,209.93,1.1262
309.4,2.34,0.837,209.26,1.1181
309.4,2.42,0.834,208.52,1.1108
309.4,2.50,0.831,207.74,1.1044
309.4,2.58,0.828,206.91,1.0987
309.4,2.66,0.824,206.06,1.0937
309.4,2.74,0.821,205.17,1.0894
309.4,2.82,0.817,204.27,1.0856
309.4,2.90,0.813,203.35,1.0824
309.4,2.98,0.810,202.44,1.0797
309.4,3.06,0.806,201.53,1.0775
309.4,3.14,0.803,200.63,1.0756
309.4,3.22,0.799,199.75,1.0741
309.4,3.30,0.796,198.89,1.0728
309.4,3.38,0.792,198.07,1.0719
309.4,3.46,0.789,197.30,1.0711
309.4,3.54,0.786,196.57,1.0704
309.4,3.62,0.784,195.91,1.0699
309.4,3.70,0.781,195.32,1.0696
309.4,3.79,0.779,194.84,1.0700
309.4,3.87,0.778,194.43,1.0705
309.4,3.95,0.776,194.00,1.0695
309.4,4.03,0.775,193.63,1.0673
309.4,4.11,0.773,193.37,1.0659
309.4,4.19,0.773,193.23,1.0657
309.4,4.27,0.773,193.18,1.0661
309.4,4.35,0.773,193.18,1.0667
309.4,4.43,0.773,193.25,1.0674
309.4,4.51,0.773,193.36,1.0683
309.4,4.59,0.774,193.52,1.0694
309.4,4.67,0.775,193.71,1.0705
309.4,4.75,0.776,193.93,1.0718
309.4,4.83,0.777,194.18,1.0731
309.4,4.91,0.778,194.44,1.0744
309.4,4.99,0.779,194.72,1.0758
309.4,5.07,0.780,195.00,1.0771
309.4,5.15,0.781,195.28,1.0785
309.4,5.23,0.782,195.55,1.0798
309.4,5.32,0.783,195.81,1.0810
309.4,5.40,0.784,196.04,1.0822
309.4,5.48,0.785,196.25,1.0833
309.4,5.56,0.786,196.43,1.0842
309.4,5.64,0.786,196.57,1.0850
309.4,5.72,0.787,196.66,1.0861
309.4,5.80,0.787,196.71,1.0879
309.4,5.88,0.787,196.72,1.0894
309.4,5.96,0.787,196.72,1.0892
309.4,6.04,0.787,196.63,1.0872
309.4,6.12,0.786,196.45,1.0852
309.4,6.20,0.785,196.19,1.0836
309.4,6.28,0.783,195.86,1.0819
309.4,6.36,0.782,195.49,1.0798
309.4,6.44,0.780,195.07,1.0775
309.4,6.52,0.778,194.61,1.0750
309.4,6.60,0.777,194.13,1.0723
309.4,6.68,0.774,193.62,1.0694
309.4,6.77,0.772,193.10,1.0664
309.4,6.85,0.770,192.57,1.0633
309.4,6.93,0.768,192.04,1.0602
309.4,7.01,0.766,191.51,1.0571
309.4,7.09,0.764,191.00,1.0540
309.4,7.17,0.762,190.51,1.0509
309.4,7.25,0.760,190.04,1.0480
309.4,7.33,0.758,189.61,1.0452
309.4,7.41,0.757,189.21,1.0426
309.4,7.49,0.755,188.87,1.0402
309.4,7.57,0.754,188.58,1.0380
309.4,7.65,0.753,188.35,1.0361
309.4,7.73,0.753,188.20,1.0353
309.4,7.81,0.753,188.13,1.0357
309.4,7.89,0.753,188.19,1.0362
309.4,7.97,0.753,188.37,1.0354
309.4,8.05,0.754,188.56,1.0337
309.4,8.13,0.755,188.73,1.0332
309.4,8.21,0.756,188.90,1.0337
309.4,8.30,0.756,189.09,1.0348
309.4,8.38,0.757,189.30,1.0362
309.4,8.46,0.758,189.55,1.0379
309.4,8.54,0.759,189.82,1.0398
309.4,8.62,0.760,190.12,1.0419
309.4,8.70,0.762,190.43,1.0442
309.4,8.78,0.763,190.76,1.0466
309.4,8.86,0.764,191.11,1.0491
309.4,8.94,0.766,191.46,1.0516
309.4,9.02,0.767,191.83,1.0542
309.4,9.10,0.769,192.21,1.0567
309.4,9.18,0.770,192.59,1.0592
309.4,9.26,0.772,192.97,1.0616
309.4,9.34,0.773,193.35,1.0638
309.4,9.42,0.775,193.73,1.0659
309.4,9.50,0.776,194.11,1.0677
309.4,9.58,0.778,194.47,1.0693
309.4,9.66,0.779,194.82,1.0707
309.4,9.74,0.780,195.10,1.0723
309.4,9.83,0.781,195.28,1.0741
309.4,9.91,0.782,195.56,1.0752
309.4,9.99,0.784,195.96,1.0747
309.4,10.07,0.786,196.38,1.0731
309.4,10.15,0.787,196.73,1.0715
309.4,10.23,0.788,197.01,1.0697
309.4,10.31,0.789,197.26,1.0675
309.4,10.39,0.790,197.49,1.0649
309.4,10.47,0.791,197.68,1.0621
309.4,10.55,0.791,197.83,1.0591
309.4,10.63,0.792,197.94,1.0559
309.4,10.71,0.792,198.01,1.0526
309.4,10.79,0.792,198.03,1.0494
309.4,10.87,0.792,197.99,1.0462
309.4,10.95,0.792,197.90,1.0432
309.4,11.03,0.791,197.75,1.0404
309.4,11.11,0.790,197.53,1.0379
309.4,11.19,0.789,197.24,1.0358
309.4,11.28,0.788,196.88,1.0342
309.4,11.36,0.786,196.44,1.0330
309.4,11.44,0.784,195.93,1.0325
309.4,11.52,0.781,195.33,1.0326
309.4,11.60,0.779,194.64,1.0334
309.4,11.68,0.775,193.84,1.0353
309.4,11.76,0.772,192.88,1.0387
309.4,11.84,0.767,191.73,1.0437
309.4,11.92,0.762,190.55,1.0478
309.4,12.00,0.758,189.43,1.0502
314.8,0.00,0.799,199.63,
314.8,0.08,0.807,201.64,
314.8,0.16,0.814,203.56,
314.8,0.24,0.822,205.39,
314.8,0.32,0.829,207.13,
314.8,0.40,0.835,208.80,
314.8,0.48,0.842,210.38,
314.8,0.56,0.848,211.88,
314.8,0.64,0.853,213.30,
314.8,0.72,0.859,214.63,
314.8,0.81,0.863,215.87,
314.8,0.89,0.868,217.03,
314.8,0.97,0.872,218.09,
314.8,1.05,0.876,219.05,
314.8,1.13,0.880,219.92,
314.8,1.21,0.883,220.69,
314.8,1.29,0.885,221.36,
314.8,1.37,0.888,221.93,
314.8,1.45,0.890,222.38,
314.8,1.53,0.891,222.71,
314.8,1.61,0.892,222.88,
314.8,1.69,0.892,222.90,
314.8,1.77,0.891,222.76,
314.8,1.85,0.890,222.49,
314.8,1.93,0.889,222.13,
314.8,2.01,0.887,221.73,1.1637
314.8,2.09,0.885,221.25,1.1514
314.8,2.17,0.883,220.68,1.1408
314.8,2.26,0.880,220.02,1.1319
314.8,2.34,0.877,219.30,1.1243
314.8,2.42,0.874,218.52,1.1176
314.8,2.50,0.871,217.71,1.1117
314.8,2.58,0.867,216.85,1.1065
314.8,2.66,0.864,215.97,1.1019
314.8,2.74,0.860,215.06,1.0980
314.8,2.82,0.857,214.14,1.0946
314.8,2.90,0.853,213.22,1.0918
314.8,2.98,0.849,212.30,1.0894
314.8,3.06,0.846,211.38,1.0874
314.8,3.14,0.842,210.49,1.0858
314.8,3.22,0.838,209.62,1.0845
314.8,3.30,0.835,208.78,1.0834
314.8,3.38,0.832,207.98,1.0826
314.8,3.46,0.829,207.24,1.0820
314.8,3.54,0.826,206.57,1.0820
314.8,3.62,0.824,206.00,1.0826
314.8,3.70,0.822,205.54,1.0839
314.8,3.79,0.820,205.10,1.0847
314.8,3.87,0.818,204.62,1.0839
314.8,3.95,0.817,204.17,1.0818
314.8,4.03,0.815,203.79,1.0787
314.8,4.11,0.814,203.52,1.0764
314.8,4.19,0.813,203.37,1.0754
314.8,4.27,0.813,203.32,1.0754
314.8,4.35,0.813,203.35,1.0761
314.8,4.43,0.814,203.44,1.0770
314.8,4.51,0.814,203.57,1.0780
314.8,4.59,0.815,203.73,1.0792
314.8,4.67,0.816,203.94,1.0804
314.8,4.75,0.817,204.16,1.0817
314.8,4.83,0.818,204.41,1.0831
314.8,4.91,0.819,204.67,1.0844
314.8,4.99,0.820,204.94,1.0858
314.8,5.07,0.821,205.20,1.0872
314.8,5.15,0.822,205.47,1.0886
314.8,5.23,0.823,205.72,1.0899
314.8,5.32,0.824,205.95,1.0911
314.8,5.40,0.825,206.16,1.0922
314.8,5.48,0.825,206.33,1.0934
314.8,5.56,0.826,206.48,1.0951
314.8,5.64,0.826,206.58,1.0974
314.8,5.72,0.827,206.63,1.1004
314.8,5.80,0.827,206.66,1.1025
314.8,5.88,0.827,206.70,1.1029
314.8,5.96,0.827,206.68,1.1014
314.8,6.04,0.826,206.58,1.0983
314.8,6.12,0.826,206.38,1.0954
314.8,6.20,0.824,206.10,1.0927
314.8,6.28,0.823,205.75,1.0904
314.8,6.36,0.821,205.35,1.0881
314.8,6.44,0.820,204.90,1.0856
314.8,6.52,0.818,204.43,1.0829
314.8,6.60,0.816,203.93,1.0800
314.8,6.68,0.814,203.41,1.0770
314.8,6.77,0.812,202.89,1.0739
314.8,6.85,0.809,202.36,1.0707
314.8,6.93,0.807,201.83,1.0676
314.8,7.01,0.805,201.31,1.0644
314.8,7.09,0.803,200.81,1.0613
314.8,7.17,0.801,200.34,1.0582
314.8,7.25,0.800,199.89,1.0553
314.8,7.33,0.798,199.49,1.0526
314.8,7.41,0.797,199.13,1.0501
314.8,7.49,0.795,198.82,1.0481
314.8,7.57,0.794,198.58,1.0471
314.8,7.65,0.794,198.42,1.0474
314.8,7.73,0.793,198.35,1.0489
314.8,7.81,0.794,198.43,1.0498
314.8,7.89,0.795,198.64,1.0494
314.8,7.97,0.796,198.89,1.0477
314.8,8.05,0.797,199.14,1.0453
314.8,8.13,0.798,199.38,1.0440
314.8,8.21,0.798,199.60,1.0439
314.8,8.30,0.799,199.81,1.0448
314.8,8.38,0.800,200.03,1.0463
314.8,8.46,0.801,200.28,1.0480
314.8,8.54,0.802,200.55,1.0499
314.8,8.62,0.803,200.85,1.0520
314.8,8.70,0.805,201.16,1.0542
314.8,8.78,0.806,201.48,1.0566
314.8,8.86,0.807,201.82,1.0590
314.8,8.94,0.809,202.18,1.0614
314.8,9.02,0.810,202.54,1.0638
314.8,9.10,0.812,202.90,1.0662
314.8,9.18,0.813,203.27,1.0684
314.8,9.26,0.815,203.64,1.0706
314.8,9.34,0.816,204.00,1.0726
314.8,9.42,0.817,204.37,1.0744
314.8,9.50,0.819,204.69,1.0763
314.8,9.58,0.820,204.93,1.0784
314.8,9.66,0.820,205.09,1.0808
314.8,9.74,0.821,205.18,1.0834
314.8,9.83,0.822,205.42,1.0848
314.8,9.91,0.823,205.82,1.0849
314.8,9.99,0.825,206.28,1.0835
314.8,10.07,0.827,206.75,1.0811
314.8,10.15,0.829,207.15,1.0786
314.8,10.23,0.830,207.47,1.0761
314.8,10.31,0.831,207.73,1.0736
314.8,10.39,0.832,207.94,1.0708
314.8,10.47,0.832,208.11,1.0679
314.8,10.55,0.833,208.25,1.0647
314.8,10.63,0.833,208.34,1.0615
314.8,10.71,0.834,208.38,1.0583
314.8,10.79,0.833,208.37,1.0551
314.8,10.87,0.833,208.31,1.0520
314.8,10.95,0.833,208.19,1.0491
314.8,11.03,0.832,208.00,1.0466
314.8,11.11,0.831,207.74,1.0443
314.8,11.19,0.830,207.42,1.0425
314.8,11.28,0.828,207.02,1.0412
314.8,11.36,0.826,206.54,1.0404
314.8,11.44,0.824,205.97,1.0404
314.8,11.52,0.821,205.27,1.0415
314.8,11.60,0.818,204.41,1.0440
314.8,11.68,0.814,203.38,1.0484
314.8,11.76,0.809,202.19,1.0538
314.8,11.84,0.804,200.98,1.0576
314.8,11.92,0.799,199.80,1.0598
314.8,12.00,0.795,198.72,1.0606
320.1,0.00,0.845,211.30,
320.1,0.08,0.853,213.30,
320.1,0.16,0.861,215.22,
320.1,0.24,0.868,217.05,
320.1,0.32,0.875,218.80,
320.1,0.40,0.882,220.45,
320.1,0.48,0.888,222.02,
320.1,0.56,0.894,223.51,
320.1,0.64,0.900,224.91,
320.1,0.72,0.905,226.23,
320.1,0.81,0.910,227.45,
320.1,0.89,0.914,228.58,
320.1,0.97,0.918,229.62,
320.1,1.05,0.922,230.56,
320.1,1.13,0.926,231.41,
320.1,1.21,0.929,232.15,
320.1,1.29,0.931,232.78,
320.1,1.37,0.933,233.27,
320.1,1.45,0.934,233.62,
320.1,1.53,0.935,233.82,
320.1,1.61,0.935,233.85,
320.1,1.69,0.935,233.73,
320.1,1.77,0.934,233.49,
320.1,1.85,0.933,233.14,
320.1,1.93,0.931,232.74,
320.1,2.01,0.929,232.31,1.1663
320.1,2.09,0.927,231.79,1.1538
320.1,2.17,0.925,231.18,1.1432
320.1,2.26,0.922,230.50,1.1342
320.1,2.34,0.919,229.74,1.1267
320.1,2.42,0.916,228.93,1.1204
320.1,2.50,0.912,228.08,1.1150
320.1,2.58,0.909,227.20,1.1103
320.1,2.66,0.905,226.29,1.1062
320.1,2.74,0.901,225.37,1.1027
320.1,2.82,0.898,224.44,1.0997
320.1,2.90,0.894,223.51,1.0972
320.1,2.98,0.890,222.59,1.0952
320.1,3.06,0.887,221.68,1.0935
320.1,3.14,0.883,220.79,1.0921
320.1,3.22,0.880,219.93,1.0911
320.1,3.30,0.877,219.13,1.0905
320.1,3.38,0.874,218.39,1.0905
320.1,3.46,0.871,217.74,1.0912
320.1,3.54,0.869,217.19,1.0926
320.1,3.62,0.867,216.74,1.0946
320.1,3.70,0.865,216.27,1.0955
320.1,3.79,0.863,215.75,1.0949
320.1,3.87,0.861,215.23,1.0930
320.1,3.95,0.859,214.76,1.0901
320.1,4.03,0.857,214.37,1.0863
320.1,4.11,0.856,214.10,1.0832
320.1,4.19,0.856,213.94,1.0815
320.1,4.27,0.856,213.88,1.0809
320.1,4.35,0.856,213.91,1.0811
320.1,4.43,0.856,214.01,1.0820
320.1,4.51,0.857,214.15,1.0831
320.1,4.59,0.857,214.33,1.0844
320.1,4.67,0.858,214.54,1.0857
320.1,4.75,0.859,214.77,1.0870
320.1,4.83,0.860,215.01,1.0884
320.1,4.91,0.861,215.26,1.0899
320.1,4.99,0.862,215.52,1.0913
320.1,5.07,0.863,215.77,1.0927
320.1,5.15,0.864,216.02,1.0940
320.1,5.23,0.865,216.24,1.0953
320.1,5.32,0.866,216.45,1.0970
320.1,5.40,0.866,216.62,1.0990
320.1,5.48,0.867,216.77,1.1017
320.1,5.56,0.867,216.87,1.1051
320.1,5.64,0.868,216.93,1.1090
320.1,5.72,0.868,216.98,1.1114
320.1,5.80,0.868,217.05,1.1123
320.1,5.88,0.868,217.08,1.1116
320.1,5.96,0.868,217.04,1.1092
320.1,6.04,0.868,216.92,1.1051
320.1,6.12,0.867,216.70,1.1012
320.1,6.20,0.866,216.41,1.0978
320.1,6.28,0.864,216.04,1.0946
320.1,6.36,0.862,215.62,1.0918
320.1,6.44,0.861,215.16,1.0890
320.1,6.52,0.859,214.66,1.0861
320.1,6.60,0.857,214.15,1.0831
320.1,6.68,0.854,213.62,1.0800
320.1,6.77,0.852,213.09,1.0768
320.1,6.85,0.850,212.56,1.0735
320.1,6.93,0.848,212.04,1.0703
320.1,7.01,0.846,211.53,1.0671
320.1,7.09,0.844,211.04,1.0640
320.1,7.17,0.842,210.59,1.0610
320.1,7.25,0.841,210.17,1.0583
320.1,7.33,0.839,209.80,1.0562
320.1,7.41,0.838,209.48,1.0551
320.1,7.49,0.837,209.24,1.0551
320.1,7.57,0.836,209.07,1.0564
320.1,7.65,0.836,209.01,1.0587
320.1,7.73,0.836,209.10,1.0598
320.1,7.81,0.837,209.33,1.0598
320.1,7.89,0.838,209.61,1.0587
320.1,7.97,0.840,209.91,1.0563
320.1,8.05,0.841,210.21,1.0532
320.1,8.13,0.842,210.49,1.0513
320.1,8.21,0.843,210.76,1.0506
320.1,8.30,0.844,211.01,1.0510
320.1,8.38,0.845,211.25,1.0521
320.1,8.46,0.846,211.50,1.0538
320.1,8.54,0.847,211.77,1.0557
320.1,8.62,0.848,212.06,1.0578
320.1,8.70,0.849,212.37,1.0600
320.1,8.78,0.851,212.69,1.0623
320.1,8.86,0.852,213.02,1.0646
320.1,8.94,0.853,213.36,1.0669
320.1,9.02,0.855,213.71,1.0691
320.1,9.10,0.856,214.06,1.0713
320.1,9.18,0.858,214.41,1.0734
320.1,9.26,0.859,214.75,1.0754
320.1,9.34,0.860,215.04,1.0777
320.1,9.42,0.861,215.26,1.0801
320.1,9.50,0.862,215.40,1.0830
320.1,9.58,0.862,215.44,1.0862
320.1,9.66,0.862,215.48,1.0892
320.1,9.74,0.863,215.69,1.0909
320.1,9.83,0.864,216.06,1.0915
320.1,9.91,0.866,216.51,1.0907
320.1,9.99,0.868,217.01,1.0885
320.1,10.07,0.870,217.53,1.0854
320.1,10.15,0.872,217.96,1.0822
320.1,10.23,0.873,218.31,1.0791
320.1,10.31,0.874,218.60,1.0760
320.1,10.39,0.875,218.81,1.0729
320.1,10.47,0.876,218.97,1.0698
320.1,10.55,0.876,219.08,1.0666
320.1,10.63,0.877,219.15,1.0633
320.1,10.71,0.877,219.17,1.0601
320.1,10.79,0.877,219.13,1.0569
320.1,10.87,0.876,219.04,1.0540
320.1,10.95,0.876,218.88,1.0513
320.1,11.03,0.875,218.66,1.0489
320.1,11.11,0.873,218.36,1.0470
320.1,11.19,0.872,218.00,1.0455
320.1,11.28,0.870,217.53,1.0447
320.1,11.36,0.868,216.93,1.0451
320.1,11.44,0.865,216.19,1.0468
320.1,11.52,0.861,215.27,1.0502
320.1,11.60,0.857,214.16,1.0553
320.1,11.68,0.852,212.95,1.0606
320.1,11.76,0.847,211.73,1.0641
320.1,11.84,0.842,210.51,1.0662
320.1,11.92,0.837,209.37,1.0669
320.1,12.00,0.833,208.32,1.0663
325.5,0.00,0.894,223.52,
325.5,0.08,0.902,225.52,
325.5,0.16,0.910,227.43,
325.5,0.24,0.917,229.26,
325.5,0.32,0.924,230.99,
325.5,0.40,0.931,232.64,
325.5,0.48,0.937,234.20,
325.5,0.56,0.943,235.66,
325.5,0.64,0.948,237.05,
325.5,0.72,0.953,238.34,
325.5,0.81,0.958,239.54,
325.5,0.89,0.963,240.64,
325.5,0.97,0.967,241.66,
325.5,1.05,0.970,242.57,
325.5,1.13,0.973,243.36,
325.5,1.21,0.976,244.02,
325.5,1.29,0.978,244.55,
325.5,1.37,0.980,244.92,
325.5,1.45,0.981,245.14,
325.5,1.53,0.981,245.19,
325.5,1.61,0.980,245.10,
325.5,1.69,0.980,244.88,
325.5,1.77,0.978,244.55,
325.5,1.85,0.977,244.17,
325.5,1.93,0.975,243.74,
325.5,2.01,0.973,243.27,1.1656
325.5,2.09,0.971,242.72,1.1532
325.5,2.17,0.968,242.08,1.1426
325.5,2.26,0.965,241.37,1.1338
325.5,2.34,0.962,240.59,1.1264
325.5,2.42,0.959,239.75,1.1203
325.5,2.50,0.956,238.88,1.1152
325.5,2.58,0.952,237.97,1.1110
325.5,2.66,0.948,237.05,1.1074
325.5,2.74,0.944,236.11,1.1043
325.5,2.82,0.941,235.17,1.1017
325.5,2.90,0.937,234.24,1.0996
325.5,2.98,0.933,233.32,1.0979
325.5,3.06,0.930,232.42,1.0966
325.5,3.14,0.926,231.57,1.0958
325.5,3.22,0.923,230.77,1.0957
325.5,3.30,0.920,230.05,1.0963
325.5,3.38,0.918,229.41,1.0977
325.5,3.46,0.916,228.88,1.0998
325.5,3.54,0.914,228.43,1.1022
325.5,3.62,0.912,227.92,1.1032
325.5,3.70,0.909,227.37,1.1027
325.5,3.79,0.907,226.80,1.1011
325.5,3.87,0.905,226.26,1.0984
325.5,3.95,0.903,225.79,1.0948
325.5,4.03,0.902,225.39,1.0903
325.5,4.11,0.900,225.11,1.0866
325.5,4.19,0.900,224.94,1.0844
325.5,4.27,0.900,224.88,1.0832
325.5,4.35,0.900,224.90,1.0830
325.5,4.43,0.900,224.99,1.0835
325.5,4.51,0.901,225.14,1.0846
325.5,4.59,0.901,225.33,1.0859
325.5,4.67,0.902,225.54,1.0872
325.5,4.75,0.903,225.76,1.0886
325.5,4.83,0.904,226.00,1.0901
325.5,4.91,0.905,226.25,1.0915
325.5,4.99,0.906,226.49,1.0929
325.5,5.07,0.907,226.72,1.0945
325.5,5.15,0.908,226.94,1.0964
325.5,5.23,0.909,227.14,1.0987
325.5,5.32,0.909,227.32,1.1015
325.5,5.40,0.910,227.45,1.1051
325.5,5.48,0.910,227.55,1.1095
325.5,5.56,0.910,227.62,1.1138
325.5,5.64,0.911,227.69,1.1165
325.5,5.72,0.911,227.77,1.1178
325.5,5.80,0.911,227.84,1.1177
325.5,5.88,0.911,227.86,1.1161
325.5,5.96,0.911,227.79,1.1128
325.5,6.04,0.911,227.65,1.1079
325.5,6.12,0.910,227.41,1.1033
325.5,6.20,0.908,227.10,1.0991
325.5,6.28,0.907,226.72,1.0953
325.5,6.36,0.905,226.29,1.0918
325.5,6.44,0.903,225.81,1.0886
325.5,6.52,0.901,225.30,1.0855
325.5,6.60,0.899,224.77,1.0823
325.5,6.68,0.897,224.24,1.0791
325.5,6.77,0.895,223.70,1.0758
325.5,6.85,0.893,223.17,1.0725
325.5,6.93,0.891,222.66,1.0693
325.5,7.01,0.889,222.16,1.0661
325.5,7.09,0.887,221.69,1.0633
325.5,7.17,0.885,221.26,1.0611
325.5,7.25,0.884,220.88,1.0597
325.5,7.33,0.882,220.56,1.0593
325.5,7.41,0.881,220.31,1.0603
325.5,7.49,0.881,220.14,1.0626
325.5,7.57,0.880,220.09,1.0652
325.5,7.65,0.881,220.19,1.0665
325.5,7.73,0.882,220.42,1.0668
325.5,7.81,0.883,220.73,1.0662
325.5,7.89,0.884,221.05,1.0644
325.5,7.97,0.886,221.39,1.0614
325.5,8.05,0.887,221.73,1.0578
325.5,8.13,0.888,222.04,1.0553
325.5,8.21,0.889,222.34,1.0542
325.5,8.30,0.890,222.62,1.0540
325.5,8.38,0.892,222.88,1.0548
325.5,8.46,0.893,223.15,1.0562
325.5,8.54,0.894,223.42,1.0580
325.5,8.62,0.895,223.70,1.0601
325.5,8.70,0.896,223.99,1.0622
325.5,8.78,0.897,224.30,1.0644
325.5,8.86,0.898,224.62,1.0666
325.5,8.94,0.900,224.95,1.0687
325.5,9.02,0.901,225.28,1.0709
325.5,9.10,0.902,225.58,1.0731
325.5,9.18,0.903,225.84,1.0756
325.5,9.26,0.904,226.05,1.0783
325.5,9.34,0.905,226.18,1.0813
325.5,9.42,0.905,226.21,1.0847
325.5,9.50,0.905,226.14,1.0886
325.5,9.58,0.905,226.16,1.0918
325.5,9.66,0.905,226.34,1.0938
325.5,9.74,0.907,226.68,1.0947
325.5,9.83,0.908,227.11,1.0944
325.5,9.91,0.910,227.59,1.0929
325.5,9.99,0.913,228.13,1.0901
325.5,10.07,0.915,228.67,1.0863
325.5,10.15,0.917,229.13,1.0825
325.5,10.23,0.918,229.50,1.0789
325.5,10.31,0.919,229.80,1.0753
325.5,10.39,0.920,230.02,1.0718
325.5,10.47,0.921,230.18,1.0684
325.5,10.55,0.921,230.27,1.0651
325.5,10.63,0.921,230.32,1.0619
325.5,10.71,0.921,230.31,1.0587
325.5,10.79,0.921,230.24,1.0556
325.5,10.87,0.920,230.11,1.0528
325.5,10.95,0.920,229.92,1.0503
325.5,11.03,0.919,229.65,1.0482
325.5,11.11,0.917,229.28,1.0469
325.5,11.19,0.915,228.79,1.0465
325.5,11.28,0.913,228.15,1.0474
325.5,11.36,0.909,227.36,1.0497
325.5,11.44,0.906,226.38,1.0538
325.5,11.52,0.901,225.22,1.0595
325.5,11.60,0.896,224.00,1.0644
325.5,11.68,0.891,222.78,1.0677
325.5,11.76,0.886,221.54,1.0695
325.5,11.84,0.881,220.35,1.0701
325.5,11.92,0.877,219.24,1.0695
325.5,12.00,0.873,218.22,1.0676
330.9,0.00,0.945,236.28,
330.9,0.08,0.953,238.27,
330.9,0.16,0.961,240.17,
330.9,0.24,0.968,241.97,
330.9,0.32,0.975,243.69,
330.9,0.40,0.981,245.32,
330.9,0.48,0.987,246.86,
330.9,0.56,0.993,248.30,
330.9,0.64,0.999,249.66,
330.9,0.72,1.004,250.93,
330.9,0.81,1.008,252.10,
330.9,0.89,1.013,253.17,
330.9,0.97,1.016,254.12,
330.9,1.05,1.020,254.96,
330.9,1.13,1.023,255.66,
330.9,1.21,1.025,256.21,
330.9,1.29,1.026,256.61,
330.9,1.37,1.027,256.84,
330.9,1.45,1.028,256.91,
330.9,1.53,1.027,256.84,
330.9,1.61,1.027,256.66,
330.9,1.69,1.025,256.37,
330.9,1.77,1.024,255.99,
330.9,1.85,1.022,255.58,
330.9,1.93,1.020,255.12,
330.9,2.01,1.018,254.62,1.1621
330.9,2.09,1.016,254.05,1.1499
330.9,2.17,1.014,253.39,1.1395
330.9,2.26,1.011,252.65,1.1309
330.9,2.34,1.007,251.85,1.1237
330.9,2.42,1.004,250.99,1.1179
330.9,2.50,1.000,250.10,1.1131
330.9,2.58,0.997,249.18,1.1093
330.9,2.66,0.993,248.24,1.1061
330.9,2.74,0.989,247.29,1.1035
330.9,2.82,0.985,246.35,1.1013
330.9,2.90,0.982,245.43,1.0997
330.9,2.98,0.978,244.53,1.0987
330.9,3.06,0.975,243.69,1.0983
330.9,3.14,0.972,242.90,1.0986
330.9,3.22,0.969,242.20,1.0997
330.9,3.30,0.966,241.59,1.1017
330.9,3.38,0.964,241.08,1.1045
330.9,3.46,0.962,240.60,1.1069
330.9,3.54,0.960,240.07,1.1079
330.9,3.62,0.958,239.49,1.1075
330.9,3.70,0.955,238.87,1.1060
330.9,3.79,0.953,238.27,1.1036
330.9,3.87,0.951,237.72,1.1004
330.9,3.95,0.949,237.24,1.0962
330.9,4.03,0.947,236.84,1.0911
330.9,4.11,0.946,236.55,1.0870
330.9,4.19,0.946,236.38,1.0843
330.9,4.27,0.945,236.31,1.0827
330.9,4.35,0.945,236.33,1.0822
330.9,4.43,0.946,236.41,1.0824
330.9,4.51,0.946,236.56,1.0833
330.9,4.59,0.947,236.74,1.0845
330.9,4.67,0.948,236.95,1.0859
330.9,4.75,0.949,237.17,1.0873
330.9,4.83,0.950,237.40,1.0888
330.9,4.91,0.951,237.64,1.0905
330.9,4.99,0.951,237.86,1.0924
330.9,5.07,0.952,238.07,1.0948
330.9,5.15,0.953,238.26,1.0977
330.9,5.23,0.954,238.42,1.1012
330.9,5.32,0.954,238.55,1.1056
330.9,5.40,0.955,238.63,1.1107
330.9,5.48,0.955,238.71,1.1152
330.9,5.56,0.955,238.79,1.1181
330.9,5.64,0.956,238.88,1.1197
330.9,5.72,0.956,238.98,1.1200
330.9,5.80,0.956,239.03,1.1191
330.9,5.88,0.956,239.02,1.1167
330.9,5.96,0.956,238.93,1.1126
330.9,6.04,0.955,238.77,1.1071
330.9,6.12,0.954,238.51,1.1018
330.9,6.20,0.953,238.18,1.0971
330.9,6.28,0.951,237.79,1.0929
330.9,6.36,0.949,237.34,1.0889
330.9,6.44,0.947,236.85,1.0853
330.9,6.52,0.945,236.33,1.0819
330.9,6.60,0.943,235.80,1.0785
330.9,6.68,0.941,235.25,1.0752
330.9,6.77,0.939,234.72,1.0719
330.9,6.85,0.937,234.19,1.0686
330.9,6.93,0.935,233.68,1.0657
330.9,7.01,0.933,233.20,1.0632
330.9,7.09,0.931,232.77,1.0615
330.9,7.17,0.930,232.38,1.0607
330.9,7.25,0.928,232.06,1.0611
330.9,7.33,0.927,231.80,1.0629
330.9,7.41,0.927,231.63,1.0660
330.9,7.49,0.926,231.60,1.0686
330.9,7.57,0.927,231.70,1.0701
330.9,7.65,0.928,231.93,1.0707
330.9,7.73,0.929,232.25,1.0704
330.9,7.81,0.930,232.59,1.0691
330.9,7.89,0.932,232.93,1.0668
330.9,7.97,0.933,233.29,1.0634
330.9,8.05,0.935,233.66,1.0592
330.9,8.13,0.936,233.99,1.0564
330.9,8.21,0.937,234.30,1.0548
330.9,8.30,0.938,234.59,1.0544
330.9,8.38,0.939,234.87,1.0548
330.9,8.46,0.941,235.15,1.0559
330.9,8.54,0.942,235.42,1.0575
330.9,8.62,0.943,235.69,1.0595
330.9,8.70,0.944,235.97,1.0615
330.9,8.78,0.945,236.27,1.0636
330.9,8.86,0.946,236.56,1.0658
330.9,8.94,0.947,236.84,1.0681
330.9,9.02,0.948,237.08,1.0705
330.9,9.10,0.949,237.27,1.0733
330.9,9.18,0.950,237.39,1.0764
330.9,9.26,0.950,237.43,1.0799
330.9,9.34,0.949,237.36,1.0839
330.9,9.42,0.949,237.21,1.0882
330.9,9.50,0.949,237.21,1.0915
330.9,9.58,0.949,237.37,1.0936
330.9,9.66,0.951,237.67,1.0947
330.9,9.74,0.952,238.08,1.0948
330.9,9.83,0.954,238.54,1.0940
330.9,9.91,0.956,239.04,1.0919
330.9,9.99,0.958,239.60,1.0884
330.9,10.07,0.961,240.15,1.0841
330.9,10.15,0.962,240.62,1.0799
330.9,10.23,0.964,241.00,1.0758
330.9,10.31,0.965,241.30,1.0719
330.9,10.39,0.966,241.52,1.0682
330.9,10.47,0.967,241.67,1.0646
330.9,10.55,0.967,241.75,1.0611
330.9,10.63,0.967,241.77,1.0578
330.9,10.71,0.967,241.73,1.0546
330.9,10.79,0.967,241.63,1.0517
330.9,10.87,0.966,241.45,1.0491
330.9,10.95,0.965,241.18,1.0472
330.9,11.03,0.963,240.80,1.0461
330.9,11.11,0.961,240.28,1.0461
330.9,11.19,0.958,239.61,1.0475
330.9,11.28,0.955,238.77,1.0504
330.9,11.36,0.951,237.74,1.0551
330.9,11.44,0.946,236.55,1.0609
330.9,11.52,0.941,235.34,1.0654
330.9,11.60,0.936,234.11,1.0683
330.9,11.68,0.931,232.87,1.0699
330.9,11.76,0.927,231.65,1.0704
330.9,11.84,0.922,230.49,1.0698
330.9,11.92,0.918,229.40,1.0681
330.9,12.00,0.914,228.40,1.0651
336.2,0.00,0.998,249.56,
336.2,0.08,1.006,251.52,
336.2,0.16,1.014,253.40,
336.2,0.24,1.021,255.18,
336.2,0.32,1.027,256.87,
336.2,0.40,1.034,258.47,
336.2,0.48,1.040,259.98,
336.2,0.56,1.046,261.40,
336.2,0.64,1.051,262.72,
336.2,0.72,1.056,263.95,
336.2,0.81,1.060,265.07,
336.2,0.89,1.064,266.07,
336.2,0.97,1.068,266.95,
336.2,1.05,1.071,267.68,
336.2,1.13,1.073,268.25,
336.2,1.21,1.075,268.67,
336.2,1.29,1.076,268.91,
336.2,1.37,1.076,269.01,
336.2,1.45,1.076,268.98,
336.2,1.53,1.075,268.83,
336.2,1.61,1.074,268.57,
336.2,1.69,1.073,268.22,
336.2,1.77,1.071,267.83,
336.2,1.85,1.070,267.38,
336.2,1.93,1.068,266.90,
336.2,2.01,1.066,266.38,1.1561
336.2,2.09,1.063,265.79,1.1441
336.2,2.17,1.060,265.11,1.1341
336.2,2.26,1.057,264.35,1.1258
336.2,2.34,1.054,263.54,1.1190
336.2,2.42,1.051,262.67,1.1136
336.2,2.50,1.047,261.76,1.1092
336.2,2.58,1.043,260.83,1.1058
336.2,2.66,1.040,259.88,1.1031
336.2,2.74,1.036,258.94,1.1010
336.2,2.82,1.032,258.01,1.0995
336.2,2.90,1.029,257.13,1.0987
336.2,2.98,1.025,256.29,1.0986
336.2,3.06,1.022,255.53,1.0993
336.2,3.14,1.019,254.84,1.1009
336.2,3.22,1.017,254.25,1.1034
336.2,3.30,1.015,253.77,1.1066
336.2,3.38,1.013,253.26,1.1089
336.2,3.46,1.011,252.69,1.1099
336.2,3.54,1.008,252.08,1.1095
336.2,3.62,1.006,251.44,1.1081
336.2,3.70,1.003,250.79,1.1059
336.2,3.79,1.001,250.18,1.1030
336.2,3.87,0.998,249.62,1.0992
336.2,3.95,0.997,249.13,1.0946
336.2,4.03,0.995,248.72,1.0891
336.2,4.11,0.994,248.43,1.0846
336.2,4.19,0.993,248.26,1.0816
336.2,4.27,0.993,248.18,1.0798
336.2,4.35,0.993,248.19,1.0790
336.2,4.43,0.993,248.27,1.0791
336.2,4.51,0.994,248.41,1.0799
336.2,4.59,0.994,248.59,1.0810
336.2,4.67,0.995,248.80,1.0824
336.2,4.75,0.996,249.01,1.0840
336.2,4.83,0.997,249.23,1.0859
336.2,4.91,0.998,249.43,1.0881
336.2,4.99,0.999,249.63,1.0909
336.2,5.07,0.999,249.80,1.0942
336.2,5.15,1.000,249.95,1.0984
336.2,5.23,1.000,250.06,1.1034
336.2,5.32,1.001,250.13,1.1090
336.2,5.40,1.001,250.21,1.1134
336.2,5.48,1.001,250.30,1.1164
336.2,5.56,1.002,250.40,1.1182
336.2,5.64,1.002,250.50,1.1188
336.2,5.72,1.002,250.58,1.1184
336.2,5.80,1.002,250.60,1.1168
336.2,5.88,1.002,250.57,1.1138
336.2,5.96,1.002,250.46,1.1092
336.2,6.04,1.001,250.27,1.1031
336.2,6.12,1.000,250.00,1.0974
336.2,6.20,0.999,249.66,1.0923
336.2,6.28,0.997,249.25,1.0876
336.2,6.36,0.995,248.79,1.0834
336.2,6.44,0.993,248.28,1.0795
336.2,6.52,0.991,247.76,1.0759
336.2,6.60,0.989,247.21,1.0725
336.2,6.68,0.987,246.66,1.0691
336.2,6.77,0.985,246.13,1.0659
336.2,6.85,0.982,245.61,1.0632
336.2,6.93,0.981,245.13,1.0611
336.2,7.01,0.979,244.69,1.0598
336.2,7.09,0.977,244.30,1.0596
336.2,7.17,0.976,243.97,1.0606
336.2,7.25,0.975,243.71,1.0631
336.2,7.33,0.974,243.55,1.0667
336.2,7.41,0.974,243.52,1.0693
336.2,7.49,0.975,243.63,1.0709
336.2,7.57,0.975,243.85,1.0715
336.2,7.65,0.977,244.16,1.0715
336.2,7.73,0.978,244.50,1.0706
336.2,7.81,0.979,244.86,1.0689
336.2,7.89,0.981,245.22,1.0662
336.2,7.97,0.982,245.59,1.0624
336.2,8.05,0.984,245.96,1.0579
336.2,8.13,0.985,246.30,1.0548
336.2,8.21,0.986,246.62,1.0530
336.2,8.30,0.988,246.91,1.0522
336.2,8.38,0.989,247.18,1.0524
336.2,8.46,0.990,247.45,1.0534
336.2,8.54,0.991,247.71,1.0549
336.2,8.62,0.992,247.97,1.0567
336.2,8.70,0.993,248.23,1.0587
336.2,8.78,0.994,248.48,1.0609
336.2,8.86,0.995,248.71,1.0633
336.2,8.94,0.996,248.89,1.0659
336.2,9.02,0.996,249.01,1.0689
336.2,9.10,0.996,249.05,1.0723
336.2,9.18,0.996,248.99,1.0762
336.2,9.26,0.995,248.82,1.0807
336.2,9.34,0.995,248.64,1.0851
336.2,9.42,0.994,248.62,1.0884
336.2,9.50,0.995,248.75,1.0906
336.2,9.58,0.996,249.02,1.0918
336.2,9.66,0.998,249.40,1.0923
336.2,9.74,0.999,249.83,1.0918
336.2,9.83,1.001,250.30,1.0904
336.2,9.91,1.003,250.82,1.0878
336.2,9.99,1.006,251.38,1.0839
336.2,10.07,1.008,251.94,1.0792
336.2,10.15,1.010,252.40,1.0746
336.2,10.23,1.011,252.77,1.0703
336.2,10.31,1.012,253.06,1.0662
336.2,10.39,1.013,253.27,1.0622
336.2,10.47,1.014,253.39,1.0585
336.2,10.55,1.014,253.45,1.0550
336.2,10.63,1.014,253.44,1.0517
336.2,10.71,1.013,253.36,1.0486
336.2,10.79,1.013,253.19,1.0461
336.2,10.87,1.012,252.92,1.0443
336.2,10.95,1.010,252.53,1.0434
336.2,11.03,1.008,251.99,1.0438
336.2,11.11,1.005,251.30,1.0455
336.2,11.19,1.002,250.42,1.0489
336.2,11.28,0.997,249.34,1.0542
336.2,11.36,0.993,248.14,1.0597
336.2,11.44,0.988,246.94,1.0637
336.2,11.52,0.983,245.72,1.0663
336.2,11.60,0.978,244.48,1.0676
336.2,11.68,0.973,243.24,1.0679
336.2,11.76,0.968,242.04,1.0673
336.2,11.84,0.964,240.91,1.0657
336.2,11.92,0.959,239.84,1.0630
336.2,12.00,0.955,238.86,1.0590
341.6,0.00,1.053,263.33,
341.6,0.08,1.061,265.26,
341.6,0.16,1.068,267.10,
341.6,0.24,1.075,268.85,
341.6,0.32,1.082,270.50,
341.6,0.40,1.088,272.07,
341.6,0.48,1.094,273.54,
341.6,0.56,1.100,274.92,
341.6,0.64,1.105,276.20,
341.6,0.72,1.109,277.37,
341.6,0.81,1.114,278.41,
341.6,0.89,1.117,279.32,
341.6,0.97,1.120,280.08,
341.6,1.05,1.123,280.68,
341.6,1.13,1.124,281.11,
341.6,1.21,1.125,281.37,
341.6,1.29,1.126,281.50,
341.6,1.37,1.126,281.50,
341.6,1.45,1.126,281.38,
341.6,1.53,1.125,281.17,
341.6,1.61,1.123,280.85,
341.6,1.69,1.122,280.48,
341.6,1.77,1.120,280.07,
341.6,1.85,1.118,279.60,
341.6,1.93,1.116,279.10,
341.6,2.01,1.114,278.57,1.1479
341.6,2.09,1.112,277.96,1.1364
341.6,2.17,1.109,277.26,1.1268
341.6,2.26,1.106,276.49,1.1190
341.6,2.34,1.103,275.67,1.1127
341.6,2.42,1.099,274.79,1.1077
341.6,2.50,1.095,273.87,1.1039
341.6,2.58,1.092,272.94,1.1010
341.6,2.66,1.088,271.99,1.0989
341.6,2.74,1.084,271.08,1.0975
341.6,2.82,1.081,270.20,1.0968
341.6,2.90,1.078,269.38,1.0970
341.6,2.98,1.075,268.64,1.0980
341.6,3.06,1.072,267.97,1.1000
341.6,3.14,1.070,267.41,1.1029
341.6,3.22,1.068,266.93,1.1064
341.6,3.30,1.066,266.39,1.1084
341.6,3.38,1.063,265.80,1.1092
341.6,3.46,1.061,265.16,1.1089
341.6,3.54,1.058,264.49,1.1076
341.6,3.62,1.055,263.80,1.1055
341.6,3.70,1.053,263.14,1.1028
341.6,3.79,1.050,262.52,1.0994
341.6,3.87,1.048,261.96,1.0953
341.6,3.95,1.046,261.46,1.0903
341.6,4.03,1.044,261.05,1.0845
341.6,4.11,1.043,260.75,1.0798
341.6,4.19,1.042,260.57,1.0766
341.6,4.27,1.042,260.49,1.0747
341.6,4.35,1.042,260.50,1.0739
341.6,4.43,1.042,260.58,1.0740
341.6,4.51,1.043,260.71,1.0747
341.6,4.59,1.044,260.89,1.0760
341.6,4.67,1.044,261.08,1.0775
341.6,4.75,1.045,261.27,1.0795
341.6,4.83,1.046,261.46,1.0819
341.6,4.91,1.047,261.63,1.0849
341.6,4.99,1.047,261.78,1.0887
341.6,5.07,1.048,261.91,1.0933
341.6,5.15,1.048,262.00,1.0988
341.6,5.23,1.048,262.06,1.1045
341.6,5.32,1.049,262.14,1.1088
341.6,5.40,1.049,262.23,1.1118
341.6,5.48,1.049,262.32,1.1136
341.6,5.56,1.050,262.42,1.1145
341.6,5.64,1.050,262.51,1.1145
341.6,5.72,1.050,262.56,1.1135
341.6,5.80,1.050,262.56,1.1113
341.6,5.88,1.050,262.51,1.1078
341.6,5.96,1.050,262.38,1.1027
341.6,6.04,1.049,262.17,1.0963
341.6,6.12,1.048,261.88,1.0903
341.6,6.20,1.046,261.52,1.0849
341.6,6.28,1.044,261.09,1.0801
341.6,6.36,1.042,260.62,1.0757
341.6,6.44,1.040,260.10,1.0717
341.6,6.52,1.038,259.57,1.0681
341.6,6.60,1.036,259.01,1.0646
341.6,6.68,1.034,258.47,1.0615
341.6,6.77,1.032,257.95,1.0589
341.6,6.85,1.030,257.46,1.0570
341.6,6.93,1.028,257.01,1.0561
341.6,7.01,1.026,256.62,1.0564
341.6,7.09,1.025,256.28,1.0580
341.6,7.17,1.024,256.02,1.0613
341.6,7.25,1.024,255.88,1.0648
341.6,7.33,1.023,255.86,1.0673
341.6,7.41,1.024,255.97,1.0689
341.6,7.49,1.025,256.17,1.0696
341.6,7.57,1.026,256.47,1.0697
341.6,7.65,1.027,256.81,1.0692
341.6,7.73,1.029,257.16,1.0680
341.6,7.81,1.030,257.51,1.0659
341.6,7.89,1.031,257.87,1.0629
341.6,7.97,1.033,258.24,1.0588
341.6,8.05,1.034,258.61,1.0541
341.6,8.13,1.036,258.94,1.0508
341.6,8.21,1.037,259.24,1.0488
341.6,8.30,1.038,259.52,1.0479
341.6,8.38,1.039,259.78,1.0480
341.6,8.46,1.040,260.03,1.0489
341.6,8.54,1.041,260.26,1.0504
341.6,8.62,1.042,260.49,1.0522
341.6,8.70,1.043,260.71,1.0543
341.6,8.78,1.044,260.88,1.0567
341.6,8.86,1.044,261.00,1.0594
341.6,8.94,1.044,261.05,1.0626
341.6,9.02,1.044,261.01,1.0662
341.6,9.10,1.043,260.86,1.0704
341.6,9.18,1.042,260.60,1.0753
341.6,9.26,1.042,260.41,1.0795
341.6,9.34,1.042,260.38,1.0827
341.6,9.42,1.042,260.49,1.0849
341.6,9.50,1.043,260.72,1.0863
341.6,9.58,1.044,261.06,1.0869
341.6,9.66,1.046,261.47,1.0868
341.6,9.74,1.048,261.90,1.0859
341.6,9.83,1.050,262.38,1.0840
341.6,9.91,1.052,262.89,1.0811
341.6,9.99,1.054,263.44,1.0769
341.6,10.07,1.056,263.99,1.0718
341.6,10.15,1.058,264.43,1.0670
341.6,10.23,1.059,264.79,1.0625
341.6,10.31,1.060,265.05,1.0583
341.6,10.39,1.061,265.23,1.0543
341.6,10.47,1.061,265.32,1.0506
341.6,10.55,1.061,265.34,1.0471
341.6,10.63,1.061,265.28,1.0440
341.6,10.71,1.061,265.13,1.0414
341.6,10.79,1.059,264.86,1.0396
341.6,10.87,1.058,264.46,1.0389
341.6,10.95,1.056,263.91,1.0395
341.6,11.03,1.053,263.19,1.0416
341.6,11.11,1.049,262.27,1.0455
341.6,11.19,1.045,261.16,1.0511
341.6,11.28,1.040,259.98,1.0560
341.6,11.36,1.035,258.79,1.0595
341.6,11.44,1.030,257.58,1.0617
341.6,11.52,1.025,256.35,1.0628
341.6,11.60,1.020,255.12,1.0629
341.6,11.68,1.016,253.89,1.0622
341.6,11.76,1.011,252.72,1.0607
341.6,11.84,1.006,251.60,1.0582
341.6,11.92,1.002,250.55,1.0547
341.6,12.00,0.998,249.59,1.0499
347.0,0.00,1.110,277.57,
347.0,0.08,1.118,279.46,
347.0,0.16,1.125,281.25,
347.0,0.24,1.132,282.96,
347.0,0.32,1.138,284.57,
347.0,0.40,1.144,286.09,
347.0,0.48,1.150,287.51,
347.0,0.56,1.155,288.84,
347.0,0.64,1.160,290.06,
347.0,0.72,1.165,291.14,
347.0,0.81,1.168,292.08,
347.0,0.89,1.171,292.86,
347.0,0.97,1.174,293.48,
347.0,1.05,1.176,293.93,
347.0,1.13,1.177,294.21,
347.0,1.21,1.177,294.37,
347.0,1.29,1.178,294.40,
347.0,1.37,1.177,294.33,
347.0,1.45,1.177,294.15,
347.0,1.53,1.176,293.88,
347.0,1.61,1.174,293.54,
347.0,1.69,1.173,293.16,
347.0,1.77,1.171,292.72,
347.0,1.85,1.169,292.25,
347.0,1.93,1.167,291.74,
347.0,2.01,1.165,291.19,1.1378
347.0,2.09,1.162,290.56,1.1269
347.0,2.17,1.159,289.86,1.1179
347.0,2.26,1.156,289.08,1.1106
347.0,2.34,1.153,288.25,1.1049
347.0,2.42,1.149,287.37,1.1006
347.0,2.50,1.146,286.45,1.0975
347.0,2.58,1.142,285.52,1.0953
347.0,2.66,1.138,284.61,1.0939
347.0,2.74,1.135,283.75,1.0933
347.0,2.82,1.132,282.95,1.0936
347.0,2.90,1.129,282.23,1.0949
347.0,2.98,1.126,281.59,1.0972
347.0,3.06,1.124,281.06,1.1006
347.0,3.14,1.122,280.56,1.1038
347.0,3.22,1.120,279.99,1.1056
347.0,3.30,1.118,279.38,1.1062
347.0,3.38,1.115,278.71,1.1058
347.0,3.46,1.112,278.02,1.1045
347.0,3.54,1.109,277.30,1.1025
347.0,3.62,1.106,276.60,1.1000
347.0,3.70,1.104,275.93,1.0970
347.0,3.79,1.101,275.30,1.0933
347.0,3.87,1.099,274.73,1.0889
347.0,3.95,1.097,274.23,1.0838
347.0,4.03,1.095,273.81,1.0778
347.0,4.11,1.094,273.51,1.0730
347.0,4.19,1.093,273.33,1.0698
347.0,4.27,1.093,273.24,1.0679
347.0,4.35,1.093,273.25,1.0671
347.0,4.43,1.093,273.32,1.0673
347.0,4.51,1.094,273.45,1.0682
347.0,4.59,1.094,273.62,1.0696
347.0,4.67,1.095,273.78,1.0715
347.0,4.75,1.096,273.94,1.0740
347.0,4.83,1.096,274.09,1.0772
347.0,4.91,1.097,274.21,1.0812
347.0,4.99,1.097,274.31,1.0862
347.0,5.07,1.098,274.38,1.0922
347.0,5.15,1.098,274.43,1.0976
347.0,5.23,1.098,274.50,1.1016
347.0,5.32,1.098,274.58,1.1045
347.0,5.40,1.099,274.67,1.1063
347.0,5.48,1.099,274.76,1.1073
347.0,5.56,1.099,274.85,1.1075
347.0,5.64,1.100,274.91,1.1069
347.0,5.72,1.100,274.94,1.1055
347.0,5.80,1.100,274.92,1.1029
347.0,5.88,1.099,274.83,1.0991
347.0,5.96,1.099,274.68,1.0938
347.0,6.04,1.098,274.46,1.0871
347.0,6.12,1.097,274.15,1.0809
347.0,6.20,1.095,273.77,1.0754
347.0,6.28,1.093,273.33,1.0705
347.0,6.36,1.091,272.84,1.0662
347.0,6.44,1.089,272.31,1.0622
347.0,6.52,1.087,271.76,1.0587
347.0,6.60,1.085,271.21,1.0555
347.0,6.68,1.083,270.68,1.0530
347.0,6.77,1.081,270.19,1.0513
347.0,6.85,1.079,269.74,1.0507
347.0,6.93,1.077,269.34,1.0514
347.0,7.01,1.076,269.01,1.0536
347.0,7.09,1.075,268.75,1.0573
347.0,7.17,1.074,268.62,1.0606
347.0,7.25,1.074,268.61,1.0630
347.0,7.33,1.075,268.71,1.0644
347.0,7.41,1.076,268.90,1.0652
347.0,7.49,1.077,269.17,1.0654
347.0,7.57,1.078,269.50,1.0650
347.0,7.65,1.079,269.83,1.0642
347.0,7.73,1.081,270.17,1.0627
347.0,7.81,1.082,270.51,1.0604
347.0,7.89,1.083,270.86,1.0572
347.0,7.97,1.085,271.21,1.0529
347.0,8.05,1.086,271.56,1.0481
347.0,8.13,1.087,271.87,1.0447
347.0,8.21,1.089,272.15,1.0426
347.0,8.30,1.090,272.40,1.0417
347.0,8.38,1.091,272.63,1.0419
347.0,8.46,1.091,272.84,1.0428
347.0,8.54,1.092,273.04,1.0444
347.0,8.62,1.093,273.21,1.0463
347.0,8.70,1.093,273.34,1.0486
347.0,8.78,1.094,273.40,1.0513
347.0,8.86,1.094,273.38,1.0545
347.0,8.94,1.093,273.26,1.0583
347.0,9.02,1.092,273.03,1.0628
347.0,9.10,1.091,272.70,1.0677
347.0,9.18,1.090,272.51,1.0718
347.0,9.26,1.090,272.47,1.0748
347.0,9.34,1.090,272.56,1.0769
347.0,9.42,1.091,272.77,1.0782
347.0,9.50,1.092,273.07,1.0789
347.0,9.58,1.094,273.43,1.0791
347.0,9.66,1.095,273.83,1.0786
347.0,9.74,1.097,274.26,1.0774
347.0,9.83,1.099,274.72,1.0752
347.0,9.91,1.101,275.21,1.0720
347.0,9.99,1.103,275.75,1.0675
347.0,10.07,1.105,276.27,1.0623
347.0,10.15,1.107,276.69,1.0574
347.0,10.23,1.108,277.01,1.0529
347.0,10.31,1.109,277.23,1.0486
347.0,10.39,1.109,277.36,1.0447
347.0,10.47,1.110,277.41,1.0411
347.0,10.55,1.110,277.38,1.0378
347.0,10.63,1.109,277.24,1.0351
347.0,10.71,1.108,276.99,1.0334
347.0,10.79,1.106,276.58,1.0328
347.0,10.87,1.104,276.02,1.0336
347.0,10.95,1.101,275.27,1.0360
347.0,11.03,1.097,274.32,1.0403
347.0,11.11,1.093,273.20,1.0458
347.0,11.19,1.088,272.05,1.0500
347.0,11.28,1.084,270.88,1.0530
347.0,11.36,1.079,269.69,1.0548
347.0,11.44,1.074,268.48,1.0556
347.0,11.52,1.069,267.25,1.0555
347.0,11.60,1.064,266.02,1.0547
347.0,11.68,1.059,264.82,1.0532
347.0,11.76,1.055,263.65,1.0510
347.0,11.84,1.050,262.55,1.0478
347.0,11.92,1.046,261.52,1.0435
347.0,12.00,1.042,260.57,1.0381
352.3,0.00,1.169,292.25,
352.3,0.08,1.176,294.09,
352.3,0.16,1.183,295.83,
352.3,0.24,1.190,297.48,
352.3,0.32,1.196,299.04,
352.3,0.40,1.202,300.50,
352.3,0.48,1.208,301.88,
352.3,0.56,1.213,303.13,
352.3,0.64,1.217,304.25,
352.3,0.72,1.221,305.22,
352.3,0.81,1.224,306.03,
352.3,0.89,1.227,306.67,
352.3,0.97,1.229,307.13,
352.3,1.05,1.230,307.44,
352.3,1.13,1.230,307.62,
352.3,1.21,1.231,307.69,
352.3,1.29,1.231,307.66,
352.3,1.37,1.230,307.52,
352.3,1.45,1.229,307.30,
352.3,1.53,1.228,307.01,
352.3,1.61,1.227,306.66,
352.3,1.69,1.225,306.26,
352.3,1.77,1.223,305.82,
352.3,1.85,1.221,305.33,
352.3,1.93,1.219,304.81,
352.3,2.01,1.217,304.25,1.1263
352.3,2.09,1.215,303.63,1.1160
352.3,2.17,1.212,302.92,1.1076
352.3,2.26,1.209,302.14,1.1011
352.3,2.34,1.205,301.30,1.0962
352.3,2.42,1.202,300.42,1.0926
352.3,2.50,1.198,299.51,1.0902
352.3,2.58,1.194,298.62,1.0888
352.3,2.66,1.191,297.78,1.0883
352.3,2.74,1.188,297.00,1.0887
352.3,2.82,1.185,296.30,1.0902
352.3,2.90,1.183,295.69,1.0928
352.3,2.98,1.181,295.19,1.0964
352.3,3.06,1.179,294.66,1.0992
352.3,3.14,1.176,294.07,1.1007
352.3,3.22,1.174,293.43,1.1011
352.3,3.30,1.171,292.74,1.1005
352.3,3.38,1.168,292.03,1.0992
352.3,3.46,1.165,291.29,1.0972
352.3,3.54,1.162,290.55,1.0948
352.3,3.62,1.159,289.83,1.0921
352.3,3.70,1.157,289.15,1.0888
352.3,3.79,1.154,288.52,1.0850
352.3,3.87,1.152,287.94,1.0805
352.3,3.95,1.150,287.44,1.0753
352.3,4.03,1.148,287.02,1.0693
352.3,4.11,1.147,286.71,1.0645
352.3,4.19,1.146,286.52,1.0613
352.3,4.27,1.146,286.44,1.0596
352.3,4.35,1.146,286.44,1.0590
352.3,4.43,1.146,286.51,1.0594
352.3,4.51,1.147,286.64,1.0606
352.3,4.59,1.147,286.77,1.0623
352.3,4.67,1.148,286.90,1.0648
352.3,4.75,1.148,287.01,1.0681
352.3,4.83,1.148,287.11,1.0722
352.3,4.91,1.149,287.17,1.0774
352.3,4.99,1.149,287.21,1.0835
352.3,5.07,1.149,287.25,1.0884
352.3,5.15,1.149,287.31,1.0921
352.3,5.23,1.149,287.37,1.0948
352.3,5.32,1.150,287.44,1.0965
352.3,5.40,1.150,287.52,1.0974
352.3,5.48,1.150,287.60,1.0978
352.3,5.56,1.151,287.67,1.0976
352.3,5.64,1.151,287.71,1.0967
352.3,5.72,1.151,287.70,1.0949
352.3,5.80,1.151,287.65,1.0921
352.3,5.88,1.150,287.55,1.0881
352.3,5.96,1.150,287.38,1.0826
352.3,6.04,1.149,287.13,1.0759
352.3,6.12,1.147,286.80,1.0697
352.3,6.20,1.146,286.40,1.0642
352.3,6.28,1.144,285.95,1.0594
352.3,6.36,1.142,285.44,1.0552
352.3,6.44,1.140,284.91,1.0515
352.3,6.52,1.137,284.35,1.0482
352.3,6.60,1.135,283.82,1.0457
352.3,6.68,1.133,283.32,1.0442
352.3,6.77,1.131,282.87,1.0438
352.3,6.85,1.130,282.47,1.0449
352.3,6.93,1.129,282.13,1.0475
352.3,7.01,1.128,281.89,1.0514
352.3,7.09,1.127,281.77,1.0543
352.3,7.17,1.127,281.76,1.0564
352.3,7.25,1.127,281.86,1.0577
352.3,7.33,1.128,282.03,1.0584
352.3,7.41,1.129,282.28,1.0586
352.3,7.49,1.130,282.57,1.0584
352.3,7.57,1.132,282.88,1.0578
352.3,7.65,1.133,283.19,1.0567
352.3,7.73,1.134,283.50,1.0550
352.3,7.81,1.135,283.82,1.0526
352.3,7.89,1.137,284.14,1.0493
352.3,7.97,1.138,284.46,1.0449
352.3,8.05,1.139,284.78,1.0401
352.3,8.13,1.140,285.05,1.0367
352.3,8.21,1.141,285.29,1.0347
352.3,8.30,1.142,285.50,1.0340
352.3,8.38,1.143,285.69,1.0342
352.3,8.46,1.143,285.85,1.0353
352.3,8.54,1.144,285.98,1.0370
352.3,8.62,1.144,286.07,1.0392
352.3,8.70,1.144,286.07,1.0418
352.3,8.78,1.144,285.99,1.0450
352.3,8.86,1.143,285.79,1.0489
352.3,8.94,1.142,285.47,1.0535
352.3,9.02,1.140,285.12,1.0583
352.3,9.10,1.140,284.93,1.0620
352.3,9.18,1.140,284.88,1.0647
352.3,9.26,1.140,284.96,1.0667
352.3,9.34,1.141,285.13,1.0680
352.3,9.42,1.142,285.40,1.0687
352.3,9.50,1.143,285.72,1.0690
352.3,9.58,1.144,286.08,1.0688
352.3,9.66,1.146,286.45,1.0680
352.3,9.74,1.147,286.86,1.0665
352.3,9.83,1.149,287.30,1.0642
352.3,9.91,1.151,287.76,1.0608
352.3,9.99,1.153,288.26,1.0562
352.3,10.07,1.155,288.74,1.0510
352.3,10.15,1.156,289.12,1.0461
352.3,10.23,1.158,289.39,1.0416
352.3,10.31,1.158,289.57,1.0374
352.3,10.39,1.159,289.65,1.0337
352.3,10.47,1.159,289.63,1.0303
352.3,10.55,1.158,289.52,1.0275
352.3,10.63,1.157,289.27,1.0257
352.3,10.71,1.155,288.87,1.0252
352.3,10.79,1.153,288.30,1.0262
352.3,10.87,1.150,287.53,1.0288
352.3,10.95,1.146,286.56,1.0334
352.3,11.03,1.142,285.46,1.0384
352.3,11.11,1.137,284.33,1.0420
352.3,11.19,1.133,283.19,1.0444
352.3,11.28,1.128,282.02,1.0457
352.3,11.36,1.123,280.83,1.0461
352.3,11.44,1.118,279.62,1.0458
352.3,11.52,1.114,278.40,1.0449
352.3,11.60,1.109,277.19,1.0435
352.3,11.68,1.104,276.00,1.0414
352.3,11.76,1.099,274.85,1.0385
352.3,11.84,1.095,273.76,1.0348
352.3,11.92,1.091,272.73,1.0300
352.3,12.00,1.087,271.79,1.0240
357.7,0.00,1.229,307.35,
357.7,0.08,1.237,309.13,
357.7,0.16,1.243,310.81,
357.7,0.24,1.250,312.40,
357.7,0.32,1.256,313.90,
357.7,0.40,1.261,315.30,
357.7,0.48,1.266,316.59,
357.7,0.56,1.271,317.74,
357.7,0.64,1.275,318.74,
357.7,0.72,1.278,319.57,
357.7,0.81,1.281,320.23,
357.7,0.89,1.283,320.70,
357.7,0.97,1.284,321.04,
357.7,1.05,1.285,321.26,
357.7,1.13,1.285,321.37,
357.7,1.21,1.285,321.37,
357.7,1.29,1.285,321.29,
357.7,1.37,1.284,321.11,
357.7,1.45,1.283,320.87,
357.7,1.53,1.282,320.56,
357.7,1.61,1.281,320.21,
357.7,1.69,1.279,319.80,
357.7,1.77,1.277,319.35,
357.7,1.85,1.275,318.87,
357.7,1.93,1.273,318.34,
357.7,2.01,1.271,317.78,1.1135
357.7,2.09,1.269,317.15,1.1040
357.7,2.17,1.266,316.45,1.0965
357.7,2.26,1.263,315.67,1.0908
357.7,2.34,1.259,314.84,1.0867
357.7,2.42,1.256,313.96,1.0840
357.7,2.50,1.252,313.09,1.0825
357.7,2.58,1.249,312.27,1.0819
357.7,2.66,1.246,311.51,1.0825
357.7,2.74,1.243,310.84,1.0841
357.7,2.82,1.241,310.27,1.0870
357.7,2.90,1.239,309.78,1.0904
357.7,2.98,1.237,309.22,1.0927
357.7,3.06,1.234,308.61,1.0938
357.7,3.14,1.232,307.94,1.0939
357.7,3.22,1.229,307.24,1.0931
357.7,3.30,1.226,306.50,1.0917
357.7,3.38,1.223,305.75,1.0897
357.7,3.46,1.220,304.98,1.0874
357.7,3.54,1.217,304.23,1.0849
357.7,3.62,1.214,303.51,1.0820
357.7,3.70,1.211,302.82,1.0787
357.7,3.79,1.209,302.18,1.0748
357.7,3.87,1.206,301.60,1.0703
357.7,3.95,1.204,301.09,1.0651
357.7,4.03,1.203,300.66,1.0593
357.7,4.11,1.201,300.36,1.0547
357.7,4.19,1.201,300.17,1.0517
357.7,4.27,1.200,300.08,1.0502
357.7,4.35,1.200,300.08,1.0499
357.7,4.43,1.201,300.15,1.0506
357.7,4.51,1.201,300.25,1.0522
357.7,4.59,1.201,300.34,1.0545
357.7,4.67,1.202,300.41,1.0577
357.7,4.75,1.202,300.47,1.0619
357.7,4.83,1.202,300.50,1.0673
357.7,4.91,1.202,300.51,1.0729
357.7,4.99,1.202,300.53,1.0774
357.7,5.07,1.202,300.57,1.0806
357.7,5.15,1.202,300.61,1.0830
357.7,5.23,1.203,300.67,1.0845
357.7,5.32,1.203,300.72,1.0853
357.7,5.40,1.203,300.78,1.0856
357.7,5.48,1.203,300.84,1.0856
357.7,5.56,1.204,300.88,1.0851
357.7,5.64,1.204,300.89,1.0840
357.7,5.72,1.203,300.86,1.0821
357.7,5.80,1.203,300.78,1.0792
357.7,5.88,1.203,300.65,1.0752
357.7,5.96,1.202,300.46,1.0697
357.7,6.04,1.201,300.19,1.0630
357.7,6.12,1.199,299.84,1.0570
357.7,6.20,1.198,299.42,1.0517
357.7,6.28,1.196,298.95,1.0471
357.7,6.36,1.194,298.44,1.0432
357.7,6.44,1.192,297.89,1.0398
357.7,6.52,1.189,297.35,1.0373
357.7,6.60,1.187,296.85,1.0358
357.7,6.68,1.186,296.40,1.0357
357.7,6.77,1.184,296.00,1.0370
357.7,6.85,1.183,295.66,1.0401
357.7,6.93,1.182,295.43,1.0436
357.7,7.01,1.181,295.32,1.0461
357.7,7.09,1.181,295.31,1.0479
357.7,7.17,1.182,295.40,1.0490
357.7,7.25,1.182,295.56,1.0495
357.7,7.33,1.183,295.77,1.0496
357.7,7.41,1.184,296.03,1.0494
357.7,7.49,1.185,296.30,1.0490
357.7,7.57,1.186,296.57,1.0482
357.7,7.65,1.187,296.85,1.0471
357.7,7.73,1.188,297.12,1.0453
357.7,7.81,1.190,297.39,1.0428
357.7,7.89,1.191,297.67,1.0395
357.7,7.97,1.192,297.95,1.0353
357.7,8.05,1.193,298.22,1.0306
357.7,8.13,1.194,298.45,1.0273
357.7,8.21,1.195,298.64,1.0255
357.7,8.30,1.195,298.80,1.0249
357.7,8.38,1.196,298.92,1.0254
357.7,8.46,1.196,299.02,1.0267
357.7,8.54,1.196,299.05,1.0286
357.7,8.62,1.196,299.00,1.0311
357.7,8.70,1.195,298.85,1.0343
357.7,8.78,1.194,298.59,1.0382
357.7,8.86,1.193,298.19,1.0428
357.7,8.94,1.191,297.84,1.0471
357.7,9.02,1.191,297.66,1.0504
357.7,9.10,1.190,297.60,1.0528
357.7,9.18,1.191,297.66,1.0546
357.7,9.26,1.191,297.81,1.0557
357.7,9.34,1.192,298.04,1.0563
357.7,9.42,1.193,298.32,1.0566
357.7,9.50,1.195,298.63,1.0566
357.7,9.58,1.196,298.96,1.0563
357.7,9.66,1.197,299.31,1.0553
357.7,9.74,1.199,299.68,1.0537
357.7,9.83,1.200,300.07,1.0513
357.7,9.91,1.202,300.50,1.0479
357.7,9.99,1.204,300.95,1.0433
357.7,10.07,1.206,301.38,1.0381
357.7,10.15,1.207,301.70,1.0333
357.7,10.23,1.208,301.92,1.0290
357.7,10.31,1.208,302.03,1.0251
357.7,10.39,1.208,302.04,1.0216
357.7,10.47,1.208,301.95,1.0187
357.7,10.55,1.207,301.71,1.0168
357.7,10.63,1.205,301.32,1.0163
357.7,10.71,1.203,300.74,1.0174
357.7,10.79,1.200,299.96,1.0202
357.7,10.87,1.196,298.97,1.0249
357.7,10.95,1.192,297.90,1.0291
357.7,11.03,1.187,296.82,1.0320
357.7,11.11,1.183,295.70,1.0338
357.7,11.19,1.178,294.57,1.0346
357.7,11.28,1.174,293.41,1.0347
357.7,11.36,1.169,292.22,1.0341
357.7,11.44,1.164,291.02,1.0330
357.7,11.52,1.159,289.81,1.0316
357.7,11.60,1.154,288.60,1.0296
357.7,11.68,1.150,287.43,1.0271
357.7,11.76,1.145,286.29,1.0238
357.7,11.84,1.141,285.20,1.0196
357.7,11.92,1.137,284.19,1.0145
357.7,12.00,1.133,283.25,1.0082
363.1,0.00,1.291,322.85,
363.1,0.08,1.298,324.55,
363.1,0.16,1.305,326.17,
363.1,0.24,1.311,327.69,
363.1,0.32,1.316,329.11,
363.1,0.40,1.322,330.44,
363.1,0.48,1.326,331.62,
363.1,0.56,1.331,332.64,
363.1,0.64,1.334,333.49,
363.1,0.72,1.337,334.16,
363.1,0.81,1.339,334.66,
363.1,0.89,1.340,335.03,
363.1,0.97,1.341,335.28,
363.1,1.05,1.342,335.43,
363.1,1.13,1.342,335.48,
363.1,1.21,1.342,335.44,
363.1,1.29,1.341,335.32,
363.1,1.37,1.341,335.13,
363.1,1.45,1.339,334.87,
363.1,1.53,1.338,334.56,
363.1,1.61,1.337,334.21,
363.1,1.69,1.335,333.80,
363.1,1.77,1.333,333.35,
363.1,1.85,1.331,332.87,
363.1,1.93,1.329,332.34,
363.1,2.01,1.327,331.78,1.0998
363.1,2.09,1.325,331.16,1.0912
363.1,2.17,1.322,330.46,1.0847
363.1,2.26,1.319,329.69,1.0799
363.1,2.34,1.315,328.87,1.0768
363.1,2.42,1.312,328.02,1.0751
363.1,2.50,1.309,327.22,1.0745
363.1,2.58,1.306,326.50,1.0751
363.1,2.66,1.303,325.86,1.0768
363.1,2.74,1.301,325.33,1.0798
363.1,2.82,1.299,324.82,1.0828
363.1,2.90,1.297,324.24,1.0845
363.1,2.98,1.294,323.61,1.0852
363.1,3.06,1.292,322.92,1.0849
363.1,3.14,1.289,322.20,1.0839
363.1,3.22,1.286,321.45,1.0823
363.1,3.30,1.283,320.68,1.0803
363.1,3.38,1.280,319.90,1.0780
363.1,3.46,1.276,319.12,1.0756
363.1,3.54,1.273,318.36,1.0730
363.1,3.62,1.271,317.63,1.0701
363.1,3.70,1.268,316.93,1.0668
363.1,3.79,1.265,316.29,1.0631
363.1,3.87,1.263,315.70,1.0588
363.1,3.95,1.261,315.19,1.0537
363.1,4.03,1.259,314.76,1.0481
363.1,4.11,1.258,314.45,1.0438
363.1,4.19,1.257,314.26,1.0411
363.1,4.27,1.257,314.17,1.0400
363.1,4.35,1.257,314.17,1.0401
363.1,4.43,1.257,314.22,1.0413
363.1,4.51,1.257,314.27,1.0434
363.1,4.59,1.257,314.30,1.0465
363.1,4.67,1.257,314.31,1.0506
363.1,4.75,1.257,314.30,1.0560
363.1,4.83,1.257,314.29,1.0609
363.1,4.91,1.257,314.28,1.0647
363.1,4.99,1.257,314.29,1.0674
363.1,5.07,1.257,314.31,1.0693
363.1,5.15,1.257,314.34,1.0705
363.1,5.23,1.257,314.37,1.0711
363.1,5.32,1.258,314.40,1.0714
363.1,5.40,1.258,314.44,1.0714
363.1,5.48,1.258,314.47,1.0712
363.1,5.56,1.258,314.47,1.0706
363.1,5.64,1.258,314.45,1.0694
363.1,5.72,1.258,314.40,1.0675
363.1,5.80,1.257,314.30,1.0647
363.1,5.88,1.257,314.14,1.0607
363.1,5.96,1.256,313.92,1.0554
363.1,6.04,1.255,313.63,1.0490
363.1,6.12,1.253,313.27,1.0432
363.1,6.20,1.251,312.83,1.0382
363.1,6.28,1.249,312.35,1.0340
363.1,6.36,1.247,311.81,1.0306
363.1,6.44,1.245,311.28,1.0279
363.1,6.52,1.243,310.77,1.0264
363.1,6.60,1.241,310.32,1.0264
363.1,6.68,1.240,309.92,1.0280
363.1,6.77,1.238,309.59,1.0312
363.1,6.85,1.237,309.37,1.0341
363.1,6.93,1.237,309.27,1.0362
363.1,7.01,1.237,309.26,1.0376
363.1,7.09,1.237,309.33,1.0384
363.1,7.17,1.238,309.47,1.0387
363.1,7.25,1.239,309.65,1.0387
363.1,7.33,1.239,309.87,1.0384
363.1,7.41,1.240,310.09,1.0380
363.1,7.49,1.241,310.32,1.0375
363.1,7.57,1.242,310.54,1.0367
363.1,7.65,1.243,310.76,1.0355
363.1,7.73,1.244,310.99,1.0338
363.1,7.81,1.245,311.21,1.0314
363.1,7.89,1.246,311.43,1.0283
363.1,7.97,1.247,311.65,1.0242
363.1,8.05,1.247,311.87,1.0197
363.1,8.13,1.248,312.03,1.0166
363.1,8.21,1.249,312.16,1.0151
363.1,8.30,1.249,312.24,1.0148
363.1,8.38,1.249,312.30,1.0157
363.1,8.46,1.249,312.29,1.0173
363.1,8.54,1.249,312.19,1.0195
363.1,8.62,1.248,311.97,1.0225
363.1,8.70,1.247,311.63,1.0263
363.1,8.78,1.245,311.18,1.0308
363.1,8.86,1.243,310.86,1.0345
363.1,8.94,1.243,310.68,1.0373
363.1,9.02,1.242,310.62,1.0393
363.1,9.10,1.243,310.66,1.0407
363.1,9.18,1.243,310.79,1.0416
363.1,9.26,1.244,310.99,1.0421
363.1,9.34,1.245,311.22,1.0423
363.1,9.42,1.246,311.48,1.0424
363.1,9.50,1.247,311.76,1.0423
363.1,9.58,1.248,312.05,1.0418
363.1,9.66,1.249,312.35,1.0408
363.1,9.74,1.251,312.67,1.0392
363.1,9.83,1.252,313.02,1.0368
363.1,9.91,1.254,313.39,1.0335
363.1,9.99,1.255,313.78,1.0291
363.1,10.07,1.257,314.15,1.0240
363.1,10.15,1.258,314.40,1.0195
363.1,10.23,1.258,314.54,1.0154
363.1,10.31,1.258,314.58,1.0119
363.1,10.39,1.258,314.50,1.0088
363.1,10.47,1.257,314.29,1.0068
363.1,10.55,1.256,313.90,1.0063
363.1,10.63,1.253,313.32,1.0074
363.1,10.71,1.250,312.53,1.0104
363.1,10.79,1.246,311.55,1.0147
363.1,10.87,1.242,310.53,1.0180
363.1,10.95,1.238,309.49,1.0202
363.1,11.03,1.234,308.41,1.0214
363.1,11.11,1.229,307.31,1.0217
363.1,11.19,1.225,306.19,1.0214
363.1,11.28,1.220,305.04,1.0205
363.1,11.36,1.215,303.86,1.0193
363.1,11.44,1.211,302.66,1.0177
363.1,11.52,1.206,301.46,1.0159
363.1,11.60,1.201,300.27,1.0136
363.1,11.68,1.196,299.10,1.0107
363.1,11.76,1.192,297.96,1.0072
363.1,11.84,1.188,296.88,1.0028
363.1,11.92,1.183,295.86,0.9974
363.1,12.00,1.180,294.93,0.9909
368.5,0.00,1.355,338.71,
368.5,0.08,1.361,340.35,
368.5,0.16,1.368,341.88,
368.5,0.24,1.373,343.32,
368.5,0.32,1.379,344.67,
368.5,0.40,1.384,345.88,
368.5,0.48,1.388,346.92,
368.5,0.56,1.391,347.79,
368.5,0.64,1.394,348.46,
368.5,0.72,1.396,348.99,
368.5,0.81,1.398,349.40,
368.5,0.89,1.399,349.69,
368.5,0.97,1.400,349.88,
368.5,1.05,1.400,349.97,
368.5,1.13,1.400,349.98,
368.5,1.21,1.400,349.91,
368.5,1.29,1.399,349.78,
368.5,1.37,1.398,349.58,
368.5,1.45,1.397,349.33,
368.5,1.53,1.396,349.02,
368.5,1.61,1.395,348.67,
368.5,1.69,1.393,348.27,
368.5,1.77,1.391,347.83,
368.5,1.85,1.389,347.34,
368.5,1.93,1.387,346.83,
368.5,2.01,1.385,346.28,1.0856
368.5,2.09,1.383,345.66,1.0781
368.5,2.17,1.380,344.97,1.0726
368.5,2.26,1.377,344.22,1.0689
368.5,2.34,1.374,343.41,1.0669
368.5,2.42,1.371,342.64,1.0662
368.5,2.50,1.368,341.95,1.0667
368.5,2.58,1.365,341.35,1.0685
368.5,2.66,1.363,340.85,1.0715
368.5,2.74,1.361,340.32,1.0737
368.5,2.82,1.359,339.72,1.0749
368.5,2.90,1.356,339.06,1.0750
368.5,2.98,1.353,338.36,1.0743
368.5,3.06,1.350,337.62,1.0730
368.5,3.14,1.347,336.86,1.0712
368.5,3.22,1.344,336.07,1.0691
368.5,3.30,1.341,335.28,1.0668
368.5,3.38,1.338,334.48,1.0645
368.5,3.46,1.335,333.70,1.0621
368.5,3.54,1.332,332.93,1.0596
368.5,3.62,1.329,332.19,1.0568
368.5,3.70,1.326,331.49,1.0537
368.5,3.79,1.323,330.84,1.0502
368.5,3.87,1.321,330.25,1.0461
368.5,3.95,1.319,329.73,1.0414
368.5,4.03,1.317,329.30,1.0362
368.5,4.11,1.316,328.99,1.0322
368.5,4.19,1.315,328.80,1.0300
368.5,4.27,1.315,328.71,1.0294
368.5,4.35,1.315,328.70,1.0301
368.5,4.43,1.315,328.70,1.0318
368.5,4.51,1.315,328.69,1.0346
368.5,4.59,1.315,328.65,1.0386
368.5,4.67,1.314,328.60,1.0436
368.5,4.75,1.314,328.55,1.0477
368.5,4.83,1.314,328.52,1.0507
368.5,4.91,1.314,328.49,1.0528
368.5,4.99,1.314,328.48,1.0542
368.5,5.07,1.314,328.48,1.0549
368.5,5.15,1.314,328.48,1.0552
368.5,5.23,1.314,328.48,1.0553
368.5,5.32,1.314,328.48,1.0552
368.5,5.40,1.314,328.48,1.0551
368.5,5.48,1.314,328.48,1.0549
368.5,5.56,1.314,328.46,1.0543
368.5,5.64,1.314,328.41,1.0533
368.5,5.72,1.313,328.33,1.0515
368.5,5.80,1.313,328.20,1.0488
368.5,5.88,1.312,328.02,1.0451
368.5,5.96,1.311,327.78,1.0402
368.5,6.04,1.310,327.47,1.0341
368.5,6.12,1.308,327.08,1.0287
368.5,6.20,1.307,326.63,1.0242
368.5,6.28,1.305,326.13,1.0206
368.5,6.36,1.302,325.59,1.0178
368.5,6.44,1.300,325.09,1.0162
368.5,6.52,1.299,324.63,1.0163
368.5,6.60,1.297,324.23,1.0180
368.5,6.68,1.296,323.91,1.0210
368.5,6.77,1.295,323.71,1.0233
368.5,6.85,1.294,323.61,1.0249
368.5,6.93,1.294,323.60,1.0258
368.5,7.01,1.295,323.65,1.0262
368.5,7.09,1.295,323.77,1.0262
368.5,7.17,1.296,323.91,1.0260
368.5,7.25,1.296,324.08,1.0256
368.5,7.33,1.297,324.26,1.0251
368.5,7.41,1.298,324.43,1.0247
368.5,7.49,1.298,324.59,1.0242
368.5,7.57,1.299,324.75,1.0235
368.5,7.65,1.300,324.91,1.0224
368.5,7.73,1.300,325.07,1.0208
368.5,7.81,1.301,325.22,1.0187
368.5,7.89,1.301,325.37,1.0157
368.5,7.97,1.302,325.53,1.0119
368.5,8.05,1.303,325.67,1.0077
368.5,8.13,1.303,325.76,1.0050
368.5,8.21,1.303,325.80,1.0039
368.5,8.30,1.303,325.81,1.0041
368.5,8.38,1.303,325.76,1.0053
368.5,8.46,1.302,325.60,1.0072
368.5,8.54,1.301,325.33,1.0100
368.5,8.62,1.300,324.92,1.0136
368.5,8.70,1.298,324.46,1.0175
368.5,8.78,1.297,324.15,1.0206
368.5,8.86,1.296,323.98,1.0228
368.5,8.94,1.296,323.92,1.0243
368.5,9.02,1.296,323.95,1.0254
368.5,9.10,1.296,324.06,1.0259
368.5,9.18,1.297,324.22,1.0262
368.5,9.26,1.298,324.42,1.0263
368.5,9.34,1.299,324.63,1.0264
368.5,9.42,1.299,324.85,1.0264
368.5,9.50,1.300,325.07,1.0262
368.5,9.58,1.301,325.31,1.0258
368.5,9.66,1.302,325.55,1.0249
368.5,9.74,1.303,325.82,1.0234
368.5,9.83,1.304,326.09,1.0211
368.5,9.91,1.306,326.39,1.0180
368.5,9.99,1.307,326.71,1.0138
368.5,10.07,1.308,327.01,1.0091
368.5,10.15,1.309,327.18,1.0049
368.5,10.23,1.309,327.23,1.0012
368.5,10.31,1.309,327.18,0.9981
368.5,10.39,1.308,326.98,0.9959
368.5,10.47,1.306,326.61,0.9953
368.5,10.55,1.304,326.03,0.9964
368.5,10.63,1.301,325.23,0.9995
368.5,10.71,1.297,324.29,1.0030
368.5,10.79,1.293,323.33,1.0054
368.5,10.87,1.289,322.33,1.0068
368.5,10.95,1.285,321.30,1.0074
368.5,11.03,1.281,320.25,1.0072
368.5,11.11,1.277,319.16,1.0064
368.5,11.19,1.272,318.05,1.0052
368.5,11.28,1.268,316.90,1.0037
368.5,11.36,1.263,315.74,1.0021
368.5,11.44,1.258,314.55,1.0003
368.5,11.52,1.253,313.35,0.9983
368.5,11.60,1.249,312.16,0.9958
368.5,11.68,1.244,310.99,0.9928
368.5,11.76,1.239,309.86,0.9891
368.5,11.84,1.235,308.78,0.9846
368.5,11.92,1.231,307.76,0.9792
368.5,12.00,1.227,306.82,0.9727
373.8,0.00,1.420,354.93,
373.8,0.08,1.426,356.48,
373.8,0.16,1.432,357.92,
373.8,0.24,1.437,359.28,
373.8,0.32,1.442,360.51,
373.8,0.40,1.446,361.57,
373.8,0.48,1.450,362.45,
373.8,0.56,1.453,363.15,
373.8,0.64,1.455,363.71,
373.8,0.72,1.457,364.15,
373.8,0.81,1.458,364.48,
373.8,0.89,1.459,364.71,
373.8,0.97,1.459,364.86,
373.8,1.05,1.460,364.92,
373.8,1.13,1.460,364.90,
373.8,1.21,1.459,364.83,
373.8,1.29,1.459,364.69,
373.8,1.37,1.458,364.50,
373.8,1.45,1.457,364.25,
373.8,1.53,1.456,363.96,
373.8,1.61,1.454,363.61,
373.8,1.69,1.453,363.22,
373.8,1.77,1.451,362.78,
373.8,1.85,1.449,362.31,
373.8,1.93,1.447,361.81,
373.8,2.01,1.445,361.27,1.0712
373.8,2.09,1.443,360.67,1.0649
373.8,2.17,1.440,360.00,1.0605
373.8,2.26,1.437,359.26,1.0581
373.8,2.34,1.434,358.52,1.0572
373.8,2.42,1.431,357.86,1.0576
373.8,2.50,1.429,357.30,1.0594
373.8,2.58,1.427,356.81,1.0619
373.8,2.66,1.425,356.26,1.0635
373.8,2.74,1.423,355.64,1.0639
373.8,2.82,1.420,354.97,1.0635
373.8,2.90,1.417,354.26,1.0624
373.8,2.98,1.414,353.50,1.0607
373.8,3.06,1.411,352.73,1.0586
373.8,3.14,1.408,351.93,1.0563
373.8,3.22,1.405,351.13,1.0541
373.8,3.30,1.401,350.32,1.0518
373.8,3.38,1.398,349.51,1.0495
373.8,3.46,1.395,348.72,1.0472
373.8,3.54,1.392,347.94,1.0449
373.8,3.62,1.389,347.20,1.0424
373.8,3.70,1.386,346.49,1.0396
373.8,3.79,1.383,345.84,1.0364
373.8,3.87,1.381,345.24,1.0327
373.8,3.95,1.379,344.73,1.0285
373.8,4.03,1.377,344.30,1.0237
373.8,4.11,1.376,343.99,1.0203
373.8,4.19,1.375,343.80,1.0187
373.8,4.27,1.375,343.71,1.0187
373.8,4.35,1.375,343.65,1.0200
373.8,4.43,1.374,343.58,1.0224
373.8,4.51,1.374,343.50,1.0261
373.8,4.59,1.374,343.40,1.0303
373.8,4.67,1.373,343.31,1.0335
373.8,4.75,1.373,343.24,1.0356
373.8,4.83,1.373,343.18,1.0370
373.8,4.91,1.373,343.13,1.0377
373.8,4.99,1.372,343.09,1.0380
373.8,5.07,1.372,343.05,1.0379
373.8,5.15,1.372,343.02,1.0378
373.8,5.23,1.372,342.99,1.0377
373.8,5.32,1.372,342.95,1.0375
373.8,5.40,1.372,342.92,1.0373
373.8,5.48,1.372,342.88,1.0371
373.8,5.56,1.371,342.83,1.0368
373.8,5.64,1.371,342.75,1.0359
373.8,5.72,1.371,342.64,1.0344
373.8,5.80,1.370,342.49,1.0321
373.8,5.88,1.369,342.28,1.0288
373.8,5.96,1.368,342.02,1.0243
373.8,6.04,1.367,341.69,1.0187
373.8,6.12,1.365,341.28,1.0139
373.8,6.20,1.363,340.81,1.0101
373.8,6.28,1.361,340.29,1.0071
373.8,6.36,1.359,339.79,1.0055
373.8,6.44,1.357,339.34,1.0055
373.8,6.52,1.356,338.94,1.0073
373.8,6.60,1.355,338.64,1.0097
373.8,6.68,1.354,338.44,1.0113
373.8,6.77,1.353,338.34,1.0123
373.8,6.85,1.353,338.32,1.0127
373.8,6.93,1.353,338.36,1.0126
373.8,7.01,1.354,338.44,1.0123
373.8,7.09,1.354,338.55,1.0117
373.8,7.17,1.355,338.66,1.0112
373.8,7.25,1.355,338.78,1.0107
373.8,7.33,1.356,338.89,1.0103
373.8,7.41,1.356,338.99,1.0098
373.8,7.49,1.356,339.08,1.0094
373.8,7.57,1.357,339.17,1.0088
373.8,7.65,1.357,339.25,1.0080
373.8,7.73,1.357,339.32,1.0067
373.8,7.81,1.358,339.40,1.0048
373.8,7.89,1.358,339.47,1.0022
373.8,7.97,1.358,339.54,0.9988
373.8,8.05,1.358,339.59,0.9950
373.8,8.13,1.358,339.59,0.9928
373.8,8.21,1.358,339.54,0.9922
373.8,8.30,1.358,339.45,0.9928
373.8,8.38,1.357,339.24,0.9944
373.8,8.46,1.356,338.91,0.9968
373.8,8.54,1.354,338.43,1.0002
373.8,8.62,1.352,338.00,1.0033
373.8,8.70,1.351,337.72,1.0056
373.8,8.78,1.350,337.55,1.0072
373.8,8.86,1.350,337.49,1.0082
373.8,8.94,1.350,337.52,1.0088
373.8,9.02,1.350,337.60,1.0090
373.8,9.10,1.351,337.73,1.0090
373.8,9.18,1.352,337.88,1.0090
373.8,9.26,1.352,338.03,1.0090
373.8,9.34,1.353,338.20,1.0089
373.8,9.42,1.353,338.36,1.0089
373.8,9.50,1.354,338.53,1.0088
373.8,9.58,1.355,338.70,1.0085
373.8,9.66,1.356,338.88,1.0077
373.8,9.74,1.356,339.07,1.0064
373.8,9.83,1.357,339.27,1.0044
373.8,9.91,1.358,339.48,1.0016
373.8,9.99,1.359,339.72,0.9978
373.8,10.07,1.360,339.92,0.9935
373.8,10.15,1.360,340.00,0.9897
373.8,10.23,1.360,339.95,0.9866
373.8,10.31,1.359,339.78,0.9842
373.8,10.39,1.358,339.42,0.9834
373.8,10.47,1.355,338.85,0.9845
373.8,10.55,1.352,338.06,0.9875
373.8,10.63,1.349,337.18,0.9900
373.8,10.71,1.345,336.27,0.9915
373.8,10.79,1.341,335.33,0.9921
373.8,10.87,1.337,334.35,0.9919
373.8,10.95,1.333,333.35,0.9912
373.8,11.03,1.329,332.31,0.9899
373.8,11.11,1.325,331.24,0.9884
373.8,11.19,1.321,330.13,0.9868
373.8,11.28,1.316,329.00,0.9851
373.8,11.36,1.311,327.84,0.9833
373.8,11.44,1.307,326.66,0.9813
373.8,11.52,1.302,325.46,0.9792
373.8,11.60,1.297,324.27,0.9767
373.8,11.68,1.292,323.10,0.9737
373.8,11.76,1.288,321.97,0.9700
373.8,11.84,1.284,320.88,0.9656
373.8,11.92,1.279,319.86,0.9603
373.8,12.00,1.276,318.91,0.9539
379.2,0.00,1.486,371.47,
379.2,0.08,1.492,372.92,
379.2,0.16,1.497,374.27,
379.2,0.24,1.502,375.52,
379.2,0.32,1.506,376.60,
379.2,0.40,1.510,377.49,
379.2,0.48,1.513,378.21,
379.2,0.56,1.515,378.80,
379.2,0.64,1.517,379.28,
379.2,0.72,1.519,379.65,
379.2,0.81,1.520,379.93,
379.2,0.89,1.521,380.13,
379.2,0.97,1.521,380.25,
379.2,1.05,1.521,380.30,
379.2,1.13,1.521,380.29,
379.2,1.21,1.521,380.22,
379.2,1.29,1.520,380.09,
379.2,1.37,1.520,379.90,
379.2,1.45,1.519,379.66,
379.2,1.53,1.517,379.37,
379.2,1.61,1.516,379.04,
379.2,1.69,1.515,378.66,
379.2,1.77,1.513,378.24,
379.2,1.85,1.511,377.79,
379.2,1.93,1.509,377.30,
379.2,2.01,1.507,376.78,1.0570
379.2,2.09,1.505,376.20,1.0519
379.2,2.17,1.502,375.55,1.0488
379.2,2.26,1.499,374.85,1.0477
379.2,2.34,1.497,374.24,1.0479
379.2,2.42,1.495,373.72,1.0496
379.2,2.50,1.493,373.22,1.0514
379.2,2.58,1.491,372.65,1.0521
379.2,2.66,1.488,372.02,1.0519
379.2,2.74,1.485,371.33,1.0508
379.2,2.82,1.482,370.60,1.0492
379.2,2.90,1.479,369.84,1.0471
379.2,2.98,1.476,369.05,1.0450
379.2,3.06,1.473,368.25,1.0428
379.2,3.14,1.470,367.43,1.0406
379.2,3.22,1.466,366.61,1.0383
379.2,3.30,1.463,365.79,1.0361
379.2,3.38,1.460,364.98,1.0338
379.2,3.46,1.457,364.18,1.0316
379.2,3.54,1.454,363.40,1.0294
379.2,3.62,1.451,362.65,1.0272
379.2,3.70,1.448,361.94,1.0249
379.2,3.79,1.445,361.28,1.0222
379.2,3.87,1.443,360.69,1.0190
379.2,3.95,1.441,360.17,1.0153
379.2,4.03,1.439,359.74,1.0111
379.2,4.11,1.438,359.44,1.0084
379.2,4.19,1.437,359.25,1.0075
379.2,4.27,1.437,359.13,1.0082
379.2,4.35,1.436,359.00,1.0101
379.2,4.43,1.435,358.85,1.0135
379.2,4.51,1.435,358.71,1.0165
379.2,4.59,1.434,358.58,1.0186
379.2,4.67,1.434,358.47,1.0198
379.2,4.75,1.433,358.36,1.0204
379.2,4.83,1.433,358.27,1.0204
379.2,4.91,1.433,358.19,1.0202
379.2,4.99,1.432,358.11,1.0200
379.2,5.07,1.432,358.04,1.0198
379.2,5.15,1.432,357.97,1.0196
379.2,5.23,1.432,357.90,1.0194
379.2,5.32,1.431,357.83,1.0191
379.2,5.40,1.431,357.76,1.0189
379.2,5.48,1.431,357.68,1.0186
379.2,5.56,1.430,357.59,1.0183
379.2,5.64,1.430,357.48,1.0178
379.2,5.72,1.429,357.34,1.0167
379.2,5.80,1.429,357.16,1.0149
379.2,5.88,1.428,356.93,1.0122
379.2,5.96,1.427,356.65,1.0083
379.2,6.04,1.425,356.29,1.0034
379.2,6.12,1.423,355.87,0.9992
379.2,6.20,1.422,355.38,0.9962
379.2,6.28,1.420,354.88,0.9943
379.2,6.36,1.418,354.43,0.9943
379.2,6.44,1.416,354.04,0.9960
379.2,6.52,1.415,353.75,0.9975
379.2,6.60,1.414,353.56,0.9984
379.2,6.68,1.414,353.46,0.9986
379.2,6.77,1.414,353.43,0.9984
379.2,6.85,1.414,353.44,0.9978
379.2,6.93,1.414,353.48,0.9972
379.2,7.01,1.414,353.52,0.9966
379.2,7.09,1.414,353.57,0.9960
379.2,7.17,1.414,353.61,0.9954
379.2,7.25,1.415,353.66,0.9949
379.2,7.33,1.415,353.70,0.9944
379.2,7.41,1.415,353.73,0.9940
379.2,7.49,1.415,353.74,0.9935
379.2,7.57,1.415,353.75,0.9931
379.2,7.65,1.415,353.74,0.9926
379.2,7.73,1.415,353.72,0.9916
379.2,7.81,1.415,353.70,0.9902
379.2,7.89,1.415,353.67,0.9880
379.2,7.97,1.415,353.64,0.9851
379.2,8.05,1.414,353.60,0.9819
379.2,8.13,1.414,353.50,0.9803
379.2,8.21,1.413,353.34,0.9802
379.2,8.30,1.412,353.09,0.9813
379.2,8.38,1.411,352.70,0.9833
379.2,8.46,1.409,352.19,0.9862
379.2,8.54,1.407,351.80,0.9884
379.2,8.62,1.406,351.53,0.9899
379.2,8.70,1.406,351.38,0.9908
379.2,8.78,1.405,351.32,0.9911
379.2,8.86,1.405,351.34,0.9911
379.2,8.94,1.406,351.39,0.9911
379.2,9.02,1.406,351.46,0.9910
379.2,9.10,1.406,351.55,0.9909
379.2,9.18,1.407,351.65,0.9909
379.2,9.26,1.407,351.76,0.9908
379.2,9.34,1.407,351.87,0.9907
379.2,9.42,1.408,351.99,0.9905
379.2,9.50,1.408,352.09,0.9903
379.2,9.58,1.409,352.19,0.9901
379.2,9.66,1.409,352.29,0.9897
379.2,9.74,1.410,352.39,0.9887
379.2,9.83,1.410,352.50,0.9871
379.2,9.91,1.410,352.62,0.9847
379.2,9.99,1.411,352.76,0.9814
379.2,10.07,1.411,352.86,0.9776
379.2,10.15,1.411,352.83,0.9744
379.2,10.23,1.411,352.67,0.9720
379.2,10.31,1.409,352.33,0.9710
379.2,10.39,1.407,351.77,0.9719
379.2,10.47,1.404,351.01,0.9743
379.2,10.55,1.401,350.20,0.9758
379.2,10.63,1.397,349.35,0.9763
379.2,10.71,1.394,348.47,0.9761
379.2,10.79,1.390,347.56,0.9752
379.2,10.87,1.386,346.60,0.9739
379.2,10.95,1.382,345.61,0.9724
379.2,11.03,1.378,344.57,0.9709
379.2,11.11,1.374,343.50,0.9692
379.2,11.19,1.370,342.40,0.9674
379.2,11.28,1.365,341.28,0.9655
379.2,11.36,1.361,340.13,0.9635
379.2,11.44,1.356,338.96,0.9614
379.2,11.52,1.351,337.79,0.9591
379.2,11.60,1.346,336.60,0.9566
379.2,11.68,1.342,335.42,0.9538
379.2,11.76,1.337,334.28,0.9503
379.2,11.84,1.333,333.18,0.9461
379.2,11.92,1.329,332.15,0.9410
379.2,12.00,1.325,331.19,0.9350
384.6,0.00,1.553,388.31,
384.6,0.08,1.559,389.66,
384.6,0.16,1.564,390.91,
384.6,0.24,1.568,392.00,
384.6,0.32,1.572,392.90,
384.6,0.40,1.575,393.65,
384.6,0.48,1.577,394.28,
384.6,0.56,1.579,394.80,
384.6,0.64,1.581,395.21,
384.6,0.72,1.582,395.55,
384.6,0.81,1.583,395.81,
384.6,0.89,1.584,396.00,
384.6,0.97,1.584,396.12,
384.6,1.05,1.585,396.18,
384.6,1.13,1.585,396.17,
384.6,1.21,1.584,396.10,
384.6,1.29,1.584,395.97,
384.6,1.37,1.583,395.80,
384.6,1.45,1.582,395.57,
384.6,1.53,1.581,395.29,
384.6,1.61,1.580,394.97,
384.6,1.69,1.578,394.61,
384.6,1.77,1.577,394.22,
384.6,1.85,1.575,393.78,
384.6,1.93,1.573,393.32,
384.6,2.01,1.571,392.82,1.0431
384.6,2.09,1.569,392.26,1.0394
384.6,2.17,1.567,391.64,1.0378
384.6,2.26,1.564,391.06,1.0379
384.6,2.34,1.562,390.58,1.0393
384.6,2.42,1.560,390.07,1.0401
384.6,2.50,1.558,389.48,1.0400
384.6,2.58,1.555,388.84,1.0389
384.6,2.66,1.553,388.14,1.0372
384.6,2.74,1.550,387.40,1.0354
384.6,2.82,1.547,386.63,1.0334
384.6,2.90,1.543,385.84,1.0313
384.6,2.98,1.540,385.02,1.0292
384.6,3.06,1.537,384.20,1.0270
384.6,3.14,1.533,383.36,1.0248
384.6,3.22,1.530,382.53,1.0225
384.6,3.30,1.527,381.70,1.0203
384.6,3.38,1.524,380.88,1.0181
384.6,3.46,1.520,380.08,1.0159
384.6,3.54,1.517,379.30,1.0138
384.6,3.62,1.514,378.56,1.0118
384.6,3.70,1.511,377.85,1.0098
384.6,3.79,1.509,377.19,1.0077
384.6,3.87,1.506,376.59,1.0052
384.6,3.95,1.504,376.07,1.0022
384.6,4.03,1.503,375.65,0.9988
384.6,4.11,1.501,375.34,0.9968
384.6,4.19,1.501,375.14,0.9968
384.6,4.27,1.500,374.95,0.9981
384.6,4.35,1.499,374.74,1.0007
384.6,4.43,1.498,374.55,1.0025
384.6,4.51,1.497,374.37,1.0034
384.6,4.59,1.497,374.21,1.0036
384.6,4.67,1.496,374.06,1.0033
384.6,4.75,1.496,373.92,1.0030
384.6,4.83,1.495,373.79,1.0027
384.6,4.91,1.495,373.67,1.0024
384.6,4.99,1.494,373.56,1.0022
384.6,5.07,1.494,373.46,1.0019
384.6,5.15,1.493,373.35,1.0016
384.6,5.23,1.493,373.24,1.0014
384.6,5.32,1.493,373.13,1.0010
384.6,5.40,1.492,373.01,1.0007
384.6,5.48,1.492,372.89,1.0003
384.6,5.56,1.491,372.75,0.9999
384.6,5.64,1.490,372.60,0.9994
384.6,5.72,1.490,372.43,0.9988
384.6,5.80,1.489,372.22,0.9976
384.6,5.88,1.488,371.97,0.9956
384.6,5.96,1.487,371.66,0.9924
384.6,6.04,1.485,371.28,0.9883
384.6,6.12,1.483,370.84,0.9851
384.6,6.20,1.481,370.35,0.9830
384.6,6.28,1.480,369.90,0.9828
384.6,6.36,1.478,369.52,0.9840
384.6,6.44,1.477,369.25,0.9846
384.6,6.52,1.476,369.07,0.9846
384.6,6.60,1.476,368.96,0.9841
384.6,6.68,1.476,368.90,0.9833
384.6,6.77,1.475,368.85,0.9826
384.6,6.85,1.475,368.81,0.9819
384.6,6.93,1.475,368.78,0.9812
384.6,7.01,1.475,368.75,0.9806
384.6,7.09,1.475,368.73,0.9800
384.6,7.17,1.475,368.70,0.9794
384.6,7.25,1.475,368.67,0.9789
384.6,7.33,1.475,368.63,0.9784
384.6,7.41,1.474,368.58,0.9779
384.6,7.49,1.474,368.52,0.9774
384.6,7.57,1.474,368.44,0.9769
384.6,7.65,1.473,368.34,0.9765
384.6,7.73,1.473,368.22,0.9760
384.6,7.81,1.472,368.09,0.9750
384.6,7.89,1.472,367.96,0.9735
384.6,7.97,1.471,367.82,0.9712
384.6,8.05,1.471,367.66,0.9686
384.6,8.13,1.470,367.44,0.9676
384.6,8.21,1.469,367.14,0.9681
384.6,8.30,1.467,366.69,0.9697
384.6,8.38,1.465,366.19,0.9717
384.6,8.46,1.463,365.83,0.9730
384.6,8.54,1.462,365.59,0.9736
384.6,8.62,1.462,365.45,0.9736
384.6,8.70,1.462,365.38,0.9735
384.6,8.78,1.461,365.34,0.9733
384.6,8.86,1.461,365.32,0.9732
384.6,8.94,1.461,365.34,0.9731
384.6,9.02,1.461,365.37,0.9729
384.6,9.10,1.462,365.41,0.9728
384.6,9.18,1.462,365.47,0.9726
384.6,9.26,1.462,365.53,0.9725
384.6,9.34,1.462,365.59,0.9723
384.6,9.42,1.463,365.65,0.9721
384.6,9.50,1.463,365.70,0.9718
384.6,9.58,1.463,365.73,0.9715
384.6,9.66,1.463,365.75,0.9711
384.6,9.74,1.463,365.75,0.9706
384.6,9.83,1.463,365.76,0.9695
384.6,9.91,1.463,365.78,0.9676
384.6,9.99,1.463,365.80,0.9649
384.6,10.07,1.463,365.78,0.9617
384.6,10.15,1.463,365.63,0.9592
384.6,10.23,1.461,365.31,0.9580
384.6,10.31,1.459,364.76,0.9588
384.6,10.39,1.456,364.07,0.9602
384.6,10.47,1.453,363.33,0.9606
384.6,10.55,1.450,362.56,0.9602
384.6,10.63,1.447,361.74,0.9591
384.6,10.71,1.444,360.88,0.9577
384.6,10.79,1.440,359.97,0.9563
384.6,10.87,1.436,359.01,0.9548
384.6,10.95,1.432,358.02,0.9532
384.6,11.03,1.428,356.99,0.9515
384.6,11.11,1.424,355.92,0.9498
384.6,11.19,1.419,354.83,0.9479
384.6,11.28,1.415,353.71,0.9458
384.6,11.36,1.410,352.58,0.9437
384.6,11.44,1.406,351.43,0.9414
384.6,11.52,1.401,350.27,0.9389
384.6,11.60,1.396,349.10,0.9363
384.6,11.68,1.392,347.93,0.9335
384.6,11.76,1.387,346.78,0.9304
384.6,11.84,1.383,345.67,0.9266
384.6,11.92,1.378,344.62,0.9219
384.6,12.00,1.375,343.65,0.9163
389.9,0.00,1.622,405.43,
389.9,0.08,1.627,406.66,
389.9,0.16,1.631,407.77,
389.9,0.24,1.635,408.68,
389.9,0.32,1.638,409.47,
389.9,0.40,1.641,410.13,
389.9,0.48,1.643,410.70,
389.9,0.56,1.645,411.19,
389.9,0.64,1.646,411.60,
389.9,0.72,1.648,411.93,
389.9,0.81,1.649,412.19,
389.9,0.89,1.649,412.37,
389.9,0.97,1.650,412.49,
389.9,1.05,1.650,412.55,
389.9,1.13,1.650,412.55,
389.9,1.21,1.650,412.49,
389.9,1.29,1.649,412.37,
389.9,1.37,1.649,412.21,
389.9,1.45,1.648,411.99,
389.9,1.53,1.647,411.73,
389.9,1.61,1.646,411.43,
389.9,1.69,1.644,411.09,
389.9,1.77,1.643,410.72,
389.9,1.85,1.641,410.31,
389.9,1.93,1.639,409.87,
389.9,2.01,1.638,409.40,1.0301
389.9,2.09,1.635,408.87,1.0279
389.9,2.17,1.633,408.34,1.0277
389.9,2.26,1.632,407.88,1.0284
389.9,2.34,1.629,407.35,1.0282
389.9,2.42,1.627,406.75,1.0271
389.9,2.50,1.624,406.10,1.0256
389.9,2.58,1.622,405.40,1.0240
389.9,2.66,1.619,404.66,1.0222
389.9,2.74,1.616,403.88,1.0203
389.9,2.82,1.612,403.08,1.0183
389.9,2.90,1.609,402.26,1.0162
389.9,2.98,1.606,401.42,1.0140
389.9,3.06,1.602,400.57,1.0118
389.9,3.14,1.599,399.72,1.0096
389.9,3.22,1.595,398.87,1.0074
389.9,3.30,1.592,398.03,1.0052
389.9,3.38,1.589,397.21,1.0031
389.9,3.46,1.586,396.41,1.0010
389.9,3.54,1.583,395.63,0.9989
389.9,3.62,1.580,394.89,0.9970
389.9,3.70,1.577,394.19,0.9952
389.9,3.79,1.574,393.54,0.9935
389.9,3.87,1.572,392.95,0.9917
389.9,3.95,1.570,392.43,0.9896
389.9,4.03,1.568,392.00,0.9870
389.9,4.11,1.567,391.70,0.9860
389.9,4.19,1.566,391.44,0.9866
389.9,4.27,1.565,391.17,0.9880
389.9,4.35,1.564,390.92,0.9884
389.9,4.43,1.563,390.69,0.9881
389.9,4.51,1.562,390.47,0.9877
389.9,4.59,1.561,390.28,0.9873
389.9,4.67,1.560,390.09,0.9869
389.9,4.75,1.560,389.92,0.9866
389.9,4.83,1.559,389.76,0.9862
389.9,4.91,1.558,389.61,0.9859
389.9,4.99,1.558,389.46,0.9856
389.9,5.07,1.557,389.31,0.9852
389.9,5.15,1.557,389.17,0.9849
389.9,5.23,1.556,389.02,0.9845
389.9,5.32,1.555,388.86,0.9841
389.9,5.40,1.555,388.70,0.9837
389.9,5.48,1.554,388.52,0.9832
389.9,5.56,1.553,388.33,0.9826
389.9,5.64,1.553,388.13,0.9820
389.9,5.72,1.552,387.91,0.9814
389.9,5.80,1.551,387.67,0.9806
389.9,5.88,1.550,387.39,0.9794
389.9,5.96,1.548,387.06,0.9772
389.9,6.04,1.547,386.66,0.9740
389.9,6.12,1.545,386.19,0.9718
389.9,6.20,1.543,385.75,0.9714
389.9,6.28,1.542,385.39,0.9717
389.9,6.36,1.541,385.13,0.9713
389.9,6.44,1.540,384.94,0.9704
389.9,6.52,1.539,384.78,0.9695
389.9,6.60,1.539,384.64,0.9687
389.9,6.68,1.538,384.51,0.9679
389.9,6.77,1.538,384.39,0.9671
389.9,6.85,1.537,384.28,0.9664
389.9,6.93,1.537,384.18,0.9657
389.9,7.01,1.536,384.08,0.9651
389.9,7.09,1.536,383.98,0.9644
389.9,7.17,1.536,383.88,0.9638
389.9,7.25,1.535,383.76,0.9633
389.9,7.33,1.535,383.64,0.9627
389.9,7.41,1.534,383.51,0.9622
389.9,7.49,1.533,383.36,0.9617
389.9,7.57,1.533,383.19,0.9612
389.9,7.65,1.532,383.00,0.9607
389.9,7.73,1.531,382.78,0.9602
389.9,7.81,1.530,382.54,0.9597
389.9,7.89,1.529,382.28,0.9588
389.9,7.97,1.528,382.01,0.9572
389.9,8.05,1.527,381.73,0.9554
389.9,8.13,1.525,381.37,0.9552
389.9,8.21,1.524,380.88,0.9562
389.9,8.30,1.522,380.42,0.9571
389.9,8.38,1.520,380.09,0.9573
389.9,8.46,1.519,379.86,0.9570
389.9,8.54,1.519,379.68,0.9568
389.9,8.62,1.518,379.54,0.9565
389.9,8.70,1.518,379.44,0.9563
389.9,8.78,1.517,379.36,0.9561
389.9,8.86,1.517,379.31,0.9559
389.9,8.94,1.517,379.28,0.9557
389.9,9.02,1.517,379.27,0.9555
389.9,9.10,1.517,379.27,0.9553
389.9,9.18,1.517,379.27,0.9551
389.9,9.26,1.517,379.28,0.9548
389.9,9.34,1.517,379.28,0.9545
389.9,9.42,1.517,379.28,0.9542
389.9,9.50,1.517,379.27,0.9539
389.9,9.58,1.517,379.24,0.9534
389.9,9.66,1.517,379.19,0.9530
389.9,9.74,1.516,379.12,0.9525
389.9,9.83,1.516,379.01,0.9519
389.9,9.91,1.516,378.91,0.9506
389.9,9.99,1.515,378.81,0.9486
389.9,10.07,1.515,378.66,0.9462
389.9,10.15,1.513,378.36,0.9447
389.9,10.23,1.511,377.84,0.9451
389.9,10.31,1.509,377.22,0.9453
389.9,10.39,1.506,376.57,0.9446
389.9,10.47,1.503,375.86,0.9434
389.9,10.55,1.500,375.10,0.9421
389.9,10.63,1.497,374.28,0.9407
389.9,10.71,1.494,373.41,0.9393
389.9,10.79,1.490,372.49,0.9378
389.9,10.87,1.486,371.54,0.9363
389.9,10.95,1.482,370.54,0.9346
389.9,11.03,1.478,369.51,0.9328
389.9,11.11,1.474,368.45,0.9309
389.9,11.19,1.469,367.37,0.9289
389.9,11.28,1.465,366.27,0.9268
389.9,11.36,1.461,365.15,0.9245
389.9,11.44,1.456,364.02,0.9221
389.9,11.52,1.452,362.88,0.9195
389.9,11.60,1.447,361.74,0.9168
389.9,11.68,1.442,360.59,0.9139
389.9,11.76,1.438,359.46,0.9108
389.9,11.84,1.433,358.34,0.9075
389.9,11.92,1.429,357.27,0.9034
389.9,12.00,1.425,356.27,0.8984
395.3,0.00,1.691,422.81,
395.3,0.08,1.696,423.90,
395.3,0.16,1.699,424.84,
395.3,0.24,1.703,425.67,
395.3,0.32,1.706,426.40,
395.3,0.40,1.708,427.04,
395.3,0.48,1.710,427.60,
395.3,0.56,1.712,428.08,
395.3,0.64,1.714,428.49,
395.3,0.72,1.715,428.81,
395.3,0.81,1.716,429.07,
395.3,0.89,1.717,429.26,
395.3,0.97,1.718,429.39,
395.3,1.05,1.718,429.45,
395.3,1.13,1.718,429.46,
395.3,1.21,1.718,429.40,
395.3,1.29,1.717,429.30,
395.3,1.37,1.717,429.15,
395.3,1.45,1.716,428.95,
395.3,1.53,1.715,428.71,
395.3,1.61,1.714,428.43,
395.3,1.69,1.712,428.11,
395.3,1.77,1.711,427.76,
395.3,1.85,1.710,427.38,
395.3,1.93,1.708,426.97,
395.3,2.01,1.706,426.54,1.0181
395.3,2.09,1.704,426.07,1.0175
395.3,2.17,1.702,425.61,1.0172
395.3,2.26,1.700,425.07,1.0162
395.3,2.34,1.698,424.47,1.0150
395.3,2.42,1.695,423.81,1.0135
395.3,2.50,1.692,423.11,1.0120
395.3,2.58,1.689,422.37,1.0103
395.3,2.66,1.686,421.58,1.0084
395.3,2.74,1.683,420.77,1.0065
395.3,2.82,1.680,419.94,1.0044
395.3,2.90,1.676,419.09,1.0023
395.3,2.98,1.673,418.22,1.0002
395.3,3.06,1.669,417.36,0.9980
395.3,3.14,1.666,416.49,0.9958
395.3,3.22,1.663,415.63,0.9937
395.3,3.30,1.659,414.78,0.9915
395.3,3.38,1.656,413.96,0.9894
395.3,3.46,1.653,413.16,0.9874
395.3,3.54,1.650,412.39,0.9855
395.3,3.62,1.647,411.66,0.9836
395.3,3.70,1.644,410.97,0.9819
395.3,3.79,1.641,410.34,0.9804
395.3,3.87,1.639,409.76,0.9790
395.3,3.95,1.637,409.24,0.9777
395.3,4.03,1.635,408.82,0.9761
395.3,4.11,1.634,408.48,0.9759
395.3,4.19,1.633,408.15,0.9757
395.3,4.27,1.631,407.84,0.9751
395.3,4.35,1.630,407.56,0.9745
395.3,4.43,1.629,407.30,0.9740
395.3,4.51,1.628,407.05,0.9735
395.3,4.59,1.627,406.82,0.9731
395.3,4.67,1.626,406.61,0.9727
395.3,4.75,1.626,406.40,0.9723
395.3,4.83,1.625,406.20,0.9719
395.3,4.91,1.624,406.01,0.9715
395.3,4.99,1.623,405.82,0.9710
395.3,5.07,1.623,405.63,0.9706
395.3,5.15,1.622,405.44,0.9702
395.3,5.23,1.621,405.24,0.9697
395.3,5.32,1.620,405.04,0.9692
395.3,5.40,1.619,404.82,0.9687
395.3,5.48,1.618,404.60,0.9681
395.3,5.56,1.617,404.36,0.9674
395.3,5.64,1.616,404.10,0.9667
395.3,5.72,1.615,403.82,0.9660
395.3,5.80,1.614,403.52,0.9651
395.3,5.88,1.613,403.20,0.9642
395.3,5.96,1.611,402.84,0.9629
395.3,6.04,1.610,402.42,0.9609
395.3,6.12,1.608,401.98,0.9600
395.3,6.20,1.607,401.64,0.9591
395.3,6.28,1.605,401.35,0.9581
395.3,6.36,1.604,401.08,0.9571
395.3,6.44,1.603,400.83,0.9561
395.3,6.52,1.602,400.60,0.9552
395.3,6.60,1.602,400.39,0.9543
395.3,6.68,1.601,400.19,0.9535
395.3,6.77,1.600,400.00,0.9527
395.3,6.85,1.599,399.81,0.9520
395.3,6.93,1.599,399.63,0.9513
395.3,7.01,1.598,399.45,0.9506
395.3,7.09,1.597,399.26,0.9500
395.3,7.17,1.596,399.07,0.9494
395.3,7.25,1.595,398.87,0.9488
395.3,7.33,1.595,398.66,0.9482
395.3,7.41,1.594,398.44,0.9476
395.3,7.49,1.593,398.20,0.9471
395.3,7.57,1.592,397.93,0.9465
395.3,7.65,1.591,397.64,0.9460
395.3,7.73,1.589,397.33,0.9455
395.3,7.81,1.588,396.98,0.9449
395.3,7.89,1.586,396.61,0.9444
395.3,7.97,1.585,396.20,0.9436
395.3,8.05,1.583,395.78,0.9426
395.3,8.13,1.581,395.26,0.9428
395.3,8.21,1.579,394.85,0.9425
395.3,8.30,1.578,394.50,0.9421
395.3,8.38,1.577,394.21,0.9417
395.3,8.46,1.576,393.96,0.9414
395.3,8.54,1.575,393.75,0.9411
395.3,8.62,1.574,393.58,0.9408
395.3,8.70,1.574,393.44,0.9405
395.3,8.78,1.573,393.33,0.9402
395.3,8.86,1.573,393.23,0.9400
395.3,8.94,1.573,393.16,0.9397
395.3,9.02,1.572,393.10,0.9394
395.3,9.10,1.572,393.05,0.9391
395.3,9.18,1.572,393.00,0.9388
395.3,9.26,1.572,392.95,0.9385
395.3,9.34,1.572,392.90,0.9381
395.3,9.42,1.571,392.83,0.9377
395.3,9.50,1.571,392.75,0.9372
395.3,9.58,1.571,392.66,0.9367
395.3,9.66,1.570,392.53,0.9361
395.3,9.74,1.570,392.39,0.9355
395.3,9.83,1.569,392.20,0.9348
395.3,9.91,1.568,391.98,0.9340
395.3,9.99,1.567,391.74,0.9328
395.3,10.07,1.566,391.45,0.9313
395.3,10.15,1.564,390.99,0.9309
395.3,10.23,1.562,390.46,0.9299
395.3,10.31,1.559,389.86,0.9287
395.3,10.39,1.557,389.20,0.9275
395.3,10.47,1.554,388.49,0.9263
395.3,10.55,1.551,387.71,0.9250
395.3,10.63,1.548,386.88,0.9236
395.3,10.71,1.544,386.01,0.9222
395.3,10.79,1.540,385.09,0.9207
395.3,10.87,1.537,384.13,0.9191
395.3,10.95,1.533,383.14,0.9173
395.3,11.03,1.528,382.12,0.9155
395.3,11.11,1.524,381.07,0.9136
395.3,11.19,1.520,380.00,0.9115
395.3,11.28,1.516,378.91,0.9093
395.3,11.36,1.511,377.80,0.9069
395.3,11.44,1.507,376.69,0.9044
395.3,11.52,1.502,375.58,0.9018
395.3,11.60,1.498,374.46,0.8990
395.3,11.68,1.493,373.35,0.8960
395.3,11.76,1.489,372.24,0.8928
395.3,11.84,1.485,371.15,0.8894
395.3,11.92,1.480,370.08,0.8858
395.3,12.00,1.476,369.06,0.8815
400.7,0.00,1.762,440.41,
400.7,0.08,1.766,441.40,
400.7,0.16,1.769,442.30,
400.7,0.24,1.772,443.11,
400.7,0.32,1.775,443.83,
400.7,0.40,1.778,444.47,
400.7,0.48,1.780,445.02,
400.7,0.56,1.782,445.50,
400.7,0.64,1.784,445.90,
400.7,0.72,1.785,446.23,
400.7,0.81,1.786,446.49,
400.7,0.89,1.787,446.68,
400.7,0.97,1.787,446.81,
400.7,1.05,1.788,446.89,
400.7,1.13,1.788,446.90,
400.7,1.21,1.787,446.86,
400.7,1.29,1.787,446.77,
400.7,1.37,1.787,446.64,
400.7,1.45,1.786,446.46,
400.7,1.53,1.785,446.24,
400.7,1.61,1.784,445.98,
400.7,1.69,1.783,445.69,
400.7,1.77,1.781,445.37,
400.7,1.85,1.780,445.02,
400.7,1.93,1.779,444.64,
400.7,2.01,1.777,444.24,1.0075
400.7,2.09,1.775,443.77,1.0068
400.7,2.17,1.773,443.24,1.0059
400.7,2.26,1.771,442.64,1.0047
400.7,2.34,1.768,441.98,1.0034
400.7,2.42,1.765,441.28,1.0019
400.7,2.50,1.762,440.53,1.0003
400.7,2.58,1.759,439.74,0.9985
400.7,2.66,1.756,438.92,0.9966
400.7,2.74,1.752,438.07,0.9947
400.7,2.82,1.749,437.21,0.9926
400.7,2.90,1.745,436.33,0.9905
400.7,2.98,1.742,435.44,0.9884
400.7,3.06,1.738,434.56,0.9863
400.7,3.14,1.735,433.68,0.9841
400.7,3.22,1.731,432.81,0.9820
400.7,3.30,1.728,431.95,0.9799
400.7,3.38,1.725,431.13,0.9779
400.7,3.46,1.721,430.33,0.9760
400.7,3.54,1.718,429.57,0.9741
400.7,3.62,1.715,428.85,0.9724
400.7,3.70,1.713,428.17,0.9708
400.7,3.79,1.710,427.56,0.9694
400.7,3.87,1.708,427.00,0.9682
400.7,3.95,1.706,426.51,0.9671
400.7,4.03,1.704,426.09,0.9663
400.7,4.11,1.703,425.71,0.9655
400.7,4.19,1.701,425.35,0.9648
400.7,4.27,1.700,425.01,0.9641
400.7,4.35,1.699,424.70,0.9635
400.7,4.43,1.698,424.40,0.9630
400.7,4.51,1.696,424.12,0.9624
400.7,4.59,1.695,423.86,0.9619
400.7,4.67,1.694,423.60,0.9614
400.7,4.75,1.693,423.36,0.9609
400.7,4.83,1.692,423.12,0.9605
400.7,4.91,1.692,422.88,0.9600
400.7,4.99,1.691,422.65,0.9595
400.7,5.07,1.690,422.41,0.9590
400.7,5.15,1.689,422.17,0.9585
400.7,5.23,1.688,421.93,0.9579
400.7,5.32,1.687,421.67,0.9573
400.7,5.40,1.686,421.41,0.9567
400.7,5.48,1.685,421.13,0.9560
400.7,5.56,1.683,420.83,0.9552
400.7,5.64,1.682,420.51,0.9544
400.7,5.72,1.681,420.18,0.9535
400.7,5.80,1.679,419.82,0.9525
400.7,5.88,1.678,419.43,0.9514
400.7,5.96,1.676,419.01,0.9503
400.7,6.04,1.674,418.57,0.9490
400.7,6.12,1.673,418.16,0.9478
400.7,6.20,1.671,417.77,0.9467
400.7,6.28,1.670,417.41,0.9456
400.7,6.36,1.668,417.07,0.9446
400.7,6.44,1.667,416.75,0.9436
400.7,6.52,1.666,416.44,0.9427
400.7,6.60,1.665,416.15,0.9418
400.7,6.68,1.663,415.87,0.9410
400.7,6.77,1.662,415.60,0.9402
400.7,6.85,1.661,415.33,0.9394
400.7,6.93,1.660,415.07,0.9387
400.7,7.01,1.659,414.80,0.9380
400.7,7.09,1.658,414.53,0.9373
400.7,7.17,1.657,414.25,0.9366
400.7,7.25,1.656,413.95,0.9360
400.7,7.33,1.655,413.65,0.9354
400.7,7.41,1.653,413.33,0.9348
400.7,7.49,1.652,412.98,0.9342
400.7,7.57,1.650,412.62,0.9336
400.7,7.65,1.649,412.23,0.9330
400.7,7.73,1.647,411.81,0.9324
400.7,7.81,1.645,411.36,0.9319
400.7,7.89,1.643,410.87,0.9313
400.7,7.97,1.641,410.35,0.9307
400.7,8.05,1.639,409.81,0.9301
400.7,8.13,1.637,409.33,0.9295
400.7,8.21,1.636,408.91,0.9290
400.7,8.30,1.634,408.54,0.9286
400.7,8.38,1.633,408.22,0.9282
400.7,8.46,1.632,407.95,0.9278
400.7,8.54,1.631,407.71,0.9274
400.7,8.62,1.630,407.50,0.9271
400.7,8.70,1.629,407.32,0.9267
400.7,8.78,1.629,407.16,0.9264
400.7,8.86,1.628,407.03,0.9261
400.7,8.94,1.628,406.91,0.9257
400.7,9.02,1.627,406.80,0.9254
400.7,9.10,1.627,406.69,0.9250
400.7,9.18,1.626,406.59,0.9246
400.7,9.26,1.626,406.48,0.9242
400.7,9.34,1.625,406.36,0.9237
400.7,9.42,1.625,406.23,0.9232
400.7,9.50,1.624,406.08,0.9226
400.7,9.58,1.624,405.91,0.9220
400.7,9.66,1.623,405.72,0.9213
400.7,9.74,1.622,405.49,0.9206
400.7,9.83,1.621,405.23,0.9197
400.7,9.91,1.620,404.92,0.9189
400.7,9.99,1.618,404.57,0.9179
400.7,10.07,1.617,404.17,0.9168
400.7,10.15,1.615,403.70,0.9158
400.7,10.23,1.613,403.15,0.9147
400.7,10.31,1.610,402.54,0.9136
400.7,10.39,1.607,401.87,0.9124
400.7,10.47,1.605,401.13,0.9112
400.7,10.55,1.601,400.35,0.9099
400.7,10.63,1.598,399.52,0.9086
400.7,10.71,1.595,398.64,0.9071
400.7,10.79,1.591,397.72,0.9056
400.7,10.87,1.587,396.76,0.9040
400.7,10.95,1.583,395.78,0.9022
400.7,11.03,1.579,394.76,0.9004
400.7,11.11,1.575,393.72,0.8984
400.7,11.19,1.571,392.66,0.8963
400.7,11.28,1.566,391.59,0.8941
400.7,11.36,1.562,390.51,0.8917
400.7,11.44,1.558,389.42,0.8891
400.7,11.52,1.553,388.33,0.8864
400.7,11.60,1.549,387.24,0.8835
400.7,11.68,1.545,386.16,0.8805
400.7,11.76,1.540,385.09,0.8772
400.7,11.84,1.536,384.03,0.8737
400.7,11.92,1.532,383.00,0.8701
400.7,12.00,1.528,381.99,0.8662
406.0,0.00,1.833,458.27,
406.0,0.08,1.837,459.18,
406.0,0.16,1.840,460.06,
406.0,0.24,1.843,460.86,
406.0,0.32,1.846,461.57,
406.0,0.40,1.849,462.20,
406.0,0.48,1.851,462.75,
406.0,0.56,1.853,463.22,
406.0,0.64,1.854,463.62,
406.0,0.72,1.856,463.96,
406.0,0.81,1.857,464.22,
406.0,0.89,1.858,464.42,
406.0,0.97,1.858,464.56,
406.0,1.05,1.859,464.64,
406.0,1.13,1.859,464.67,
406.0,1.21,1.859,464.65,
406.0,1.29,1.858,464.57,
406.0,1.37,1.858,464.46,
406.0,1.45,1.857,464.30,
406.0,1.53,1.856,464.10,
406.0,1.61,1.855,463.87,
406.0,1.69,1.854,463.61,
406.0,1.77,1.853,463.31,
406.0,1.85,1.852,463.05,
406.0,1.93,1.851,462.85,
406.0,2.01,1.850,462.54,0.9985
406.0,2.09,1.848,462.06,0.9979
406.0,2.17,1.846,461.45,0.9969
406.0,2.26,1.843,460.79,0.9957
406.0,2.34,1.840,460.08,0.9943
406.0,2.42,1.837,459.31,0.9927
406.0,2.50,1.834,458.51,0.9910
406.0,2.58,1.831,457.68,0.9892
406.0,2.66,1.827,456.81,0.9873
406.0,2.74,1.824,455.93,0.9853
406.0,2.82,1.820,455.03,0.9832
406.0,2.90,1.816,454.12,0.9811
406.0,2.98,1.813,453.21,0.9790
406.0,3.06,1.809,452.30,0.9769
406.0,3.14,1.806,451.40,0.9748
406.0,3.22,1.802,450.52,0.9727
406.0,3.30,1.799,449.65,0.9707
406.0,3.38,1.795,448.82,0.9688
406.0,3.46,1.792,448.02,0.9669
406.0,3.54,1.789,447.26,0.9652
406.0,3.62,1.786,446.55,0.9636
406.0,3.70,1.784,445.89,0.9622
406.0,3.79,1.781,445.28,0.9609
406.0,3.87,1.779,444.68,0.9595
406.0,3.95,1.777,444.18,0.9583
406.0,4.03,1.776,443.88,0.9578
406.0,4.11,1.774,443.55,0.9573
406.0,4.19,1.773,443.16,0.9565
406.0,4.27,1.771,442.79,0.9558
406.0,4.35,1.770,442.45,0.9552
406.0,4.43,1.768,442.12,0.9546
406.0,4.51,1.767,441.80,0.9540
406.0,4.59,1.766,441.50,0.9534
406.0,4.67,1.765,441.21,0.9529
406.0,4.75,1.764,440.92,0.9523
406.0,4.83,1.763,440.64,0.9518
406.0,4.91,1.761,440.36,0.9512
406.0,4.99,1.760,440.08,0.9507
406.0,5.07,1.759,439.80,0.9501
406.0,5.15,1.758,439.51,0.9495
406.0,5.23,1.757,439.21,0.9488
406.0,5.32,1.756,438.91,0.9481
406.0,5.40,1.754,438.59,0.9473
406.0,5.48,1.753,438.25,0.9465
406.0,5.56,1.752,437.90,0.9457
406.0,5.64,1.750,437.52,0.9447
406.0,5.72,1.749,437.13,0.9437
406.0,5.80,1.747,436.69,0.9425
406.0,5.88,1.744,436.11,0.9409
406.0,5.96,1.742,435.52,0.9395
406.0,6.04,1.740,435.07,0.9386
406.0,6.12,1.738,434.62,0.9375
406.0,6.20,1.737,434.16,0.9364
406.0,6.28,1.735,433.73,0.9353
406.0,6.36,1.733,433.32,0.9342
406.0,6.44,1.732,432.92,0.9333
406.0,6.52,1.730,432.54,0.9323
406.0,6.60,1.729,432.17,0.9314
406.0,6.68,1.727,431.81,0.9305
406.0,6.77,1.726,431.45,0.9297
406.0,6.85,1.724,431.10,0.9289
406.0,6.93,1.723,430.75,0.9282
406.0,7.01,1.722,430.39,0.9274
406.0,7.09,1.720,430.02,0.9267
406.0,7.17,1.719,429.65,0.9260
406.0,7.25,1.717,429.26,0.9254
406.0,7.33,1.715,428.86,0.9247
406.0,7.41,1.714,428.44,0.9241
406.0,7.49,1.712,428.00,0.9234
406.0,7.57,1.710,427.53,0.9228
406.0,7.65,1.708,427.03,0.9222
406.0,7.73,1.706,426.50,0.9215
406.0,7.81,1.704,425.93,0.9208
406.0,7.89,1.701,425.24,0.9198
406.0,7.97,1.698,424.39,0.9188
406.0,8.05,1.695,423.67,0.9182
406.0,8.13,1.693,423.14,0.9177
406.0,8.21,1.691,422.70,0.9172
406.0,8.30,1.689,422.31,0.9167
406.0,8.38,1.688,421.96,0.9162
406.0,8.46,1.687,421.65,0.9158
406.0,8.54,1.685,421.37,0.9153
406.0,8.62,1.685,421.13,0.9149
406.0,8.70,1.684,420.91,0.9145
406.0,8.78,1.683,420.71,0.9141
406.0,8.86,1.682,420.52,0.9137
406.0,8.94,1.681,420.35,0.9133
406.0,9.02,1.681,420.19,0.9128
406.0,9.10,1.680,420.03,0.9124
406.0,9.18,1.679,419.86,0.9119
406.0,9.26,1.679,419.69,0.9114
406.0,9.34,1.678,419.51,0.9108
406.0,9.42,1.677,419.31,0.9102
406.0,9.50,1.676,419.09,0.9095
406.0,9.58,1.675,418.85,0.9088
406.0,9.66,1.674,418.57,0.9080
406.0,9.74,1.673,418.26,0.9071
406.0,9.83,1.672,417.94,0.9061
406.0,9.91,1.671,417.67,0.9050
406.0,9.99,1.669,417.29,0.9041
406.0,10.07,1.667,416.78,0.9032
406.0,10.15,1.665,416.27,0.9022
406.0,10.23,1.663,415.71,0.9012
406.0,10.31,1.660,415.08,0.9001
406.0,10.39,1.658,414.39,0.8990
406.0,10.47,1.655,413.65,0.8978
406.0,10.55,1.651,412.86,0.8966
406.0,10.63,1.648,412.02,0.8952
406.0,10.71,1.645,411.14,0.8938
406.0,10.79,1.641,410.22,0.8923
406.0,10.87,1.637,409.27,0.8906
406.0,10.95,1.633,408.29,0.8889
406.0,11.03,1.629,407.29,0.8870
406.0,11.11,1.625,406.26,0.8851
406.0,11.19,1.621,405.22,0.8829
406.0,11.28,1.617,404.16,0.8807
406.0,11.36,1.612,403.10,0.8782
406.0,11.44,1.608,402.04,0.8757
406.0,11.52,1.604,400.97,0.8729
406.0,11.60,1.600,399.91,0.8700
406.0,11.68,1.595,398.87,0.8668
406.0,11.76,1.591,397.83,0.8635
406.0,11.84,1.587,396.86,0.8599
406.0,11.92,1.584,396.00,0.8561
406.0,12.00,1.580,395.07,0.8526
411.4,0.00,1.906,476.47,
411.4,0.08,1.909,477.27,
411.4,0.16,1.912,478.06,
411.4,0.24,1.915,478.83,
411.4,0.32,1.918,479.54,
411.4,0.40,1.921,480.16,
411.4,0.48,1.923,480.71,
411.4,0.56,1.925,481.18,
411.4,0.64,1.926,481.59,
411.4,0.72,1.928,481.92,
411.4,0.81,1.929,482.19,
411.4,0.89,1.930,482.40,
411.4,0.97,1.930,482.55,
411.4,1.05,1.931,482.64,
411.4,1.13,1.931,482.68,
411.4,1.21,1.931,482.67,
411.4,1.29,1.930,482.62,
411.4,1.37,1.930,482.52,
411.4,1.45,1.930,482.39,
411.4,1.53,1.929,482.22,
411.4,1.61,1.928,482.04,
411.4,1.69,1.928,481.90,
411.4,1.77,1.927,481.85,
411.4,1.85,1.927,481.81,
411.4,1.93,1.927,481.70,
411.4,2.01,1.926,481.39,0.9911
411.4,2.09,1.924,480.91,0.9909
411.4,2.17,1.921,480.30,0.9901
411.4,2.26,1.918,479.58,0.9888
411.4,2.34,1.915,478.80,0.9873
411.4,2.42,1.912,477.97,0.9857
411.4,2.50,1.908,477.11,0.9839
411.4,2.58,1.905,476.22,0.9820
411.4,2.66,1.901,475.31,0.9801
411.4,2.74,1.898,474.38,0.9780
411.4,2.82,1.894,473.44,0.9760
411.4,2.90,1.890,472.49,0.9739
411.4,2.98,1.886,471.54,0.9718
411.4,3.06,1.882,470.60,0.9697
411.4,3.14,1.879,469.68,0.9676
411.4,3.22,1.875,468.77,0.9656
411.4,3.30,1.872,467.89,0.9636
411.4,3.38,1.868,467.04,0.9617
411.4,3.46,1.865,466.23,0.9600
411.4,3.54,1.862,465.47,0.9583
411.4,3.62,1.859,464.72,0.9567
411.4,3.70,1.856,463.96,0.9550
411.4,3.79,1.853,463.18,0.9531
411.4,3.87,1.850,462.61,0.9516
411.4,3.95,1.849,462.29,0.9510
411.4,4.03,1.848,462.11,0.9509
411.4,4.11,1.848,461.88,0.9506
411.4,4.19,1.846,461.56,0.9501
411.4,4.27,1.845,461.17,0.9494
411.4,4.35,1.843,460.79,0.9487
411.4,4.43,1.842,460.43,0.9481
411.4,4.51,1.840,460.08,0.9474
411.4,4.59,1.839,459.74,0.9468
411.4,4.67,1.838,459.41,0.9462
411.4,4.75,1.836,459.08,0.9456
411.4,4.83,1.835,458.76,0.9450
411.4,4.91,1.834,458.44,0.9444
411.4,4.99,1.832,458.11,0.9437
411.4,5.07,1.831,457.78,0.9430
411.4,5.15,1.830,457.45,0.9423
411.4,5.23,1.828,457.10,0.9416
411.4,5.32,1.827,456.74,0.9408
411.4,5.40,1.825,456.37,0.9399
411.4,5.48,1.824,455.98,0.9390
411.4,5.56,1.822,455.56,0.9380
411.4,5.64,1.820,455.06,0.9367
411.4,5.72,1.818,454.42,0.9350
411.4,5.80,1.815,453.63,0.9329
411.4,5.88,1.812,452.91,0.9312
411.4,5.96,1.809,452.33,0.9302
411.4,6.04,1.808,451.88,0.9297
411.4,6.12,1.806,451.42,0.9289
411.4,6.20,1.804,450.93,0.9280
411.4,6.28,1.802,450.43,0.9269
411.4,6.36,1.800,449.94,0.9258
411.4,6.44,1.798,449.47,0.9248
411.4,6.52,1.796,449.01,0.9239
411.4,6.60,1.794,448.56,0.9229
411.4,6.68,1.792,448.12,0.9221
411.4,6.77,1.791,447.68,0.9212
411.4,6.85,1.789,447.24,0.9204
411.4,6.93,1.787,446.80,0.9196
411.4,7.01,1.785,446.35,0.9188
411.4,7.09,1.784,445.90,0.9181
411.4,7.17,1.782,445.43,0.9174
411.4,7.25,1.780,444.94,0.9166
411.4,7.33,1.778,444.44,0.9159
411.4,7.41,1.776,443.92,0.9153
411.4,7.49,1.774,443.38,0.9146
411.4,7.57,1.771,442.80,0.9139
411.4,7.65,1.769,442.15,0.9130
411.4,7.73,1.766,441.40,0.9117
411.4,7.81,1.762,440.51,0.9102
411.4,7.89,1.758,439.40,0.9087
411.4,7.97,1.753,438.30,0.9077
411.4,8.05,1.750,437.42,0.9072
411.4,8.13,1.747,436.72,0.9067
411.4,8.21,1.745,436.19,0.9062
411.4,8.30,1.743,435.77,0.9056
411.4,8.38,1.742,435.39,0.9051
411.4,8.46,1.740,435.05,0.9046
411.4,8.54,1.739,434.73,0.9041
411.4,8.62,1.738,434.45,0.9037
411.4,8.70,1.737,434.18,0.9032
411.4,8.78,1.736,433.94,0.9027
411.4,8.86,1.735,433.70,0.9022
411.4,8.94,1.734,433.48,0.9017
411.4,9.02,1.733,433.26,0.9012
411.4,9.10,1.732,433.04,0.9006
411.4,9.18,1.731,432.81,0.9001
411.4,9.26,1.730,432.58,0.8994
411.4,9.34,1.729,432.32,0.8988
411.4,9.42,1.728,432.05,0.8981
411.4,9.50,1.727,431.76,0.8973
411.4,9.58,1.726,431.45,0.8964
411.4,9.66,1.725,431.17,0.8954
411.4,9.74,1.724,430.94,0.8942
411.4,9.83,1.723,430.73,0.8929
411.4,9.91,1.722,430.42,0.8920
411.4,9.99,1.720,429.94,0.8912
411.4,10.07,1.717,429.32,0.8906
411.4,10.15,1.715,428.71,0.8898
411.4,10.23,1.712,428.10,0.8888
411.4,10.31,1.710,427.46,0.8878
411.4,10.39,1.707,426.76,0.8867
411.4,10.47,1.704,426.01,0.8855
411.4,10.55,1.701,425.21,0.8843
411.4,10.63,1.697,424.37,0.8830
411.4,10.71,1.694,423.49,0.8816
411.4,10.79,1.690,422.58,0.8800
411.4,10.87,1.687,421.63,0.8784
411.4,10.95,1.683,420.66,0.8767
411.4,11.03,1.679,419.66,0.8748
411.4,11.11,1.675,418.65,0.8728
411.4,11.19,1.671,417.63,0.8707
411.4,11.28,1.666,416.59,0.8684
411.4,11.36,1.662,415.56,0.8659
411.4,11.44,1.658,414.52,0.8633
411.4,11.52,1.654,413.48,0.8605
411.4,11.60,1.650,412.47,0.8575
411.4,11.68,1.646,411.55,0.8542
411.4,11.76,1.643,410.75,0.8505
411.4,11.84,1.640,410.03,0.8468
411.4,11.92,1.637,409.27,0.8435
411.4,12.00,1.633,408.32,0.8406
416.8,0.00,1.980,495.02,
416.8,0.08,1.983,495.74,
416.8,0.16,1.986,496.45,
416.8,0.24,1.989,497.15,
416.8,0.32,1.991,497.82,
416.8,0.40,1.994,498.44,
416.8,0.48,1.996,498.98,
416.8,0.56,1.998,499.46,
416.8,0.64,1.999,499.86,
416.8,0.72,2.001,500.20,
416.8,0.81,2.002,500.48,
416.8,0.89,2.003,500.69,
416.8,0.97,2.003,500.85,
416.8,1.05,2.004,500.96,
416.8,1.13,2.004,501.02,
416.8,1.21,2.004,501.03,
416.8,1.29,2.004,500.99,
416.8,1.37,2.004,500.93,
416.8,1.45,2.003,500.87,
416.8,1.53,2.003,500.86,
416.8,1.61,2.004,500.92,
416.8,1.69,2.004,501.04,
416.8,1.77,2.005,501.15,
416.8,1.85,2.005,501.21,
416.8,1.93,2.004,501.09,
416.8,2.01,2.003,500.76,0.9853
416.8,2.09,2.001,500.26,0.9853
416.8,2.17,1.999,499.63,0.9847
416.8,2.26,1.996,498.89,0.9837
416.8,2.34,1.992,498.06,0.9822
416.8,2.42,1.989,497.16,0.9804
416.8,2.50,1.985,496.23,0.9786
416.8,2.58,1.981,495.28,0.9766
416.8,2.66,1.977,494.31,0.9746
416.8,2.74,1.973,493.32,0.9726
416.8,2.82,1.969,492.33,0.9705
416.8,2.90,1.965,491.34,0.9683
416.8,2.98,1.961,490.35,0.9662
416.8,3.06,1.957,489.37,0.9641
416.8,3.14,1.954,488.42,0.9621
416.8,3.22,1.950,487.48,0.9601
416.8,3.30,1.946,486.57,0.9582
416.8,3.38,1.943,485.70,0.9564
416.8,3.46,1.939,484.81,0.9544
416.8,3.54,1.936,483.90,0.9523
416.8,3.62,1.932,482.97,0.9501
416.8,3.70,1.928,482.04,0.9478
416.8,3.79,1.926,481.39,0.9461
416.8,3.87,1.924,481.02,0.9452
416.8,3.95,1.923,480.81,0.9449
416.8,4.03,1.923,480.72,0.9451
416.8,4.11,1.922,480.58,0.9452
416.8,4.19,1.921,480.34,0.9450
416.8,4.27,1.920,480.01,0.9446
416.8,4.35,1.919,479.63,0.9439
416.8,4.43,1.917,479.23,0.9432
416.8,4.51,1.915,478.85,0.9425
416.8,4.59,1.914,478.47,0.9418
416.8,4.67,1.912,478.10,0.9411
416.8,4.75,1.911,477.73,0.9405
416.8,4.83,1.909,477.37,0.9398
416.8,4.91,1.908,477.00,0.9391
416.8,4.99,1.907,476.63,0.9383
416.8,5.07,1.905,476.25,0.9376
416.8,5.15,1.903,475.87,0.9368
416.8,5.23,1.902,475.47,0.9359
416.8,5.32,1.900,475.06,0.9350
416.8,5.40,1.898,474.61,0.9340
416.8,5.48,1.896,474.05,0.9326
416.8,5.56,1.893,473.36,0.9309
416.8,5.64,1.890,472.51,0.9286
416.8,5.72,1.886,471.56,0.9262
416.8,5.80,1.883,470.72,0.9243
416.8,5.88,1.880,469.99,0.9230
416.8,5.96,1.878,469.41,0.9223
416.8,6.04,1.876,468.95,0.9221
416.8,6.12,1.874,468.48,0.9217
416.8,6.20,1.872,467.97,0.9210
416.8,6.28,1.870,467.44,0.9201
416.8,6.36,1.868,466.88,0.9191
416.8,6.44,1.865,466.34,0.9180
416.8,6.52,1.863,465.80,0.9170
416.8,6.60,1.861,465.27,0.9161
416.8,6.68,1.859,464.75,0.9152
416.8,6.77,1.857,464.22,0.9143
416.8,6.85,1.855,463.70,0.9134
416.8,6.93,1.853,463.17,0.9126
416.8,7.01,1.851,462.63,0.9118
416.8,7.09,1.848,462.08,0.9110
416.8,7.17,1.846,461.52,0.9103
416.8,7.25,1.844,460.94,0.9095
416.8,7.33,1.841,460.34,0.9088
416.8,7.41,1.839,459.69,0.9079
416.8,7.49,1.836,458.97,0.9068
416.8,7.57,1.833,458.16,0.9055
416.8,7.65,1.829,457.23,0.9037
416.8,7.73,1.825,456.13,0.9017
416.8,7.81,1.819,454.80,0.8999
416.8,7.89,1.813,453.37,0.8983
416.8,7.97,1.808,452.12,0.8973
416.8,8.05,1.804,451.09,0.8969
416.8,8.13,1.801,450.25,0.8964
416.8,8.21,1.798,449.58,0.8959
416.8,8.30,1.796,449.05,0.8954
416.8,8.38,1.794,448.62,0.8948
416.8,8.46,1.793,448.24,0.8943
416.8,8.54,1.792,447.89,0.8937
416.8,8.62,1.790,447.56,0.8932
416.8,8.70,1.789,447.25,0.8926
416.8,8.78,1.788,446.95,0.8921
416.8,8.86,1.787,446.67,0.8915
416.8,8.94,1.786,446.39,0.8909
416.8,9.02,1.784,446.11,0.8903
416.8,9.10,1.783,445.82,0.8897
416.8,9.18,1.782,445.53,0.8890
416.8,9.26,1.781,445.23,0.8883
416.8,9.34,1.780,444.91,0.8875
416.8,9.42,1.778,444.60,0.8867
416.8,9.50,1.777,444.33,0.8856
416.8,9.58,1.776,444.12,0.8844
416.8,9.66,1.776,443.96,0.8830
416.8,9.74,1.775,443.79,0.8817
416.8,9.83,1.774,443.52,0.8807
416.8,9.91,1.773,443.14,0.8799
416.8,9.99,1.770,442.56,0.8794
416.8,10.07,1.767,441.85,0.8789
416.8,10.15,1.765,441.15,0.8782
416.8,10.23,1.762,440.46,0.8774
416.8,10.31,1.759,439.76,0.8765
416.8,10.39,1.756,439.05,0.8754
416.8,10.47,1.753,438.29,0.8743
416.8,10.55,1.750,437.49,0.8731
416.8,10.63,1.747,436.65,0.8718
416.8,10.71,1.743,435.77,0.8704
416.8,10.79,1.739,434.86,0.8688
416.8,10.87,1.736,433.92,0.8672
416.8,10.95,1.732,432.96,0.8655
416.8,11.03,1.728,431.98,0.8636
416.8,11.11,1.724,430.98,0.8616
416.8,11.19,1.720,429.98,0.8594
416.8,11.28,1.716,428.97,0.8571
416.8,11.36,1.712,427.96,0.8546
416.8,11.44,1.708,427.00,0.8519
416.8,11.52,1.704,426.12,0.8488
416.8,11.60,1.701,425.35,0.8455
416.8,11.68,1.699,424.71,0.8417
416.8,11.76,1.696,424.10,0.8382
416.8,11.84,1.694,423.47,0.8352
416.8,11.92,1.691,422.71,0.8325
416.8,12.00,1.687,421.74,0.8301
422.1,0.00,2.056,513.99,
422.1,0.08,2.059,514.63,
422.1,0.16,2.061,515.27,
422.1,0.24,2.064,515.91,
422.1,0.32,2.066,516.52,
422.1,0.40,2.068,517.11,
422.1,0.48,2.071,517.65,
422.1,0.56,2.072,518.12,
422.1,0.64,2.074,518.53,
422.1,0.72,2.076,518.88,
422.1,0.81,2.077,519.16,
422.1,0.89,2.078,519.39,
422.1,0.97,2.078,519.56,
422.1,1.05,2.079,519.68,
422.1,1.13,2.079,519.76,
422.1,1.21,2.079,519.81,
422.1,1.29,2.080,519.88,
422.1,1.37,2.080,519.98,
422.1,1.45,2.081,520.14,
422.1,1.53,2.081,520.37,
422.1,1.61,2.083,520.66,
422.1,1.69,2.084,520.89,
422.1,1.77,2.084,521.07,
422.1,1.85,2.084,521.12,
422.1,1.93,2.084,520.95,
422.1,2.01,2.082,520.59,0.9808
422.1,2.09,2.080,520.05,0.9810
422.1,2.17,2.078,519.39,0.9806
422.1,2.26,2.074,518.61,0.9797
422.1,2.34,2.071,517.74,0.9783
422.1,2.42,2.067,516.79,0.9766
422.1,2.50,2.063,515.79,0.9747
422.1,2.58,2.059,514.77,0.9727
422.1,2.66,2.055,513.73,0.9706
422.1,2.74,2.051,512.68,0.9685
422.1,2.82,2.047,511.63,0.9664
422.1,2.90,2.042,510.59,0.9642
422.1,2.98,2.038,509.55,0.9621
422.1,3.06,2.034,508.53,0.9600
422.1,3.14,2.030,507.52,0.9580
422.1,3.22,2.026,506.52,0.9559
422.1,3.30,2.022,505.51,0.9537
422.1,3.38,2.018,504.47,0.9514
422.1,3.46,2.014,503.40,0.9489
422.1,3.54,2.009,502.29,0.9462
422.1,3.62,2.005,501.26,0.9436
422.1,3.70,2.002,500.53,0.9417
422.1,3.79,2.000,500.07,0.9406
422.1,3.87,1.999,499.81,0.9401
422.1,3.95,1.999,499.68,0.9400
422.1,4.03,1.999,499.67,0.9405
422.1,4.11,1.998,499.59,0.9409
422.1,4.19,1.998,499.41,0.9409
422.1,4.27,1.997,499.14,0.9407
422.1,4.35,1.995,498.80,0.9402
422.1,4.43,1.994,498.40,0.9395
422.1,4.51,1.992,497.98,0.9388
422.1,4.59,1.990,497.57,0.9380
422.1,4.67,1.989,497.16,0.9373
422.1,4.75,1.987,496.75,0.9366
422.1,4.83,1.985,496.35,0.9358
422.1,4.91,1.984,495.94,0.9350
422.1,4.99,1.982,495.52,0.9342
422.1,5.07,1.980,495.10,0.9334
422.1,5.15,1.979,494.66,0.9325
422.1,5.23,1.977,494.15,0.9313
422.1,5.32,1.974,493.55,0.9299
422.1,5.40,1.971,492.83,0.9282
422.1,5.48,1.968,491.96,0.9259
422.1,5.56,1.964,490.92,0.9232
422.1,5.64,1.959,489.85,0.9206
422.1,5.72,1.956,488.90,0.9185
422.1,5.80,1.952,488.06,0.9170
422.1,5.88,1.949,487.33,0.9161
422.1,5.96,1.947,486.74,0.9157
422.1,6.04,1.945,486.26,0.9157
422.1,6.12,1.943,485.77,0.9155
422.1,6.20,1.941,485.23,0.9151
422.1,6.28,1.939,484.66,0.9144
422.1,6.36,1.936,484.07,0.9135
422.1,6.44,1.934,483.46,0.9125
422.1,6.52,1.931,482.84,0.9115
422.1,6.60,1.929,482.23,0.9105
422.1,6.68,1.927,481.63,0.9096
422.1,6.77,1.924,481.02,0.9087
422.1,6.85,1.922,480.40,0.9078
422.1,6.93,1.919,479.78,0.9069
422.1,7.01,1.917,479.16,0.9061
422.1,7.09,1.914,478.51,0.9053
422.1,7.17,1.911,477.85,0.9044
422.1,7.25,1.909,477.13,0.9034
422.1,7.33,1.905,476.35,0.9022
422.1,7.41,1.902,475.47,0.9007
422.1,7.49,1.898,474.50,0.8989
422.1,7.57,1.894,473.40,0.8967
422.1,7.65,1.888,472.10,0.8944
422.1,7.73,1.882,470.56,0.8922
422.1,7.81,1.875,468.87,0.8901
422.1,7.89,1.869,467.28,0.8886
422.1,7.97,1.864,465.89,0.8876
422.1,8.05,1.859,464.72,0.8872
422.1,8.13,1.855,463.75,0.8868
422.1,8.21,1.852,462.95,0.8863
422.1,8.30,1.849,462.30,0.8858
422.1,8.38,1.847,461.77,0.8852
422.1,8.46,1.845,461.33,0.8846
422.1,8.54,1.844,460.93,0.8840
422.1,8.62,1.842,460.56,0.8834
422.1,8.70,1.841,460.20,0.8828
422.1,8.78,1.839,459.85,0.8822
422.1,8.86,1.838,459.51,0.8815
422.1,8.94,1.837,459.17,0.8809
422.1,9.02,1.835,458.83,0.8802
422.1,9.10,1.834,458.48,0.8794
422.1,9.18,1.833,458.14,0.8786
422.1,9.26,1.831,457.82,0.8777
422.1,9.34,1.830,457.54,0.8767
422.1,9.42,1.829,457.32,0.8755
422.1,9.50,1.829,457.15,0.8741
422.1,9.58,1.828,457.05,0.8725
422.1,9.66,1.828,456.89,0.8712
422.1,9.74,1.827,456.65,0.8701
422.1,9.83,1.825,456.32,0.8694
422.1,9.91,1.823,455.85,0.8688
422.1,9.99,1.821,455.18,0.8684
422.1,10.07,1.818,454.40,0.8680
422.1,10.15,1.814,453.62,0.8675
422.1,10.23,1.811,452.86,0.8668
422.1,10.31,1.808,452.11,0.8660
422.1,10.39,1.805,451.35,0.8650
422.1,10.47,1.802,450.58,0.8639
422.1,10.55,1.799,449.78,0.8627
422.1,10.63,1.796,448.94,0.8614
422.1,10.71,1.792,448.06,0.8600
422.1,10.79,1.789,447.16,0.8585
422.1,10.87,1.785,446.23,0.8569
422.1,10.95,1.781,445.28,0.8552
422.1,11.03,1.777,444.31,0.8533
422.1,11.11,1.773,443.34,0.8512
422.1,11.19,1.769,442.37,0.8490
422.1,11.28,1.766,441.46,0.8466
422.1,11.36,1.762,440.62,0.8438
422.1,11.44,1.759,439.87,0.8408
422.1,11.52,1.757,439.25,0.8374
422.1,11.60,1.755,438.75,0.8337
422.1,11.68,1.753,438.24,0.8304
422.1,11.76,1.751,437.71,0.8276
422.1,11.84,1.748,437.11,0.8251
422.1,11.92,1.745,436.33,0.8229
422.1,12.00,1.741,435.34,0.8210
427.5,0.00,2.134,533.39,
427.5,0.08,2.136,533.98,
427.5,0.16,2.138,534.57,
427.5,0.24,2.141,535.16,
427.5,0.32,2.143,535.73,
427.5,0.40,2.145,536.28,
427.5,0.48,2.147,536.79,
427.5,0.56,2.149,537.27,
427.5,0.64,2.151,537.68,
427.5,0.72,2.152,538.03,
427.5,0.81,2.153,538.33,
427.5,0.89,2.154,538.57,
427.5,0.97,2.155,538.76,
427.5,1.05,2.156,538.94,
427.5,1.13,2.156,539.12,
427.5,1.21,2.157,539.32,
427.5,1.29,2.158,539.57,
427.5,1.37,2.160,539.89,
427.5,1.45,2.161,540.28,
427.5,1.53,2.163,540.70,
427.5,1.61,2.164,541.05,
427.5,1.69,2.165,541.32,
427.5,1.77,2.166,541.49,
427.5,1.85,2.166,541.47,
427.5,1.93,2.165,541.24,
427.5,2.01,2.163,540.82,0.9775
427.5,2.09,2.161,540.23,0.9778
427.5,2.17,2.158,539.51,0.9775
427.5,2.26,2.155,538.67,0.9767
427.5,2.34,2.151,537.75,0.9754
427.5,2.42,2.147,536.74,0.9738
427.5,2.50,2.143,535.69,0.9719
427.5,2.58,2.138,534.59,0.9698
427.5,2.66,2.134,533.48,0.9677
427.5,2.74,2.129,532.36,0.9655
427.5,2.82,2.125,531.25,0.9633
427.5,2.90,2.121,530.14,0.9612
427.5,2.98,2.116,529.03,0.9590
427.5,3.06,2.112,527.92,0.9567
427.5,3.14,2.107,526.79,0.9544
427.5,3.22,2.103,525.63,0.9519
427.5,3.30,2.098,524.43,0.9492
427.5,3.38,2.093,523.20,0.9463
427.5,3.46,2.088,521.91,0.9431
427.5,3.54,2.083,520.81,0.9404
427.5,3.62,2.080,520.00,0.9384
427.5,3.70,2.078,519.45,0.9370
427.5,3.79,2.076,519.12,0.9363
427.5,3.87,2.076,518.92,0.9360
427.5,3.95,2.075,518.85,0.9362
427.5,4.03,2.076,518.90,0.9369
427.5,4.11,2.075,518.87,0.9375
427.5,4.19,2.075,518.73,0.9377
427.5,4.27,2.074,518.50,0.9376
427.5,4.35,2.073,518.18,0.9372
427.5,4.43,2.071,517.80,0.9367
427.5,4.51,2.070,517.38,0.9360
427.5,4.59,2.068,516.93,0.9352
427.5,4.67,2.066,516.48,0.9344
427.5,4.75,2.064,516.04,0.9336
427.5,4.83,2.062,515.59,0.9328
427.5,4.91,2.061,515.13,0.9319
427.5,4.99,2.059,514.65,0.9309
427.5,5.07,2.056,514.11,0.9298
427.5,5.15,2.054,513.48,0.9284
427.5,5.23,2.051,512.74,0.9266
427.5,5.32,2.047,511.86,0.9245
427.5,5.40,2.043,510.83,0.9219
427.5,5.48,2.039,509.63,0.9187
427.5,5.56,2.034,508.48,0.9160
427.5,5.64,2.030,507.44,0.9138
427.5,5.72,2.026,506.50,0.9122
427.5,5.80,2.023,505.65,0.9110
427.5,5.88,2.020,504.91,0.9103
427.5,5.96,2.017,504.29,0.9101
427.5,6.04,2.015,503.78,0.9104
427.5,6.12,2.013,503.26,0.9104
427.5,6.20,2.011,502.68,0.9101
427.5,6.28,2.008,502.07,0.9096
427.5,6.36,2.006,501.43,0.9088
427.5,6.44,2.003,500.77,0.9080
427.5,6.52,2.000,500.08,0.9070
427.5,6.60,1.998,499.39,0.9060
427.5,6.68,1.995,498.70,0.9050
427.5,6.77,1.992,498.01,0.9040
427.5,6.85,1.989,497.31,0.9031
427.5,6.93,1.986,496.60,0.9022
427.5,7.01,1.983,495.86,0.9013
427.5,7.09,1.980,495.08,0.9002
427.5,7.17,1.977,494.23,0.8989
427.5,7.25,1.973,493.31,0.8973
427.5,7.33,1.969,492.29,0.8955
427.5,7.41,1.965,491.16,0.8932
427.5,7.49,1.960,489.89,0.8906
427.5,7.57,1.954,488.38,0.8880
427.5,7.65,1.947,486.66,0.8855
427.5,7.73,1.939,484.76,0.8831
427.5,7.81,1.932,482.88,0.8811
427.5,7.89,1.925,481.17,0.8795
427.5,7.97,1.919,479.65,0.8786
427.5,8.05,1.913,478.35,0.8782
427.5,8.13,1.909,477.26,0.8778
427.5,8.21,1.905,476.35,0.8773
427.5,8.30,1.902,475.59,0.8768
427.5,8.38,1.900,474.96,0.8762
427.5,8.46,1.898,474.42,0.8756
427.5,8.54,1.896,473.96,0.8749
427.5,8.62,1.894,473.54,0.8742
427.5,8.70,1.893,473.13,0.8735
427.5,8.78,1.891,472.72,0.8728
427.5,8.86,1.889,472.32,0.8721
427.5,8.94,1.888,471.93,0.8714
427.5,9.02,1.886,471.55,0.8705
427.5,9.10,1.885,471.20,0.8696
427.5,9.18,1.884,470.89,0.8686
427.5,9.26,1.883,470.63,0.8674
427.5,9.34,1.882,470.43,0.8660
427.5,9.42,1.881,470.30,0.8644
427.5,9.50,1.881,470.22,0.8627
427.5,9.58,1.880,470.06,0.8614
427.5,9.66,1.879,469.83,0.8603
427.5,9.74,1.878,469.54,0.8595
427.5,9.83,1.877,469.14,0.8589
427.5,9.91,1.874,468.59,0.8585
427.5,9.99,1.871,467.86,0.8582
427.5,10.07,1.868,467.01,0.8580
427.5,10.15,1.865,466.18,0.8575
427.5,10.23,1.861,465.37,0.8570
427.5,10.31,1.858,464.57,0.8562
427.5,10.39,1.855,463.77,0.8553
427.5,10.47,1.852,462.97,0.8543
427.5,10.55,1.849,462.16,0.8532
427.5,10.63,1.845,461.32,0.8519
427.5,10.71,1.842,460.45,0.8505
427.5,10.79,1.838,459.55,0.8490
427.5,10.87,1.835,458.63,0.8474
427.5,10.95,1.831,457.70,0.8456
427.5,11.03,1.827,456.79,0.8437
427.5,11.11,1.824,455.91,0.8415
427.5,11.19,1.820,455.10,0.8390
427.5,11.28,1.818,454.38,0.8363
427.5,11.36,1.815,453.76,0.8333
427.5,11.44,1.813,453.27,0.8298
427.5,11.52,1.812,452.88,0.8263
427.5,11.60,1.810,452.46,0.8233
427.5,11.68,1.808,452.03,0.8206
427.5,11.76,1.806,451.55,0.8183
427.5,11.84,1.804,450.93,0.8163
427.5,11.92,1.801,450.13,0.8145
427.5,12.00,1.796,449.12,0.8131
432.9,0.00,2.213,553.27,
432.9,0.08,2.215,553.82,
432.9,0.16,2.217,554.37,
432.9,0.24,2.220,554.93,
432.9,0.32,2.222,555.48,
432.9,0.40,2.224,556.01,
432.9,0.48,2.226,556.51,
432.9,0.56,2.228,556.97,
432.9,0.64,2.230,557.39,
432.9,0.72,2.231,557.75,
432.9,0.81,2.232,558.06,
432.9,0.89,2.233,558.35,
432.9,0.97,2.235,558.64,
432.9,1.05,2.236,558.94,
432.9,1.13,2.237,559.27,
432.9,1.21,2.239,559.66,
432.9,1.29,2.240,560.12,
432.9,1.37,2.243,560.68,
432.9,1.45,2.245,561.19,
432.9,1.53,2.247,561.63,
432.9,1.61,2.248,561.99,
432.9,1.69,2.249,562.24,
432.9,1.77,2.249,562.33,
432.9,1.85,2.249,562.22,
432.9,1.93,2.248,561.91,
432.9,2.01,2.246,561.40,0.9752
432.9,2.09,2.243,560.74,0.9756
432.9,2.17,2.240,559.94,0.9753
432.9,2.26,2.236,559.03,0.9745
432.9,2.34,2.232,558.03,0.9733
432.9,2.42,2.228,556.96,0.9716
432.9,2.50,2.223,555.83,0.9697
432.9,2.58,2.219,554.66,0.9676
432.9,2.66,2.214,553.47,0.9654
432.9,2.74,2.209,552.27,0.9632
432.9,2.82,2.204,551.07,0.9609
432.9,2.90,2.199,549.86,0.9586
432.9,2.98,2.194,548.62,0.9561
432.9,3.06,2.189,547.36,0.9535
432.9,3.14,2.184,546.05,0.9507
432.9,3.22,2.179,544.70,0.9477
432.9,3.30,2.173,543.29,0.9444
432.9,3.38,2.167,541.87,0.9409
432.9,3.46,2.163,540.70,0.9381
432.9,3.54,2.159,539.80,0.9360
432.9,3.62,2.157,539.16,0.9344
432.9,3.70,2.155,538.74,0.9335
432.9,3.79,2.154,538.46,0.9329
432.9,3.87,2.153,538.30,0.9328
432.9,3.95,2.153,538.27,0.9333
432.9,4.03,2.153,538.36,0.9342
432.9,4.11,2.153,538.36,0.9348
432.9,4.19,2.153,538.25,0.9352
432.9,4.27,2.152,538.02,0.9352
432.9,4.35,2.151,537.72,0.9349
432.9,4.43,2.149,537.34,0.9344
432.9,4.51,2.148,536.90,0.9337
432.9,4.59,2.146,536.44,0.9329
432.9,4.67,2.144,535.95,0.9321
432.9,4.75,2.142,535.46,0.9312
432.9,4.83,2.140,534.95,0.9302
432.9,4.91,2.138,534.38,0.9291
432.9,4.99,2.135,533.75,0.9277
432.9,5.07,2.132,533.01,0.9261
432.9,5.15,2.129,532.14,0.9240
432.9,5.23,2.125,531.13,0.9215
432.9,5.32,2.120,529.94,0.9185
432.9,5.40,2.114,528.62,0.9152
432.9,5.48,2.110,527.41,0.9124
432.9,5.56,2.105,526.30,0.9101
432.9,5.64,2.101,525.28,0.9084
432.9,5.72,2.097,524.32,0.9071
432.9,5.80,2.094,523.46,0.9061
432.9,5.88,2.091,522.69,0.9056
432.9,5.96,2.088,522.04,0.9056
432.9,6.04,2.086,521.49,0.9060
432.9,6.12,2.084,520.92,0.9061
432.9,6.20,2.081,520.29,0.9059
432.9,6.28,2.079,519.63,0.9055
432.9,6.36,2.076,518.93,0.9048
432.9,6.44,2.073,518.20,0.9040
432.9,6.52,2.070,517.45,0.9031
432.9,6.60,2.067,516.68,0.9021
432.9,6.68,2.064,515.91,0.9011
432.9,6.77,2.061,515.13,0.9001
432.9,6.85,2.057,514.32,0.8990
432.9,6.93,2.054,513.48,0.8979
432.9,7.01,2.050,512.58,0.8966
432.9,7.09,2.046,511.61,0.8950
432.9,7.17,2.042,510.56,0.8932
432.9,7.25,2.038,509.40,0.8910
432.9,7.33,2.032,508.12,0.8883
432.9,7.41,2.027,506.67,0.8854
432.9,7.49,2.020,504.98,0.8826
432.9,7.57,2.012,503.08,0.8798
432.9,7.65,2.004,501.02,0.8772
432.9,7.73,1.996,498.89,0.8747
432.9,7.81,1.988,496.89,0.8726
432.9,7.89,1.980,495.06,0.8711
432.9,7.97,1.974,493.43,0.8702
432.9,8.05,1.968,492.02,0.8698
432.9,8.13,1.963,490.83,0.8694
432.9,8.21,1.959,489.82,0.8689
432.9,8.30,1.956,488.96,0.8683
432.9,8.38,1.953,488.24,0.8677
432.9,8.46,1.951,487.63,0.8670
432.9,8.54,1.948,487.09,0.8663
432.9,8.62,1.946,486.60,0.8655
432.9,8.70,1.945,486.13,0.8648
432.9,8.78,1.943,485.68,0.8640
432.9,8.86,1.941,485.24,0.8631
432.9,8.94,1.939,484.84,0.8622
432.9,9.02,1.938,484.47,0.8612
432.9,9.10,1.937,484.15,0.8600
432.9,9.18,1.936,483.90,0.8587
432.9,9.26,1.935,483.71,0.8571
432.9,9.34,1.934,483.61,0.8554
432.9,9.42,1.934,483.51,0.8537
432.9,9.50,1.933,483.34,0.8523
432.9,9.58,1.932,483.11,0.8512
432.9,9.66,1.931,482.83,0.8504
432.9,9.74,1.930,482.49,0.8498
432.9,9.83,1.928,482.02,0.8493
432.9,9.91,1.926,481.41,0.8490
432.9,9.99,1.923,480.63,0.8488
432.9,10.07,1.919,479.73,0.8487
432.9,10.15,1.915,478.86,0.8483
432.9,10.23,1.912,478.01,0.8478
432.9,10.31,1.909,477.18,0.8472
432.9,10.39,1.905,476.36,0.8464
432.9,10.47,1.902,475.54,0.8454
432.9,10.55,1.899,474.71,0.8443
432.9,10.63,1.895,473.87,0.8430
432.9,10.71,1.892,473.01,0.8416
432.9,10.79,1.889,472.13,0.8401
432.9,10.87,1.885,471.26,0.8384
432.9,10.95,1.882,470.41,0.8366
432.9,11.03,1.878,469.62,0.8344
432.9,11.11,1.876,468.91,0.8320
432.9,11.19,1.873,468.29,0.8293
432.9,11.28,1.871,467.79,0.8263
432.9,11.36,1.870,467.43,0.8229
432.9,11.44,1.868,467.12,0.8196
432.9,11.52,1.867,466.79,0.8168
432.9,11.60,1.866,466.44,0.8143
432.9,11.68,1.864,466.06,0.8122
432.9,11.76,1.862,465.58,0.8104
432.9,11.84,1.860,464.94,0.8087
432.9,11.92,1.856,464.12,0.8074
432.9,12.00,1.852,463.09,0.8063
438.3,0.00,2.295,573.68,
438.3,0.08,2.297,574.19,
438.3,0.16,2.299,574.73,
438.3,0.24,2.301,575.27,
438.3,0.32,2.303,575.80,
438.3,0.40,2.305,576.33,
438.3,0.48,2.307,576.83,
438.3,0.56,2.309,577.30,
438.3,0.64,2.311,577.72,
438.3,0.72,2.312,578.12,
438.3,0.81,2.314,578.50,
438.3,0.89,2.316,578.88,
438.3,0.97,2.317,579.29,
438.3,1.05,2.319,579.75,
438.3,1.13,2.321,580.27,
438.3,1.21,2.324,580.88,
438.3,1.29,2.326,581.55,
438.3,1.37,2.329,582.15,
438.3,1.45,2.331,582.66,
438.3,1.53,2.332,583.08,
438.3,1.61,2.334,583.39,
438.3,1.69,2.334,583.56,
438.3,1.77,2.334,583.53,
438.3,1.85,2.333,583.31,
438.3,1.93,2.332,582.89,
438.3,2.01,2.329,582.29,0.9738
438.3,2.09,2.326,581.53,0.9741
438.3,2.17,2.323,580.64,0.9739
438.3,2.26,2.319,579.64,0.9730
438.3,2.34,2.314,578.54,0.9717
438.3,2.42,2.310,577.38,0.9700
438.3,2.50,2.305,576.15,0.9681
438.3,2.58,2.300,574.89,0.9659
438.3,2.66,2.294,573.61,0.9636
438.3,2.74,2.289,572.31,0.9612
438.3,2.82,2.284,570.98,0.9587
438.3,2.90,2.278,569.62,0.9561
438.3,2.98,2.273,568.22,0.9532
438.3,3.06,2.267,566.77,0.9501
438.3,3.14,2.261,565.25,0.9468
438.3,3.22,2.255,563.67,0.9431
438.3,3.30,2.249,562.15,0.9395
438.3,3.38,2.244,560.91,0.9366
438.3,3.46,2.240,559.93,0.9344
438.3,3.54,2.237,559.18,0.9327
438.3,3.62,2.235,558.66,0.9316
438.3,3.70,2.233,558.29,0.9308
438.3,3.79,2.232,558.04,0.9304
438.3,3.87,2.232,557.90,0.9305
438.3,3.95,2.232,557.89,0.9310
438.3,4.03,2.232,558.00,0.9321
438.3,4.11,2.232,558.02,0.9328
438.3,4.19,2.232,557.90,0.9332
438.3,4.27,2.231,557.68,0.9332
438.3,4.35,2.229,557.36,0.9330
438.3,4.43,2.228,556.96,0.9325
438.3,4.51,2.226,556.50,0.9318
438.3,4.59,2.224,556.00,0.9309
438.3,4.67,2.222,555.47,0.9300
438.3,4.75,2.220,554.90,0.9289
438.3,4.83,2.217,554.26,0.9277
438.3,4.91,2.214,553.54,0.9261
438.3,4.99,2.211,552.70,0.9243
438.3,5.07,2.207,551.72,0.9219
438.3,5.15,2.202,550.58,0.9191
438.3,5.23,2.197,549.25,0.9158
438.3,5.32,2.192,547.88,0.9124
438.3,5.40,2.186,546.61,0.9096
438.3,5.48,2.182,545.45,0.9073
438.3,5.56,2.177,544.35,0.9055
438.3,5.64,2.173,543.32,0.9040
438.3,5.72,2.169,542.34,0.9029
438.3,5.80,2.166,541.45,0.9021
438.3,5.88,2.163,540.64,0.9017
438.3,5.96,2.160,539.95,0.9018
438.3,6.04,2.157,539.35,0.9023
438.3,6.12,2.155,538.72,0.9026
438.3,6.20,2.152,538.04,0.9024
438.3,6.28,2.149,537.31,0.9021
438.3,6.36,2.146,536.54,0.9014
438.3,6.44,2.143,535.74,0.9006
438.3,6.52,2.140,534.91,0.8997
438.3,6.60,2.136,534.06,0.8986
438.3,6.68,2.133,533.19,0.8975
438.3,6.77,2.129,532.29,0.8964
438.3,6.85,2.125,531.35,0.8951
438.3,6.93,2.121,530.34,0.8936
438.3,7.01,2.117,529.26,0.8918
438.3,7.09,2.112,528.08,0.8896
438.3,7.17,2.107,526.79,0.8871
438.3,7.25,2.101,525.36,0.8841
438.3,7.33,2.095,523.73,0.8810
438.3,7.41,2.087,521.87,0.8780
438.3,7.49,2.079,519.81,0.8750
438.3,7.57,2.070,517.60,0.8721
438.3,7.65,2.061,515.28,0.8693
438.3,7.73,2.052,513.03,0.8668
438.3,7.81,2.044,510.93,0.8647
438.3,7.89,2.036,509.00,0.8632
438.3,7.97,2.029,507.27,0.8623
438.3,8.05,2.023,505.77,0.8619
438.3,8.13,2.018,504.48,0.8614
438.3,8.21,2.014,503.38,0.8609
438.3,8.30,2.010,502.45,0.8603
438.3,8.38,2.007,501.66,0.8596
438.3,8.46,2.004,500.97,0.8589
438.3,8.54,2.001,500.37,0.8581
438.3,8.62,1.999,499.83,0.8573
438.3,8.70,1.997,499.31,0.8564
438.3,8.78,1.995,498.82,0.8555
438.3,8.86,1.994,498.38,0.8545
438.3,8.94,1.992,497.98,0.8533
438.3,9.02,1.991,497.65,0.8520
438.3,9.10,1.990,497.38,0.8505
438.3,9.18,1.989,497.20,0.8488
438.3,9.26,1.988,497.09,0.8470
438.3,9.34,1.988,496.96,0.8453
438.3,9.42,1.987,496.76,0.8439
438.3,9.50,1.986,496.52,0.8428
438.3,9.58,1.985,496.24,0.8420
438.3,9.66,1.984,495.92,0.8413
438.3,9.74,1.982,495.52,0.8408
438.3,9.83,1.980,495.01,0.8405
438.3,9.91,1.977,494.35,0.8402
438.3,9.99,1.974,493.53,0.8401
438.3,10.07,1.970,492.59,0.8401
438.3,10.15,1.967,491.70,0.8398
438.3,10.23,1.963,490.83,0.8394
438.3,10.31,1.960,489.98,0.8388
438.3,10.39,1.957,489.15,0.8380
438.3,10.47,1.953,488.33,0.8370
438.3,10.55,1.950,487.50,0.8359
438.3,10.63,1.947,486.67,0.8347
438.3,10.71,1.943,485.83,0.8333
438.3,10.79,1.940,485.02,0.8317
438.3,10.87,1.937,484.24,0.8299
438.3,10.95,1.934,483.53,0.8279
438.3,11.03,1.932,482.90,0.8255
438.3,11.11,1.930,482.38,0.8228
438.3,11.19,1.928,482.00,0.8198
438.3,11.28,1.927,481.74,0.8165
438.3,11.36,1.926,481.50,0.8135
438.3,11.44,1.925,481.24,0.8109
438.3,11.52,1.924,480.96,0.8086
438.3,11.60,1.923,480.66,0.8067
438.3,11.68,1.921,480.29,0.8050
438.3,11.76,1.919,479.79,0.8035
438.3,11.84,1.917,479.14,0.8022
438.3,11.92,1.913,478.30,0.8012
438.3,12.00,1.909,477.27,0.8004
443.6,0.00,2.379,594.64,
443.6,0.08,2.381,595.14,
443.6,0.16,2.383,595.67,
443.6,0.24,2.385,596.21,
443.6,0.32,2.387,596.75,
443.6,0.40,2.389,597.28,
443.6,0.48,2.391,597.79,
443.6,0.56,2.393,598.28,
443.6,0.64,2.395,598.75,
443.6,0.72,2.397,599.21,
443.6,0.81,2.399,599.68,
443.6,0.89,2.401,600.20,
443.6,0.97,2.403,600.77,
443.6,1.05,2.406,601.42,
443.6,1.13,2.409,602.17,
443.6,1.21,2.412,602.93,
443.6,1.29,2.414,603.59,
443.6,1.37,2.417,604.16,
443.6,1.45,2.418,604.61,
443.6,1.53,2.420,604.96,
443.6,1.61,2.421,605.17,
443.6,1.69,2.421,605.20,
443.6,1.77,2.420,605.04,
443.6,1.85,2.419,604.69,
443.6,1.93,2.417,604.15,
443.6,2.01,2.414,603.43,0.9730
443.6,2.09,2.410,602.56,0.9733
443.6,2.17,2.406,601.55,0.9729
443.6,2.26,2.402,600.44,0.9720
443.6,2.34,2.397,599.23,0.9706
443.6,2.42,2.392,597.95,0.9688
443.6,2.50,2.386,596.61,0.9667
443.6,2.58,2.381,595.24,0.9644
443.6,2.66,2.375,593.84,0.9619
443.6,2.74,2.370,592.40,0.9593
443.6,2.82,2.364,590.91,0.9565
443.6,2.90,2.357,589.37,0.9534
443.6,2.98,2.351,587.76,0.9501
443.6,3.06,2.344,586.09,0.9464
443.6,3.14,2.337,584.34,0.9425
443.6,3.22,2.331,582.75,0.9388
443.6,3.30,2.326,581.43,0.9359
443.6,3.38,2.321,580.36,0.9336
443.6,3.46,2.318,579.52,0.9318
443.6,3.54,2.316,578.88,0.9305
443.6,3.62,2.314,578.41,0.9295
443.6,3.70,2.312,578.05,0.9289
443.6,3.79,2.311,577.80,0.9286
443.6,3.87,2.311,577.67,0.9288
443.6,3.95,2.311,577.67,0.9294
443.6,4.03,2.311,577.77,0.9305
443.6,4.11,2.311,577.78,0.9313
443.6,4.19,2.311,577.65,0.9317
443.6,4.27,2.310,577.40,0.9317
443.6,4.35,2.308,577.05,0.9314
443.6,4.43,2.306,576.62,0.9308
443.6,4.51,2.304,576.11,0.9301
443.6,4.59,2.302,575.55,0.9291
443.6,4.67,2.300,574.94,0.9280
443.6,4.75,2.297,574.25,0.9266
443.6,4.83,2.294,573.45,0.9249
443.6,4.91,2.290,572.53,0.9229
443.6,4.99,2.286,571.45,0.9203
443.6,5.07,2.281,570.19,0.9173
443.6,5.15,2.275,568.75,0.9136
443.6,5.23,2.269,567.35,0.9103
443.6,5.32,2.264,566.05,0.9076
443.6,5.40,2.259,564.84,0.9053
443.6,5.48,2.255,563.69,0.9034
443.6,5.56,2.250,562.59,0.9018
443.6,5.64,2.246,561.53,0.9006
443.6,5.72,2.242,560.53,0.8996
443.6,5.80,2.238,559.60,0.8989
443.6,5.88,2.235,558.75,0.8986
443.6,5.96,2.232,558.00,0.8988
443.6,6.04,2.229,557.34,0.8993
443.6,6.12,2.227,556.64,0.8996
443.6,6.20,2.224,555.89,0.8995
443.6,6.28,2.220,555.08,0.8991
443.6,6.36,2.217,554.24,0.8984
443.6,6.44,2.213,553.35,0.8975
443.6,6.52,2.210,552.43,0.8965
443.6,6.60,2.206,551.48,0.8954
443.6,6.68,2.202,550.50,0.8941
443.6,6.77,2.198,549.46,0.8927
443.6,6.85,2.193,548.35,0.8910
443.6,6.93,2.189,547.16,0.8890
443.6,7.01,2.183,545.85,0.8867
443.6,7.09,2.178,544.43,0.8838
443.6,7.17,2.171,542.86,0.8806
443.6,7.25,2.164,541.06,0.8773
443.6,7.33,2.156,539.04,0.8741
443.6,7.41,2.147,536.84,0.8710
443.6,7.49,2.138,534.48,0.8679
443.6,7.57,2.128,532.02,0.8648
443.6,7.65,2.118,529.57,0.8620
443.6,7.73,2.109,527.23,0.8595
443.6,7.81,2.100,525.04,0.8574
443.6,7.89,2.092,523.02,0.8559
443.6,7.97,2.085,521.21,0.8549
443.6,8.05,2.078,519.62,0.8545
443.6,8.13,2.073,518.26,0.8540
443.6,8.21,2.068,517.09,0.8534
443.6,8.30,2.064,516.10,0.8527
443.6,8.38,2.061,515.24,0.8519
443.6,8.46,2.058,514.50,0.8511
443.6,8.54,2.055,513.85,0.8503
443.6,8.62,2.053,513.26,0.8493
443.6,8.70,2.051,512.71,0.8483
443.6,8.78,2.049,512.21,0.8472
443.6,8.86,2.047,511.77,0.8460
443.6,8.94,2.046,511.40,0.8446
443.6,9.02,2.044,511.11,0.8430
443.6,9.10,2.044,510.92,0.8411
443.6,9.18,2.043,510.78,0.8392
443.6,9.26,2.042,510.60,0.8375
443.6,9.34,2.041,510.36,0.8362
443.6,9.42,2.040,510.09,0.8351
443.6,9.50,2.039,509.79,0.8342
443.6,9.58,2.038,509.48,0.8335
443.6,9.66,2.036,509.12,0.8330
443.6,9.74,2.035,508.68,0.8326
443.6,9.83,2.033,508.13,0.8323
443.6,9.91,2.030,507.44,0.8321
443.6,9.99,2.026,506.60,0.8321
443.6,10.07,2.023,505.65,0.8321
443.6,10.15,2.019,504.74,0.8319
443.6,10.23,2.015,503.86,0.8315
443.6,10.31,2.012,503.02,0.8309
443.6,10.39,2.009,502.19,0.8302
443.6,10.47,2.006,501.38,0.8292
443.6,10.55,2.002,500.58,0.8281
443.6,10.63,1.999,499.77,0.8269
443.6,10.71,1.996,499.00,0.8254
443.6,10.79,1.993,498.29,0.8237
443.6,10.87,1.991,497.64,0.8217
443.6,10.95,1.988,497.10,0.8194
443.6,11.03,1.987,496.68,0.8168
443.6,11.11,1.986,496.40,0.8138
443.6,11.19,1.985,496.22,0.8106
443.6,11.28,1.984,496.04,0.8079
443.6,11.36,1.983,495.84,0.8055
443.6,11.44,1.983,495.63,0.8035
443.6,11.52,1.982,495.38,0.8017
443.6,11.60,1.980,495.10,0.8002
443.6,11.68,1.979,494.72,0.7988
443.6,11.76,1.977,494.21,0.7977
443.6,11.84,1.974,493.54,0.7967
443.6,11.92,1.971,492.69,0.7959
443.6,12.00,1.967,491.64,0.7955
449.0,0.00,2.465,616.20,
449.0,0.08,2.467,616.71,
449.0,0.16,2.469,617.24,
449.0,0.24,2.471,617.79,
449.0,0.32,2.473,618.35,
449.0,0.40,2.476,618.90,
449.0,0.48,2.478,619.45,
449.0,0.56,2.480,619.98,
449.0,0.64,2.482,620.51,
449.0,0.72,2.484,621.08,
449.0,0.81,2.487,621.69,
449.0,0.89,2.489,622.37,
449.0,0.97,2.493,623.14,
449.0,1.05,2.496,624.01,
449.0,1.13,2.499,624.82,
449.0,1.21,2.502,625.53,
449.0,1.29,2.505,626.13,
449.0,1.37,2.506,626.61,
449.0,1.45,2.508,626.97,
449.0,1.53,2.509,627.20,
449.0,1.61,2.509,627.26,
449.0,1.69,2.508,627.12,
449.0,1.77,2.507,626.81,
449.0,1.85,2.505,626.31,
449.0,1.93,2.503,625.63,
449.0,2.01,2.499,624.77,0.9728
449.0,2.09,2.495,623.76,0.9729
449.0,2.17,2.490,622.62,0.9724
449.0,2.26,2.486,621.38,0.9713
449.0,2.34,2.480,620.04,0.9697
449.0,2.42,2.475,618.63,0.9678
449.0,2.50,2.469,617.16,0.9655
449.0,2.58,2.463,615.65,0.9629
449.0,2.66,2.456,614.09,0.9602
449.0,2.74,2.450,612.47,0.9573
449.0,2.82,2.443,610.79,0.9540
449.0,2.90,2.436,609.03,0.9505
449.0,2.98,2.429,607.18,0.9465
449.0,3.06,2.421,605.30,0.9424
449.0,3.14,2.415,603.65,0.9388
449.0,3.22,2.409,602.25,0.9358
449.0,3.30,2.404,601.09,0.9334
449.0,3.38,2.401,600.15,0.9316
449.0,3.46,2.398,599.39,0.9301
449.0,3.54,2.395,598.80,0.9290
449.0,3.62,2.393,598.33,0.9281
449.0,3.70,2.392,597.96,0.9276
449.0,3.79,2.391,597.70,0.9274
449.0,3.87,2.390,597.56,0.9276
449.0,3.95,2.390,597.54,0.9283
449.0,4.03,2.390,597.62,0.9293
449.0,4.11,2.390,597.61,0.9301
449.0,4.19,2.390,597.45,0.9304
449.0,4.27,2.389,597.16,0.9304
449.0,4.35,2.387,596.75,0.9300
449.0,4.43,2.385,596.26,0.9293
449.0,4.51,2.383,595.69,0.9284
449.0,4.59,2.380,595.04,0.9273
449.0,4.67,2.377,594.31,0.9258
449.0,4.75,2.374,593.45,0.9240
449.0,4.83,2.370,592.45,0.9218
449.0,4.91,2.365,591.29,0.9191
449.0,4.99,2.360,589.92,0.9158
449.0,5.07,2.354,588.42,0.9121
449.0,5.15,2.348,587.01,0.9089
449.0,5.23,2.343,585.69,0.9062
449.0,5.32,2.338,584.45,0.9039
449.0,5.40,2.333,583.26,0.9020
449.0,5.48,2.328,582.12,0.9004
449.0,5.56,2.324,580.99,0.8990
449.0,5.64,2.320,579.90,0.8978
449.0,5.72,2.315,578.86,0.8969
449.0,5.80,2.311,577.87,0.8963
449.0,5.88,2.308,576.97,0.8961
449.0,5.96,2.305,576.16,0.8963
449.0,6.04,2.302,575.43,0.8968
449.0,6.12,2.299,574.65,0.8970
449.0,6.20,2.295,573.82,0.8969
449.0,6.28,2.292,572.93,0.8964
449.0,6.36,2.288,571.99,0.8957
449.0,6.44,2.284,571.00,0.8947
449.0,6.52,2.280,569.98,0.8936
449.0,6.60,2.276,568.92,0.8922
449.0,6.68,2.271,567.79,0.8907
449.0,6.77,2.266,566.59,0.8889
449.0,6.85,2.261,565.28,0.8867
449.0,6.93,2.255,563.87,0.8841
449.0,7.01,2.249,562.33,0.8810
449.0,7.09,2.242,560.60,0.8776
449.0,7.17,2.235,558.64,0.8743
449.0,7.25,2.226,556.47,0.8709
449.0,7.33,2.217,554.14,0.8676
449.0,7.41,2.207,551.66,0.8644
449.0,7.49,2.196,549.08,0.8612
449.0,7.57,2.186,546.47,0.8580
449.0,7.65,2.176,543.94,0.8552
449.0,7.73,2.166,541.52,0.8527
449.0,7.81,2.157,539.26,0.8506
449.0,7.89,2.149,537.17,0.8490
449.0,7.97,2.141,535.28,0.8480
449.0,8.05,2.135,533.63,0.8475
449.0,8.13,2.129,532.20,0.8469
449.0,8.21,2.124,530.98,0.8462
449.0,8.30,2.120,529.93,0.8455
449.0,8.38,2.116,529.03,0.8446
449.0,8.46,2.113,528.25,0.8437
449.0,8.54,2.110,527.56,0.8428
449.0,8.62,2.108,526.94,0.8417
449.0,8.70,2.105,526.37,0.8405
449.0,8.78,2.103,525.87,0.8392
449.0,8.86,2.102,525.45,0.8376
449.0,8.94,2.101,525.13,0.8359
449.0,9.02,2.100,524.90,0.8339
449.0,9.10,2.099,524.71,0.8320
449.0,9.18,2.098,524.46,0.8304
449.0,9.26,2.097,524.17,0.8290
449.0,9.34,2.095,523.86,0.8279
449.0,9.42,2.094,523.53,0.8271
449.0,9.50,2.093,523.20,0.8264
449.0,9.58,2.091,522.86,0.8258
449.0,9.66,2.090,522.47,0.8254
449.0,9.74,2.088,522.00,0.8250
449.0,9.83,2.086,521.43,0.8248
449.0,9.91,2.083,520.74,0.8247
449.0,9.99,2.080,519.88,0.8247
449.0,10.07,2.076,518.93,0.8248
449.0,10.15,2.072,518.02,0.8246
449.0,10.23,2.069,517.16,0.8242
449.0,10.31,2.065,516.33,0.8236
449.0,10.39,2.062,515.52,0.8228
449.0,10.47,2.059,514.74,0.8219
449.0,10.55,2.056,513.97,0.8208
449.0,10.63,2.053,513.24,0.8194
449.0,10.71,2.050,512.57,0.8178
449.0,10.79,2.048,512.00,0.8159
449.0,10.87,2.046,511.53,0.8137
449.0,10.95,2.045,511.20,0.8111
449.0,11.03,2.044,511.01,0.8082
449.0,11.11,2.044,510.89,0.8053
449.0,11.19,2.043,510.75,0.8029
449.0,11.28,2.042,510.61,0.8007
449.0,11.36,2.042,510.44,0.7989
449.0,11.44,2.041,510.26,0.7973
449.0,11.52,2.040,510.04,0.7959
449.0,11.60,2.039,509.75,0.7947
449.0,11.68,2.037,509.36,0.7936
449.0,11.76,2.035,508.83,0.7927
449.0,11.84,2.033,508.14,0.7920
449.0,11.92,2.029,507.29,0.7915
449.0,12.00,2.025,506.23,0.7913
454.4,0.00,2.554,638.40,
454.4,0.08,2.556,638.92,
454.4,0.16,2.558,639.48,
454.4,0.24,2.560,640.05,
454.4,0.32,2.563,640.64,
454.4,0.40,2.565,641.24,
454.4,0.48,2.567,641.83,
454.4,0.56,2.570,642.43,
454.4,0.64,2.572,643.08,
454.4,0.72,2.575,643.78,
454.4,0.81,2.578,644.56,
454.4,0.89,2.582,645.45,
454.4,0.97,2.586,646.40,
454.4,1.05,2.589,647.25,
454.4,1.13,2.592,647.99,
454.4,1.21,2.594,648.61,
454.4,1.29,2.596,649.09,
454.4,1.37,2.598,649.45,
454.4,1.45,2.599,649.66,
454.4,1.53,2.599,649.71,
454.4,1.61,2.598,649.58,
454.4,1.69,2.597,649.27,
454.4,1.77,2.595,648.78,
454.4,1.85,2.592,648.11,
454.4,1.93,2.589,647.27,
454.4,2.01,2.585,646.26,0.9729
454.4,2.09,2.580,645.10,0.9728
454.4,2.17,2.575,643.81,0.9721
454.4,2.26,2.570,642.41,0.9708
454.4,2.34,2.564,640.92,0.9690
454.4,2.42,2.557,639.35,0.9668
454.4,2.50,2.551,637.73,0.9642
454.4,2.58,2.544,636.05,0.9614
454.4,2.66,2.537,634.30,0.9583
454.4,2.74,2.530,632.47,0.9549
454.4,2.82,2.522,630.55,0.9511
454.4,2.90,2.514,628.54,0.9470
454.4,2.98,2.506,626.56,0.9428
454.4,3.06,2.499,624.84,0.9393
454.4,3.14,2.493,623.37,0.9363
454.4,3.22,2.488,622.12,0.9339
454.4,3.30,2.484,621.07,0.9319
454.4,3.38,2.481,620.19,0.9304
454.4,3.46,2.478,619.47,0.9291
454.4,3.54,2.475,618.87,0.9281
454.4,3.62,2.473,618.37,0.9273
454.4,3.70,2.472,617.97,0.9268
454.4,3.79,2.471,617.69,0.9266
454.4,3.87,2.470,617.52,0.9268
454.4,3.95,2.470,617.46,0.9274
454.4,4.03,2.470,617.50,0.9284
454.4,4.11,2.470,617.44,0.9291
454.4,4.19,2.469,617.23,0.9293
454.4,4.27,2.468,616.88,0.9292
454.4,4.35,2.466,616.41,0.9286
454.4,4.43,2.463,615.84,0.9278
454.4,4.51,2.461,615.17,0.9266
454.4,4.59,2.458,614.41,0.9252
454.4,4.67,2.454,613.50,0.9233
454.4,4.75,2.450,612.44,0.9210
454.4,4.83,2.445,611.20,0.9181
454.4,4.91,2.439,609.74,0.9146
454.4,4.99,2.433,608.23,0.9110
454.4,5.07,2.427,606.83,0.9080
454.4,5.15,2.422,605.50,0.9054
454.4,5.23,2.417,604.25,0.9032
454.4,5.32,2.412,603.04,0.9013
454.4,5.40,2.407,601.86,0.8996
454.4,5.48,2.403,600.69,0.8982
454.4,5.56,2.398,599.53,0.8969
454.4,5.64,2.394,598.39,0.8957
454.4,5.72,2.389,597.30,0.8949
454.4,5.80,2.385,596.26,0.8943
454.4,5.88,2.381,595.28,0.8940
454.4,5.96,2.378,594.40,0.8941
454.4,6.04,2.374,593.58,0.8946
454.4,6.12,2.371,592.72,0.8948
454.4,6.20,2.367,591.79,0.8945
454.4,6.28,2.363,590.81,0.8939
454.4,6.36,2.359,589.76,0.8931
454.4,6.44,2.355,588.67,0.8919
454.4,6.52,2.350,587.54,0.8906
454.4,6.60,2.345,586.33,0.8890
454.4,6.68,2.340,585.03,0.8871
454.4,6.77,2.334,583.62,0.8847
454.4,6.85,2.328,582.10,0.8819
454.4,6.93,2.322,580.44,0.8786
454.4,7.01,2.314,578.56,0.8752
454.4,7.09,2.306,576.46,0.8717
454.4,7.17,2.297,574.16,0.8683
454.4,7.25,2.287,571.70,0.8649
454.4,7.33,2.276,569.11,0.8615
454.4,7.41,2.266,566.43,0.8582
454.4,7.49,2.255,563.70,0.8549
454.4,7.57,2.244,561.02,0.8517
454.4,7.65,2.234,558.42,0.8489
454.4,7.73,2.224,555.95,0.8463
454.4,7.81,2.214,553.62,0.8442
454.4,7.89,2.206,551.47,0.8426
454.4,7.97,2.198,549.53,0.8415
454.4,8.05,2.191,547.82,0.8409
454.4,8.13,2.185,546.35,0.8402
454.4,8.21,2.180,545.08,0.8395
454.4,8.30,2.176,543.99,0.8386
454.4,8.38,2.172,543.06,0.8377
454.4,8.46,2.169,542.25,0.8366
454.4,8.54,2.166,541.53,0.8355
454.4,8.62,2.164,540.89,0.8342
454.4,8.70,2.161,540.32,0.8328
454.4,8.78,2.159,539.84,0.8312
454.4,8.86,2.158,539.46,0.8293
454.4,8.94,2.157,539.19,0.8273
454.4,9.02,2.156,538.90,0.8254
454.4,9.10,2.154,538.58,0.8238
454.4,9.18,2.153,538.23,0.8225
454.4,9.26,2.151,537.86,0.8214
454.4,9.34,2.150,537.49,0.8206
454.4,9.42,2.149,537.13,0.8198
454.4,9.50,2.147,536.78,0.8193
454.4,9.58,2.146,536.41,0.8188
454.4,9.66,2.144,536.01,0.8184
454.4,9.74,2.142,535.53,0.8181
454.4,9.83,2.140,534.96,0.8179
454.4,9.91,2.137,534.27,0.8178
454.4,9.99,2.134,533.42,0.8179
454.4,10.07,2.130,532.48,0.8179
454.4,10.15,2.126,531.59,0.8178
454.4,10.23,2.123,530.75,0.8174
454.4,10.31,2.120,529.95,0.8168
454.4,10.39,2.117,529.18,0.8160
454.4,10.47,2.114,528.44,0.8150
454.4,10.55,2.111,527.75,0.8138
454.4,10.63,2.109,527.13,0.8123
454.4,10.71,2.106,526.61,0.8105
454.4,10.79,2.105,526.21,0.8084
454.4,10.87,2.104,525.96,0.8059
454.4,10.95,2.103,525.85,0.8031
454.4,11.03,2.103,525.76,0.8005
454.4,11.11,2.103,525.67,0.7983
454.4,11.19,2.102,525.56,0.7964
454.4,11.28,2.102,525.44,0.7948
454.4,11.36,2.101,525.30,0.7934
454.4,11.44,2.101,525.13,0.7922
454.4,11.52,2.100,524.91,0.7910
454.4,11.60,2.098,524.61,0.7900
454.4,11.68,2.097,524.20,0.7892
454.4,11.76,2.095,523.66,0.7885
454.4,11.84,2.092,522.96,0.7880
454.4,11.92,2.088,522.10,0.7877
454.4,12.00,2.084,521.04,0.7877
459.7,0.00,2.645,661.28,
459.7,0.08,2.647,661.83,
459.7,0.16,2.650,662.42,
459.7,0.24,2.652,663.04,
459.7,0.32,2.655,663.68,
459.7,0.40,2.657,664.32,
459.7,0.48,2.660,664.99,
459.7,0.56,2.663,665.70,
459.7,0.64,2.666,666.49,
459.7,0.72,2.669,667.37,
459.7,0.81,2.673,668.36,
459.7,0.89,2.677,669.36,
459.7,0.97,2.681,670.23,
459.7,1.05,2.684,670.98,
459.7,1.13,2.686,671.59,
459.7,1.21,2.688,672.07,
459.7,1.29,2.690,672.40,
459.7,1.37,2.690,672.58,
459.7,1.45,2.690,672.59,
459.7,1.53,2.690,672.44,
459.7,1.61,2.688,672.10,
459.7,1.69,2.686,671.59,
459.7,1.77,2.684,670.90,
459.7,1.85,2.680,670.05,
459.7,1.93,2.676,669.03,
459.7,2.01,2.671,667.84,0.9732
459.7,2.09,2.666,666.51,0.9729
459.7,2.17,2.660,665.04,0.9719
459.7,2.26,2.654,663.47,0.9703
459.7,2.34,2.647,661.81,0.9682
459.7,2.42,2.640,660.08,0.9656
459.7,2.50,2.633,658.27,0.9628
459.7,2.58,2.626,656.39,0.9596
459.7,2.66,2.618,654.41,0.9560
459.7,2.74,2.609,652.33,0.9521
459.7,2.82,2.601,650.15,0.9477
459.7,2.90,2.592,648.11,0.9436
459.7,2.98,2.585,646.32,0.9402
459.7,3.06,2.579,644.77,0.9373
459.7,3.14,2.574,643.42,0.9349
459.7,3.22,2.569,642.26,0.9329
459.7,3.30,2.565,641.27,0.9312
459.7,3.38,2.562,640.41,0.9298
459.7,3.46,2.559,639.67,0.9286
459.7,3.54,2.556,639.03,0.9276
459.7,3.62,2.554,638.49,0.9268
459.7,3.70,2.552,638.05,0.9262
459.7,3.79,2.551,637.71,0.9260
459.7,3.87,2.550,637.49,0.9261
459.7,3.95,2.550,637.38,0.9266
459.7,4.03,2.549,637.36,0.9275
459.7,4.11,2.549,637.24,0.9281
459.7,4.19,2.548,636.96,0.9282
459.7,4.27,2.546,636.53,0.9278
459.7,4.35,2.544,635.97,0.9271
459.7,4.43,2.541,635.30,0.9260
459.7,4.51,2.538,634.51,0.9246
459.7,4.59,2.534,633.57,0.9227
459.7,4.67,2.530,632.46,0.9202
459.7,4.75,2.525,631.15,0.9172
459.7,4.83,2.519,629.63,0.9136
459.7,4.91,2.513,628.15,0.9103
459.7,4.99,2.507,626.76,0.9074
459.7,5.07,2.502,625.45,0.9050
459.7,5.15,2.497,624.19,0.9029
459.7,5.23,2.492,622.97,0.9010
459.7,5.32,2.487,621.78,0.8994
459.7,5.40,2.482,620.58,0.8979
459.7,5.48,2.477,619.37,0.8965
459.7,5.56,2.473,618.17,0.8952
459.7,5.64,2.468,616.98,0.8941
459.7,5.72,2.463,615.82,0.8932
459.7,5.80,2.459,614.71,0.8926
459.7,5.88,2.455,613.66,0.8922
459.7,5.96,2.451,612.69,0.8923
459.7,6.04,2.447,611.78,0.8927
459.7,6.12,2.443,610.82,0.8927
459.7,6.20,2.439,609.79,0.8923
459.7,6.28,2.435,608.69,0.8915
459.7,6.36,2.430,607.54,0.8904
459.7,6.44,2.425,606.33,0.8891
459.7,6.52,2.420,605.04,0.8875
459.7,6.60,2.415,603.66,0.8854
459.7,6.68,2.409,602.16,0.8830
459.7,6.77,2.402,600.54,0.8800
459.7,6.85,2.395,598.75,0.8766
459.7,6.93,2.387,596.74,0.8731
459.7,7.01,2.378,594.50,0.8696
459.7,7.09,2.368,592.08,0.8662
459.7,7.17,2.358,589.51,0.8627
459.7,7.25,2.347,586.83,0.8592
459.7,7.33,2.336,584.06,0.8558
459.7,7.41,2.325,581.25,0.8524
459.7,7.49,2.314,578.44,0.8491
459.7,7.57,2.303,575.71,0.8459
459.7,7.65,2.292,573.06,0.8430
459.7,7.73,2.282,570.54,0.8404
459.7,7.81,2.273,568.17,0.8382
459.7,7.89,2.264,565.97,0.8365
459.7,7.97,2.256,563.98,0.8353
459.7,8.05,2.249,562.23,0.8346
459.7,8.13,2.243,560.72,0.8339
459.7,8.21,2.238,559.43,0.8330
459.7,8.30,2.233,558.32,0.8320
459.7,8.38,2.229,557.37,0.8309
459.7,8.46,2.226,556.54,0.8298
459.7,8.54,2.223,555.80,0.8284
459.7,8.62,2.221,555.14,0.8269
459.7,8.70,2.218,554.59,0.8252
459.7,8.78,2.217,554.15,0.8232
459.7,8.86,2.215,553.79,0.8212
459.7,8.94,2.214,553.41,0.8193
459.7,9.02,2.212,552.99,0.8178
459.7,9.10,2.210,552.57,0.8165
459.7,9.18,2.209,552.13,0.8155
459.7,9.26,2.207,551.71,0.8146
459.7,9.34,2.205,551.30,0.8139
459.7,9.42,2.204,550.92,0.8133
459.7,9.50,2.202,550.56,0.8128
459.7,9.58,2.201,550.19,0.8123
459.7,9.66,2.199,549.78,0.8120
459.7,9.74,2.197,549.31,0.8117
459.7,9.83,2.195,548.75,0.8115
459.7,9.91,2.192,548.07,0.8115
459.7,9.99,2.189,547.25,0.8115
459.7,10.07,2.185,546.34,0.8116
459.7,10.15,2.182,545.48,0.8114
459.7,10.23,2.179,544.68,0.8110
459.7,10.31,2.176,543.93,0.8103
459.7,10.39,2.173,543.22,0.8095
459.7,10.47,2.170,542.55,0.8084
459.7,10.55,2.168,541.97,0.8071
459.7,10.63,2.166,541.50,0.8054
459.7,10.71,2.165,541.17,0.8034
459.7,10.79,2.164,540.99,0.8009
459.7,10.87,2.164,540.92,0.7984
459.7,10.95,2.163,540.86,0.7961
459.7,11.03,2.163,540.80,0.7942
459.7,11.11,2.163,540.72,0.7926
459.7,11.19,2.163,540.63,0.7912
459.7,11.28,2.162,540.52,0.7899
459.7,11.36,2.162,540.39,0.7888
459.7,11.44,2.161,540.22,0.7878
459.7,11.52,2.160,539.99,0.7869
459.7,11.60,2.159,539.67,0.7861
459.7,11.68,2.157,539.25,0.7854
459.7,11.76,2.155,538.70,0.7849
459.7,11.84,2.152,538.00,0.7846
459.7,11.92,2.149,537.13,0.7845
459.7,12.00,2.144,536.07,0.7846
465.1,0.00,2.739,684.87,
465.1,0.08,2.742,685.47,
465.1,0.16,2.744,686.11,
465.1,0.24,2.747,686.78,
465.1,0.32,2.750,687.48,
465.1,0.40,2.753,688.20,
465.1,0.48,2.756,688.99,
465.1,0.56,2.759,689.85,
465.1,0.64,2.763,690.82,
465.1,0.72,2.768,691.90,
465.1,0.81,2.772,692.90,
465.1,0.89,2.775,693.78,
465.1,0.97,2.778,694.52,
465.1,1.05,2.780,695.11,
465.1,1.13,2.782,695.55,
465.1,1.21,2.783,695.84,
465.1,1.29,2.784,695.97,
465.1,1.37,2.784,695.93,
465.1,1.45,2.783,695.71,
465.1,1.53,2.781,695.32,
465.1,1.61,2.779,694.76,
465.1,1.69,2.776,694.03,
465.1,1.77,2.773,693.13,
465.1,1.85,2.768,692.07,
465.1,1.93,2.763,690.85,
465.1,2.01,2.758,689.47,0.9735
465.1,2.09,2.752,687.94,0.9728
465.1,2.17,2.745,686.29,0.9715
465.1,2.26,2.738,684.53,0.9695
465.1,2.34,2.731,682.68,0.9671
465.1,2.42,2.723,680.74,0.9642
465.1,2.50,2.715,678.72,0.9609
465.1,2.58,2.706,676.59,0.9573
465.1,2.66,2.697,674.35,0.9532
465.1,2.74,2.688,672.04,0.9487
465.1,2.82,2.680,669.94,0.9448
465.1,2.90,2.672,668.08,0.9414
465.1,2.98,2.666,666.44,0.9386
465.1,3.06,2.660,665.00,0.9362
465.1,3.14,2.655,663.73,0.9342
465.1,3.22,2.650,662.61,0.9325
465.1,3.30,2.646,661.62,0.9310
465.1,3.38,2.643,660.73,0.9296
465.1,3.46,2.640,659.94,0.9284
465.1,3.54,2.637,659.24,0.9273
465.1,3.62,2.635,658.63,0.9265
465.1,3.70,2.632,658.12,0.9259
465.1,3.79,2.631,657.72,0.9255
465.1,3.87,2.630,657.43,0.9255
465.1,3.95,2.629,657.24,0.9259
465.1,4.03,2.629,657.15,0.9266
465.1,4.11,2.628,656.95,0.9270
465.1,4.19,2.626,656.57,0.9269
465.1,4.27,2.624,656.04,0.9263
465.1,4.35,2.622,655.38,0.9253
465.1,4.43,2.618,654.58,0.9239
465.1,4.51,2.614,653.62,0.9220
465.1,4.59,2.610,652.47,0.9195
465.1,4.67,2.604,651.10,0.9164
465.1,4.75,2.598,649.58,0.9129
465.1,4.83,2.593,648.14,0.9098
465.1,4.91,2.587,646.79,0.9072
465.1,4.99,2.582,645.50,0.9049
465.1,5.07,2.577,644.26,0.9029
465.1,5.15,2.572,643.04,0.9012
465.1,5.23,2.567,641.84,0.8996
465.1,5.32,2.563,640.63,0.8982
465.1,5.40,2.558,639.40,0.8967
465.1,5.48,2.553,638.15,0.8953
465.1,5.56,2.548,636.89,0.8940
465.1,5.64,2.543,635.63,0.8928
465.1,5.72,2.538,634.40,0.8918
465.1,5.80,2.533,633.21,0.8911
465.1,5.88,2.528,632.07,0.8906
465.1,5.96,2.524,631.00,0.8905
465.1,6.04,2.520,629.99,0.8907
465.1,6.12,2.516,628.92,0.8906
465.1,6.20,2.511,627.78,0.8900
465.1,6.28,2.506,626.56,0.8890
465.1,6.36,2.501,625.28,0.8877
465.1,6.44,2.496,623.93,0.8860
465.1,6.52,2.490,622.46,0.8839
465.1,6.60,2.484,620.88,0.8814
465.1,6.68,2.477,619.16,0.8783
465.1,6.77,2.469,617.25,0.8749
465.1,6.85,2.460,615.10,0.8714
465.1,6.93,2.451,612.75,0.8679
465.1,7.01,2.441,610.22,0.8644
465.1,7.09,2.430,607.56,0.8609
465.1,7.17,2.419,604.79,0.8574
465.1,7.25,2.408,601.95,0.8540
465.1,7.33,2.396,599.07,0.8505
465.1,7.41,2.385,596.19,0.8470
465.1,7.49,2.373,593.35,0.8437
465.1,7.57,2.362,590.57,0.8405
465.1,7.65,2.352,587.89,0.8375
465.1,7.73,2.341,585.33,0.8348
465.1,7.81,2.332,582.93,0.8326
465.1,7.89,2.323,580.70,0.8308
465.1,7.97,2.315,578.69,0.8295
465.1,8.05,2.308,576.91,0.8287
465.1,8.13,2.302,575.38,0.8278
465.1,8.21,2.296,574.07,0.8268
465.1,8.30,2.292,572.95,0.8256
465.1,8.38,2.288,571.99,0.8244
465.1,8.46,2.285,571.14,0.8230
465.1,8.54,2.282,570.39,0.8215
465.1,8.62,2.279,569.75,0.8197
465.1,8.70,2.277,569.23,0.8176
465.1,8.78,2.275,568.75,0.8156
465.1,8.86,2.273,568.26,0.8138
465.1,8.94,2.271,567.74,0.8124
465.1,9.02,2.269,567.22,0.8111
465.1,9.10,2.267,566.71,0.8101
465.1,9.18,2.265,566.21,0.8092
465.1,9.26,2.263,565.75,0.8085
465.1,9.34,2.261,565.32,0.8079
465.1,9.42,2.260,564.94,0.8073
465.1,9.50,2.258,564.58,0.8068
465.1,9.58,2.257,564.22,0.8064
465.1,9.66,2.255,563.83,0.8061
465.1,9.74,2.254,563.38,0.8058
465.1,9.83,2.251,562.85,0.8056
465.1,9.91,2.249,562.20,0.8056
465.1,9.99,2.246,561.41,0.8056
465.1,10.07,2.242,560.54,0.8056
465.1,10.15,2.239,559.74,0.8054
465.1,10.23,2.236,559.00,0.8050
465.1,10.31,2.233,558.30,0.8043
465.1,10.39,2.231,557.66,0.8034
465.1,10.47,2.228,557.12,0.8021
465.1,10.55,2.227,556.69,0.8006
465.1,10.63,2.226,556.42,0.7987
465.1,10.71,2.225,556.30,0.7963
465.1,10.79,2.225,556.26,0.7941
465.1,10.87,2.225,556.22,0.7922
465.1,10.95,2.225,556.17,0.7905
465.1,11.03,2.224,556.12,0.7891
465.1,11.11,2.224,556.05,0.7879
465.1,11.19,2.224,555.96,0.7869
465.1,11.28,2.223,555.85,0.7859
465.1,11.36,2.223,555.71,0.7851
465.1,11.44,2.222,555.53,0.7842
465.1,11.52,2.221,555.29,0.7835
465.1,11.60,2.220,554.96,0.7828
465.1,11.68,2.218,554.53,0.7822
465.1,11.76,2.216,553.97,0.7818
465.1,11.84,2.213,553.27,0.7816
465.1,11.92,2.210,552.39,0.7816
465.1,12.00,2.205,551.33,0.7819
470.5,0.00,2.837,709.21,
470.5,0.08,2.839,709.87,
470.5,0.16,2.842,710.58,
470.5,0.24,2.845,711.32,
470.5,0.32,2.848,712.10,
470.5,0.40,2.852,712.94,
470.5,0.48,2.856,713.88,
470.5,0.56,2.860,714.93,
470.5,0.64,2.864,716.05,
470.5,0.72,2.868,717.05,
470.5,0.81,2.872,717.91,
470.5,0.89,2.874,718.62,
470.5,0.97,2.877,719.17,
470.5,1.05,2.878,719.57,
470.5,1.13,2.879,719.79,
470.5,1.21,2.879,719.85,
470.5,1.29,2.879,719.73,
470.5,1.37,2.878,719.43,
470.5,1.45,2.876,718.95,
470.5,1.53,2.873,718.31,
470.5,1.61,2.870,717.51,
470.5,1.69,2.866,716.54,
470.5,1.77,2.862,715.41,
470.5,1.85,2.857,714.13,
470.5,1.93,2.851,712.69,
470.5,2.01,2.844,711.09,0.9736
470.5,2.09,2.837,709.35,0.9726
470.5,2.17,2.830,707.49,0.9709
470.5,2.26,2.822,705.52,0.9685
470.5,2.34,2.814,703.45,0.9656
470.5,2.42,2.805,701.28,0.9623
470.5,2.50,2.796,699.00,0.9585
470.5,2.58,2.786,696.59,0.9543
470.5,2.66,2.777,694.19,0.9499
470.5,2.74,2.768,692.03,0.9462
470.5,2.82,2.760,690.11,0.9430
470.5,2.90,2.754,688.38,0.9403
470.5,2.98,2.747,686.84,0.9379
470.5,3.06,2.742,685.45,0.9359
470.5,3.14,2.737,684.21,0.9342
470.5,3.22,2.732,683.08,0.9326
470.5,3.30,2.728,682.04,0.9311
470.5,3.38,2.724,681.08,0.9297
470.5,3.46,2.721,680.21,0.9284
470.5,3.54,2.718,679.43,0.9273
470.5,3.62,2.715,678.74,0.9263
470.5,3.70,2.713,678.15,0.9255
470.5,3.79,2.711,677.67,0.9250
470.5,3.87,2.709,677.28,0.9249
470.5,3.95,2.708,677.01,0.9250
470.5,4.03,2.707,676.82,0.9255
470.5,4.11,2.706,676.51,0.9257
470.5,4.19,2.704,676.03,0.9253
470.5,4.27,2.702,675.38,0.9244
470.5,4.35,2.698,674.58,0.9231
470.5,4.43,2.694,673.61,0.9212
470.5,4.51,2.690,672.43,0.9187
470.5,4.59,2.684,671.03,0.9156
470.5,4.67,2.678,669.55,0.9123
470.5,4.75,2.673,668.17,0.9095
470.5,4.83,2.667,666.87,0.9071
470.5,4.91,2.662,665.61,0.9051
470.5,4.99,2.658,664.40,0.9033
470.5,5.07,2.653,663.21,0.9017
470.5,5.15,2.648,662.02,0.9002
470.5,5.23,2.643,660.81,0.8988
470.5,5.32,2.638,659.57,0.8973
470.5,5.40,2.633,658.29,0.8959
470.5,5.48,2.628,656.98,0.8944
470.5,5.56,2.623,655.65,0.8930
470.5,5.64,2.617,654.32,0.8917
470.5,5.72,2.612,653.01,0.8906
470.5,5.80,2.607,651.72,0.8897
470.5,5.88,2.602,650.49,0.8891
470.5,5.96,2.597,649.31,0.8888
470.5,6.04,2.593,648.19,0.8888
470.5,6.12,2.588,647.00,0.8884
470.5,6.20,2.583,645.73,0.8875
470.5,6.28,2.578,644.38,0.8862
470.5,6.36,2.572,642.96,0.8846
470.5,6.44,2.566,641.42,0.8825
470.5,6.52,2.559,639.76,0.8799
470.5,6.60,2.552,637.94,0.8767
470.5,6.68,2.544,635.91,0.8733
470.5,6.77,2.535,633.65,0.8699
470.5,6.85,2.525,631.19,0.8664
470.5,6.93,2.514,628.57,0.8630
470.5,7.01,2.503,625.83,0.8595
470.5,7.09,2.492,622.99,0.8560
470.5,7.17,2.480,620.08,0.8526
470.5,7.25,2.469,617.16,0.8491
470.5,7.33,2.457,614.23,0.8456
470.5,7.41,2.445,611.33,0.8421
470.5,7.49,2.434,608.46,0.8387
470.5,7.57,2.423,605.66,0.8354
470.5,7.65,2.412,602.95,0.8323
470.5,7.73,2.401,600.37,0.8296
470.5,7.81,2.392,597.95,0.8272
470.5,7.89,2.383,595.70,0.8253
470.5,7.97,2.375,593.67,0.8239
470.5,8.05,2.368,591.88,0.8229
470.5,8.13,2.361,590.34,0.8219
470.5,8.21,2.356,589.03,0.8207
470.5,8.30,2.352,587.91,0.8195
470.5,8.38,2.348,586.94,0.8180
470.5,8.46,2.344,586.08,0.8164
470.5,8.54,2.341,585.33,0.8145
470.5,8.62,2.339,584.72,0.8124
470.5,8.70,2.336,584.11,0.8105
470.5,8.78,2.334,583.48,0.8088
470.5,8.86,2.331,582.85,0.8074
470.5,8.94,2.329,582.23,0.8062
470.5,9.02,2.326,581.62,0.8052
470.5,9.10,2.324,581.04,0.8044
470.5,9.18,2.322,580.50,0.8037
470.5,9.26,2.320,580.02,0.8030
470.5,9.34,2.318,579.60,0.8024
470.5,9.42,2.317,579.23,0.8019
470.5,9.50,2.316,578.89,0.8014
470.5,9.58,2.314,578.55,0.8010
470.5,9.66,2.313,578.19,0.8006
470.5,9.74,2.311,577.78,0.8004
470.5,9.83,2.309,577.29,0.8002
470.5,9.91,2.307,576.69,0.8001
470.5,9.99,2.304,575.95,0.8001
470.5,10.07,2.301,575.14,0.8001
470.5,10.15,2.298,574.40,0.7998
470.5,10.23,2.295,573.73,0.7993
470.5,10.31,2.292,573.12,0.7985
470.5,10.39,2.290,572.60,0.7974
470.5,10.47,2.289,572.21,0.7960
470.5,10.55,2.288,571.98,0.7942
470.5,10.63,2.288,571.91,0.7921
470.5,10.71,2.287,571.87,0.7902
470.5,10.79,2.287,571.84,0.7886
470.5,10.87,2.287,571.80,0.7872
470.5,10.95,2.287,571.76,0.7861
470.5,11.03,2.287,571.70,0.7851
470.5,11.11,2.287,571.63,0.7842
470.5,11.19,2.286,571.53,0.7834
470.5,11.28,2.286,571.41,0.7826
470.5,11.36,2.285,571.25,0.7819
470.5,11.44,2.284,571.06,0.7812
470.5,11.52,2.283,570.81,0.7805
470.5,11.60,2.282,570.47,0.7799
470.5,11.68,2.280,570.03,0.7795
470.5,11.76,2.278,569.47,0.7792
470.5,11.84,2.275,568.76,0.7790
470.5,11.92,2.272,567.89,0.7791
470.5,12.00,2.267,566.83,0.7794
475.8,0.00,2.937,734.35,
475.8,0.08,2.940,735.08,
475.8,0.16,2.943,735.87,
475.8,0.24,2.947,736.70,
475.8,0.32,2.950,737.60,
475.8,0.40,2.954,738.60,
475.8,0.48,2.959,739.72,
475.8,0.56,2.963,740.85,
475.8,0.64,2.967,741.82,
475.8,0.72,2.971,742.64,
475.8,0.81,2.973,743.31,
475.8,0.89,2.975,743.80,
475.8,0.97,2.977,744.13,
475.8,1.05,2.977,744.27,
475.8,1.13,2.977,744.23,
475.8,1.21,2.976,744.00,
475.8,1.29,2.974,743.60,
475.8,1.37,2.972,743.02,
475.8,1.45,2.969,742.27,
475.8,1.53,2.965,741.37,
475.8,1.61,2.961,740.30,
475.8,1.69,2.956,739.07,
475.8,1.77,2.951,737.69,
475.8,1.85,2.945,736.16,
475.8,1.93,2.938,734.48,
475.8,2.01,2.931,732.65,0.9735
475.8,2.09,2.923,730.69,0.9720
475.8,2.17,2.914,728.59,0.9698
475.8,2.26,2.906,726.39,0.9669
475.8,2.34,2.896,724.07,0.9636
475.8,2.42,2.887,721.63,0.9598
475.8,2.50,2.876,719.06,0.9554
475.8,2.58,2.866,716.61,0.9513
475.8,2.66,2.858,714.39,0.9478
475.8,2.74,2.850,712.39,0.9447
475.8,2.82,2.842,710.57,0.9421
475.8,2.90,2.836,708.93,0.9399
475.8,2.98,2.830,707.43,0.9379
475.8,3.06,2.824,706.04,0.9361
475.8,3.14,2.819,704.75,0.9344
475.8,3.22,2.814,703.54,0.9328
475.8,3.30,2.810,702.43,0.9313
475.8,3.38,2.806,701.39,0.9298
475.8,3.46,2.802,700.44,0.9285
475.8,3.54,2.798,699.57,0.9272
475.8,3.62,2.795,698.78,0.9260
475.8,3.70,2.792,698.09,0.9251
475.8,3.79,2.790,697.49,0.9243
475.8,3.87,2.788,697.00,0.9239
475.8,3.95,2.786,696.61,0.9238
475.8,4.03,2.785,696.32,0.9241
475.8,4.11,2.784,695.89,0.9239
475.8,4.19,2.781,695.27,0.9232
475.8,4.27,2.778,694.49,0.9220
475.8,4.35,2.774,693.51,0.9202
475.8,4.43,2.769,692.32,0.9177
475.8,4.51,2.764,690.91,0.9146
475.8,4.59,2.758,689.52,0.9117
475.8,4.67,2.753,688.21,0.9093
475.8,4.75,2.748,686.96,0.9072
475.8,4.83,2.743,685.77,0.9054
475.8,4.91,2.738,684.60,0.9038
475.8,4.99,2.734,683.44,0.9023
475.8,5.07,2.729,682.26,0.9009
475.8,5.15,2.724,681.05,0.8995
475.8,5.23,2.719,679.81,0.8981
475.8,5.32,2.714,678.52,0.8966
475.8,5.40,2.709,677.20,0.8951
475.8,5.48,2.703,675.84,0.8936
475.8,5.56,2.698,674.44,0.8921
475.8,5.64,2.692,673.02,0.8906
475.8,5.72,2.686,671.61,0.8893
475.8,5.80,2.681,670.23,0.8882
475.8,5.88,2.676,668.88,0.8874
475.8,5.96,2.670,667.58,0.8868
475.8,6.04,2.665,666.34,0.8865
475.8,6.12,2.660,665.02,0.8858
475.8,6.20,2.654,663.61,0.8847
475.8,6.28,2.648,662.12,0.8831
475.8,6.36,2.642,660.52,0.8810
475.8,6.44,2.635,658.78,0.8783
475.8,6.52,2.627,656.87,0.8751
475.8,6.60,2.619,654.72,0.8719
475.8,6.68,2.609,652.36,0.8685
475.8,6.77,2.599,649.81,0.8652
475.8,6.85,2.588,647.11,0.8618
475.8,6.93,2.577,644.29,0.8584
475.8,7.01,2.566,641.40,0.8550
475.8,7.09,2.554,638.46,0.8515
475.8,7.17,2.542,635.51,0.8480
475.8,7.25,2.530,632.55,0.8444
475.8,7.33,2.518,629.60,0.8409
475.8,7.41,2.507,626.68,0.8374
475.8,7.49,2.495,623.80,0.8339
475.8,7.57,2.484,620.99,0.8306
475.8,7.65,2.473,618.27,0.8274
475.8,7.73,2.463,615.69,0.8246
475.8,7.81,2.453,613.26,0.8221
475.8,7.89,2.444,611.01,0.8200
475.8,7.97,2.436,608.98,0.8185
475.8,8.05,2.429,607.19,0.8174
475.8,8.13,2.423,605.66,0.8162
475.8,8.21,2.417,604.35,0.8149
475.8,8.30,2.413,603.24,0.8134
475.8,8.38,2.409,602.25,0.8117
475.8,8.46,2.406,601.40,0.8098
475.8,8.54,2.403,600.64,0.8077
475.8,8.62,2.400,599.88,0.8058
475.8,8.70,2.396,599.12,0.8043
475.8,8.78,2.393,598.36,0.8030
475.8,8.86,2.390,597.62,0.8018
475.8,8.94,2.388,596.91,0.8009
475.8,9.02,2.385,596.24,0.8000
475.8,9.10,2.383,595.64,0.7993
475.8,9.18,2.380,595.10,0.7986
475.8,9.26,2.379,594.63,0.7980
475.8,9.34,2.377,594.21,0.7974
475.8,9.42,2.375,593.84,0.7969
475.8,9.50,2.374,593.52,0.7964
475.8,9.58,2.373,593.23,0.7960
475.8,9.66,2.372,592.91,0.7956
475.8,9.74,2.370,592.55,0.7953
475.8,9.83,2.368,592.11,0.7951
475.8,9.91,2.366,591.58,0.7950
475.8,9.99,2.364,590.91,0.7949
475.8,10.07,2.361,590.17,0.7948
475.8,10.15,2.358,589.51,0.7945
475.8,10.23,2.356,588.93,0.7938
475.8,10.31,2.354,588.43,0.7930
475.8,10.39,2.352,588.07,0.7917
475.8,10.47,2.352,587.89,0.7900
475.8,10.55,2.351,587.83,0.7882
475.8,10.63,2.351,587.79,0.7866
475.8,10.71,2.351,587.75,0.7853
475.8,10.79,2.351,587.71,0.7842
475.8,10.87,2.351,587.67,0.7833
475.8,10.95,2.350,587.61,0.7825
475.8,11.03,2.350,587.54,0.7818
475.8,11.11,2.350,587.46,0.7811
475.8,11.19,2.349,587.35,0.7805
475.8,11.28,2.349,587.22,0.7798
475.8,11.36,2.348,587.04,0.7792
475.8,11.44,2.347,586.82,0.7786
475.8,11.52,2.346,586.55,0.7780
475.8,11.60,2.345,586.21,0.7775
475.8,11.68,2.343,585.77,0.7771
475.8,11.76,2.341,585.21,0.7768
475.8,11.84,2.338,584.50,0.7767
475.8,11.92,2.335,583.63,0.7768
475.8,12.00,2.330,582.57,0.7771
481.2,0.00,3.041,760.32,
481.2,0.08,3.045,761.14,
481.2,0.16,3.048,762.02,
481.2,0.24,3.052,762.97,
481.2,0.32,3.056,764.03,
481.2,0.40,3.061,765.20,
481.2,0.48,3.065,766.29,
481.2,0.56,3.069,767.23,
481.2,0.64,3.072,767.99,
481.2,0.72,3.074,768.59,
481.2,0.81,3.076,769.01,
481.2,0.89,3.077,769.23,
481.2,0.97,3.077,769.25,
481.2,1.05,3.076,769.09,
481.2,1.13,3.075,768.75,
481.2,1.21,3.073,768.22,
481.2,1.29,3.070,767.52,
481.2,1.37,3.067,766.65,
481.2,1.45,3.062,765.62,
481.2,1.53,3.058,764.42,
481.2,1.61,3.052,763.07,
481.2,1.69,3.046,761.57,
481.2,1.77,3.040,759.92,
481.2,1.85,3.033,758.13,
481.2,1.93,3.025,756.19,
481.2,2.01,3.016,754.11,0.9728
481.2,2.09,3.008,751.89,0.9708
481.2,2.17,2.998,749.54,0.9680
481.2,2.26,2.988,747.08,0.9647
481.2,2.34,2.978,744.48,0.9608
481.2,2.42,2.967,741.78,0.9565
481.2,2.50,2.957,739.28,0.9527
481.2,2.58,2.948,736.99,0.9494
481.2,2.66,2.940,734.91,0.9465
481.2,2.74,2.932,733.01,0.9441
481.2,2.82,2.925,731.25,0.9419
481.2,2.90,2.918,729.59,0.9398
481.2,2.98,2.912,728.03,0.9379
481.2,3.06,2.906,726.56,0.9360
481.2,3.14,2.901,725.19,0.9343
481.2,3.22,2.896,723.91,0.9327
481.2,3.30,2.891,722.71,0.9311
481.2,3.38,2.886,721.59,0.9296
481.2,3.46,2.882,720.55,0.9282
481.2,3.54,2.878,719.58,0.9268
481.2,3.62,2.875,718.69,0.9255
481.2,3.70,2.871,717.87,0.9243
481.2,3.79,2.869,717.16,0.9233
481.2,3.87,2.866,716.54,0.9226
481.2,3.95,2.864,716.02,0.9222
481.2,4.03,2.862,715.59,0.9221
481.2,4.11,2.860,715.02,0.9216
481.2,4.19,2.857,714.26,0.9205
481.2,4.27,2.853,713.30,0.9188
481.2,4.35,2.848,712.10,0.9164
481.2,4.43,2.843,710.73,0.9136
481.2,4.51,2.838,709.44,0.9111
481.2,4.59,2.833,708.22,0.9090
481.2,4.67,2.828,707.05,0.9072
481.2,4.75,2.824,705.92,0.9057
481.2,4.83,2.819,704.80,0.9043
481.2,4.91,2.815,703.65,0.9029
481.2,4.99,2.810,702.46,0.9014
481.2,5.07,2.805,701.25,0.9000
481.2,5.15,2.800,700.01,0.8986
481.2,5.23,2.795,698.73,0.8971
481.2,5.32,2.790,697.41,0.8957
481.2,5.40,2.784,696.05,0.8942
481.2,5.48,2.779,694.65,0.8926
481.2,5.56,2.773,693.20,0.8911
481.2,5.64,2.767,691.70,0.8894
481.2,5.72,2.761,690.19,0.8879
481.2,5.80,2.755,688.69,0.8865
481.2,5.88,2.749,687.22,0.8854
481.2,5.96,2.743,685.80,0.8846
481.2,6.04,2.738,684.41,0.8840
481.2,6.12,2.732,682.95,0.8829
481.2,6.20,2.726,681.40,0.8814
481.2,6.28,2.719,679.74,0.8793
481.2,6.36,2.712,677.92,0.8767
481.2,6.44,2.704,675.91,0.8736
481.2,6.52,2.695,673.67,0.8704
481.2,6.60,2.685,671.22,0.8673
481.2,6.68,2.674,668.59,0.8640
481.2,6.77,2.663,665.83,0.8608
481.2,6.85,2.652,662.97,0.8574
481.2,6.93,2.640,660.06,0.8540
481.2,7.01,2.628,657.11,0.8505
481.2,7.09,2.616,654.12,0.8469
481.2,7.17,2.605,651.13,0.8434
481.2,7.25,2.593,648.15,0.8398
481.2,7.33,2.581,645.19,0.8363
481.2,7.41,2.569,642.27,0.8328
481.2,7.49,2.558,639.40,0.8294
481.2,7.57,2.546,636.60,0.8260
481.2,7.65,2.536,633.90,0.8228
481.2,7.73,2.525,631.32,0.8198
481.2,7.81,2.516,628.90,0.8172
481.2,7.89,2.507,626.66,0.8150
481.2,7.97,2.499,624.64,0.8133
481.2,8.05,2.491,622.87,0.8120
481.2,8.13,2.485,621.35,0.8106
481.2,8.21,2.480,620.07,0.8091
481.2,8.30,2.476,618.95,0.8074
481.2,8.38,2.472,617.96,0.8054
481.2,8.46,2.468,617.04,0.8034
481.2,8.54,2.464,616.12,0.8016
481.2,8.62,2.461,615.20,0.8002
481.2,8.70,2.457,614.30,0.7989
481.2,8.78,2.454,613.43,0.7979
481.2,8.86,2.451,612.63,0.7969
481.2,8.94,2.448,611.91,0.7961
481.2,9.02,2.445,611.26,0.7953
481.2,9.10,2.443,610.67,0.7946
481.2,9.18,2.441,610.15,0.7939
481.2,9.26,2.439,609.68,0.7933
481.2,9.34,2.437,609.26,0.7928
481.2,9.42,2.436,608.89,0.7923
481.2,9.50,2.434,608.57,0.7918
481.2,9.58,2.433,608.28,0.7914
481.2,9.66,2.432,608.02,0.7910
481.2,9.74,2.431,607.73,0.7906
481.2,9.83,2.429,607.37,0.7903
481.2,9.91,2.428,606.91,0.7901
481.2,9.99,2.425,606.32,0.7900
481.2,10.07,2.423,605.68,0.7898
481.2,10.15,2.420,605.11,0.7894
481.2,10.23,2.419,604.63,0.7886
481.2,10.31,2.417,604.31,0.7875
481.2,10.39,2.417,604.16,0.7860
481.2,10.47,2.416,604.09,0.7845
481.2,10.55,2.416,604.03,0.7833
481.2,10.63,2.416,603.97,0.7823
481.2,10.71,2.416,603.92,0.7815
481.2,10.79,2.415,603.87,0.7808
481.2,10.87,2.415,603.82,0.7802
481.2,10.95,2.415,603.76,0.7796
481.2,11.03,2.415,603.68,0.7790
481.2,11.11,2.414,603.59,0.7784
481.2,11.19,2.414,603.47,0.7778
481.2,11.28,2.413,603.31,0.7772
481.2,11.36,2.412,603.11,0.7767
481.2,11.44,2.411,602.86,0.7762
481.2,11.52,2.410,602.56,0.7757
481.2,11.60,2.409,602.19,0.7752
481.2,11.68,2.407,601.75,0.7748
481.2,11.76,2.405,601.18,0.7745
481.2,11.84,2.402,600.48,0.7744
481.2,11.92,2.398,599.61,0.7745
481.2,12.00,2.394,598.56,0.7748
486.6,0.00,3.149,787.16,
486.6,0.08,3.152,788.09,
486.6,0.16,3.156,789.08,
486.6,0.24,3.161,790.19,
486.6,0.32,3.166,791.38,
486.6,0.40,3.170,792.42,
486.6,0.48,3.173,793.29,
486.6,0.56,3.176,793.98,
486.6,0.64,3.178,794.47,
486.6,0.72,3.179,794.76,
486.6,0.81,3.179,794.85,
486.6,0.89,3.179,794.74,
486.6,0.97,3.178,794.44,
486.6,1.05,3.176,793.96,
486.6,1.13,3.173,793.29,
486.6,1.21,3.170,792.45,
486.6,1.29,3.166,791.44,
486.6,1.37,3.161,790.27,
486.6,1.45,3.156,788.93,
486.6,1.53,3.150,787.43,
486.6,1.61,3.143,785.78,
486.6,1.69,3.136,783.99,
486.6,1.77,3.128,782.05,
486.6,1.85,3.120,779.97,
486.6,1.93,3.111,777.75,
486.6,2.01,3.102,775.40,0.9714
486.6,2.09,3.092,772.91,0.9689
486.6,2.17,3.081,770.29,0.9656
486.6,2.26,3.070,767.53,0.9617
486.6,2.34,3.059,764.74,0.9576
486.6,2.42,3.049,762.19,0.9540
486.6,2.50,3.039,759.84,0.9510
486.6,2.58,3.031,757.67,0.9484
486.6,2.66,3.022,755.62,0.9459
486.6,2.74,3.015,753.68,0.9435
486.6,2.82,3.007,751.84,0.9413
486.6,2.90,3.000,750.10,0.9393
486.6,2.98,2.994,748.46,0.9373
486.6,3.06,2.988,746.91,0.9354
486.6,3.14,2.982,745.46,0.9336
486.6,3.22,2.976,744.08,0.9319
486.6,3.30,2.971,742.79,0.9303
486.6,3.38,2.966,741.58,0.9288
486.6,3.46,2.962,740.45,0.9273
486.6,3.54,2.958,739.39,0.9259
486.6,3.62,2.954,738.39,0.9245
486.6,3.70,2.950,737.46,0.9231
486.6,3.79,2.946,736.60,0.9218
486.6,3.87,2.943,735.84,0.9208
486.6,3.95,2.941,735.17,0.9200
486.6,4.03,2.938,734.59,0.9195
486.6,4.11,2.935,733.86,0.9186
486.6,4.19,2.932,732.92,0.9170
486.6,4.27,2.927,731.74,0.9148
486.6,4.35,2.922,730.47,0.9123
486.6,4.43,2.917,729.28,0.9103
486.6,4.51,2.913,728.17,0.9086
486.6,4.59,2.908,727.08,0.9071
486.6,4.67,2.904,725.98,0.9057
486.6,4.75,2.899,724.85,0.9043
486.6,4.83,2.895,723.71,0.9029
486.6,4.91,2.890,722.53,0.9014
486.6,4.99,2.885,721.32,0.9000
486.6,5.07,2.880,720.09,0.8986
486.6,5.15,2.875,718.81,0.8972
486.6,5.23,2.870,717.50,0.8957
486.6,5.32,2.865,716.15,0.8942
486.6,5.40,2.859,714.76,0.8927
486.6,5.48,2.853,713.32,0.8911
486.6,5.56,2.847,711.83,0.8895
486.6,5.64,2.841,710.29,0.8879
486.6,5.72,2.835,708.70,0.8862
486.6,5.80,2.828,707.08,0.8845
486.6,5.88,2.822,705.49,0.8831
486.6,5.96,2.816,703.92,0.8819
486.6,6.04,2.810,702.39,0.8809
486.6,6.12,2.803,700.78,0.8794
486.6,6.20,2.796,699.05,0.8774
486.6,6.28,2.789,697.17,0.8748
486.6,6.36,2.780,695.07,0.8719
486.6,6.44,2.771,692.74,0.8690
486.6,6.52,2.761,690.21,0.8660
486.6,6.60,2.750,687.53,0.8629
486.6,6.68,2.739,684.76,0.8596
486.6,6.77,2.728,681.91,0.8563
486.6,6.85,2.716,678.99,0.8529
486.6,6.93,2.704,676.02,0.8494
486.6,7.01,2.692,673.02,0.8458
486.6,7.09,2.680,670.01,0.8423
486.6,7.17,2.668,666.99,0.8387
486.6,7.25,2.656,664.00,0.8351
486.6,7.33,2.644,661.03,0.8316
486.6,7.41,2.632,658.12,0.8281
486.6,7.49,2.621,655.28,0.8247
486.6,7.57,2.610,652.51,0.8214
486.6,7.65,2.599,649.85,0.8182
486.6,7.73,2.589,647.30,0.8152
486.6,7.81,2.580,644.90,0.8124
486.6,7.89,2.571,642.69,0.8100
486.6,7.97,2.563,640.70,0.8082
486.6,8.05,2.556,638.95,0.8067
486.6,8.13,2.550,637.48,0.8051
486.6,8.21,2.545,636.20,0.8033
486.6,8.30,2.540,635.06,0.8013
486.6,8.38,2.536,633.95,0.7995
486.6,8.46,2.531,632.85,0.7979
486.6,8.54,2.527,631.77,0.7965
486.6,8.62,2.523,630.75,0.7953
486.6,8.70,2.519,629.81,0.7942
486.6,8.78,2.516,628.95,0.7932
486.6,8.86,2.513,628.17,0.7923
486.6,8.94,2.510,627.46,0.7915
486.6,9.02,2.507,626.82,0.7908
486.6,9.10,2.505,626.25,0.7901
486.6,9.18,2.503,625.73,0.7895
486.6,9.26,2.501,625.27,0.7889
486.6,9.34,2.499,624.85,0.7884
486.6,9.42,2.498,624.48,0.7879
486.6,9.50,2.497,624.16,0.7875
486.6,9.58,2.495,623.86,0.7870
486.6,9.66,2.494,623.60,0.7866
486.6,9.74,2.493,623.36,0.7862
486.6,9.83,2.492,623.08,0.7858
486.6,9.91,2.491,622.72,0.7855
486.6,9.99,2.489,622.23,0.7853
486.6,10.07,2.487,621.69,0.7850
486.6,10.15,2.485,621.24,0.7844
486.6,10.23,2.484,620.93,0.7835
486.6,10.31,2.483,620.79,0.7822
486.6,10.39,2.483,620.69,0.7811
486.6,10.47,2.482,620.61,0.7802
486.6,10.55,2.482,620.53,0.7796
486.6,10.63,2.482,620.47,0.7790
486.6,10.71,2.482,620.41,0.7784
486.6,10.79,2.481,620.36,0.7778
486.6,10.87,2.481,620.31,0.7772
486.6,10.95,2.481,620.24,0.7767
486.6,11.03,2.481,620.16,0.7761
486.6,11.11,2.480,620.05,0.7756
486.6,11.19,2.480,619.91,0.7751
486.6,11.28,2.479,619.73,0.7746
486.6,11.36,2.478,619.50,0.7742
486.6,11.44,2.477,619.22,0.7738
486.6,11.52,2.476,618.88,0.7734
486.6,11.60,2.474,618.47,0.7730
486.6,11.68,2.472,617.98,0.7726
486.6,11.76,2.470,617.41,0.7723
486.6,11.84,2.467,616.71,0.7721
486.6,11.92,2.463,615.85,0.7721
486.6,12.00,2.459,614.81,0.7723
491.9,0.00,3.260,814.91,
491.9,0.08,3.264,815.96,
491.9,0.16,3.268,817.11,
491.9,0.24,3.273,818.25,
491.9,0.32,3.277,819.22,
491.9,0.40,3.280,820.00,
491.9,0.48,3.282,820.55,
491.9,0.56,3.284,820.90,
491.9,0.64,3.284,821.04,
491.9,0.72,3.284,820.98,
491.9,0.81,3.283,820.72,
491.9,0.89,3.281,820.27,
491.9,0.97,3.279,819.63,
491.9,1.05,3.275,818.81,
491.9,1.13,3.271,817.81,
491.9,1.21,3.267,816.65,
491.9,1.29,3.261,815.31,
491.9,1.37,3.255,813.81,
491.9,1.45,3.249,812.15,
491.9,1.53,3.241,810.33,
491.9,1.61,3.233,808.37,
491.9,1.69,3.225,806.26,
491.9,1.77,3.216,804.01,
491.9,1.85,3.207,801.63,
491.9,1.93,3.196,799.12,
491.9,2.01,3.186,796.47,0.9693
491.9,2.09,3.175,793.70,0.9661
491.9,2.17,3.163,790.77,0.9622
491.9,2.26,3.152,787.94,0.9585
491.9,2.34,3.141,785.33,0.9553
491.9,2.42,3.131,782.86,0.9523
491.9,2.50,3.122,780.51,0.9496
491.9,2.58,3.113,778.28,0.9469
491.9,2.66,3.105,776.15,0.9445
491.9,2.74,3.097,774.13,0.9421
491.9,2.82,3.089,772.20,0.9399
491.9,2.90,3.082,770.38,0.9378
491.9,2.98,3.075,768.65,0.9358
491.9,3.06,3.068,767.01,0.9339
491.9,3.14,3.062,765.46,0.9320
491.9,3.22,3.056,763.99,0.9303
491.9,3.30,3.050,762.61,0.9286
491.9,3.38,3.045,761.30,0.9270
491.9,3.46,3.040,760.06,0.9255
491.9,3.54,3.036,758.89,0.9240
491.9,3.62,3.031,757.79,0.9225
491.9,3.70,3.027,756.75,0.9211
491.9,3.79,3.023,755.77,0.9196
491.9,3.87,3.019,754.85,0.9182
491.9,3.95,3.016,754.01,0.9171
491.9,4.03,3.013,753.26,0.9161
491.9,4.11,3.009,752.35,0.9147
491.9,4.19,3.005,751.21,0.9126
491.9,4.27,3.000,750.08,0.9107
491.9,4.35,2.996,749.02,0.9092
491.9,4.43,2.992,747.96,0.9077
491.9,4.51,2.988,746.88,0.9062
491.9,4.59,2.983,745.79,0.9048
491.9,4.67,2.979,744.67,0.9034
491.9,4.75,2.974,743.53,0.9020
491.9,4.83,2.969,742.37,0.9006
491.9,4.91,2.965,741.17,0.8992
491.9,4.99,2.960,739.94,0.8977
491.9,5.07,2.955,738.68,0.8963
491.9,5.15,2.950,737.38,0.8949
491.9,5.23,2.944,736.04,0.8934
491.9,5.32,2.939,734.66,0.8919
491.9,5.40,2.933,733.24,0.8904
491.9,5.48,2.927,731.77,0.8888
491.9,5.56,2.921,730.25,0.8872
491.9,5.64,2.915,728.68,0.8855
491.9,5.72,2.908,727.05,0.8838
491.9,5.80,2.901,725.37,0.8820
491.9,5.88,2.895,723.64,0.8802
491.9,5.96,2.888,721.93,0.8786
491.9,6.04,2.881,720.24,0.8771
491.9,6.12,2.874,718.46,0.8752
491.9,6.20,2.866,716.51,0.8727
491.9,6.28,2.857,714.32,0.8701
491.9,6.36,2.848,711.92,0.8673
491.9,6.44,2.838,709.38,0.8644
491.9,6.52,2.827,706.72,0.8614
491.9,6.60,2.816,703.95,0.8582
491.9,6.68,2.804,701.10,0.8549
491.9,6.77,2.793,698.18,0.8514
491.9,6.85,2.781,695.21,0.8479
491.9,6.93,2.769,692.20,0.8444
491.9,7.01,2.757,689.17,0.8408
491.9,7.09,2.745,686.13,0.8372
491.9,7.17,2.732,683.11,0.8336
491.9,7.25,2.720,680.11,0.8301
491.9,7.33,2.709,677.16,0.8266
491.9,7.41,2.697,674.27,0.8231
491.9,7.49,2.686,671.46,0.8198
491.9,7.57,2.675,668.74,0.8165
491.9,7.65,2.665,666.13,0.8134
491.9,7.73,2.655,663.65,0.8105
491.9,7.81,2.645,661.31,0.8077
491.9,7.89,2.637,659.14,0.8052
491.9,7.97,2.629,657.19,0.8031
491.9,8.05,2.622,655.48,0.8014
491.9,8.13,2.616,654.03,0.7996
491.9,8.21,2.611,652.71,0.7976
491.9,8.30,2.606,651.41,0.7959
491.9,8.38,2.601,650.13,0.7944
491.9,8.46,2.596,648.95,0.7931
491.9,8.54,2.591,647.87,0.7918
491.9,8.62,2.587,646.87,0.7907
491.9,8.70,2.584,645.96,0.7897
491.9,8.78,2.580,645.12,0.7887
491.9,8.86,2.577,644.36,0.7879
491.9,8.94,2.575,643.67,0.7871
491.9,9.02,2.572,643.04,0.7864
491.9,9.10,2.570,642.47,0.7858
491.9,9.18,2.568,641.96,0.7852
491.9,9.26,2.566,641.50,0.7846
491.9,9.34,2.564,641.09,0.7841
491.9,9.42,2.563,640.71,0.7837
491.9,9.50,2.562,640.38,0.7832
491.9,9.58,2.560,640.08,0.7828
491.9,9.66,2.559,639.80,0.7824
491.9,9.74,2.558,639.55,0.7820
491.9,9.83,2.557,639.31,0.7815
491.9,9.91,2.556,639.05,0.7811
491.9,9.99,2.555,638.68,0.7808
491.9,10.07,2.553,638.26,0.7803
491.9,10.15,2.552,637.96,0.7796
491.9,10.23,2.551,637.80,0.7786
491.9,10.31,2.551,637.67,0.7779
491.9,10.39,2.550,637.56,0.7773
491.9,10.47,2.550,637.47,0.7768
491.9,10.55,2.550,637.40,0.7762
491.9,10.63,2.549,637.35,0.7757
491.9,10.71,2.549,637.30,0.7751
491.9,10.79,2.549,637.25,0.7746
491.9,10.87,2.549,637.19,0.7741
491.9,10.95,2.548,637.11,0.7736
491.9,11.03,2.548,637.01,0.7732
491.9,11.11,2.548,636.89,0.7727
491.9,11.19,2.547,636.72,0.7723
491.9,11.28,2.546,636.51,0.7719
491.9,11.36,2.545,636.25,0.7715
491.9,11.44,2.544,635.93,0.7711
491.9,11.52,2.542,635.54,0.7708
491.9,11.60,2.540,635.09,0.7704
491.9,11.68,2.538,634.55,0.7702
491.9,11.76,2.536,633.92,0.7699
491.9,11.84,2.533,633.20,0.7697
491.9,11.92,2.529,632.35,0.7696
491.9,12.00,2.525,631.32,0.7697
497.3,0.00,3.374,843.62,
497.3,0.08,3.379,844.79,
497.3,0.16,3.383,845.85,
497.3,0.24,3.387,846.68,
497.3,0.32,3.389,847.29,
497.3,0.40,3.391,847.68,
497.3,0.48,3.391,847.87,
497.3,0.56,3.391,847.84,
497.3,0.64,3.390,847.61,
497.3,0.72,3.389,847.19,
497.3,0.81,3.386,846.57,
497.3,0.89,3.383,845.76,
497.3,0.97,3.379,844.77,
497.3,1.05,3.374,843.60,
497.3,1.13,3.369,842.25,
497.3,1.21,3.363,840.74,
497.3,1.29,3.356,839.06,
497.3,1.37,3.349,837.21,
497.3,1.45,3.341,835.22,
497.3,1.53,3.332,833.07,
497.3,1.61,3.323,830.78,
497.3,1.69,3.313,828.34,
497.3,1.77,3.303,825.77,
497.3,1.85,3.292,823.07,
497.3,1.93,3.281,820.24,
497.3,2.01,3.269,817.28,0.9661
497.3,2.09,3.257,814.24,0.9624
497.3,2.17,3.245,811.33,0.9590
497.3,2.26,3.234,808.55,0.9557
497.3,2.34,3.224,805.89,0.9526
497.3,2.42,3.213,803.34,0.9497
497.3,2.50,3.204,800.91,0.9469
497.3,2.58,3.194,798.59,0.9443
497.3,2.66,3.186,796.38,0.9418
497.3,2.74,3.177,794.27,0.9395
497.3,2.82,3.169,792.25,0.9372
497.3,2.90,3.161,790.34,0.9351
497.3,2.98,3.154,788.51,0.9330
497.3,3.06,3.147,786.78,0.9311
497.3,3.14,3.140,785.12,0.9292
497.3,3.22,3.134,783.55,0.9274
497.3,3.30,3.128,782.06,0.9257
497.3,3.38,3.123,780.64,0.9241
497.3,3.46,3.117,779.30,0.9224
497.3,3.54,3.112,778.02,0.9209
497.3,3.62,3.107,776.80,0.9193
497.3,3.70,3.103,775.64,0.9178
497.3,3.79,3.098,774.54,0.9163
497.3,3.87,3.094,773.50,0.9147
497.3,3.95,3.090,772.50,0.9132
497.3,4.03,3.086,771.56,0.9118
497.3,4.11,3.082,770.52,0.9101
497.3,4.19,3.078,769.49,0.9085
497.3,4.27,3.074,768.45,0.9070
497.3,4.35,3.070,767.41,0.9056
497.3,4.43,3.065,766.34,0.9041
497.3,4.51,3.061,765.26,0.9027
497.3,4.59,3.057,764.16,0.9013
497.3,4.67,3.052,763.03,0.8999
497.3,4.75,3.048,761.88,0.8985
497.3,4.83,3.043,760.70,0.8971
497.3,4.91,3.038,759.48,0.8957
497.3,4.99,3.033,758.24,0.8943
497.3,5.07,3.028,756.96,0.8929
497.3,5.15,3.023,755.64,0.8914
497.3,5.23,3.017,754.28,0.8899
497.3,5.32,3.012,752.88,0.8884
497.3,5.40,3.006,751.43,0.8869
497.3,5.48,3.000,749.93,0.8853
497.3,5.56,2.994,748.38,0.8836
497.3,5.64,2.987,746.78,0.8819
497.3,5.72,2.980,745.12,0.8802
497.3,5.80,2.974,743.40,0.8784
497.3,5.88,2.967,741.63,0.8765
497.3,5.96,2.959,739.79,0.8745
497.3,6.04,2.952,737.93,0.8726
497.3,6.12,2.944,735.91,0.8703
497.3,6.20,2.935,733.69,0.8679
497.3,6.28,2.925,731.32,0.8652
497.3,6.36,2.915,728.80,0.8623
497.3,6.44,2.905,726.17,0.8593
497.3,6.52,2.894,723.42,0.8562
497.3,6.60,2.882,720.58,0.8529
497.3,6.68,2.871,717.66,0.8495
497.3,6.77,2.859,714.69,0.8460
497.3,6.85,2.847,711.68,0.8425
497.3,6.93,2.835,708.63,0.8389
497.3,7.01,2.822,705.58,0.8353
497.3,7.09,2.810,702.53,0.8317
497.3,7.17,2.798,699.51,0.8281
497.3,7.25,2.786,696.53,0.8246
497.3,7.33,2.774,693.60,0.8211
497.3,7.41,2.763,690.74,0.8177
497.3,7.49,2.752,687.98,0.8144
497.3,7.57,2.741,685.31,0.8113
497.3,7.65,2.731,682.77,0.8082
497.3,7.73,2.721,680.37,0.8054
497.3,7.81,2.712,678.12,0.8027
497.3,7.89,2.704,676.04,0.8003
497.3,7.97,2.697,674.14,0.7981
497.3,8.05,2.690,672.49,0.7962
497.3,8.13,2.684,670.96,0.7943
497.3,8.21,2.678,669.52,0.7926
497.3,8.30,2.673,668.18,0.7911
497.3,8.38,2.668,666.93,0.7897
497.3,8.46,2.663,665.79,0.7884
497.3,8.54,2.659,664.73,0.7872
497.3,8.62,2.655,663.76,0.7862
497.3,8.70,2.651,662.86,0.7852
497.3,8.78,2.648,662.05,0.7843
497.3,8.86,2.645,661.30,0.7835
497.3,8.94,2.643,660.63,0.7828
497.3,9.02,2.640,660.01,0.7821
497.3,9.10,2.638,659.45,0.7815
497.3,9.18,2.636,658.94,0.7809
497.3,9.26,2.634,658.48,0.7804
497.3,9.34,2.632,658.07,0.7799
497.3,9.42,2.631,657.69,0.7795
497.3,9.50,2.629,657.34,0.7790
497.3,9.58,2.628,657.03,0.7786
497.3,9.66,2.627,656.74,0.7782
497.3,9.74,2.626,656.46,0.7777
497.3,9.83,2.625,656.21,0.7773
497.3,9.91,2.624,655.96,0.7768
497.3,9.99,2.623,655.70,0.7763
497.3,10.07,2.622,655.43,0.7758
497.3,10.15,2.621,655.23,0.7752
497.3,10.23,2.620,655.07,0.7747
497.3,10.31,2.620,654.94,0.7741
497.3,10.39,2.619,654.85,0.7736
497.3,10.47,2.619,654.77,0.7731
497.3,10.55,2.619,654.71,0.7726
497.3,10.63,2.619,654.66,0.7721
497.3,10.71,2.618,654.62,0.7716
497.3,10.79,2.618,654.56,0.7711
497.3,10.87,2.618,654.49,0.7706
497.3,10.95,2.618,654.40,0.7702
497.3,11.03,2.617,654.28,0.7698
497.3,11.11,2.617,654.13,0.7694
497.3,11.19,2.616,653.94,0.7690
497.3,11.28,2.615,653.69,0.7686
497.3,11.36,2.614,653.39,0.7683
497.3,11.44,2.612,653.03,0.7680
497.3,11.52,2.610,652.60,0.7677
497.3,11.60,2.608,652.09,0.7674
497.3,11.68,2.606,651.49,0.7672
497.3,11.76,2.603,650.80,0.7670
497.3,11.84,2.600,650.02,0.7668
497.3,11.92,2.597,649.13,0.7667
497.3,12.00,2.592,648.11,0.7667
502.7,0.00,3.493,873.32,
502.7,0.08,3.497,874.23,
502.7,0.16,3.500,874.89,
502.7,0.24,3.501,875.32,
502.7,0.32,3.502,875.53,
502.7,0.40,3.502,875.54,
502.7,0.48,3.501,875.33,
502.7,0.56,3.500,874.91,
502.7,0.64,3.497,874.30,
502.7,0.72,3.494,873.49,
502.7,0.81,3.490,872.50,
502.7,0.89,3.485,871.31,
502.7,0.97,3.480,869.95,
502.7,1.05,3.474,868.41,
502.7,1.13,3.467,866.70,
502.7,1.21,3.459,864.82,
502.7,1.29,3.451,862.78,
502.7,1.37,3.442,860.59,
502.7,1.45,3.433,858.24,
502.7,1.53,3.423,855.74,
502.7,1.61,3.412,853.10,
502.7,1.69,3.401,850.32,
502.7,1.77,3.390,847.41,
502.7,1.85,3.377,844.37,
502.7,1.93,3.365,841.18,
502.7,2.01,3.351,837.75,0.9619
502.7,2.09,3.338,834.61,0.9582
502.7,2.17,3.326,831.62,0.9548
502.7,2.26,3.315,828.76,0.9516
502.7,2.34,3.304,826.01,0.9485
502.7,2.42,3.294,823.38,0.9456
502.7,2.50,3.283,820.86,0.9428
502.7,2.58,3.274,818.45,0.9402
502.7,2.66,3.265,816.14,0.9377
502.7,2.74,3.256,813.93,0.9353
502.7,2.82,3.247,811.82,0.9330
502.7,2.90,3.239,809.80,0.9309
502.7,2.98,3.231,807.87,0.9288
502.7,3.06,3.224,806.03,0.9268
502.7,3.14,3.217,804.27,0.9249
502.7,3.22,3.210,802.59,0.9231
502.7,3.30,3.204,800.99,0.9213
502.7,3.38,3.198,799.45,0.9195
502.7,3.46,3.192,797.99,0.9178
502.7,3.54,3.186,796.59,0.9162
502.7,3.62,3.181,795.25,0.9145
502.7,3.70,3.176,793.97,0.9129
502.7,3.79,3.171,792.74,0.9113
502.7,3.87,3.166,791.56,0.9097
502.7,3.95,3.162,790.49,0.9081
502.7,4.03,3.158,789.46,0.9064
502.7,4.11,3.154,788.44,0.9049
502.7,4.19,3.150,787.42,0.9034
502.7,4.27,3.146,786.38,0.9019
502.7,4.35,3.141,785.33,0.9005
502.7,4.43,3.137,784.27,0.8991
502.7,4.51,3.133,783.18,0.8977
502.7,4.59,3.128,782.07,0.8963
502.7,4.67,3.124,780.94,0.8949
502.7,4.75,3.119,779.78,0.8935
502.7,4.83,3.114,778.59,0.8921
502.7,4.91,3.109,777.37,0.8907
502.7,4.99,3.104,776.11,0.8893
502.7,5.07,3.099,774.81,0.8879
502.7,5.15,3.094,773.48,0.8864
502.7,5.23,3.088,772.10,0.8849
502.7,5.32,3.083,770.67,0.8834
502.7,5.40,3.077,769.20,0.8819
502.7,5.48,3.071,767.68,0.8802
502.7,5.56,3.064,766.11,0.8786
502.7,5.64,3.058,764.48,0.8769
502.7,5.72,3.051,762.79,0.8751
502.7,5.80,3.044,761.05,0.8732
502.7,5.88,3.037,759.24,0.8713
502.7,5.96,3.030,757.42,0.8694
502.7,6.04,3.022,755.45,0.8673
502.7,6.12,3.013,753.28,0.8649
502.7,6.20,3.004,750.94,0.8623
502.7,6.28,2.994,748.46,0.8595
502.7,6.36,2.983,745.85,0.8565
502.7,6.44,2.973,743.13,0.8534
502.7,6.52,2.961,740.31,0.8501
502.7,6.60,2.950,737.40,0.8468
502.7,6.68,2.938,734.44,0.8433
502.7,6.77,2.926,731.42,0.8398
502.7,6.85,2.914,728.38,0.8362
502.7,6.93,2.901,725.31,0.8326
502.7,7.01,2.889,722.25,0.8290
502.7,7.09,2.877,719.21,0.8254
502.7,7.17,2.865,716.20,0.8219
502.7,7.25,2.853,713.24,0.8184
502.7,7.33,2.841,710.35,0.8150
502.7,7.41,2.830,707.54,0.8116
502.7,7.49,2.819,704.82,0.8084
502.7,7.57,2.809,702.23,0.8054
502.7,7.65,2.799,699.77,0.8025
502.7,7.73,2.790,697.45,0.7997
502.7,7.81,2.781,695.30,0.7972
502.7,7.89,2.773,693.33,0.7949
502.7,7.97,2.766,691.60,0.7929
502.7,8.05,2.760,690.00,0.7910
502.7,8.13,2.754,688.49,0.7893
502.7,8.21,2.748,687.08,0.7877
502.7,8.30,2.743,685.78,0.7863
502.7,8.38,2.738,684.57,0.7849
502.7,8.46,2.734,683.45,0.7837
502.7,8.54,2.730,682.42,0.7826
502.7,8.62,2.726,681.47,0.7816
502.7,8.70,2.722,680.60,0.7807
502.7,8.78,2.719,679.80,0.7798
502.7,8.86,2.716,679.07,0.7791
502.7,8.94,2.714,678.41,0.7784
502.7,9.02,2.711,677.80,0.7777
502.7,9.10,2.709,677.24,0.7771
502.7,9.18,2.707,676.74,0.7766
502.7,9.26,2.705,676.28,0.7761
502.7,9.34,2.703,675.86,0.7756
502.7,9.42,2.702,675.47,0.7752
502.7,9.50,2.700,675.12,0.7747
502.7,9.58,2.699,674.79,0.7743
502.7,9.66,2.698,674.48,0.7739
502.7,9.74,2.697,674.19,0.7734
502.7,9.83,2.696,673.91,0.7730
502.7,9.91,2.695,673.64,0.7725
502.7,9.99,2.693,673.36,0.7720
502.7,10.07,2.693,673.13,0.7714
502.7,10.15,2.692,672.95,0.7709
502.7,10.23,2.691,672.82,0.7704
502.7,10.31,2.691,672.71,0.7699
502.7,10.39,2.691,672.63,0.7694
502.7,10.47,2.690,672.57,0.7689
502.7,10.55,2.690,672.51,0.7684
502.7,10.63,2.690,672.46,0.7679
502.7,10.71,2.690,672.41,0.7675
502.7,10.79,2.689,672.34,0.7670
502.7,10.87,2.689,672.26,0.7666
502.7,10.95,2.689,672.15,0.7662
502.7,11.03,2.688,672.01,0.7658
502.7,11.11,2.687,671.83,0.7655
502.7,11.19,2.686,671.60,0.7651
502.7,11.28,2.685,671.32,0.7648
502.7,11.36,2.684,670.98,0.7645
502.7,11.44,2.682,670.56,0.7642
502.7,11.52,2.680,670.08,0.7640
502.7,11.60,2.678,669.51,0.7638
502.7,11.68,2.675,668.85,0.7636
502.7,11.76,2.672,668.10,0.7634
502.7,11.84,2.669,667.24,0.7633
502.7,11.92,2.665,666.27,0.7632
502.7,12.00,2.661,665.15,0.7632
508.1,0.00,3.617,904.13,
508.1,0.08,3.619,904.74,
508.1,0.16,3.620,905.01,
508.1,0.24,3.620,905.02,
508.1,0.32,3.619,904.82,
508.1,0.40,3.618,904.40,
508.1,0.48,3.615,903.78,
508.1,0.56,3.612,902.96,
508.1,0.64,3.608,901.94,
508.1,0.72,3.603,900.73,
508.1,0.81,3.597,899.33,
508.1,0.89,3.591,897.75,
508.1,0.97,3.584,896.00,
508.1,1.05,3.576,894.06,
508.1,1.13,3.568,891.97,
508.1,1.21,3.559,889.70,
508.1,1.29,3.549,887.28,
508.1,1.37,3.539,884.71,
508.1,1.45,3.528,881.98,
508.1,1.53,3.516,879.12,
508.1,1.61,3.504,876.11,
508.1,1.69,3.492,872.96,
508.1,1.77,3.478,869.57,
508.1,1.85,3.463,865.85,
508.1,1.93,3.447,861.74,
508.1,2.01,3.431,857.74,0.9563
508.1,2.09,3.417,854.18,0.9524
508.1,2.17,3.404,851.02,0.9490
508.1,2.26,3.392,848.07,0.9458
508.1,2.34,3.381,845.22,0.9427
508.1,2.42,3.370,842.50,0.9398
508.1,2.50,3.359,839.87,0.9370
508.1,2.58,3.349,837.36,0.9344
508.1,2.66,3.340,834.94,0.9319
508.1,2.74,3.331,832.63,0.9295
508.1,2.82,3.322,830.41,0.9272
508.1,2.90,3.313,828.27,0.9250
508.1,2.98,3.305,826.23,0.9229
508.1,3.06,3.297,824.27,0.9209
508.1,3.14,3.290,822.39,0.9190
508.1,3.22,3.282,820.59,0.9171
508.1,3.30,3.275,818.86,0.9153
508.1,3.38,3.269,817.20,0.9135
508.1,3.46,3.262,815.60,0.9117
508.1,3.54,3.256,814.07,0.9100
508.1,3.62,3.250,812.60,0.9083
508.1,3.70,3.245,811.19,0.9066
508.1,3.79,3.240,809.99,0.9051
508.1,3.87,3.236,809.05,0.9039
508.1,3.95,3.233,808.18,0.9021
508.1,4.03,3.228,806.97,0.8999
508.1,4.11,3.223,805.77,0.8980
508.1,4.19,3.219,804.72,0.8965
508.1,4.27,3.215,803.70,0.8951
508.1,4.35,3.211,802.65,0.8937
508.1,4.43,3.206,801.58,0.8923
508.1,4.51,3.202,800.50,0.8909
508.1,4.59,3.198,799.39,0.8895
508.1,4.67,3.193,798.25,0.8882
508.1,4.75,3.188,797.08,0.8868
508.1,4.83,3.184,795.88,0.8854
508.1,4.91,3.179,794.65,0.8841
508.1,4.99,3.174,793.38,0.8826
508.1,5.07,3.168,792.07,0.8812
508.1,5.15,3.163,790.72,0.8798
508.1,5.23,3.157,789.33,0.8783
508.1,5.32,3.152,787.89,0.8767
508.1,5.40,3.146,786.40,0.8751
508.1,5.48,3.139,784.86,0.8735
508.1,5.56,3.133,783.26,0.8718
508.1,5.64,3.126,781.61,0.8701
508.1,5.72,3.120,779.91,0.8683
508.1,5.80,3.113,778.30,0.8667
508.1,5.88,3.107,776.76,0.8654
508.1,5.96,3.100,775.00,0.8636
508.1,6.04,3.092,772.92,0.8611
508.1,6.12,3.083,770.64,0.8585
508.1,6.20,3.073,768.20,0.8558
508.1,6.28,3.063,765.63,0.8528
508.1,6.36,3.052,762.93,0.8498
508.1,6.44,3.041,760.13,0.8466
508.1,6.52,3.029,757.25,0.8433
508.1,6.60,3.017,754.30,0.8398
508.1,6.68,3.005,751.29,0.8363
508.1,6.77,2.993,748.25,0.8328
508.1,6.85,2.981,745.18,0.8292
508.1,6.93,2.968,742.11,0.8256
508.1,7.01,2.956,739.06,0.8220
508.1,7.09,2.944,736.03,0.8185
508.1,7.17,2.932,733.04,0.8149
508.1,7.25,2.920,730.12,0.8115
508.1,7.33,2.909,727.28,0.8081
508.1,7.41,2.898,724.52,0.8049
508.1,7.49,2.888,721.88,0.8018
508.1,7.57,2.877,719.37,0.7988
508.1,7.65,2.868,716.99,0.7960
508.1,7.73,2.859,714.80,0.7935
508.1,7.81,2.852,712.89,0.7914
508.1,7.89,2.845,711.25,0.7897
508.1,7.97,2.839,709.66,0.7878
508.1,8.05,2.833,708.13,0.7859
508.1,8.13,2.827,706.68,0.7841
508.1,8.21,2.821,705.31,0.7826
508.1,8.30,2.816,704.05,0.7813
508.1,8.38,2.811,702.87,0.7800
508.1,8.46,2.807,701.79,0.7789
508.1,8.54,2.803,700.78,0.7778
508.1,8.62,2.799,699.86,0.7769
508.1,8.70,2.796,699.01,0.7760
508.1,8.78,2.793,698.23,0.7752
508.1,8.86,2.790,697.52,0.7745
508.1,8.94,2.787,696.86,0.7738
508.1,9.02,2.785,696.26,0.7732
508.1,9.10,2.783,695.71,0.7727
508.1,9.18,2.781,695.21,0.7721
508.1,9.26,2.779,694.75,0.7717
508.1,9.34,2.777,694.33,0.7712
508.1,9.42,2.776,693.94,0.7708
508.1,9.50,2.774,693.57,0.7703
508.1,9.58,2.773,693.23,0.7699
508.1,9.66,2.772,692.91,0.7694
508.1,9.74,2.770,692.59,0.7690
508.1,9.83,2.769,692.24,0.7686
508.1,9.91,2.768,691.90,0.7682
508.1,9.99,2.766,691.62,0.7676
508.1,10.07,2.766,691.40,0.7669
508.1,10.15,2.765,691.24,0.7664
508.1,10.23,2.764,691.12,0.7659
508.1,10.31,2.764,691.03,0.7654
508.1,10.39,2.764,690.96,0.7649
508.1,10.47,2.764,690.90,0.7645
508.1,10.55,2.763,690.85,0.7640
508.1,10.63,2.763,690.79,0.7636
508.1,10.71,2.763,690.73,0.7632
508.1,10.79,2.763,690.65,0.7628
508.1,10.87,2.762,690.55,0.7624
508.1,10.95,2.762,690.41,0.7620
508.1,11.03,2.761,690.24,0.7616
508.1,11.11,2.760,690.03,0.7613
508.1,11.19,2.759,689.77,0.7610
508.1,11.28,2.758,689.44,0.7607
508.1,11.36,2.756,689.05,0.7604
508.1,11.44,2.754,688.59,0.7602
508.1,11.52,2.752,688.05,0.7600
508.1,11.60,2.750,687.42,0.7598
508.1,11.68,2.747,686.70,0.7597
508.1,11.76,2.743,685.86,0.7596
508.1,11.84,2.740,684.88,0.7597
508.1,11.92,2.735,683.73,0.7596
508.1,12.00,2.730,682.42,0.7592
513.4,0.00,3.744,935.93,
513.4,0.08,3.745,936.20,
513.4,0.16,3.745,936.14,
513.4,0.24,3.743,935.77,
513.4,0.32,3.740,935.12,
513.4,0.40,3.737,934.27,
513.4,0.48,3.733,933.21,
513.4,0.56,3.728,931.96,
513.4,0.64,3.722,930.51,
513.4,0.72,3.715,928.87,
513.4,0.81,3.708,927.05,
513.4,0.89,3.700,925.05,
513.4,0.97,3.691,922.87,
513.4,1.05,3.682,920.53,
513.4,1.13,3.672,918.02,
513.4,1.21,3.661,915.35,
513.4,1.29,3.650,912.52,
513.4,1.37,3.638,909.55,
513.4,1.45,3.626,906.43,
513.4,1.53,3.612,903.11,
513.4,1.61,3.598,899.51,
513.4,1.69,3.582,895.59,
513.4,1.77,3.565,891.30,
513.4,1.85,3.546,886.58,
513.4,1.93,3.527,881.75,
513.4,2.01,3.509,877.32,0.9497
513.4,2.09,3.493,873.34,0.9455
513.4,2.17,3.479,869.78,0.9418
513.4,2.26,3.466,866.58,0.9385
513.4,2.34,3.455,863.63,0.9355
513.4,2.42,3.443,860.79,0.9326
513.4,2.50,3.432,858.06,0.9299
513.4,2.58,3.422,855.43,0.9273
513.4,2.66,3.412,852.90,0.9248
513.4,2.74,3.402,850.46,0.9224
513.4,2.82,3.392,848.12,0.9201
513.4,2.90,3.383,845.86,0.9179
513.4,2.98,3.375,843.69,0.9158
513.4,3.06,3.366,841.60,0.9137
513.4,3.14,3.358,839.59,0.9118
513.4,3.22,3.351,837.65,0.9099
513.4,3.30,3.343,835.79,0.9080
513.4,3.38,3.336,833.99,0.9062
513.4,3.46,3.329,832.25,0.9043
513.4,3.54,3.323,830.65,0.9027
513.4,3.62,3.317,829.29,0.9012
513.4,3.70,3.313,828.19,0.9001
513.4,3.79,3.309,827.33,0.8991
513.4,3.87,3.306,826.55,0.8973
513.4,3.95,3.302,825.59,0.8950
513.4,4.03,3.297,824.19,0.8925
513.4,4.11,3.291,822.82,0.8902
513.4,4.19,3.286,821.61,0.8884
513.4,4.27,3.282,820.52,0.8869
513.4,4.35,3.278,819.48,0.8855
513.4,4.43,3.274,818.42,0.8841
513.4,4.51,3.269,817.33,0.8828
513.4,4.59,3.265,816.22,0.8814
513.4,4.67,3.260,815.08,0.8801
513.4,4.75,3.256,813.91,0.8787
513.4,4.83,3.251,812.71,0.8773
513.4,4.91,3.246,811.47,0.8760
513.4,4.99,3.241,810.19,0.8746
513.4,5.07,3.236,808.88,0.8731
513.4,5.15,3.230,807.51,0.8717
513.4,5.23,3.224,806.11,0.8702
513.4,5.32,3.219,804.65,0.8686
513.4,5.40,3.213,803.14,0.8670
513.4,5.48,3.206,801.58,0.8654
513.4,5.56,3.200,800.05,0.8638
513.4,5.64,3.194,798.60,0.8625
513.4,5.72,3.189,797.28,0.8615
513.4,5.80,3.184,795.95,0.8605
513.4,5.88,3.178,794.40,0.8591
513.4,5.96,3.170,792.56,0.8570
513.4,6.04,3.162,790.39,0.8543
513.4,6.12,3.152,788.02,0.8515
513.4,6.20,3.142,785.49,0.8485
513.4,6.28,3.131,782.84,0.8455
513.4,6.36,3.120,780.07,0.8423
513.4,6.44,3.109,777.22,0.8391
513.4,6.52,3.097,774.29,0.8357
513.4,6.60,3.085,771.30,0.8322
513.4,6.68,3.073,768.26,0.8287
513.4,6.77,3.061,765.20,0.8251
513.4,6.85,3.049,762.13,0.8216
513.4,6.93,3.036,759.07,0.8180
513.4,7.01,3.024,756.03,0.8144
513.4,7.09,3.012,753.03,0.8109
513.4,7.17,3.000,750.08,0.8074
513.4,7.25,2.989,747.21,0.8040
513.4,7.33,2.978,744.43,0.8008
513.4,7.41,2.967,741.75,0.7976
513.4,7.49,2.957,739.19,0.7946
513.4,7.57,2.947,736.84,0.7920
513.4,7.65,2.939,734.75,0.7897
513.4,7.73,2.932,732.97,0.7880
513.4,7.81,2.925,731.37,0.7864
513.4,7.89,2.919,729.82,0.7847
513.4,7.97,2.913,728.31,0.7828
513.4,8.05,2.907,726.85,0.7808
513.4,8.13,2.902,725.46,0.7790
513.4,8.21,2.897,724.16,0.7775
513.4,8.30,2.892,722.93,0.7762
513.4,8.38,2.887,721.79,0.7750
513.4,8.46,2.883,720.74,0.7740
513.4,8.54,2.879,719.77,0.7730
513.4,8.62,2.875,718.87,0.7721
513.4,8.70,2.872,718.04,0.7713
513.4,8.78,2.869,717.28,0.7705
513.4,8.86,2.866,716.58,0.7698
513.4,8.94,2.864,715.94,0.7692
513.4,9.02,2.861,715.35,0.7687
513.4,9.10,2.859,714.81,0.7681
513.4,9.18,2.857,714.32,0.7676
513.4,9.26,2.855,713.86,0.7672
513.4,9.34,2.854,713.43,0.7667
513.4,9.42,2.852,713.03,0.7663
513.4,9.50,2.851,712.66,0.7658
513.4,9.58,2.849,712.28,0.7655
513.4,9.66,2.848,711.88,0.7651
513.4,9.74,2.846,711.46,0.7649
513.4,9.83,2.844,711.06,0.7645
513.4,9.91,2.843,710.73,0.7640
513.4,9.99,2.842,710.46,0.7633
513.4,10.07,2.841,710.24,0.7625
513.4,10.15,2.840,710.08,0.7619
513.4,10.23,2.840,709.97,0.7613
513.4,10.31,2.840,709.89,0.7609
513.4,10.39,2.839,709.82,0.7604
513.4,10.47,2.839,709.77,0.7600
513.4,10.55,2.839,709.71,0.7596
513.4,10.63,2.839,709.65,0.7591
513.4,10.71,2.838,709.57,0.7588
513.4,10.79,2.838,709.47,0.7584
513.4,10.87,2.837,709.35,0.7580
513.4,10.95,2.837,709.19,0.7577
513.4,11.03,2.836,708.99,0.7573
513.4,11.11,2.835,708.74,0.7570
513.4,11.19,2.834,708.43,0.7568
513.4,11.28,2.832,708.06,0.7565
513.4,11.36,2.830,707.62,0.7563
513.4,11.44,2.828,707.10,0.7561
513.4,11.52,2.826,706.50,0.7559
513.4,11.60,2.823,705.78,0.7559
513.4,11.68,2.820,704.93,0.7560
513.4,11.76,2.816,703.93,0.7562
513.4,11.84,2.811,702.75,0.7561
513.4,11.92,2.806,701.40,0.7557
513.4,12.00,2.800,699.91,0.7548
518.8,0.00,3.874,968.60,
518.8,0.08,3.874,968.48,
518.8,0.16,3.872,968.04,
518.8,0.24,3.869,967.28,
518.8,0.32,3.865,966.24,
518.8,0.40,3.860,964.94,
518.8,0.48,3.854,963.42,
518.8,0.56,3.847,961.71,
518.8,0.64,3.839,959.81,
518.8,0.72,3.831,957.72,
518.8,0.81,3.822,955.45,
518.8,0.89,3.812,953.01,
518.8,0.97,3.802,950.40,
518.8,1.05,3.790,947.61,
518.8,1.13,3.779,944.67,
518.8,1.21,3.766,941.57,
518.8,1.29,3.753,938.30,
518.8,1.37,3.739,934.79,
518.8,1.45,3.724,930.99,
518.8,1.53,3.707,926.87,
518.8,1.61,3.690,922.39,
518.8,1.69,3.670,917.51,
518.8,1.77,3.649,912.21,
518.8,1.85,3.627,906.65,
518.8,1.93,3.606,901.39,
518.8,2.01,3.586,896.56,0.9420
518.8,2.09,3.569,892.19,0.9377
518.8,2.17,3.553,888.25,0.9338
518.8,2.26,3.539,884.70,0.9303
518.8,2.34,3.526,881.47,0.9272
518.8,2.42,3.514,878.49,0.9243
518.8,2.50,3.503,875.63,0.9216
518.8,2.58,3.491,872.87,0.9190
518.8,2.66,3.481,870.21,0.9165
518.8,2.74,3.471,867.64,0.9142
518.8,2.82,3.461,865.17,0.9119
518.8,2.90,3.451,862.77,0.9097
518.8,2.98,3.442,860.46,0.9076
518.8,3.06,3.433,858.23,0.9055
518.8,3.14,3.424,856.08,0.9036
518.8,3.22,3.416,854.00,0.9016
518.8,3.30,3.408,852.01,0.8998
518.8,3.38,3.401,850.20,0.8981
518.8,3.46,3.394,848.62,0.8967
518.8,3.54,3.389,847.30,0.8955
518.8,3.62,3.385,846.26,0.8947
518.8,3.70,3.382,845.42,0.8937
518.8,3.79,3.379,844.67,0.8920
518.8,3.87,3.376,843.90,0.8897
518.8,3.95,3.371,842.77,0.8871
518.8,4.03,3.365,841.21,0.8842
518.8,4.11,3.359,839.69,0.8817
518.8,4.19,3.353,838.34,0.8795
518.8,4.27,3.348,837.12,0.8777
518.8,4.35,3.344,836.01,0.8762
518.8,4.43,3.340,834.94,0.8749
518.8,4.51,3.335,833.86,0.8735
518.8,4.59,3.331,832.75,0.8722
518.8,4.67,3.326,831.61,0.8709
518.8,4.75,3.322,830.44,0.8695
518.8,4.83,3.317,829.24,0.8682
518.8,4.91,3.312,827.99,0.8668
518.8,4.99,3.307,826.71,0.8654
518.8,5.07,3.302,825.38,0.8640
518.8,5.15,3.296,824.01,0.8625
518.8,5.23,3.290,822.59,0.8610
518.8,5.32,3.285,821.15,0.8595
518.8,5.40,3.279,819.77,0.8581
518.8,5.48,3.274,818.47,0.8570
518.8,5.56,3.269,817.27,0.8561
518.8,5.64,3.265,816.21,0.8556
518.8,5.72,3.260,815.06,0.8549
518.8,5.80,3.255,813.68,0.8537
518.8,5.88,3.248,812.06,0.8522
518.8,5.96,3.241,810.14,0.8499
518.8,6.04,3.232,807.90,0.8470
518.8,6.12,3.222,805.47,0.8440
518.8,6.20,3.212,802.88,0.8408
518.8,6.28,3.201,800.17,0.8376
518.8,6.36,3.189,797.35,0.8344
518.8,6.44,3.178,794.45,0.8311
518.8,6.52,3.166,791.48,0.8276
518.8,6.60,3.154,788.47,0.8241
518.8,6.68,3.142,785.42,0.8206
518.8,6.77,3.129,782.36,0.8171
518.8,6.85,3.117,779.30,0.8135
518.8,6.93,3.105,776.25,0.8099
518.8,7.01,3.093,773.24,0.8064
518.8,7.09,3.081,770.28,0.8029
518.8,7.17,3.070,767.39,0.7995
518.8,7.25,3.058,764.58,0.7963
518.8,7.33,3.048,761.90,0.7931
518.8,7.41,3.038,759.41,0.7904
518.8,7.49,3.029,757.16,0.7880
518.8,7.57,3.021,755.19,0.7860
518.8,7.65,3.014,753.52,0.7846
518.8,7.73,3.008,751.97,0.7831
518.8,7.81,3.002,750.46,0.7815
518.8,7.89,2.996,748.99,0.7798
518.8,7.97,2.990,747.55,0.7778
518.8,8.05,2.985,746.15,0.7758
518.8,8.13,2.979,744.83,0.7741
518.8,8.21,2.974,743.58,0.7726
518.8,8.30,2.970,742.41,0.7712
518.8,8.38,2.965,741.31,0.7701
518.8,8.46,2.961,740.29,0.7691
518.8,8.54,2.957,739.35,0.7682
518.8,8.62,2.954,738.48,0.7673
518.8,8.70,2.951,737.68,0.7666
518.8,8.78,2.948,736.94,0.7659
518.8,8.86,2.945,736.25,0.7653
518.8,8.94,2.943,735.63,0.7647
518.8,9.02,2.940,735.05,0.7641
518.8,9.10,2.938,734.52,0.7636
518.8,9.18,2.936,734.02,0.7632
518.8,9.26,2.934,733.57,0.7627
518.8,9.34,2.933,733.13,0.7623
518.8,9.42,2.931,732.69,0.7619
518.8,9.50,2.929,732.24,0.7617
518.8,9.58,2.927,731.77,0.7614
518.8,9.66,2.925,731.28,0.7613
518.8,9.74,2.923,730.85,0.7609
518.8,9.83,2.922,730.47,0.7605
518.8,9.91,2.921,730.14,0.7599
518.8,9.99,2.919,729.86,0.7591
518.8,10.07,2.919,729.65,0.7582
518.8,10.15,2.918,729.49,0.7575
518.8,10.23,2.917,729.37,0.7569
518.8,10.31,2.917,729.28,0.7564
518.8,10.39,2.917,729.22,0.7559
518.8,10.47,2.917,729.16,0.7555
518.8,10.55,2.916,729.09,0.7551
518.8,10.63,2.916,729.02,0.7547
518.8,10.71,2.916,728.92,0.7543
518.8,10.79,2.915,728.81,0.7540
518.8,10.87,2.915,728.66,0.7537
518.8,10.95,2.914,728.47,0.7533
518.8,11.03,2.913,728.23,0.7530
518.8,11.11,2.912,727.94,0.7528
518.8,11.19,2.910,727.59,0.7525
518.8,11.28,2.909,727.17,0.7523
518.8,11.36,2.907,726.66,0.7522
518.8,11.44,2.904,726.04,0.7521
518.8,11.52,2.901,725.31,0.7522
518.8,11.60,2.898,724.44,0.7524
518.8,11.68,2.894,723.42,0.7527
518.8,11.76,2.889,722.21,0.7526
518.8,11.84,2.883,720.83,0.7521
518.8,11.92,2.877,719.31,0.7513
518.8,12.00,2.871,717.67,0.7502
524.2,0.00,4.008,1002.02,
524.2,0.08,4.006,1001.47,
524.2,0.16,4.002,1000.59,
524.2,0.24,3.998,999.41,
524.2,0.32,3.992,997.94,
524.2,0.40,3.985,996.21,
524.2,0.48,3.977,994.23,
524.2,0.56,3.968,992.03,
524.2,0.64,3.959,989.66,
524.2,0.72,3.948,987.10,
524.2,0.81,3.937,984.36,
524.2,0.89,3.926,981.45,
524.2,0.97,3.913,978.37,
524.2,1.05,3.901,975.13,
524.2,1.13,3.887,971.68,
524.2,1.21,3.872,967.97,
524.2,1.29,3.856,963.98,
524.2,1.37,3.839,959.67,
524.2,1.45,3.820,955.01,
524.2,1.53,3.800,949.97,
524.2,1.61,3.778,944.48,
524.2,1.69,3.754,938.61,
524.2,1.77,3.730,932.44,
524.2,1.85,3.706,926.40,
524.2,1.93,3.683,920.74,
524.2,2.01,3.662,915.52,0.9335
524.2,2.09,3.643,910.79,0.9290
524.2,2.17,3.626,906.51,0.9250
524.2,2.26,3.611,902.63,0.9214
524.2,2.34,3.596,899.09,0.9182
524.2,2.42,3.583,895.83,0.9152
524.2,2.50,3.571,892.80,0.9125
524.2,2.58,3.560,889.90,0.9100
524.2,2.66,3.548,887.10,0.9075
524.2,2.74,3.538,884.39,0.9052
524.2,2.82,3.527,881.77,0.9029
524.2,2.90,3.517,879.23,0.9008
524.2,2.98,3.507,876.77,0.8987
524.2,3.06,3.498,874.39,0.8966
524.2,3.14,3.489,872.14,0.8947
524.2,3.22,3.480,870.09,0.8930
524.2,3.30,3.473,868.24,0.8916
524.2,3.38,3.467,866.64,0.8904
524.2,3.46,3.461,865.32,0.8896
524.2,3.54,3.457,864.29,0.8890
524.2,3.62,3.454,863.42,0.8880
524.2,3.70,3.451,862.65,0.8863
524.2,3.79,3.448,861.96,0.8839
524.2,3.87,3.444,861.07,0.8813
524.2,3.95,3.439,859.80,0.8784
524.2,4.03,3.432,858.11,0.8753
524.2,4.11,3.426,856.46,0.8725
524.2,4.19,3.420,855.00,0.8701
524.2,4.27,3.415,853.68,0.8681
524.2,4.35,3.410,852.47,0.8664
524.2,4.43,3.405,851.34,0.8649
524.2,4.51,3.401,850.25,0.8636
524.2,4.59,3.397,849.14,0.8622
524.2,4.67,3.392,848.01,0.8609
524.2,4.75,3.387,846.83,0.8596
524.2,4.83,3.383,845.63,0.8582
524.2,4.91,3.378,844.38,0.8569
524.2,4.99,3.372,843.09,0.8555
524.2,5.07,3.367,841.77,0.8540
524.2,5.15,3.362,840.46,0.8527
524.2,5.23,3.357,839.19,0.8515
524.2,5.32,3.352,838.00,0.8505
524.2,5.40,3.348,836.92,0.8498
524.2,5.48,3.344,835.97,0.8493
524.2,5.56,3.340,835.12,0.8492
524.2,5.64,3.336,834.11,0.8487
524.2,5.72,3.332,832.89,0.8478
524.2,5.80,3.326,831.47,0.8465
524.2,5.88,3.319,829.80,0.8448
524.2,5.96,3.311,827.82,0.8423
524.2,6.04,3.302,825.53,0.8393
524.2,6.12,3.292,823.05,0.8361
524.2,6.20,3.282,820.43,0.8328
524.2,6.28,3.271,817.68,0.8295
524.2,6.36,3.259,814.83,0.8261
524.2,6.44,3.248,811.89,0.8227
524.2,6.52,3.236,808.90,0.8193
524.2,6.60,3.224,805.88,0.8158
524.2,6.68,3.211,802.83,0.8123
524.2,6.77,3.199,799.78,0.8087
524.2,6.85,3.187,796.74,0.8052
524.2,6.93,3.175,793.73,0.8017
524.2,7.01,3.163,790.76,0.7982
524.2,7.09,3.151,787.86,0.7948
524.2,7.17,3.140,785.09,0.7917
524.2,7.25,3.130,782.49,0.7888
524.2,7.33,3.120,780.10,0.7862
524.2,7.41,3.112,777.96,0.7841
524.2,7.49,3.104,776.12,0.7824
524.2,7.57,3.098,774.54,0.7812
524.2,7.65,3.092,773.03,0.7799
524.2,7.73,3.086,771.57,0.7784
524.2,7.81,3.081,770.13,0.7768
524.2,7.89,3.075,768.73,0.7750
524.2,7.97,3.069,767.35,0.7731
524.2,8.05,3.064,766.02,0.7711
524.2,8.13,3.059,764.76,0.7693
524.2,8.21,3.054,763.57,0.7678
524.2,8.30,3.050,762.45,0.7665
524.2,8.38,3.046,761.40,0.7653
524.2,8.46,3.042,760.42,0.7644
524.2,8.54,3.038,759.51,0.7635
524.2,8.62,3.035,758.66,0.7627
524.2,8.70,3.032,757.89,0.7620
524.2,8.78,3.029,757.17,0.7614
524.2,8.86,3.026,756.51,0.7608
524.2,8.94,3.024,755.90,0.7602
524.2,9.02,3.021,755.33,0.7597
524.2,9.10,3.019,754.80,0.7593
524.2,9.18,3.017,754.29,0.7589
524.2,9.26,3.015,753.80,0.7585
524.2,9.34,3.013,753.30,0.7583
524.2,9.42,3.011,752.79,0.7581
524.2,9.50,3.009,752.25,0.7579
524.2,9.58,3.007,751.71,0.7578
524.2,9.66,3.005,751.24,0.7575
524.2,9.74,3.003,750.81,0.7571
524.2,9.83,3.002,750.44,0.7565
524.2,9.91,3.000,750.11,0.7558
524.2,9.99,2.999,749.83,0.7550
524.2,10.07,2.998,749.60,0.7541
524.2,10.15,2.998,749.43,0.7533
524.2,10.23,2.997,749.30,0.7526
524.2,10.31,2.997,749.21,0.7520
524.2,10.39,2.997,749.13,0.7515
524.2,10.47,2.996,749.06,0.7511
524.2,10.55,2.996,748.99,0.7507
524.2,10.63,2.996,748.90,0.7504
524.2,10.71,2.995,748.78,0.7500
524.2,10.79,2.995,748.64,0.7497
524.2,10.87,2.994,748.46,0.7494
524.2,10.95,2.993,748.23,0.7491
524.2,11.03,2.992,747.96,0.7488
524.2,11.11,2.990,747.62,0.7486
524.2,11.19,2.989,747.20,0.7484
524.2,11.28,2.987,746.68,0.7484
524.2,11.36,2.984,746.05,0.7484
524.2,11.44,2.981,745.30,0.7486
524.2,11.52,2.978,744.41,0.7490
524.2,11.60,2.973,743.36,0.7492
524.2,11.68,2.968,742.12,0.7491
524.2,11.76,2.963,740.72,0.7486
524.2,11.84,2.957,739.17,0.7478
524.2,11.92,2.950,737.51,0.7467
524.2,12.00,2.943,735.72,0.7453
529.5,0.00,4.144,1036.06,
529.5,0.08,4.140,1035.03,
529.5,0.16,4.135,1033.68,
529.5,0.24,4.128,1032.02,
529.5,0.32,4.120,1030.07,
529.5,0.40,4.111,1027.86,
529.5,0.48,4.102,1025.41,
529.5,0.56,4.091,1022.74,
529.5,0.64,4.079,1019.86,
529.5,0.72,4.067,1016.80,
529.5,0.81,4.054,1013.57,
529.5,0.89,4.041,1010.16,
529.5,0.97,4.026,1006.53,
529.5,1.05,4.011,1002.65,
529.5,1.13,3.994,998.48,
529.5,1.21,3.976,993.99,
529.5,1.29,3.957,989.16,
529.5,1.37,3.936,983.94,
529.5,1.45,3.913,978.31,
529.5,1.53,3.889,972.24,
529.5,1.61,3.863,965.80,
529.5,1.69,3.836,959.07,
529.5,1.77,3.809,952.31,
529.5,1.85,3.784,945.89,
529.5,1.93,3.759,939.87,
529.5,2.01,3.737,934.30,0.9242
529.5,2.09,3.717,929.23,0.9197
529.5,2.17,3.699,924.63,0.9156
529.5,2.26,3.682,920.44,0.9120
529.5,2.34,3.666,916.62,0.9087
529.5,2.42,3.652,913.09,0.9057
529.5,2.50,3.639,909.82,0.9030
529.5,2.58,3.627,906.73,0.9004
529.5,2.66,3.615,903.78,0.8980
529.5,2.74,3.604,900.91,0.8957
529.5,2.82,3.593,898.13,0.8935
529.5,2.90,3.582,895.45,0.8914
529.5,2.98,3.572,892.91,0.8894
529.5,3.06,3.562,890.54,0.8877
529.5,3.14,3.554,888.38,0.8861
529.5,3.22,3.546,886.45,0.8849
529.5,3.30,3.539,884.79,0.8839
529.5,3.38,3.534,883.43,0.8834
529.5,3.46,3.529,882.35,0.8829
529.5,3.54,3.526,881.40,0.8819
529.5,3.62,3.522,880.58,0.8801
529.5,3.70,3.520,879.88,0.8778
529.5,3.79,3.517,879.14,0.8752
529.5,3.87,3.513,878.13,0.8723
529.5,3.95,3.507,876.74,0.8691
529.5,4.03,3.500,874.95,0.8658
529.5,4.11,3.493,873.22,0.8628
529.5,4.19,3.487,871.67,0.8602
529.5,4.27,3.481,870.27,0.8581
529.5,4.35,3.476,869.00,0.8562
529.5,4.43,3.471,867.81,0.8546
529.5,4.51,3.467,866.67,0.8532
529.5,4.59,3.462,865.56,0.8519
529.5,4.67,3.458,864.43,0.8506
529.5,4.75,3.453,863.26,0.8492
529.5,4.83,3.448,862.05,0.8479
529.5,4.91,3.443,860.83,0.8466
529.5,4.99,3.438,859.62,0.8453
529.5,5.07,3.434,858.45,0.8442
529.5,5.15,3.429,857.35,0.8433
529.5,5.23,3.425,856.34,0.8426
529.5,5.32,3.422,855.46,0.8422
529.5,5.40,3.419,854.74,0.8422
529.5,5.48,3.416,854.05,0.8422
529.5,5.56,3.413,853.16,0.8419
529.5,5.64,3.408,852.08,0.8413
529.5,5.72,3.403,850.83,0.8403
529.5,5.80,3.397,849.37,0.8389
529.5,5.88,3.391,847.65,0.8370
529.5,5.96,3.383,845.64,0.8344
529.5,6.04,3.373,843.33,0.8313
529.5,6.12,3.363,840.82,0.8280
529.5,6.20,3.353,838.18,0.8246
529.5,6.28,3.342,835.42,0.8212
529.5,6.36,3.330,832.55,0.8178
529.5,6.44,3.318,829.61,0.8143
529.5,6.52,3.306,826.62,0.8108
529.5,6.60,3.294,823.60,0.8073
529.5,6.68,3.282,820.56,0.8038
529.5,6.77,3.270,817.53,0.8003
529.5,6.85,3.258,814.53,0.7968
529.5,6.93,3.246,811.58,0.7934
529.5,7.01,3.235,808.74,0.7902
529.5,7.09,3.224,806.04,0.7872
529.5,7.17,3.214,803.53,0.7845
529.5,7.25,3.205,801.25,0.7822
529.5,7.33,3.197,799.23,0.7803
529.5,7.41,3.190,797.53,0.7790
529.5,7.49,3.184,796.02,0.7779
529.5,7.57,3.178,794.55,0.7766
529.5,7.65,3.173,793.13,0.7753
529.5,7.73,3.167,791.74,0.7738
529.5,7.81,3.162,790.38,0.7722
529.5,7.89,3.156,789.04,0.7704
529.5,7.97,3.151,787.72,0.7685
529.5,8.05,3.146,786.45,0.7665
529.5,8.13,3.141,785.24,0.7647
529.5,8.21,3.136,784.11,0.7632
529.5,8.30,3.132,783.04,0.7619
529.5,8.38,3.128,782.03,0.7608
529.5,8.46,3.124,781.10,0.7599
529.5,8.54,3.121,780.22,0.7591
529.5,8.62,3.118,779.41,0.7583
529.5,8.70,3.115,778.66,0.7577
529.5,8.78,3.112,777.96,0.7571
529.5,8.86,3.109,777.32,0.7566
529.5,8.94,3.107,776.71,0.7561
529.5,9.02,3.105,776.14,0.7556
529.5,9.10,3.102,775.58,0.7553
529.5,9.18,3.100,775.03,0.7550
529.5,9.26,3.098,774.48,0.7548
529.5,9.34,3.096,773.91,0.7547
529.5,9.42,3.093,773.31,0.7546
529.5,9.50,3.091,772.74,0.7545
529.5,9.58,3.089,772.22,0.7542
529.5,9.66,3.087,771.76,0.7539
529.5,9.74,3.085,771.34,0.7533
529.5,9.83,3.084,770.96,0.7527
529.5,9.91,3.082,770.62,0.7519
529.5,9.99,3.081,770.33,0.7510
529.5,10.07,3.080,770.10,0.7500
529.5,10.15,3.080,769.91,0.7492
529.5,10.23,3.079,769.77,0.7485
529.5,10.31,3.079,769.66,0.7479
529.5,10.39,3.078,769.56,0.7474
529.5,10.47,3.078,769.47,0.7469
529.5,10.55,3.078,769.38,0.7466
529.5,10.63,3.077,769.27,0.7462
529.5,10.71,3.077,769.13,0.7459
529.5,10.79,3.076,768.96,0.7456
529.5,10.87,3.075,768.74,0.7453
529.5,10.95,3.074,768.47,0.7450
529.5,11.03,3.073,768.13,0.7449
529.5,11.11,3.071,767.70,0.7448
529.5,11.19,3.069,767.17,0.7448
529.5,11.28,3.066,766.53,0.7449
529.5,11.36,3.063,765.76,0.7452
529.5,11.44,3.059,764.84,0.7456
529.5,11.52,3.055,763.75,0.7458
529.5,11.60,3.050,762.49,0.7456
529.5,11.68,3.044,761.07,0.7451
529.5,11.76,3.038,759.50,0.7444
529.5,11.84,3.031,757.81,0.7433
529.5,11.92,3.024,756.01,0.7420
529.5,12.00,3.016,754.08,0.7403
534.9,0.00,4.282,1070.60,
534.9,0.08,4.276,1069.05,
534.9,0.16,4.269,1067.17,
534.9,0.24,4.260,1064.98,
534.9,0.32,4.250,1062.52,
534.9,0.40,4.239,1059.79,
534.9,0.48,4.227,1056.82,
534.9,0.56,4.214,1053.62,
534.9,0.64,4.201,1050.23,
534.9,0.72,4.187,1046.64,
534.9,0.81,4.171,1042.84,
534.9,0.89,4.155,1038.79,
534.9,0.97,4.138,1034.45,
534.9,1.05,4.119,1029.80,
534.9,1.13,4.099,1024.81,
534.9,1.21,4.078,1019.43,
534.9,1.29,4.055,1013.65,
534.9,1.37,4.030,1007.41,
534.9,1.45,4.003,1000.76,
534.9,1.53,3.975,993.76,
534.9,1.61,3.946,986.50,
534.9,1.69,3.916,979.11,
534.9,1.77,3.888,971.98,
534.9,1.85,3.861,965.20,
534.9,1.93,3.835,958.84,
534.9,2.01,3.812,952.95,0.9145
534.9,2.09,3.790,947.57,0.9099
534.9,2.17,3.771,942.68,0.9058
534.9,2.26,3.753,938.22,0.9021
534.9,2.34,3.737,934.13,0.8989
534.9,2.42,3.721,930.37,0.8959
534.9,2.50,3.707,926.87,0.8932
534.9,2.58,3.694,923.59,0.8907
534.9,2.66,3.682,920.45,0.8883
534.9,2.74,3.670,917.43,0.8861
534.9,2.82,3.658,914.54,0.8840
534.9,2.90,3.647,911.81,0.8821
534.9,2.98,3.637,909.28,0.8805
534.9,3.06,3.628,906.97,0.8791
534.9,3.14,3.620,904.92,0.8780
534.9,3.22,3.613,903.16,0.8773
534.9,3.30,3.607,901.72,0.8770
534.9,3.38,3.602,900.52,0.8766
534.9,3.46,3.598,899.47,0.8754
534.9,3.54,3.594,898.55,0.8737
534.9,3.62,3.591,897.79,0.8714
534.9,3.70,3.588,897.11,0.8687
534.9,3.79,3.585,896.27,0.8658
534.9,3.87,3.581,895.16,0.8628
534.9,3.95,3.575,893.69,0.8594
534.9,4.03,3.567,891.83,0.8559
534.9,4.11,3.560,890.03,0.8528
534.9,4.19,3.554,888.43,0.8501
534.9,4.27,3.548,886.99,0.8479
534.9,4.35,3.543,885.67,0.8459
534.9,4.43,3.538,884.46,0.8443
534.9,4.51,3.533,883.30,0.8428
534.9,4.59,3.529,882.17,0.8414
534.9,4.67,3.524,881.04,0.8401
534.9,4.75,3.520,879.90,0.8389
534.9,4.83,3.515,878.76,0.8376
534.9,4.91,3.511,877.65,0.8365
534.9,4.99,3.506,876.61,0.8356
534.9,5.07,3.503,875.66,0.8349
534.9,5.15,3.499,874.82,0.8345
534.9,5.23,3.497,874.13,0.8344
534.9,5.32,3.494,873.61,0.8347
534.9,5.40,3.492,873.02,0.8349
534.9,5.48,3.489,872.24,0.8348
534.9,5.56,3.485,871.29,0.8343
534.9,5.64,3.481,870.18,0.8335
534.9,5.72,3.476,868.91,0.8325
534.9,5.80,3.470,867.43,0.8310
534.9,5.88,3.463,865.69,0.8289
534.9,5.96,3.455,863.67,0.8263
534.9,6.04,3.445,861.35,0.8231
534.9,6.12,3.435,858.84,0.8197
534.9,6.20,3.425,856.20,0.8163
534.9,6.28,3.414,853.44,0.8129
534.9,6.36,3.402,850.59,0.8094
534.9,6.44,3.391,847.67,0.8060
534.9,6.52,3.379,844.69,0.8025
534.9,6.60,3.367,841.69,0.7990
534.9,6.68,3.355,838.68,0.7955
534.9,6.77,3.343,835.71,0.7921
534.9,6.85,3.331,832.81,0.7888
534.9,6.93,3.320,830.04,0.7857
534.9,7.01,3.310,827.43,0.7829
534.9,7.09,3.300,825.02,0.7804
534.9,7.17,3.291,822.85,0.7783
534.9,7.25,3.284,820.97,0.7768
534.9,7.33,3.278,819.40,0.7757
534.9,7.41,3.272,817.94,0.7747
534.9,7.49,3.266,816.53,0.7735
534.9,7.57,3.261,815.15,0.7722
534.9,7.65,3.255,813.81,0.7708
534.9,7.73,3.250,812.49,0.7694
534.9,7.81,3.245,811.18,0.7678
534.9,7.89,3.240,809.91,0.7660
534.9,7.97,3.235,808.65,0.7641
534.9,8.05,3.230,807.43,0.7622
534.9,8.13,3.225,806.28,0.7604
534.9,8.21,3.221,805.19,0.7590
534.9,8.30,3.217,804.17,0.7577
534.9,8.38,3.213,803.21,0.7566
534.9,8.46,3.209,802.31,0.7557
534.9,8.54,3.206,801.47,0.7550
534.9,8.62,3.203,800.69,0.7543
534.9,8.70,3.200,799.96,0.7537
534.9,8.78,3.197,799.28,0.7531
534.9,8.86,3.195,798.64,0.7527
534.9,8.94,3.192,798.03,0.7523
534.9,9.02,3.190,797.43,0.7520
534.9,9.10,3.187,796.83,0.7517
534.9,9.18,3.185,796.22,0.7516
534.9,9.26,3.182,795.59,0.7515
534.9,9.34,3.180,794.94,0.7515
534.9,9.42,3.177,794.34,0.7514
534.9,9.50,3.175,793.80,0.7512
534.9,9.58,3.173,793.30,0.7508
534.9,9.66,3.171,792.84,0.7503
534.9,9.74,3.170,792.41,0.7497
534.9,9.83,3.168,792.02,0.7491
534.9,9.91,3.167,791.67,0.7482
534.9,9.99,3.165,791.36,0.7473
534.9,10.07,3.164,791.11,0.7462
534.9,10.15,3.164,790.91,0.7454
534.9,10.23,3.163,790.75,0.7446
534.9,10.31,3.162,790.61,0.7440
534.9,10.39,3.162,790.50,0.7435
534.9,10.47,3.162,790.38,0.7430
534.9,10.55,3.161,790.27,0.7427
534.9,10.63,3.161,790.13,0.7423
534.9,10.71,3.160,789.96,0.7420
534.9,10.79,3.159,789.75,0.7417
534.9,10.87,3.158,789.47,0.7415
534.9,10.95,3.156,789.12,0.7414
534.9,11.03,3.155,788.68,0.7414
534.9,11.11,3.153,788.13,0.7414
534.9,11.19,3.150,787.47,0.7416
534.9,11.28,3.147,786.68,0.7420
534.9,11.36,3.143,785.73,0.7424
534.9,11.44,3.138,784.61,0.7425
534.9,11.52,3.133,783.32,0.7423
534.9,11.60,3.128,781.88,0.7418
534.9,11.68,3.121,780.29,0.7410
534.9,11.76,3.114,778.59,0.7400
534.9,11.84,3.107,776.78,0.7387
534.9,11.92,3.099,774.85,0.7371
534.9,12.00,3.091,772.80,0.7352
540.3,0.00,4.422,1105.52,
540.3,0.08,4.414,1103.39,
540.3,0.16,4.404,1100.94,
540.3,0.24,4.393,1098.19,
540.3,0.32,4.381,1095.15,
540.3,0.40,4.367,1091.85,
540.3,0.48,4.353,1088.32,
540.3,0.56,4.338,1084.56,
540.3,0.64,4.322,1080.59,
540.3,0.72,4.306,1076.38,
540.3,0.81,4.288,1071.89,
540.3,0.89,4.268,1067.09,
540.3,0.97,4.248,1061.95,
540.3,1.05,4.226,1056.42,
540.3,1.13,4.202,1050.49,
540.3,1.21,4.176,1044.12,
540.3,1.29,4.149,1037.29,
540.3,1.37,4.120,1030.06,
540.3,1.45,4.090,1022.51,
540.3,1.53,4.059,1014.72,
540.3,1.61,4.027,1006.78,
540.3,1.69,3.996,998.98,
540.3,1.77,3.966,991.51,
540.3,1.85,3.938,984.42,
540.3,1.93,3.911,977.74,
540.3,2.01,3.886,971.55,0.9043
540.3,2.09,3.864,965.88,0.8997
540.3,2.17,3.843,960.73,0.8957
540.3,2.26,3.824,956.02,0.8921
540.3,2.34,3.807,951.71,0.8889
540.3,2.42,3.791,947.73,0.8860
540.3,2.50,3.776,944.04,0.8833
540.3,2.58,3.762,940.58,0.8809
540.3,2.66,3.749,937.29,0.8787
540.3,2.74,3.737,934.15,0.8766
540.3,2.82,3.725,931.19,0.8748
540.3,2.90,3.714,928.45,0.8732
540.3,2.98,3.704,925.96,0.8720
540.3,3.06,3.695,923.75,0.8711
540.3,3.14,3.687,921.85,0.8706
540.3,3.22,3.681,920.28,0.8705
540.3,3.30,3.676,918.91,0.8699
540.3,3.38,3.671,917.71,0.8687
540.3,3.46,3.667,916.66,0.8669
540.3,3.54,3.663,915.79,0.8647
540.3,3.62,3.660,915.08,0.8620
540.3,3.70,3.657,914.33,0.8592
540.3,3.79,3.654,913.41,0.8561
540.3,3.87,3.649,912.23,0.8529
540.3,3.95,3.643,910.71,0.8495
540.3,4.03,3.635,908.81,0.8458
540.3,4.11,3.628,906.98,0.8426
540.3,4.19,3.621,905.35,0.8399
540.3,4.27,3.616,903.89,0.8376
540.3,4.35,3.610,902.57,0.8356
540.3,4.43,3.605,901.36,0.8339
540.3,4.51,3.601,900.21,0.8325
540.3,4.59,3.596,899.10,0.8311
540.3,4.67,3.592,898.00,0.8299
540.3,4.75,3.588,896.94,0.8288
540.3,4.83,3.584,895.92,0.8278
540.3,4.91,3.580,895.00,0.8270
540.3,4.99,3.577,894.18,0.8265
540.3,5.07,3.574,893.50,0.8263
540.3,5.15,3.572,892.99,0.8265
540.3,5.23,3.570,892.62,0.8271
540.3,5.32,3.568,892.11,0.8273
540.3,5.40,3.566,891.42,0.8273
540.3,5.48,3.562,890.57,0.8269
540.3,5.56,3.558,889.59,0.8264
540.3,5.64,3.554,888.48,0.8256
540.3,5.72,3.549,887.19,0.8244
540.3,5.80,3.543,885.70,0.8228
540.3,5.88,3.536,883.97,0.8207
540.3,5.96,3.528,881.95,0.8181
540.3,6.04,3.519,879.65,0.8148
540.3,6.12,3.509,877.17,0.8115
540.3,6.20,3.498,874.55,0.8081
540.3,6.28,3.487,871.82,0.8047
540.3,6.36,3.476,869.00,0.8012
540.3,6.44,3.464,866.11,0.7978
540.3,6.52,3.453,863.17,0.7944
540.3,6.60,3.441,860.21,0.7910
540.3,6.68,3.429,857.29,0.7876
540.3,6.77,3.418,854.45,0.7844
540.3,6.85,3.407,851.76,0.7814
540.3,6.93,3.397,849.24,0.7788
540.3,7.01,3.388,846.94,0.7765
540.3,7.09,3.380,844.90,0.7747
540.3,7.17,3.373,843.16,0.7734
540.3,7.25,3.367,841.70,0.7725
540.3,7.33,3.361,840.30,0.7716
540.3,7.41,3.356,838.94,0.7705
540.3,7.49,3.350,837.62,0.7693
540.3,7.57,3.345,836.32,0.7680
540.3,7.65,3.340,835.05,0.7666
540.3,7.73,3.335,833.79,0.7652
540.3,7.81,3.330,832.55,0.7636
540.3,7.89,3.325,831.32,0.7619
540.3,7.97,3.321,830.13,0.7600
540.3,8.05,3.316,828.96,0.7581
540.3,8.13,3.311,827.86,0.7564
540.3,8.21,3.307,826.82,0.7550
540.3,8.30,3.303,825.84,0.7538
540.3,8.38,3.300,824.91,0.7528
540.3,8.46,3.296,824.05,0.7519
540.3,8.54,3.293,823.24,0.7512
540.3,8.62,3.290,822.49,0.7506
540.3,8.70,3.287,821.78,0.7501
540.3,8.78,3.284,821.10,0.7496
540.3,8.86,3.282,820.45,0.7492
540.3,8.94,3.279,819.81,0.7489
540.3,9.02,3.277,819.16,0.7488
540.3,9.10,3.274,818.51,0.7487
540.3,9.18,3.271,817.83,0.7487
540.3,9.26,3.269,817.15,0.7487
540.3,9.34,3.266,816.53,0.7486
540.3,9.42,3.264,815.95,0.7483
540.3,9.50,3.262,815.42,0.7480
540.3,9.58,3.260,814.92,0.7475
540.3,9.66,3.258,814.45,0.7470
540.3,9.74,3.256,814.01,0.7463
540.3,9.83,3.254,813.60,0.7456
540.3,9.91,3.253,813.24,0.7447
540.3,9.99,3.252,812.91,0.7437
540.3,10.07,3.251,812.64,0.7427
540.3,10.15,3.250,812.41,0.7418
540.3,10.23,3.249,812.22,0.7410
540.3,10.31,3.248,812.07,0.7404
540.3,10.39,3.248,811.92,0.7399
540.3,10.47,3.247,811.78,0.7394
540.3,10.55,3.247,811.63,0.7391
540.3,10.63,3.246,811.46,0.7388
540.3,10.71,3.245,811.24,0.7385
540.3,10.79,3.244,810.96,0.7383
540.3,10.87,3.242,810.60,0.7382
540.3,10.95,3.241,810.14,0.7382
540.3,11.03,3.238,809.58,0.7383
540.3,11.11,3.236,808.89,0.7386
540.3,11.19,3.232,808.07,0.7390
540.3,11.28,3.228,807.08,0.7394
540.3,11.36,3.224,805.93,0.7394
540.3,11.44,3.218,804.62,0.7391
540.3,11.52,3.213,803.16,0.7386
540.3,11.60,3.206,801.57,0.7378
540.3,11.68,3.199,799.85,0.7368
540.3,11.76,3.192,798.03,0.7356
540.3,11.84,3.184,796.10,0.7341
540.3,11.92,3.176,794.06,0.7323
540.3,12.00,3.168,791.89,0.7302
545.6,0.00,4.563,1140.69,
545.6,0.08,4.552,1137.94,
545.6,0.16,4.539,1134.87,
545.6,0.24,4.526,1131.50,
545.6,0.32,4.511,1127.85,
545.6,0.40,4.496,1123.94,
545.6,0.48,4.479,1119.79,
545.6,0.56,4.462,1115.42,
545.6,0.64,4.443,1110.78,
545.6,0.72,4.423,1105.84,
545.6,0.81,4.402,1100.56,
545.6,0.89,4.380,1094.90,
545.6,0.97,4.355,1088.83,
545.6,1.05,4.329,1082.33,
545.6,1.13,4.301,1075.36,
545.6,1.21,4.272,1067.93,
545.6,1.29,4.241,1060.13,
545.6,1.37,4.208,1052.03,
545.6,1.45,4.175,1043.73,
545.6,1.53,4.141,1035.28,
545.6,1.61,4.108,1026.89,
545.6,1.69,4.075,1018.77,
545.6,1.77,4.044,1010.99,
545.6,1.85,4.014,1003.59,
545.6,1.93,3.987,996.64,
545.6,2.01,3.961,990.17,0.8938
545.6,2.09,3.937,984.25,0.8894
545.6,2.17,3.915,978.85,0.8854
545.6,2.26,3.896,973.93,0.8819
545.6,2.34,3.878,969.41,0.8788
545.6,2.42,3.861,965.25,0.8761
545.6,2.50,3.846,961.40,0.8736
545.6,2.58,3.831,957.78,0.8713
545.6,2.66,3.817,954.35,0.8693
545.6,2.74,3.805,951.13,0.8675
545.6,2.82,3.793,948.14,0.8660
545.6,2.90,3.782,945.43,0.8649
545.6,2.98,3.772,943.01,0.8642
545.6,3.06,3.764,940.93,0.8639
545.6,3.14,3.757,939.17,0.8638
545.6,3.22,3.750,937.60,0.8631
545.6,3.30,3.745,936.21,0.8618
545.6,3.38,3.740,935.00,0.8600
545.6,3.46,3.736,933.98,0.8578
545.6,3.54,3.733,933.16,0.8551
545.6,3.62,3.730,932.42,0.8523
545.6,3.70,3.726,931.62,0.8493
545.6,3.79,3.723,930.65,0.8462
545.6,3.87,3.718,929.44,0.8428
545.6,3.95,3.712,927.89,0.8393
545.6,4.03,3.704,925.98,0.8357
545.6,4.11,3.697,924.14,0.8324
545.6,4.19,3.690,922.52,0.8297
545.6,4.27,3.684,921.07,0.8273
545.6,4.35,3.679,919.77,0.8254
545.6,4.43,3.674,918.59,0.8238
545.6,4.51,3.670,917.48,0.8224
545.6,4.59,3.666,916.42,0.8211
545.6,4.67,3.662,915.41,0.8200
545.6,4.75,3.658,914.47,0.8191
545.6,4.83,3.655,913.64,0.8185
545.6,4.91,3.652,912.95,0.8182
545.6,4.99,3.650,912.41,0.8182
545.6,5.07,3.648,912.06,0.8186
545.6,5.15,3.647,911.78,0.8192
545.6,5.23,3.645,911.33,0.8196
545.6,5.32,3.643,910.72,0.8196
545.6,5.40,3.640,909.97,0.8193
545.6,5.48,3.636,909.10,0.8189
545.6,5.56,3.632,908.11,0.8183
545.6,5.64,3.628,907.00,0.8174
545.6,5.72,3.623,905.73,0.8162
545.6,5.80,3.617,904.25,0.8146
545.6,5.88,3.610,902.54,0.8125
545.6,5.96,3.602,900.56,0.8099
545.6,6.04,3.593,898.29,0.8066
545.6,6.12,3.583,895.85,0.8033
545.6,6.20,3.573,893.28,0.8000
545.6,6.28,3.562,890.60,0.7966
545.6,6.36,3.551,887.83,0.7933
545.6,6.44,3.540,885.00,0.7899
545.6,6.52,3.528,882.12,0.7866
545.6,6.60,3.517,879.26,0.7833
545.6,6.68,3.506,876.50,0.7802
545.6,6.77,3.496,873.89,0.7774
545.6,6.85,3.486,871.48,0.7749
545.6,6.93,3.477,869.30,0.7729
545.6,7.01,3.470,867.40,0.7713
545.6,7.09,3.463,865.82,0.7703
545.6,7.17,3.458,864.43,0.7695
545.6,7.25,3.452,863.09,0.7686
545.6,7.33,3.447,861.79,0.7676
545.6,7.41,3.442,860.52,0.7665
545.6,7.49,3.437,859.28,0.7653
545.6,7.57,3.432,858.05,0.7640
545.6,7.65,3.427,856.84,0.7627
545.6,7.73,3.423,855.64,0.7612
545.6,7.81,3.418,854.45,0.7597
545.6,7.89,3.413,853.28,0.7580
545.6,7.97,3.409,852.14,0.7562
545.6,8.05,3.404,851.02,0.7544
545.6,8.13,3.400,849.97,0.7528
545.6,8.21,3.396,848.97,0.7514
545.6,8.30,3.392,848.03,0.7503
545.6,8.38,3.389,847.14,0.7493
545.6,8.46,3.385,846.31,0.7485
545.6,8.54,3.382,845.53,0.7479
545.6,8.62,3.379,844.79,0.7473
545.6,8.70,3.376,844.09,0.7469
545.6,8.78,3.374,843.40,0.7465
545.6,8.86,3.371,842.72,0.7463
545.6,8.94,3.368,842.04,0.7461
545.6,9.02,3.365,841.34,0.7460
545.6,9.10,3.362,840.62,0.7461
545.6,9.18,3.360,839.92,0.7461
545.6,9.26,3.357,839.27,0.7460
545.6,9.34,3.355,838.67,0.7457
545.6,9.42,3.352,838.11,0.7454
545.6,9.50,3.350,837.58,0.7449
545.6,9.58,3.348,837.07,0.7444
545.6,9.66,3.346,836.58,0.7438
545.6,9.74,3.345,836.13,0.7432
545.6,9.83,3.343,835.70,0.7424
545.6,9.91,3.341,835.31,0.7415
545.6,9.99,3.340,834.96,0.7405
545.6,10.07,3.339,834.66,0.7394
545.6,10.15,3.338,834.40,0.7385
545.6,10.23,3.337,834.19,0.7378
545.6,10.31,3.336,834.00,0.7371
545.6,10.39,3.335,833.82,0.7366
545.6,10.47,3.335,833.65,0.7362
545.6,10.55,3.334,833.46,0.7359
545.6,10.63,3.333,833.24,0.7356
545.6,10.71,3.332,832.95,0.7354
545.6,10.79,3.330,832.57,0.7353
545.6,10.87,3.328,832.09,0.7353
545.6,10.95,3.326,831.50,0.7355
545.6,11.03,3.323,830.79,0.7358
545.6,11.11,3.320,829.93,0.7362
545.6,11.19,3.316,828.91,0.7365
545.6,11.28,3.311,827.73,0.7364
545.6,11.36,3.306,826.39,0.7361
545.6,11.44,3.300,824.92,0.7356
545.6,11.52,3.293,823.32,0.7348
545.6,11.60,3.286,821.59,0.7338
545.6,11.68,3.279,819.77,0.7326
545.6,11.76,3.271,817.85,0.7312
545.6,11.84,3.263,815.81,0.7295
545.6,11.92,3.255,813.66,0.7275
545.6,12.00,3.246,811.39,0.7252
551.0,0.00,4.704,1175.98,
551.0,0.08,4.690,1172.56,
551.0,0.16,4.675,1168.83,
551.0,0.24,4.659,1164.79,
551.0,0.32,4.642,1160.48,
551.0,0.40,4.624,1155.91,
551.0,0.48,4.604,1151.10,
551.0,0.56,4.584,1146.03,
551.0,0.64,4.562,1140.62,
551.0,0.72,4.539,1134.83,
551.0,0.81,4.515,1128.65,
551.0,0.89,4.488,1122.02,
551.0,0.97,4.460,1114.93,
551.0,1.05,4.429,1107.35,
551.0,1.13,4.397,1099.34,
551.0,1.21,4.364,1090.98,
551.0,1.29,4.329,1082.35,
551.0,1.37,4.294,1073.53,
551.0,1.45,4.258,1064.60,
551.0,1.53,4.223,1055.67,
551.0,1.61,4.188,1046.95,
551.0,1.69,4.154,1038.54,
551.0,1.77,4.122,1030.48,
551.0,1.85,4.091,1022.81,
551.0,1.93,4.062,1015.60,
551.0,2.01,4.036,1008.88,0.8833
551.0,2.09,4.011,1002.74,0.8790
551.0,2.17,3.989,997.13,0.8752
551.0,2.26,3.968,992.01,0.8719
551.0,2.34,3.949,987.32,0.8689
551.0,2.42,3.932,983.00,0.8663
551.0,2.50,3.916,979.01,0.8640
551.0,2.58,3.901,975.25,0.8620
551.0,2.66,3.887,971.72,0.8603
551.0,2.74,3.874,968.45,0.8589
551.0,2.82,3.862,965.47,0.8579
551.0,2.90,3.851,962.81,0.8573
551.0,2.98,3.842,960.52,0.8572
551.0,3.06,3.834,958.50,0.8570
551.0,3.14,3.827,956.69,0.8562
551.0,3.22,3.820,955.07,0.8548
551.0,3.30,3.815,953.66,0.8529
551.0,3.38,3.810,952.46,0.8507
551.0,3.46,3.806,951.47,0.8481
551.0,3.54,3.803,950.66,0.8452
551.0,3.62,3.800,949.89,0.8423
551.0,3.70,3.796,949.05,0.8393
551.0,3.79,3.792,948.06,0.8361
551.0,3.87,3.787,946.85,0.8327
551.0,3.95,3.781,945.31,0.8292
551.0,4.03,3.774,943.41,0.8255
551.0,4.11,3.766,941.60,0.8223
551.0,4.19,3.760,940.01,0.8196
551.0,4.27,3.754,938.60,0.8173
551.0,4.35,3.749,937.36,0.8155
551.0,4.43,3.745,936.23,0.8139
551.0,4.51,3.741,935.19,0.8127
551.0,4.59,3.737,934.22,0.8116
551.0,4.67,3.733,933.35,0.8107
551.0,4.75,3.730,932.61,0.8102
551.0,4.83,3.728,932.02,0.8100
551.0,4.91,3.726,931.61,0.8102
551.0,4.99,3.726,931.40,0.8108
551.0,5.07,3.725,931.16,0.8114
551.0,5.15,3.723,930.75,0.8117
551.0,5.23,3.721,930.20,0.8118
551.0,5.32,3.718,929.53,0.8116
551.0,5.40,3.715,928.75,0.8113
551.0,5.48,3.711,927.87,0.8108
551.0,5.56,3.708,926.91,0.8101
551.0,5.64,3.703,925.82,0.8093
551.0,5.72,3.698,924.57,0.8081
551.0,5.80,3.693,923.13,0.8065
551.0,5.88,3.686,921.47,0.8044
551.0,5.96,3.678,919.53,0.8018
551.0,6.04,3.669,917.33,0.7986
551.0,6.12,3.660,914.95,0.7954
551.0,6.20,3.650,912.45,0.7921
551.0,6.28,3.639,909.84,0.7889
551.0,6.36,3.629,907.15,0.7857
551.0,6.44,3.618,904.39,0.7824
551.0,6.52,3.606,901.61,0.7793
551.0,6.60,3.596,898.94,0.7763
551.0,6.68,3.586,896.43,0.7736
551.0,6.77,3.577,894.13,0.7713
551.0,6.85,3.568,892.09,0.7695
551.0,6.93,3.561,890.34,0.7681
551.0,7.01,3.556,888.90,0.7673
551.0,7.09,3.550,887.58,0.7666
551.0,7.17,3.545,886.31,0.7658
551.0,7.25,3.540,885.07,0.7648
551.0,7.33,3.535,883.85,0.7638
551.0,7.41,3.531,882.66,0.7627
551.0,7.49,3.526,881.49,0.7615
551.0,7.57,3.521,880.32,0.7603
551.0,7.65,3.517,879.17,0.7590
551.0,7.73,3.512,878.02,0.7576
551.0,7.81,3.508,876.89,0.7561
551.0,7.89,3.503,875.78,0.7545
551.0,7.97,3.499,874.68,0.7528
551.0,8.05,3.494,873.61,0.7510
551.0,8.13,3.490,872.60,0.7495
551.0,8.21,3.487,871.64,0.7482
551.0,8.30,3.483,870.73,0.7471
551.0,8.38,3.480,869.88,0.7463
551.0,8.46,3.476,869.08,0.7456
551.0,8.54,3.473,868.32,0.7450
551.0,8.62,3.470,867.59,0.7445
551.0,8.70,3.467,866.87,0.7442
551.0,8.78,3.465,866.16,0.7439
551.0,8.86,3.462,865.44,0.7438
551.0,8.94,3.459,864.71,0.7438
551.0,9.02,3.456,863.95,0.7438
551.0,9.10,3.453,863.24,0.7438
551.0,9.18,3.450,862.57,0.7436
551.0,9.26,3.448,861.95,0.7434
551.0,9.34,3.445,861.36,0.7430
551.0,9.42,3.443,860.80,0.7426
551.0,9.50,3.441,860.26,0.7421
551.0,9.58,3.439,859.73,0.7415
551.0,9.66,3.437,859.23,0.7409
551.0,9.74,3.435,858.75,0.7402
551.0,9.83,3.433,858.29,0.7394
551.0,9.91,3.432,857.88,0.7385
551.0,9.99,3.430,857.50,0.7375
551.0,10.07,3.429,857.16,0.7365
551.0,10.15,3.428,856.88,0.7356
551.0,10.23,3.427,856.63,0.7348
551.0,10.31,3.426,856.40,0.7342
551.0,10.39,3.425,856.19,0.7337
551.0,10.47,3.424,855.97,0.7333
551.0,10.55,3.423,855.74,0.7330
551.0,10.63,3.422,855.43,0.7328
551.0,10.71,3.420,855.03,0.7327
551.0,10.79,3.418,854.53,0.7328
551.0,10.87,3.416,853.91,0.7330
551.0,10.95,3.413,853.16,0.7333
551.0,11.03,3.409,852.27,0.7337
551.0,11.11,3.405,851.21,0.7339
551.0,11.19,3.400,850.00,0.7337
551.0,11.28,3.395,848.65,0.7334
551.0,11.36,3.389,847.16,0.7327
551.0,11.44,3.382,845.55,0.7319
551.0,11.52,3.375,843.83,0.7310
551.0,11.60,3.368,842.00,0.7298
551.0,11.68,3.360,840.09,0.7284
551.0,11.76,3.352,838.06,0.7269
551.0,11.84,3.344,835.93,0.7251
551.0,11.92,3.335,833.69,0.7229
551.0,12.00,3.325,831.32,0.7205
556.4,0.00,4.845,1211.27,
556.4,0.08,4.829,1207.14,
556.4,0.16,4.811,1202.70,
556.4,0.24,4.792,1197.95,
556.4,0.32,4.772,1192.93,
556.4,0.40,4.751,1187.65,
556.4,0.48,4.728,1182.12,
556.4,0.56,4.705,1176.22,
556.4,0.64,4.680,1169.92,
556.4,0.72,4.653,1163.19,
556.4,0.81,4.624,1155.99,
556.4,0.89,4.593,1148.30,
556.4,0.97,4.560,1140.11,
556.4,1.05,4.526,1131.53,
556.4,1.13,4.490,1122.61,
556.4,1.21,4.454,1113.45,
556.4,1.29,4.416,1104.12,
556.4,1.37,4.379,1094.71,
556.4,1.45,4.341,1085.30,
556.4,1.53,4.304,1076.05,
556.4,1.61,4.268,1067.05,
556.4,1.69,4.233,1058.37,
556.4,1.77,4.200,1050.05,
556.4,1.85,4.169,1042.14,
556.4,1.93,4.139,1034.70,
556.4,2.01,4.111,1027.76,0.8728
556.4,2.09,4.086,1021.41,0.8687
556.4,2.17,4.062,1015.62,0.8651
556.4,2.26,4.041,1010.34,0.8620
556.4,2.34,4.022,1005.50,0.8593
556.4,2.42,4.004,1001.05,0.8569
556.4,2.50,3.988,996.92,0.8549
556.4,2.58,3.972,993.05,0.8532
556.4,2.66,3.958,989.45,0.8519
556.4,2.74,3.945,986.17,0.8510
556.4,2.82,3.933,983.24,0.8505
556.4,2.90,3.923,980.67,0.8506
556.4,2.98,3.913,978.35,0.8502
556.4,3.06,3.905,976.25,0.8492
556.4,3.14,3.898,974.38,0.8477
556.4,3.22,3.891,972.72,0.8458
556.4,3.30,3.885,971.30,0.8435
556.4,3.38,3.880,970.11,0.8409
556.4,3.46,3.877,969.15,0.8381
556.4,3.54,3.873,968.33,0.8352
556.4,3.62,3.870,967.54,0.8323
556.4,3.70,3.867,966.70,0.8292
556.4,3.79,3.863,965.73,0.8260
556.4,3.87,3.858,964.54,0.8227
556.4,3.95,3.852,963.03,0.8192
556.4,4.03,3.845,961.17,0.8156
556.4,4.11,3.838,959.42,0.8125
556.4,4.19,3.832,957.89,0.8098
556.4,4.27,3.826,956.56,0.8077
556.4,4.35,3.822,955.39,0.8060
556.4,4.43,3.817,954.35,0.8046
556.4,4.51,3.814,953.42,0.8035
556.4,4.59,3.810,952.60,0.8026
556.4,4.67,3.808,951.93,0.8021
556.4,4.75,3.806,951.43,0.8020
556.4,4.83,3.805,951.13,0.8024
556.4,4.91,3.804,951.02,0.8031
556.4,4.99,3.803,950.79,0.8036
556.4,5.07,3.802,950.41,0.8039
556.4,5.15,3.800,949.91,0.8039
556.4,5.23,3.797,949.29,0.8038
556.4,5.32,3.794,948.58,0.8035
556.4,5.40,3.791,947.80,0.8031
556.4,5.48,3.788,946.95,0.8026
556.4,5.56,3.784,946.03,0.8020
556.4,5.64,3.780,944.98,0.8012
556.4,5.72,3.775,943.79,0.8000
556.4,5.80,3.770,942.41,0.7985
556.4,5.88,3.763,940.80,0.7965
556.4,5.96,3.756,938.95,0.7940
556.4,6.04,3.747,936.82,0.7910
556.4,6.12,3.738,934.53,0.7878
556.4,6.20,3.728,932.11,0.7847
556.4,6.28,3.718,929.60,0.7816
556.4,6.36,3.708,927.00,0.7785
556.4,6.44,3.697,924.35,0.7755
556.4,6.52,3.687,921.77,0.7726
556.4,6.60,3.677,919.37,0.7701
556.4,6.68,3.669,917.20,0.7680
556.4,6.77,3.661,915.30,0.7663
556.4,6.85,3.655,913.71,0.7653
556.4,6.93,3.650,912.40,0.7646
556.4,7.01,3.645,911.15,0.7639
556.4,7.09,3.640,909.94,0.7631
556.4,7.17,3.635,908.76,0.7622
556.4,7.25,3.630,907.61,0.7612
556.4,7.33,3.626,906.48,0.7602
556.4,7.41,3.621,905.36,0.7591
556.4,7.49,3.617,904.24,0.7580
556.4,7.57,3.613,903.14,0.7568
556.4,7.65,3.608,902.04,0.7556
556.4,7.73,3.604,900.94,0.7543
556.4,7.81,3.599,899.86,0.7529
556.4,7.89,3.595,898.80,0.7514
556.4,7.97,3.591,897.74,0.7497
556.4,8.05,3.587,896.72,0.7480
556.4,8.13,3.583,895.75,0.7466
556.4,8.21,3.579,894.82,0.7454
556.4,8.30,3.576,893.95,0.7444
556.4,8.38,3.572,893.12,0.7437
556.4,8.46,3.569,892.35,0.7431
556.4,8.54,3.566,891.60,0.7426
556.4,8.62,3.563,890.86,0.7422
556.4,8.70,3.560,890.12,0.7420
556.4,8.78,3.557,889.37,0.7419
556.4,8.86,3.554,888.59,0.7419
556.4,8.94,3.551,887.82,0.7419
556.4,9.02,3.548,887.09,0.7418
556.4,9.10,3.546,886.41,0.7416
556.4,9.18,3.543,885.77,0.7413
556.4,9.26,3.541,885.16,0.7410
556.4,9.34,3.538,884.57,0.7405
556.4,9.42,3.536,884.00,0.7400
556.4,9.50,3.534,883.44,0.7395
556.4,9.58,3.532,882.89,0.7389
556.4,9.66,3.529,882.36,0.7383
556.4,9.74,3.527,881.86,0.7376
556.4,9.83,3.525,881.37,0.7368
556.4,9.91,3.524,880.92,0.7359
556.4,9.99,3.522,880.51,0.7349
556.4,10.07,3.521,880.14,0.7338
556.4,10.15,3.519,879.81,0.7330
556.4,10.23,3.518,879.52,0.7323
556.4,10.31,3.517,879.26,0.7317
556.4,10.39,3.516,879.00,0.7312
556.4,10.47,3.515,878.74,0.7309
556.4,10.55,3.514,878.41,0.7307
556.4,10.63,3.512,877.99,0.7306
556.4,10.71,3.510,877.46,0.7306
556.4,10.79,3.507,876.81,0.7308
556.4,10.87,3.504,876.03,0.7312
556.4,10.95,3.500,875.09,0.7315
556.4,11.03,3.496,874.00,0.7315
556.4,11.11,3.491,872.76,0.7313
556.4,11.19,3.486,871.39,0.7308
556.4,11.28,3.480,869.89,0.7302
556.4,11.36,3.473,868.27,0.7293
556.4,11.44,3.466,866.55,0.7283
556.4,11.52,3.459,864.73,0.7272
556.4,11.60,3.451,862.83,0.7259
556.4,11.68,3.443,860.82,0.7244
556.4,11.76,3.435,858.71,0.7228
556.4,11.84,3.426,856.50,0.7208
556.4,11.92,3.417,854.17,0.7186
556.4,12.00,3.407,851.72,0.7160
561.7,0.00,4.986,1246.44,
561.7,0.08,4.966,1241.55,
561.7,0.16,4.945,1236.35,
561.7,0.24,4.923,1230.85,
561.7,0.32,4.900,1225.07,
561.7,0.40,4.876,1219.03,
561.7,0.48,4.851,1212.64,
561.7,0.56,4.823,1205.81,
561.7,0.64,4.794,1198.52,
561.7,0.72,4.763,1190.73,
561.7,0.81,4.730,1182.42,
561.7,0.89,4.695,1173.64,
561.7,0.97,4.658,1164.48,
561.7,1.05,4.620,1155.02,
561.7,1.13,4.581,1145.34,
561.7,1.21,4.542,1135.51,
561.7,1.29,4.503,1125.63,
561.7,1.37,4.463,1115.77,
561.7,1.45,4.424,1106.02,
561.7,1.53,4.386,1096.50,
561.7,1.61,4.349,1087.25,
561.7,1.69,4.313,1078.33,
561.7,1.77,4.279,1069.78,
561.7,1.85,4.247,1061.66,
561.7,1.93,4.216,1054.01,
561.7,2.01,4.188,1046.88,0.8625
561.7,2.09,4.161,1040.36,0.8586
561.7,2.17,4.138,1034.41,0.8553
561.7,2.26,4.116,1028.99,0.8525
561.7,2.34,4.096,1024.03,0.8501
561.7,2.42,4.078,1019.47,0.8480
561.7,2.50,4.061,1015.21,0.8463
561.7,2.58,4.045,1011.25,0.8450
561.7,2.66,4.030,1007.62,0.8443
561.7,2.74,4.017,1004.37,0.8440
561.7,2.82,4.006,1001.47,0.8440
561.7,2.90,3.995,998.82,0.8434
561.7,2.98,3.986,996.40,0.8422
561.7,3.06,3.977,994.22,0.8406
561.7,3.14,3.969,992.29,0.8386
561.7,3.22,3.962,990.60,0.8363
561.7,3.30,3.957,989.17,0.8337
561.7,3.38,3.952,988.00,0.8309
561.7,3.46,3.948,987.05,0.8281
561.7,3.54,3.945,986.24,0.8253
561.7,3.62,3.942,985.47,0.8223
561.7,3.70,3.939,984.66,0.8193
561.7,3.79,3.935,983.73,0.8162
561.7,3.87,3.930,982.59,0.8129
561.7,3.95,3.925,981.14,0.8095
561.7,4.03,3.917,979.36,0.8060
561.7,4.11,3.911,977.69,0.8030
561.7,4.19,3.905,976.26,0.8005
561.7,4.27,3.900,975.03,0.7986
561.7,4.35,3.896,973.96,0.7970
561.7,4.43,3.892,973.04,0.7959
561.7,4.51,3.889,972.26,0.7950
561.7,4.59,3.887,971.65,0.7945
561.7,4.67,3.885,971.23,0.7945
561.7,4.75,3.884,971.04,0.7949
561.7,4.83,3.884,970.95,0.7956
561.7,4.91,3.883,970.71,0.7960
561.7,4.99,3.881,970.35,0.7962
561.7,5.07,3.879,969.87,0.7962
561.7,5.15,3.877,969.30,0.7960
561.7,5.23,3.875,968.65,0.7958
561.7,5.32,3.872,967.95,0.7955
561.7,5.40,3.869,967.19,0.7951
561.7,5.48,3.866,966.40,0.7946
561.7,5.56,3.862,965.53,0.7941
561.7,5.64,3.858,964.55,0.7933
561.7,5.72,3.854,963.43,0.7922
561.7,5.80,3.849,962.13,0.7908
561.7,5.88,3.842,960.61,0.7890
561.7,5.96,3.835,958.85,0.7866
561.7,6.04,3.827,956.82,0.7837
561.7,6.12,3.819,954.64,0.7807
561.7,6.20,3.809,952.33,0.7778
561.7,6.28,3.800,949.93,0.7749
561.7,6.36,3.790,947.45,0.7720
561.7,6.44,3.780,944.99,0.7693
561.7,6.52,3.771,942.71,0.7669
561.7,6.60,3.763,940.68,0.7650
561.7,6.68,3.756,938.93,0.7635
561.7,6.77,3.750,937.51,0.7627
561.7,6.85,3.745,936.29,0.7621
561.7,6.93,3.740,935.12,0.7614
561.7,7.01,3.736,933.98,0.7607
561.7,7.09,3.731,932.86,0.7598
561.7,7.17,3.727,931.78,0.7589
561.7,7.25,3.723,930.71,0.7579
561.7,7.33,3.719,929.64,0.7569
561.7,7.41,3.714,928.59,0.7559
561.7,7.49,3.710,927.53,0.7549
561.7,7.57,3.706,926.48,0.7538
561.7,7.65,3.702,925.43,0.7526
561.7,7.73,3.698,924.38,0.7514
561.7,7.81,3.693,923.35,0.7501
561.7,7.89,3.689,922.33,0.7487
561.7,7.97,3.685,921.32,0.7471
561.7,8.05,3.681,920.33,0.7455
561.7,8.13,3.678,919.40,0.7442
561.7,8.21,3.674,918.51,0.7431
561.7,8.30,3.671,917.66,0.7422
561.7,8.38,3.667,916.86,0.7416
561.7,8.46,3.664,916.10,0.7411
561.7,8.54,3.661,915.34,0.7407
561.7,8.62,3.658,914.57,0.7404
561.7,8.70,3.655,913.80,0.7403
561.7,8.78,3.652,913.00,0.7403
561.7,8.86,3.649,912.22,0.7403
561.7,8.94,3.646,911.48,0.7402
561.7,9.02,3.643,910.79,0.7399
561.7,9.10,3.641,910.14,0.7396
561.7,9.18,3.638,909.51,0.7392
561.7,9.26,3.636,908.89,0.7388
561.7,9.34,3.633,908.30,0.7383
561.7,9.42,3.631,907.71,0.7378
561.7,9.50,3.628,907.12,0.7372
561.7,9.58,3.626,906.54,0.7367
561.7,9.66,3.624,905.98,0.7360
561.7,9.74,3.622,905.44,0.7353
561.7,9.83,3.620,904.92,0.7345
561.7,9.91,3.618,904.44,0.7337
561.7,9.99,3.616,903.98,0.7327
561.7,10.07,3.614,903.57,0.7316
561.7,10.15,3.613,903.20,0.7308
561.7,10.23,3.611,902.87,0.7301
561.7,10.31,3.610,902.56,0.7296
561.7,10.39,3.609,902.25,0.7292
561.7,10.47,3.608,901.90,0.7289
561.7,10.55,3.606,901.45,0.7288
561.7,10.63,3.604,900.89,0.7288
561.7,10.71,3.601,900.21,0.7290
561.7,10.79,3.598,899.39,0.7293
561.7,10.87,3.594,898.41,0.7295
561.7,10.95,3.589,897.28,0.7294
561.7,11.03,3.584,896.02,0.7291
561.7,11.11,3.579,894.63,0.7286
561.7,11.19,3.572,893.11,0.7279
561.7,11.28,3.566,891.49,0.7270
561.7,11.36,3.559,889.77,0.7260
561.7,11.44,3.552,887.96,0.7249
561.7,11.52,3.544,886.07,0.7236
561.7,11.60,3.536,884.09,0.7223
561.7,11.68,3.528,882.01,0.7207
561.7,11.76,3.519,879.82,0.7189
561.7,11.84,3.510,877.54,0.7169
561.7,11.92,3.501,875.13,0.7146
561.7,12.00,3.490,872.62,0.7119
567.1,0.00,5.125,1281.36,
567.1,0.08,5.103,1275.67,
567.1,0.16,5.079,1269.66,
567.1,0.24,5.053,1263.35,
567.1,0.32,5.027,1256.78,
567.1,0.40,4.999,1249.86,
567.1,0.48,4.970,1242.49,
567.1,0.56,4.938,1234.62,
567.1,0.64,4.905,1226.22,
567.1,0.72,4.869,1217.30,
567.1,0.81,4.832,1207.94,
567.1,0.89,4.793,1198.21,
567.1,0.97,4.753,1188.21,
567.1,1.05,4.712,1178.02,
567.1,1.13,4.671,1167.70,
567.1,1.21,4.629,1157.35,
567.1,1.29,4.588,1147.05,
567.1,1.37,4.547,1136.86,
567.1,1.45,4.507,1126.87,
567.1,1.53,4.468,1117.11,
567.1,1.61,4.431,1107.63,
567.1,1.69,4.394,1098.49,
567.1,1.77,4.359,1089.74,
567.1,1.85,4.326,1081.43,
567.1,1.93,4.294,1073.60,
567.1,2.01,4.265,1066.32,0.8525
567.1,2.09,4.239,1059.64,0.8490
567.1,2.17,4.214,1053.57,0.8460
567.1,2.26,4.192,1048.03,0.8435
567.1,2.34,4.172,1042.97,0.8414
567.1,2.42,4.153,1038.29,0.8397
567.1,2.50,4.136,1033.92,0.8385
567.1,2.58,4.120,1029.92,0.8378
567.1,2.66,4.105,1026.30,0.8376
567.1,2.74,4.092,1023.02,0.8374
567.1,2.82,4.080,1019.98,0.8366
567.1,2.90,4.069,1017.21,0.8353
567.1,2.98,4.059,1014.69,0.8336
567.1,3.06,4.050,1012.44,0.8314
567.1,3.14,4.042,1010.46,0.8290
567.1,3.22,4.035,1008.75,0.8265
567.1,3.30,4.029,1007.32,0.8238
567.1,3.38,4.025,1006.17,0.8210
567.1,3.46,4.021,1005.25,0.8182
567.1,3.54,4.018,1004.47,0.8154
567.1,3.62,4.015,1003.75,0.8126
567.1,3.70,4.012,1003.00,0.8096
567.1,3.79,4.009,1002.14,0.8066
567.1,3.87,4.004,1001.07,0.8035
567.1,3.95,3.999,999.72,0.8003
567.1,4.03,3.992,998.05,0.7969
567.1,4.11,3.986,996.49,0.7941
567.1,4.19,3.981,995.17,0.7918
567.1,4.27,3.976,994.07,0.7901
567.1,4.35,3.973,993.15,0.7888
567.1,4.43,3.970,992.39,0.7879
567.1,4.51,3.967,991.82,0.7874
567.1,4.59,3.966,991.47,0.7874
567.1,4.67,3.965,991.36,0.7878
567.1,4.75,3.965,991.24,0.7883
567.1,4.83,3.964,990.99,0.7886
567.1,4.91,3.962,990.62,0.7887
567.1,4.99,3.961,990.15,0.7886
567.1,5.07,3.958,989.61,0.7884
567.1,5.15,3.956,989.00,0.7882
567.1,5.23,3.953,988.35,0.7879
567.1,5.32,3.951,987.68,0.7875
567.1,5.40,3.948,986.99,0.7872
567.1,5.48,3.945,986.27,0.7869
567.1,5.56,3.942,985.47,0.7864
567.1,5.64,3.938,984.58,0.7857
567.1,5.72,3.934,983.55,0.7848
567.1,5.80,3.929,982.35,0.7836
567.1,5.88,3.924,980.94,0.7819
567.1,5.96,3.917,979.30,0.7797
567.1,6.04,3.910,977.40,0.7770
567.1,6.12,3.901,975.34,0.7742
567.1,6.20,3.893,973.17,0.7715
567.1,6.28,3.884,970.90,0.7689
567.1,6.36,3.874,968.59,0.7663
567.1,6.44,3.866,966.44,0.7640
567.1,6.52,3.858,964.56,0.7623
567.1,6.60,3.852,962.98,0.7611
567.1,6.68,3.847,961.73,0.7604
567.1,6.77,3.842,960.58,0.7599
567.1,6.85,3.838,959.48,0.7592
567.1,6.93,3.834,958.41,0.7585
567.1,7.01,3.829,957.37,0.7577
567.1,7.09,3.825,956.35,0.7568
567.1,7.17,3.821,955.34,0.7559
567.1,7.25,3.817,954.35,0.7550
567.1,7.33,3.813,953.35,0.7540
567.1,7.41,3.809,952.35,0.7531
567.1,7.49,3.805,951.34,0.7521
567.1,7.57,3.801,950.34,0.7511
567.1,7.65,3.797,949.34,0.7501
567.1,7.73,3.793,948.34,0.7489
567.1,7.81,3.789,947.35,0.7477
567.1,7.89,3.785,946.37,0.7464
567.1,7.97,3.782,945.40,0.7450
567.1,8.05,3.778,944.45,0.7435
567.1,8.13,3.774,943.54,0.7422
567.1,8.21,3.771,942.68,0.7413
567.1,8.30,3.767,941.87,0.7405
567.1,8.38,3.764,941.08,0.7400
567.1,8.46,3.761,940.31,0.7396
567.1,8.54,3.758,939.53,0.7394
567.1,8.62,3.755,938.73,0.7392
567.1,8.70,3.752,937.91,0.7392
567.1,8.78,3.749,937.13,0.7391
567.1,8.86,3.746,936.40,0.7389
567.1,8.94,3.743,935.70,0.7386
567.1,9.02,3.740,935.03,0.7382
567.1,9.10,3.738,934.38,0.7378
567.1,9.18,3.735,933.75,0.7373
567.1,9.26,3.733,933.13,0.7368
567.1,9.34,3.730,932.51,0.7363
567.1,9.42,3.728,931.89,0.7358
567.1,9.50,3.725,931.28,0.7353
567.1,9.58,3.723,930.67,0.7347
567.1,9.66,3.720,930.07,0.7341
567.1,9.74,3.718,929.49,0.7334
567.1,9.83,3.716,928.93,0.7326
567.1,9.91,3.714,928.40,0.7318
567.1,9.99,3.712,927.90,0.7308
567.1,10.07,3.710,927.45,0.7298
567.1,10.15,3.708,927.03,0.7291
567.1,10.23,3.707,926.65,0.7284
567.1,10.31,3.705,926.28,0.7280
567.1,10.39,3.704,925.90,0.7277
567.1,10.47,3.702,925.42,0.7275
567.1,10.55,3.699,924.83,0.7275
567.1,10.63,3.696,924.10,0.7276
567.1,10.71,3.693,923.24,0.7279
567.1,10.79,3.689,922.22,0.7279
567.1,10.87,3.684,921.06,0.7277
567.1,10.95,3.679,919.77,0.7273
567.1,11.03,3.673,918.36,0.7267
567.1,11.11,3.667,916.84,0.7259
567.1,11.19,3.661,915.22,0.7250
567.1,11.28,3.654,913.50,0.7240
567.1,11.36,3.647,911.70,0.7228
567.1,11.44,3.639,909.83,0.7216
567.1,11.52,3.631,907.86,0.7203
567.1,11.60,3.623,905.81,0.7189
567.1,11.68,3.615,903.67,0.7172
567.1,11.76,3.606,901.43,0.7154
567.1,11.84,3.596,899.07,0.7133
567.1,11.92,3.586,896.61,0.7109
567.1,12.00,3.576,894.03,0.7083
572.5,0.00,5.264,1315.91,
572.5,0.08,5.237,1309.37,
572.5,0.16,5.210,1302.50,
572.5,0.24,5.181,1295.35,
572.5,0.32,5.152,1287.89,
572.5,0.40,5.120,1279.95,
572.5,0.48,5.086,1271.49,
572.5,0.56,5.050,1262.47,
572.5,0.64,5.012,1252.94,
572.5,0.72,4.972,1243.00,
572.5,0.81,4.931,1232.72,
572.5,0.89,4.889,1222.19,
572.5,0.97,4.846,1211.49,
572.5,1.05,4.803,1200.69,
572.5,1.13,4.760,1189.88,
572.5,1.21,4.717,1179.16,
572.5,1.29,4.674,1168.56,
572.5,1.37,4.633,1158.13,
572.5,1.45,4.592,1147.91,
572.5,1.53,4.552,1137.93,
572.5,1.61,4.513,1128.26,
572.5,1.69,4.476,1118.93,
572.5,1.77,4.440,1110.00,
572.5,1.85,4.406,1101.53,
572.5,1.93,4.374,1093.55,
572.5,2.01,4.345,1086.13,0.8431
572.5,2.09,4.317,1079.34,0.8399
572.5,2.17,4.293,1073.16,0.8373
572.5,2.26,4.270,1067.53,0.8351
572.5,2.34,4.249,1062.37,0.8335
572.5,2.42,4.230,1057.57,0.8323
572.5,2.50,4.213,1053.14,0.8316
572.5,2.58,4.196,1049.12,0.8315
572.5,2.66,4.182,1045.39,0.8311
572.5,2.74,4.168,1041.95,0.8300
572.5,2.82,4.155,1038.77,0.8285
572.5,2.90,4.144,1035.88,0.8266
572.5,2.98,4.133,1033.28,0.8244
572.5,3.06,4.124,1030.96,0.8219
572.5,3.14,4.116,1028.94,0.8193
572.5,3.22,4.109,1027.24,0.8167
572.5,3.30,4.103,1025.83,0.8140
572.5,3.38,4.099,1024.70,0.8113
572.5,3.46,4.095,1023.81,0.8086
572.5,3.54,4.092,1023.10,0.8059
572.5,3.62,4.090,1022.45,0.8032
572.5,3.70,4.087,1021.79,0.8004
572.5,3.79,4.084,1021.03,0.7976
572.5,3.87,4.080,1020.08,0.7946
572.5,3.95,4.075,1018.85,0.7916
572.5,4.03,4.069,1017.30,0.7885
572.5,4.11,4.064,1015.89,0.7859
572.5,4.19,4.059,1014.72,0.7839
572.5,4.27,4.055,1013.78,0.7824
572.5,4.35,4.052,1013.03,0.7814
572.5,4.43,4.050,1012.49,0.7809
572.5,4.51,4.049,1012.19,0.7808
572.5,4.59,4.048,1012.11,0.7812
572.5,4.67,4.048,1011.93,0.7815
572.5,4.75,4.047,1011.65,0.7816
572.5,4.83,4.045,1011.26,0.7815
572.5,4.91,4.043,1010.79,0.7814
572.5,4.99,4.041,1010.26,0.7811
572.5,5.07,4.039,1009.68,0.7808
572.5,5.15,4.036,1009.08,0.7804
572.5,5.23,4.034,1008.47,0.7802
572.5,5.32,4.031,1007.86,0.7799
572.5,5.40,4.029,1007.24,0.7797
572.5,5.48,4.026,1006.61,0.7794
572.5,5.56,4.024,1005.91,0.7791
572.5,5.64,4.021,1005.13,0.7786
572.5,5.72,4.017,1004.21,0.7779
572.5,5.80,4.013,1003.14,0.7768
572.5,5.88,4.007,1001.86,0.7753
572.5,5.96,4.001,1000.35,0.7734
572.5,6.04,3.994,998.60,0.7709
572.5,6.12,3.987,996.69,0.7685
572.5,6.20,3.979,994.67,0.7660
572.5,6.28,3.970,992.56,0.7636
572.5,6.36,3.962,990.56,0.7616
572.5,6.44,3.955,988.84,0.7600
572.5,6.52,3.950,987.44,0.7590
572.5,6.60,3.945,986.32,0.7585
572.5,6.68,3.941,985.26,0.7579
572.5,6.77,3.937,984.24,0.7572
572.5,6.85,3.933,983.24,0.7565
572.5,6.93,3.929,982.28,0.7557
572.5,7.01,3.925,981.32,0.7549
572.5,7.09,3.922,980.38,0.7541
572.5,7.17,3.918,979.45,0.7532
572.5,7.25,3.914,978.51,0.7523
572.5,7.33,3.910,977.57,0.7515
572.5,7.41,3.906,976.62,0.7506
572.5,7.49,3.903,975.67,0.7498
572.5,7.57,3.899,974.71,0.7489
572.5,7.65,3.895,973.75,0.7479
572.5,7.73,3.891,972.80,0.7469
572.5,7.81,3.887,971.85,0.7458
572.5,7.89,3.884,970.90,0.7446
572.5,7.97,3.880,969.97,0.7433
572.5,8.05,3.876,969.06,0.7419
572.5,8.13,3.873,968.18,0.7409
572.5,8.21,3.869,967.35,0.7400
572.5,8.30,3.866,966.55,0.7394
572.5,8.38,3.863,965.76,0.7390
572.5,8.46,3.860,964.97,0.7387
572.5,8.54,3.857,964.15,0.7386
572.5,8.62,3.853,963.33,0.7385
572.5,8.70,3.850,962.55,0.7383
572.5,8.78,3.847,961.82,0.7381
572.5,8.86,3.844,961.12,0.7377
572.5,8.94,3.842,960.44,0.7373
572.5,9.02,3.839,959.78,0.7368
572.5,9.10,3.837,959.13,0.7363
572.5,9.18,3.834,958.49,0.7358
572.5,9.26,3.831,957.85,0.7352
572.5,9.34,3.829,957.20,0.7347
572.5,9.42,3.826,956.55,0.7342
572.5,9.50,3.824,955.90,0.7337
572.5,9.58,3.821,955.25,0.7331
572.5,9.66,3.818,954.61,0.7326
572.5,9.74,3.816,953.99,0.7319
572.5,9.83,3.814,953.39,0.7312
572.5,9.91,3.811,952.81,0.7304
572.5,9.99,3.809,952.26,0.7294
572.5,10.07,3.807,951.75,0.7285
572.5,10.15,3.805,951.28,0.7278
572.5,10.23,3.803,950.85,0.7272
572.5,10.31,3.802,950.42,0.7269
572.5,10.39,3.800,949.90,0.7266
572.5,10.47,3.797,949.27,0.7266
572.5,10.55,3.794,948.50,0.7267
572.5,10.63,3.790,947.59,0.7268
572.5,10.71,3.786,946.53,0.7267
572.5,10.79,3.781,945.34,0.7263
572.5,10.87,3.776,944.03,0.7258
572.5,10.95,3.770,942.60,0.7251
572.5,11.03,3.764,941.07,0.7243
572.5,11.11,3.758,939.45,0.7233
572.5,11.19,3.751,937.74,0.7223
572.5,11.28,3.744,935.96,0.7212
572.5,11.36,3.736,934.10,0.7200
572.5,11.44,3.729,932.16,0.7187
572.5,11.52,3.721,930.15,0.7174
572.5,11.60,3.712,928.04,0.7159
572.5,11.68,3.703,925.84,0.7142
572.5,11.76,3.694,923.55,0.7123
572.5,11.84,3.685,921.14,0.7102
572.5,11.92,3.675,918.63,0.7078
572.5,12.00,3.664,916.00,0.7051
577.9,0.00,5.400,1349.97,
577.9,0.08,5.370,1342.52,
577.9,0.16,5.339,1334.76,
577.9,0.24,5.307,1326.70,
577.9,0.32,5.273,1318.18,
577.9,0.40,5.236,1309.11,
577.9,0.48,5.198,1299.47,
577.9,0.56,5.157,1289.35,
577.9,0.64,5.115,1278.83,
577.9,0.72,5.072,1268.01,
577.9,0.81,5.028,1256.95,
577.9,0.89,4.983,1245.75,
577.9,0.97,4.938,1234.50,
577.9,1.05,4.893,1223.30,
577.9,1.13,4.849,1212.17,
577.9,1.21,4.805,1201.16,
577.9,1.29,4.761,1190.30,
577.9,1.37,4.719,1179.64,
577.9,1.45,4.677,1169.21,
577.9,1.53,4.636,1159.05,
577.9,1.61,4.597,1149.20,
577.9,1.69,4.559,1139.71,
577.9,1.77,4.523,1130.64,
577.9,1.85,4.488,1122.03,
577.9,1.93,4.456,1113.93,
577.9,2.01,4.426,1106.40,0.8342
577.9,2.09,4.398,1099.51,0.8315
577.9,2.17,4.373,1093.26,0.8293
577.9,2.26,4.350,1087.56,0.8276
577.9,2.34,4.329,1082.27,0.8264
577.9,2.42,4.310,1077.38,0.8259
577.9,2.50,4.292,1072.89,0.8256
577.9,2.58,4.275,1068.70,0.8249
577.9,2.66,4.259,1064.80,0.8236
577.9,2.74,4.245,1061.19,0.8219
577.9,2.82,4.232,1057.89,0.8198
577.9,2.90,4.220,1054.89,0.8175
577.9,2.98,4.209,1052.24,0.8150
577.9,3.06,4.200,1049.94,0.8125
577.9,3.14,4.192,1047.97,0.8099
577.9,3.22,4.185,1046.30,0.8073
577.9,3.30,4.180,1044.91,0.8047
577.9,3.38,4.175,1043.78,0.8020
577.9,3.46,4.172,1042.89,0.7994
577.9,3.54,4.169,1042.21,0.7969
577.9,3.62,4.167,1041.67,0.7943
577.9,3.70,4.164,1041.12,0.7917
577.9,3.79,4.162,1040.48,0.7891
577.9,3.87,4.159,1039.67,0.7864
577.9,3.95,4.154,1038.60,0.7837
577.9,4.03,4.149,1037.21,0.7808
577.9,4.11,4.144,1035.97,0.7785
577.9,4.19,4.140,1034.98,0.7768
577.9,4.27,4.137,1034.23,0.7757
577.9,4.35,4.135,1033.71,0.7750
577.9,4.43,4.134,1033.45,0.7749
577.9,4.51,4.133,1033.32,0.7752
577.9,4.59,4.132,1033.08,0.7752
577.9,4.67,4.131,1032.74,0.7751
577.9,4.75,4.129,1032.32,0.7748
577.9,4.83,4.127,1031.83,0.7745
577.9,4.91,4.125,1031.29,0.7741
577.9,4.99,4.123,1030.76,0.7738
577.9,5.07,4.121,1030.23,0.7735
577.9,5.15,4.119,1029.70,0.7732
577.9,5.23,4.117,1029.17,0.7730
577.9,5.32,4.115,1028.63,0.7729
577.9,5.40,4.112,1028.07,0.7727
577.9,5.48,4.110,1027.50,0.7725
577.9,5.56,4.108,1026.91,0.7724
577.9,5.64,4.105,1026.25,0.7721
577.9,5.72,4.102,1025.47,0.7716
577.9,5.80,4.098,1024.54,0.7707
577.9,5.88,4.094,1023.42,0.7695
577.9,5.96,4.088,1022.07,0.7678
577.9,6.04,4.082,1020.48,0.7657
577.9,6.12,4.075,1018.75,0.7635
577.9,6.20,4.068,1016.90,0.7614
577.9,6.28,4.060,1015.07,0.7595
577.9,6.36,4.054,1013.52,0.7581
577.9,6.44,4.049,1012.30,0.7573
577.9,6.52,4.045,1011.28,0.7568
577.9,6.60,4.041,1010.31,0.7562
577.9,6.68,4.037,1009.37,0.7556
577.9,6.77,4.034,1008.46,0.7549
577.9,6.85,4.030,1007.56,0.7541
577.9,6.93,4.027,1006.69,0.7533
577.9,7.01,4.023,1005.81,0.7525
577.9,7.09,4.020,1004.93,0.7518
577.9,7.17,4.016,1004.06,0.7510
577.9,7.25,4.013,1003.18,0.7502
577.9,7.33,4.009,1002.29,0.7494
577.9,7.41,4.006,1001.39,0.7487
577.9,7.49,4.002,1000.49,0.7479
577.9,7.57,3.998,999.58,0.7471
577.9,7.65,3.995,998.67,0.7463
577.9,7.73,3.991,997.75,0.7454
577.9,7.81,3.987,996.84,0.7444
577.9,7.89,3.984,995.93,0.7434
577.9,7.97,3.980,995.03,0.7422
577.9,8.05,3.977,994.14,0.7410
577.9,8.13,3.973,993.30,0.7400
577.9,8.21,3.970,992.48,0.7394
577.9,8.30,3.967,991.69,0.7389
577.9,8.38,3.964,990.88,0.7386
577.9,8.46,3.960,990.05,0.7384
577.9,8.54,3.957,989.24,0.7382
577.9,8.62,3.954,988.48,0.7380
577.9,8.70,3.951,987.74,0.7376
577.9,8.78,3.948,987.04,0.7372
577.9,8.86,3.945,986.36,0.7367
577.9,8.94,3.943,985.69,0.7362
577.9,9.02,3.940,985.02,0.7356
577.9,9.10,3.937,984.35,0.7351
577.9,9.18,3.935,983.68,0.7346
577.9,9.26,3.932,983.01,0.7341
577.9,9.34,3.929,982.33,0.7336
577.9,9.42,3.927,981.65,0.7330
577.9,9.50,3.924,980.97,0.7325
577.9,9.58,3.921,980.28,0.7320
577.9,9.66,3.918,979.60,0.7314
577.9,9.74,3.916,978.93,0.7308
577.9,9.83,3.913,978.27,0.7302
577.9,9.91,3.911,977.64,0.7294
577.9,9.99,3.908,977.04,0.7286
577.9,10.07,3.906,976.48,0.7277
577.9,10.15,3.904,975.95,0.7270
577.9,10.23,3.902,975.45,0.7266
577.9,10.31,3.900,974.90,0.7263
577.9,10.39,3.897,974.22,0.7262
577.9,10.47,3.894,973.41,0.7262
577.9,10.55,3.890,972.45,0.7262
577.9,10.63,3.885,971.35,0.7259
577.9,10.71,3.881,970.13,0.7254
577.9,10.79,3.875,968.80,0.7247
577.9,10.87,3.869,967.36,0.7239
577.9,10.95,3.863,965.82,0.7230
577.9,11.03,3.857,964.21,0.7221
577.9,11.11,3.850,962.53,0.7211
577.9,11.19,3.843,960.76,0.7200
577.9,11.28,3.836,958.92,0.7188
577.9,11.36,3.828,957.01,0.7176
577.9,11.44,3.820,955.01,0.7162
577.9,11.52,3.812,952.94,0.7148
577.9,11.60,3.803,950.80,0.7133
577.9,11.68,3.794,948.56,0.7116
577.9,11.76,3.785,946.22,0.7097
577.9,11.84,3.775,943.77,0.7076
577.9,11.92,3.765,941.22,0.7053
577.9,12.00,3.754,938.55,0.7026
583.2,0.00,5.534,1383.40,
583.2,0.08,5.500,1375.00,
583.2,0.16,5.465,1366.30,
583.2,0.24,5.429,1357.19,
583.2,0.32,5.390,1347.49,
583.2,0.40,5.349,1337.23,
583.2,0.48,5.306,1326.52,
583.2,0.56,5.262,1315.44,
583.2,0.64,5.216,1304.07,
583.2,0.72,5.170,1292.52,
583.2,0.81,5.124,1280.92,
583.2,0.89,5.077,1269.30,
583.2,0.97,5.031,1257.70,
583.2,1.05,4.985,1246.17,
583.2,1.13,4.939,1234.75,
583.2,1.21,4.894,1223.47,
583.2,1.29,4.849,1212.36,
583.2,1.37,4.806,1201.48,
583.2,1.45,4.763,1190.86,
583.2,1.53,4.722,1180.53,
583.2,1.61,4.682,1170.54,
583.2,1.69,4.644,1160.92,
583.2,1.77,4.607,1151.72,
583.2,1.85,4.572,1143.00,
583.2,1.93,4.539,1134.81,
583.2,2.01,4.509,1127.20,0.8262
583.2,2.09,4.481,1120.24,0.8239
583.2,2.17,4.456,1113.94,0.8222
583.2,2.26,4.433,1108.13,0.8211
583.2,2.34,4.411,1102.74,0.8205
583.2,2.42,4.391,1097.72,0.8200
583.2,2.50,4.372,1093.02,0.8190
583.2,2.58,4.354,1088.62,0.8175
583.2,2.66,4.338,1084.55,0.8155
583.2,2.74,4.323,1080.82,0.8133
583.2,2.82,4.310,1077.51,0.8111
583.2,2.90,4.298,1074.57,0.8087
583.2,2.98,4.288,1071.99,0.8062
583.2,3.06,4.279,1069.75,0.8037
583.2,3.14,4.271,1067.81,0.8012
583.2,3.22,4.265,1066.17,0.7986
583.2,3.30,4.259,1064.80,0.7960
583.2,3.38,4.255,1063.66,0.7935
583.2,3.46,4.251,1062.75,0.7910
583.2,3.54,4.248,1062.03,0.7885
583.2,3.62,4.246,1061.48,0.7861
583.2,3.70,4.244,1061.06,0.7838
583.2,3.79,4.242,1060.58,0.7814
583.2,3.87,4.240,1059.94,0.7790
583.2,3.95,4.236,1059.04,0.7766
583.2,4.03,4.231,1057.85,0.7741
583.2,4.11,4.227,1056.81,0.7721
583.2,4.19,4.224,1056.03,0.7708
583.2,4.27,4.222,1055.51,0.7700
583.2,4.35,4.221,1055.27,0.7698
583.2,4.43,4.220,1055.05,0.7697
583.2,4.51,4.219,1054.73,0.7695
583.2,4.59,4.217,1054.32,0.7691
583.2,4.67,4.215,1053.84,0.7686
583.2,4.75,4.213,1053.35,0.7682
583.2,4.83,4.211,1052.87,0.7678
583.2,4.91,4.210,1052.41,0.7675
583.2,4.99,4.208,1051.95,0.7673
583.2,5.07,4.206,1051.50,0.7671
583.2,5.15,4.204,1051.05,0.7669
583.2,5.23,4.202,1050.59,0.7668
583.2,5.32,4.200,1050.12,0.7667
583.2,5.40,4.199,1049.63,0.7666
583.2,5.48,4.196,1049.12,0.7665
583.2,5.56,4.194,1048.58,0.7664
583.2,5.64,4.192,1048.02,0.7662
583.2,5.72,4.190,1047.39,0.7660
583.2,5.80,4.186,1046.62,0.7654
583.2,5.88,4.183,1045.67,0.7645
583.2,5.96,4.178,1044.51,0.7632
583.2,6.04,4.172,1043.11,0.7613
583.2,6.12,4.166,1041.56,0.7595
583.2,6.20,4.160,1039.95,0.7578
583.2,6.28,4.154,1038.58,0.7566
583.2,6.36,4.150,1037.54,0.7560
583.2,6.44,4.146,1036.62,0.7555
583.2,6.52,4.143,1035.73,0.7549
583.2,6.60,4.140,1034.88,0.7542
583.2,6.68,4.136,1034.05,0.7535
583.2,6.77,4.133,1033.22,0.7528
583.2,6.85,4.130,1032.41,0.7521
583.2,6.93,4.126,1031.59,0.7514
583.2,7.01,4.123,1030.78,0.7507
583.2,7.09,4.120,1029.96,0.7500
583.2,7.17,4.117,1029.14,0.7493
583.2,7.25,4.113,1028.32,0.7486
583.2,7.33,4.110,1027.49,0.7480
583.2,7.41,4.107,1026.65,0.7473
583.2,7.49,4.103,1025.80,0.7466
583.2,7.57,4.100,1024.94,0.7459
583.2,7.65,4.096,1024.07,0.7452
583.2,7.73,4.093,1023.19,0.7444
583.2,7.81,4.089,1022.31,0.7436
583.2,7.89,4.086,1021.43,0.7427
583.2,7.97,4.082,1020.56,0.7417
583.2,8.05,4.079,1019.70,0.7406
583.2,8.13,4.076,1018.88,0.7398
583.2,8.21,4.072,1018.08,0.7393
583.2,8.30,4.069,1017.27,0.7390
583.2,8.38,4.066,1016.44,0.7387
583.2,8.46,4.063,1015.64,0.7385
583.2,8.54,4.060,1014.89,0.7381
583.2,8.62,4.057,1014.16,0.7376
583.2,8.70,4.054,1013.46,0.7371
583.2,8.78,4.051,1012.76,0.7366
583.2,8.86,4.048,1012.07,0.7361
583.2,8.94,4.045,1011.37,0.7355
583.2,9.02,4.043,1010.68,0.7350
583.2,9.10,4.040,1009.98,0.7345
583.2,9.18,4.037,1009.28,0.7339
583.2,9.26,4.034,1008.58,0.7334
583.2,9.34,4.032,1007.88,0.7329
583.2,9.42,4.029,1007.17,0.7324
583.2,9.50,4.026,1006.46,0.7318
583.2,9.58,4.023,1005.74,0.7313
583.2,9.66,4.020,1005.01,0.7308
583.2,9.74,4.017,1004.29,0.7303
583.2,9.83,4.014,1003.58,0.7297
583.2,9.91,4.012,1002.89,0.7290
583.2,9.99,4.009,1002.23,0.7282
583.2,10.07,4.006,1001.60,0.7274
583.2,10.15,4.004,1001.01,0.7268
583.2,10.23,4.002,1000.41,0.7265
583.2,10.31,3.999,999.69,0.7263
583.2,10.39,3.995,998.82,0.7262
583.2,10.47,3.991,997.82,0.7260
583.2,10.55,3.987,996.69,0.7255
583.2,10.63,3.982,995.44,0.7249
583.2,10.71,3.976,994.09,0.7241
583.2,10.79,3.971,992.65,0.7233
583.2,10.87,3.965,991.14,0.7224
583.2,10.95,3.958,989.56,0.7215
583.2,11.03,3.952,987.90,0.7205
583.2,11.11,3.945,986.16,0.7194
583.2,11.19,3.937,984.34,0.7183
583.2,11.28,3.930,982.45,0.7170
583.2,11.36,3.922,980.48,0.7157
583.2,11.44,3.914,978.44,0.7144
583.2,11.52,3.905,976.31,0.7129
583.2,11.60,3.896,974.11,0.7113
583.2,11.68,3.887,971.83,0.7096
583.2,11.76,3.878,969.47,0.7078
583.2,11.84,3.868,966.99,0.7057
583.2,11.92,3.858,964.41,0.7034
583.2,12.00,3.847,961.72,0.7008
588.6,0.00,5.664,1416.09,
588.6,0.08,5.627,1406.70,
588.6,0.16,5.588,1396.95,
588.6,0.24,5.546,1386.62,
588.6,0.32,5.503,1375.75,
588.6,0.40,5.458,1364.45,
588.6,0.48,5.411,1352.82,
588.6,0.56,5.364,1341.02,
588.6,0.64,5.316,1329.12,
588.6,0.72,5.269,1317.15,
588.6,0.81,5.221,1305.16,
588.6,0.89,5.173,1293.18,
588.6,0.97,5.125,1281.25,
588.6,1.05,5.078,1269.41,
588.6,1.13,5.031,1257.70,
588.6,1.21,4.985,1246.16,
588.6,1.29,4.939,1234.83,
588.6,1.37,4.895,1223.74,
588.6,1.45,4.852,1212.93,
588.6,1.53,4.810,1202.45,
588.6,1.61,4.769,1192.33,
588.6,1.69,4.730,1182.61,
588.6,1.77,4.693,1173.32,
588.6,1.85,4.658,1164.52,
588.6,1.93,4.625,1156.26,
588.6,2.01,4.594,1148.59,0.8190
588.6,2.09,4.566,1141.60,0.8173
588.6,2.17,4.541,1135.22,0.8162
588.6,2.26,4.517,1129.28,0.8156
588.6,2.34,4.495,1123.69,0.8148
588.6,2.42,4.474,1118.44,0.8134
588.6,2.50,4.454,1113.53,0.8116
588.6,2.58,4.436,1109.07,0.8097
588.6,2.66,4.420,1105.04,0.8076
588.6,2.74,4.406,1101.42,0.8054
588.6,2.82,4.393,1098.20,0.8031
588.6,2.90,4.381,1095.34,0.8008
588.6,2.98,4.371,1092.82,0.7984
588.6,3.06,4.362,1090.62,0.7959
588.6,3.14,4.355,1088.72,0.7934
588.6,3.22,4.348,1087.09,0.7909
588.6,3.30,4.343,1085.71,0.7884
588.6,3.38,4.338,1084.56,0.7860
588.6,3.46,4.334,1083.62,0.7835
588.6,3.54,4.331,1082.85,0.7812
588.6,3.62,4.329,1082.24,0.7789
588.6,3.70,4.327,1081.77,0.7767
588.6,3.79,4.326,1081.40,0.7747
588.6,3.87,4.324,1080.96,0.7726
588.6,3.95,4.321,1080.27,0.7705
588.6,4.03,4.317,1079.30,0.7684
588.6,4.11,4.314,1078.48,0.7668
588.6,4.19,4.312,1077.95,0.7659
588.6,4.27,4.311,1077.67,0.7655
588.6,4.35,4.309,1077.33,0.7651
588.6,4.43,4.308,1076.91,0.7645
588.6,4.51,4.306,1076.44,0.7638
588.6,4.59,4.304,1075.99,0.7633
588.6,4.67,4.302,1075.56,0.7629
588.6,4.75,4.301,1075.16,0.7625
588.6,4.83,4.299,1074.77,0.7623
588.6,4.91,4.298,1074.39,0.7621
588.6,4.99,4.296,1074.02,0.7620
588.6,5.07,4.295,1073.64,0.7619
588.6,5.15,4.293,1073.26,0.7618
588.6,5.23,4.291,1072.87,0.7618
588.6,5.32,4.290,1072.46,0.7618
588.6,5.40,4.288,1072.04,0.7617
588.6,5.48,4.286,1071.59,0.7617
588.6,5.56,4.284,1071.11,0.7616
588.6,5.64,4.282,1070.60,0.7615
588.6,5.72,4.280,1070.04,0.7613
588.6,5.80,4.278,1069.44,0.7610
588.6,5.88,4.275,1068.68,0.7605
588.6,5.96,4.271,1067.72,0.7595
588.6,6.04,4.266,1066.53,0.7580
588.6,6.12,4.261,1065.20,0.7566
588.6,6.20,4.256,1064.02,0.7556
588.6,6.28,4.253,1063.14,0.7550
588.6,6.36,4.249,1062.31,0.7545
588.6,6.44,4.246,1061.51,0.7539
588.6,6.52,4.243,1060.74,0.7532
588.6,6.60,4.240,1059.98,0.7526
588.6,6.68,4.237,1059.22,0.7520
588.6,6.77,4.234,1058.46,0.7513
588.6,6.85,4.231,1057.70,0.7507
588.6,6.93,4.228,1056.95,0.7501
588.6,7.01,4.225,1056.20,0.7495
588.6,7.09,4.222,1055.44,0.7489
588.6,7.17,4.219,1054.68,0.7483
588.6,7.25,4.216,1053.91,0.7477
588.6,7.33,4.213,1053.14,0.7471
588.6,7.41,4.209,1052.36,0.7465
588.6,7.49,4.206,1051.56,0.7459
588.6,7.57,4.203,1050.76,0.7453
588.6,7.65,4.200,1049.94,0.7447
588.6,7.73,4.196,1049.11,0.7440
588.6,7.81,4.193,1048.26,0.7434
588.6,7.89,4.190,1047.41,0.7426
588.6,7.97,4.186,1046.57,0.7418
588.6,8.05,4.183,1045.73,0.7409
588.6,8.13,4.180,1044.92,0.7403
588.6,8.21,4.176,1044.11,0.7399
588.6,8.30,4.173,1043.29,0.7396
588.6,8.38,4.170,1042.52,0.7392
588.6,8.46,4.167,1041.77,0.7387
588.6,8.54,4.164,1041.05,0.7381
588.6,8.62,4.161,1040.32,0.7376
588.6,8.70,4.158,1039.60,0.7371
588.6,8.78,4.156,1038.88,0.7365
588.6,8.86,4.153,1038.16,0.7360
588.6,8.94,4.150,1037.44,0.7355
588.6,9.02,4.147,1036.72,0.7349
588.6,9.10,4.144,1035.99,0.7344
588.6,9.18,4.141,1035.27,0.7339
588.6,9.26,4.138,1034.54,0.7334
588.6,9.34,4.135,1033.81,0.7328
588.6,9.42,4.132,1033.07,0.7323
588.6,9.50,4.129,1032.33,0.7318
588.6,9.58,4.126,1031.58,0.7313
588.6,9.66,4.123,1030.82,0.7307
588.6,9.74,4.120,1030.06,0.7302
588.6,9.83,4.117,1029.29,0.7297
588.6,9.91,4.114,1028.54,0.7291
588.6,9.99,4.111,1027.82,0.7284
588.6,10.07,4.108,1027.12,0.7277
588.6,10.15,4.106,1026.45,0.7272
588.6,10.23,4.103,1025.68,0.7270
588.6,10.31,4.099,1024.76,0.7267
588.6,10.39,4.095,1023.72,0.7263
588.6,10.47,4.090,1022.55,0.7256
588.6,10.55,4.085,1021.30,0.7249
588.6,10.63,4.080,1019.96,0.7242
588.6,10.71,4.074,1018.56,0.7234
588.6,10.79,4.068,1017.08,0.7225
588.6,10.87,4.062,1015.52,0.7216
588.6,10.95,4.056,1013.88,0.7206
588.6,11.03,4.049,1012.17,0.7196
588.6,11.11,4.042,1010.39,0.7185
588.6,11.19,4.034,1008.52,0.7173
588.6,11.28,4.026,1006.58,0.7160
588.6,11.36,4.018,1004.57,0.7147
588.6,11.44,4.010,1002.47,0.7133
588.6,11.52,4.001,1000.30,0.7117
588.6,11.60,3.992,998.05,0.7101
588.6,11.68,3.983,995.73,0.7083
588.6,11.76,3.973,993.32,0.7065
588.6,11.84,3.963,990.83,0.7045
588.6,11.92,3.953,988.23,0.7022
588.6,12.00,3.942,985.52,0.6997
594.0,0.00,5.792,1447.90,
594.0,0.08,5.750,1437.47,
594.0,0.16,5.706,1426.49,
594.0,0.24,5.660,1415.02,
594.0,0.32,5.613,1403.23,
594.0,0.40,5.565,1391.25,
594.0,0.48,5.516,1379.12,
594.0,0.56,5.467,1366.86,
594.0,0.64,5.418,1354.54,
594.0,0.72,5.369,1342.17,
594.0,0.81,5.319,1329.80,
594.0,0.89,5.270,1317.48,
594.0,0.97,5.221,1305.23,
594.0,1.05,5.172,1293.09,
594.0,1.13,5.124,1281.12,
594.0,1.21,5.077,1269.33,
594.0,1.29,5.031,1257.78,
594.0,1.37,4.986,1246.50,
594.0,1.45,4.942,1235.53,
594.0,1.53,4.900,1224.90,
594.0,1.61,4.859,1214.67,
594.0,1.69,4.819,1204.85,
594.0,1.77,4.782,1195.51,
594.0,1.85,4.747,1186.66,
594.0,1.93,4.713,1178.36,
594.0,2.01,4.683,1170.66,0.8130
594.0,2.09,4.655,1163.64,0.8119
594.0,2.17,4.628,1157.09,0.8111
594.0,2.26,4.604,1150.91,0.8099
594.0,2.34,4.581,1145.17,0.8084
594.0,2.42,4.560,1139.92,0.8067
594.0,2.50,4.541,1135.14,0.8049
594.0,2.58,4.523,1130.81,0.8029
594.0,2.66,4.508,1126.89,0.8009
594.0,2.74,4.493,1123.37,0.7987
594.0,2.82,4.481,1120.22,0.7964
594.0,2.90,4.470,1117.43,0.7941
594.0,2.98,4.460,1114.96,0.7917
594.0,3.06,4.451,1112.80,0.7893
594.0,3.14,4.444,1110.91,0.7869
594.0,3.22,4.437,1109.29,0.7844
594.0,3.30,4.432,1107.90,0.7820
594.0,3.38,4.427,1106.72,0.7797
594.0,3.46,4.423,1105.73,0.7774
594.0,3.54,4.420,1104.91,0.7752
594.0,3.62,4.417,1104.23,0.7730
594.0,3.70,4.415,1103.66,0.7710
594.0,3.79,4.413,1103.20,0.7691
594.0,3.87,4.411,1102.80,0.7673
594.0,3.95,4.409,1102.35,0.7656
594.0,4.03,4.407,1101.63,0.7639
594.0,4.11,4.404,1101.07,0.7628
594.0,4.19,4.403,1100.69,0.7621
594.0,4.27,4.401,1100.23,0.7612
594.0,4.35,4.399,1099.78,0.7605
594.0,4.43,4.397,1099.37,0.7599
594.0,4.51,4.396,1098.99,0.7594
594.0,4.59,4.395,1098.63,0.7590
594.0,4.67,4.393,1098.30,0.7587
594.0,4.75,4.392,1097.98,0.7585
594.0,4.83,4.391,1097.68,0.7583
594.0,4.91,4.390,1097.38,0.7582
594.0,4.99,4.388,1097.08,0.7582
594.0,5.07,4.387,1096.78,0.7582
594.0,5.15,4.386,1096.47,0.7582
594.0,5.23,4.385,1096.15,0.7582
594.0,5.32,4.383,1095.81,0.7583
594.0,5.40,4.382,1095.45,0.7583
594.0,5.48,4.380,1095.06,0.7583
594.0,5.56,4.379,1094.63,0.7582
594.0,5.64,4.377,1094.17,0.7581
594.0,5.72,4.375,1093.67,0.7580
594.0,5.80,4.372,1093.11,0.7578
594.0,5.88,4.370,1092.51,0.7574
594.0,5.96,4.367,1091.77,0.7569
594.0,6.04,4.363,1090.81,0.7559
594.0,6.12,4.359,1089.85,0.7550
594.0,6.20,4.356,1089.08,0.7545
594.0,6.28,4.353,1088.35,0.7539
594.0,6.36,4.350,1087.62,0.7533
594.0,6.44,4.348,1086.91,0.7528
594.0,6.52,4.345,1086.21,0.7522
594.0,6.60,4.342,1085.51,0.7517
594.0,6.68,4.339,1084.82,0.7511
594.0,6.77,4.336,1084.12,0.7506
594.0,6.85,4.334,1083.43,0.7501
594.0,6.93,4.331,1082.74,0.7496
594.0,7.01,4.328,1082.05,0.7491
594.0,7.09,4.325,1081.35,0.7486
594.0,7.17,4.323,1080.65,0.7481
594.0,7.25,4.320,1079.94,0.7476
594.0,7.33,4.317,1079.23,0.7470
594.0,7.41,4.314,1078.50,0.7465
594.0,7.49,4.311,1077.76,0.7460
594.0,7.57,4.308,1077.01,0.7455
594.0,7.65,4.305,1076.25,0.7449
594.0,7.73,4.302,1075.47,0.7444
594.0,7.81,4.299,1074.67,0.7438
594.0,7.89,4.295,1073.85,0.7432
594.0,7.97,4.292,1073.03,0.7425
594.0,8.05,4.289,1072.21,0.7418
594.0,8.13,4.286,1071.40,0.7414
594.0,8.21,4.282,1070.61,0.7409
594.0,8.30,4.279,1069.85,0.7404
594.0,8.38,4.276,1069.09,0.7399
594.0,8.46,4.273,1068.34,0.7393
594.0,8.54,4.270,1067.59,0.7388
594.0,8.62,4.267,1066.84,0.7383
594.0,8.70,4.264,1066.10,0.7377
594.0,8.78,4.261,1065.35,0.7372
594.0,8.86,4.258,1064.60,0.7367
594.0,8.94,4.255,1063.86,0.7361
594.0,9.02,4.252,1063.11,0.7356
594.0,9.10,4.249,1062.36,0.7350
594.0,9.18,4.246,1061.61,0.7345
594.0,9.26,4.243,1060.85,0.7340
594.0,9.34,4.240,1060.09,0.7334
594.0,9.42,4.237,1059.32,0.7329
594.0,9.50,4.234,1058.55,0.7324
594.0,9.58,4.231,1057.77,0.7319
594.0,9.66,4.228,1056.99,0.7313
594.0,9.74,4.225,1056.19,0.7308
594.0,9.83,4.222,1055.39,0.7303
594.0,9.91,4.218,1054.58,0.7298
594.0,9.99,4.215,1053.78,0.7292
594.0,10.07,4.212,1053.02,0.7286
594.0,10.15,4.209,1052.19,0.7282
594.0,10.23,4.205,1051.22,0.7277
594.0,10.31,4.201,1050.15,0.7271
594.0,10.39,4.196,1049.00,0.7265
594.0,10.47,4.191,1047.78,0.7258
594.0,10.55,4.186,1046.48,0.7251
594.0,10.63,4.180,1045.11,0.7243
594.0,10.71,4.175,1043.66,0.7235
594.0,10.79,4.169,1042.13,0.7226
594.0,10.87,4.162,1040.53,0.7217
594.0,10.95,4.155,1038.85,0.7207
594.0,11.03,4.148,1037.10,0.7196
594.0,11.11,4.141,1035.27,0.7185
594.0,11.19,4.133,1033.36,0.7173
594.0,11.28,4.126,1031.38,0.7160
594.0,11.36,4.117,1029.31,0.7146
594.0,11.44,4.109,1027.17,0.7131
594.0,11.52,4.100,1024.96,0.7115
594.0,11.60,4.091,1022.66,0.7098
594.0,11.68,4.081,1020.29,0.7080
594.0,11.76,4.071,1017.84,0.7061
594.0,11.84,4.061,1015.32,0.7041
594.0,11.92,4.051,1012.71,0.7019
594.0,12.00,4.040,1009.99,0.6995
599.3,0.00,5.915,1478.72,
599.3,0.08,5.869,1467.17,
599.3,0.16,5.821,1455.31,
599.3,0.24,5.773,1443.21,
599.3,0.32,5.724,1430.91,
599.3,0.40,5.674,1418.44,
599.3,0.48,5.623,1405.84,
599.3,0.56,5.573,1393.15,
599.3,0.64,5.522,1380.42,
599.3,0.72,5.471,1367.66,
599.3,0.81,5.420,1354.94,
599.3,0.89,5.369,1342.28,
599.3,0.97,5.319,1329.72,
599.3,1.05,5.269,1317.31,
599.3,1.13,5.220,1305.08,
599.3,1.21,5.172,1293.06,
599.3,1.29,5.125,1281.30,
599.3,1.37,5.079,1269.84,
599.3,1.45,5.035,1258.72,
599.3,1.53,4.992,1247.97,
599.3,1.61,4.951,1237.63,
599.3,1.69,4.911,1227.74,
599.3,1.77,4.873,1218.34,
599.3,1.85,4.838,1209.47,
599.3,1.93,4.805,1201.17,
599.3,2.01,4.774,1193.48,0.8082
599.3,2.09,4.745,1186.34,0.8072
599.3,2.17,4.719,1179.75,0.8061
599.3,2.26,4.695,1173.68,0.8047
599.3,2.34,4.672,1168.11,0.8031
599.3,2.42,4.652,1163.01,0.8014
599.3,2.50,4.633,1158.36,0.7996
599.3,2.58,4.617,1154.14,0.7976
599.3,2.66,4.601,1150.32,0.7955
599.3,2.74,4.588,1146.89,0.7934
599.3,2.82,4.575,1143.81,0.7911
599.3,2.90,4.564,1141.07,0.7889
599.3,2.98,4.555,1138.64,0.7865
599.3,3.06,4.546,1136.50,0.7842
599.3,3.14,4.539,1134.63,0.7818
599.3,3.22,4.532,1133.00,0.7795
599.3,3.30,4.526,1131.59,0.7772
599.3,3.38,4.521,1130.37,0.7750
599.3,3.46,4.517,1129.33,0.7728
599.3,3.54,4.514,1128.44,0.7707
599.3,3.62,4.511,1127.67,0.7687
599.3,3.70,4.508,1127.01,0.7668
599.3,3.79,4.506,1126.42,0.7651
599.3,3.87,4.504,1125.90,0.7635
599.3,3.95,4.502,1125.41,0.7621
599.3,4.03,4.500,1124.91,0.7608
599.3,4.11,4.498,1124.44,0.7598
599.3,4.19,4.496,1124.02,0.7589
599.3,4.27,4.495,1123.63,0.7582
599.3,4.35,4.493,1123.29,0.7576
599.3,4.43,4.492,1122.98,0.7571
599.3,4.51,4.491,1122.69,0.7567
599.3,4.59,4.490,1122.43,0.7565
599.3,4.67,4.489,1122.19,0.7563
599.3,4.75,4.488,1121.96,0.7562
599.3,4.83,4.487,1121.73,0.7561
599.3,4.91,4.486,1121.52,0.7562
599.3,4.99,4.485,1121.30,0.7562
599.3,5.07,4.484,1121.07,0.7563
599.3,5.15,4.483,1120.83,0.7564
599.3,5.23,4.482,1120.57,0.7565
599.3,5.32,4.481,1120.30,0.7566
599.3,5.40,4.480,1119.99,0.7566
599.3,5.48,4.479,1119.66,0.7567
599.3,5.56,4.477,1119.29,0.7567
599.3,5.64,4.476,1118.88,0.7566
599.3,5.72,4.474,1118.42,0.7565
599.3,5.80,4.472,1117.91,0.7562
599.3,5.88,4.469,1117.34,0.7559
599.3,5.96,4.467,1116.72,0.7555
599.3,6.04,4.464,1116.03,0.7550
599.3,6.12,4.461,1115.34,0.7544
599.3,6.20,4.459,1114.67,0.7539
599.3,6.28,4.456,1114.01,0.7534
599.3,6.36,4.453,1113.36,0.7529
599.3,6.44,4.451,1112.72,0.7525
599.3,6.52,4.448,1112.08,0.7520
599.3,6.60,4.446,1111.45,0.7516
599.3,6.68,4.443,1110.82,0.7511
599.3,6.77,4.441,1110.20,0.7507
599.3,6.85,4.438,1109.57,0.7503
599.3,6.93,4.436,1108.94,0.7499
599.3,7.01,4.433,1108.31,0.7495
599.3,7.09,4.431,1107.68,0.7490
599.3,7.17,4.428,1107.03,0.7486
599.3,7.25,4.426,1106.38,0.7482
599.3,7.33,4.423,1105.73,0.7478
599.3,7.41,4.420,1105.06,0.7474
599.3,7.49,4.417,1104.37,0.7469
599.3,7.57,4.415,1103.68,0.7465
599.3,7.65,4.412,1102.97,0.7460
599.3,7.73,4.409,1102.24,0.7455
599.3,7.81,4.406,1101.49,0.7450
599.3,7.89,4.403,1100.73,0.7445
599.3,7.97,4.400,1099.94,0.7440
599.3,8.05,4.397,1099.14,0.7435
599.3,8.13,4.393,1098.35,0.7429
599.3,8.21,4.390,1097.56,0.7424
599.3,8.30,4.387,1096.78,0.7418
599.3,8.38,4.384,1096.00,0.7413
599.3,8.46,4.381,1095.23,0.7408
599.3,8.54,4.378,1094.45,0.7402
599.3,8.62,4.375,1093.68,0.7397
599.3,8.70,4.372,1092.91,0.7391
599.3,8.78,4.369,1092.14,0.7386
599.3,8.86,4.365,1091.37,0.7381
599.3,8.94,4.362,1090.60,0.7375
599.3,9.02,4.359,1089.82,0.7370
599.3,9.10,4.356,1089.05,0.7364
599.3,9.18,4.353,1088.27,0.7359
599.3,9.26,4.350,1087.48,0.7354
599.3,9.34,4.347,1086.69,0.7348
599.3,9.42,4.344,1085.90,0.7343
599.3,9.50,4.340,1085.10,0.7337
599.3,9.58,4.337,1084.29,0.7332
599.3,9.66,4.334,1083.47,0.7327
599.3,9.74,4.331,1082.65,0.7322
599.3,9.83,4.327,1081.82,0.7316
599.3,9.91,4.324,1080.97,0.7311
599.3,9.99,4.320,1080.12,0.7306
599.3,10.07,4.317,1079.23,0.7301
599.3,10.15,4.313,1078.27,0.7295
599.3,10.23,4.309,1077.24,0.7289
599.3,10.31,4.304,1076.12,0.7283
599.3,10.39,4.300,1074.94,0.7277
599.3,10.47,4.295,1073.68,0.7270
599.3,10.55,4.289,1072.34,0.7263
599.3,10.63,4.284,1070.93,0.7255
599.3,10.71,4.278,1069.44,0.7247
599.3,10.79,4.271,1067.87,0.7238
599.3,10.87,4.265,1066.23,0.7228
599.3,10.95,4.258,1064.51,0.7218
599.3,11.03,4.251,1062.72,0.7207
599.3,11.11,4.243,1060.85,0.7196
599.3,11.19,4.236,1058.90,0.7183
599.3,11.28,4.227,1056.87,0.7170
599.3,11.36,4.219,1054.77,0.7155
599.3,11.44,4.210,1052.59,0.7140
599.3,11.52,4.201,1050.34,0.7124
599.3,11.60,4.192,1048.00,0.7107
599.3,11.68,4.182,1045.59,0.7088
599.3,11.76,4.172,1043.10,0.7069
599.3,11.84,4.162,1040.53,0.7048
599.3,11.92,4.152,1037.89,0.7026
599.3,12.00,4.141,1035.16,0.7002
604.7,0.00,6.034,1508.55,
604.7,0.08,5.986,1496.50,
604.7,0.16,5.936,1484.11,
604.7,0.24,5.886,1471.50,
604.7,0.32,5.835,1458.71,
604.7,0.40,5.783,1445.77,
604.7,0.48,5.731,1432.74,
604.7,0.56,5.679,1419.64,
604.7,0.64,5.626,1406.51,
604.7,0.72,5.574,1393.40,
604.7,0.81,5.521,1380.34,
604.7,0.89,5.469,1367.37,
604.7,0.97,5.418,1354.53,
604.7,1.05,5.367,1341.86,
604.7,1.13,5.318,1329.40,
604.7,1.21,5.269,1317.18,
604.7,1.29,5.221,1305.24,
604.7,1.37,5.174,1293.62,
604.7,1.45,5.129,1282.37,
604.7,1.53,5.086,1271.52,
604.7,1.61,5.044,1261.10,
604.7,1.69,5.005,1251.16,
604.7,1.77,4.967,1241.74,
604.7,1.85,4.932,1232.89,
604.7,1.93,4.899,1224.77,
604.7,2.01,4.869,1217.13,0.8048
604.7,2.09,4.841,1210.15,0.8039
604.7,2.17,4.815,1203.75,0.8026
604.7,2.26,4.791,1197.85,0.8012
604.7,2.34,4.770,1192.43,0.7996
604.7,2.42,4.750,1187.47,0.7979
604.7,2.50,4.732,1182.94,0.7960
604.7,2.58,4.715,1178.83,0.7941
604.7,2.66,4.700,1175.11,0.7920
604.7,2.74,4.687,1171.75,0.7899
604.7,2.82,4.675,1168.74,0.7877
604.7,2.90,4.664,1166.05,0.7854
604.7,2.98,4.655,1163.65,0.7832
604.7,3.06,4.646,1161.53,0.7809
604.7,3.14,4.639,1159.65,0.7786
604.7,3.22,4.632,1158.01,0.7764
604.7,3.30,4.626,1156.57,0.7742
604.7,3.38,4.621,1155.31,0.7720
604.7,3.46,4.617,1154.20,0.7700
604.7,3.54,4.613,1153.23,0.7680
604.7,3.62,4.609,1152.37,0.7662
604.7,3.70,4.606,1151.60,0.7645
604.7,3.79,4.604,1150.90,0.7629
604.7,3.87,4.601,1150.23,0.7615
604.7,3.95,4.598,1149.60,0.7601
604.7,4.03,4.597,1149.14,0.7592
604.7,4.11,4.595,1148.75,0.7583
604.7,4.19,4.594,1148.43,0.7576
604.7,4.27,4.593,1148.15,0.7570
604.7,4.35,4.592,1147.91,0.7566
604.7,4.43,4.591,1147.69,0.7563
604.7,4.51,4.590,1147.50,0.7560
604.7,4.59,4.589,1147.33,0.7559
604.7,4.67,4.589,1147.17,0.7558
604.7,4.75,4.588,1147.02,0.7558
604.7,4.83,4.588,1146.88,0.7559
604.7,4.91,4.587,1146.74,0.7560
604.7,4.99,4.586,1146.59,0.7561
604.7,5.07,4.586,1146.43,0.7563
604.7,5.15,4.585,1146.26,0.7565
604.7,5.23,4.584,1146.07,0.7566
604.7,5.32,4.583,1145.85,0.7568
604.7,5.40,4.582,1145.61,0.7569
604.7,5.48,4.581,1145.33,0.7569
604.7,5.56,4.580,1145.00,0.7570
604.7,5.64,4.579,1144.64,0.7569
604.7,5.72,4.577,1144.22,0.7568
604.7,5.80,4.575,1143.76,0.7566
604.7,5.88,4.573,1143.23,0.7562
604.7,5.96,4.571,1142.67,0.7556
604.7,6.04,4.568,1142.05,0.7553
604.7,6.12,4.566,1141.44,0.7549
604.7,6.20,4.563,1140.84,0.7545
604.7,6.28,4.561,1140.24,0.7541
604.7,6.36,4.559,1139.66,0.7537
604.7,6.44,4.556,1139.09,0.7533
604.7,6.52,4.554,1138.52,0.7530
604.7,6.60,4.552,1137.95,0.7526
604.7,6.68,4.550,1137.39,0.7523
604.7,6.77,4.547,1136.82,0.7519
604.7,6.85,4.545,1136.26,0.7516
604.7,6.93,4.543,1135.69,0.7513
604.7,7.01,4.540,1135.12,0.7510
604.7,7.09,4.538,1134.54,0.7506
604.7,7.17,4.536,1133.96,0.7503
604.7,7.25,4.533,1133.37,0.7500
604.7,7.33,4.531,1132.77,0.7496
604.7,7.41,4.529,1132.15,0.7493
604.7,7.49,4.526,1131.52,0.7489
604.7,7.57,4.524,1130.88,0.7486
604.7,7.65,4.521,1130.22,0.7482
604.7,7.73,4.518,1129.54,0.7478
604.7,7.81,4.515,1128.85,0.7474
604.7,7.89,4.512,1128.12,0.7468
604.7,7.97,4.509,1127.32,0.7462
604.7,8.05,4.506,1126.44,0.7458
604.7,8.13,4.502,1125.62,0.7453
604.7,8.21,4.499,1124.81,0.7447
604.7,8.30,4.496,1124.00,0.7442
604.7,8.38,4.493,1123.20,0.7436
604.7,8.46,4.490,1122.40,0.7431
604.7,8.54,4.486,1121.61,0.7425
604.7,8.62,4.483,1120.81,0.7420
604.7,8.70,4.480,1120.01,0.7414
604.7,8.78,4.477,1119.22,0.7409
604.7,8.86,4.474,1118.42,0.7403
604.7,8.94,4.470,1117.62,0.7398
604.7,9.02,4.467,1116.82,0.7392
604.7,9.10,4.464,1116.01,0.7387
604.7,9.18,4.461,1115.21,0.7382
604.7,9.26,4.458,1114.39,0.7376
604.7,9.34,4.454,1113.57,0.7371
604.7,9.42,4.451,1112.75,0.7365
604.7,9.50,4.448,1111.92,0.7360
604.7,9.58,4.444,1111.08,0.7354
604.7,9.66,4.441,1110.23,0.7349
604.7,9.74,4.437,1109.37,0.7344
604.7,9.83,4.434,1108.51,0.7338
604.7,9.91,4.431,1107.66,0.7332
604.7,9.99,4.427,1106.82,0.7327
604.7,10.07,4.424,1105.88,0.7322
604.7,10.15,4.420,1104.88,0.7317
604.7,10.23,4.415,1103.81,0.7311
604.7,10.31,4.411,1102.66,0.7306
604.7,10.39,4.406,1101.44,0.7299
604.7,10.47,4.401,1100.14,0.7292
604.7,10.55,4.395,1098.76,0.7285
604.7,10.63,4.389,1097.31,0.7277
604.7,10.71,4.383,1095.78,0.7269
604.7,10.79,4.377,1094.18,0.7260
604.7,10.87,4.370,1092.50,0.7250
604.7,10.95,4.363,1090.75,0.7240
604.7,11.03,4.356,1088.91,0.7229
604.7,11.11,4.348,1087.00,0.7217
604.7,11.19,4.340,1085.02,0.7204
604.7,11.28,4.332,1082.95,0.7190
604.7,11.36,4.323,1080.81,0.7176
604.7,11.44,4.314,1078.59,0.7160
604.7,11.52,4.305,1076.30,0.7144
604.7,11.60,4.296,1073.93,0.7126
604.7,11.68,4.286,1071.47,0.7107
604.7,11.76,4.276,1068.94,0.7087
604.7,11.84,4.265,1066.34,0.7065
604.7,11.92,4.255,1063.66,0.7042
604.7,12.00,4.244,1061.03,0.7019
610.1,0.00,6.150,1537.58,
610.1,0.08,6.101,1525.20,
610.1,0.16,6.050,1512.43,
610.1,0.24,5.997,1499.36,
610.1,0.32,5.944,1486.12,
610.1,0.40,5.891,1472.76,
610.1,0.48,5.837,1459.33,
610.1,0.56,5.783,1445.86,
610.1,0.64,5.730,1432.38,
610.1,0.72,5.676,1418.95,
610.1,0.81,5.622,1405.60,
610.1,0.89,5.569,1392.36,
610.1,0.97,5.517,1379.28,
610.1,1.05,5.466,1366.39,
610.1,1.13,5.415,1353.74,
610.1,1.21,5.365,1341.35,
610.1,1.29,5.317,1329.27,
610.1,1.37,5.270,1317.55,
610.1,1.45,5.225,1306.20,
610.1,1.53,5.181,1295.29,
610.1,1.61,5.139,1284.84,
610.1,1.69,5.100,1274.99,
610.1,1.77,5.064,1265.88,
610.1,1.85,5.030,1257.43,
610.1,1.93,4.997,1249.23,
610.1,2.01,4.967,1241.66,0.8028
610.1,2.09,4.939,1234.78,0.8021
610.1,2.17,4.914,1228.50,0.8010
610.1,2.26,4.891,1222.76,0.7996
610.1,2.34,4.870,1217.49,0.7979
610.1,2.42,4.851,1212.67,0.7962
610.1,2.50,4.833,1208.27,0.7943
610.1,2.58,4.817,1204.26,0.7923
610.1,2.66,4.803,1200.63,0.7903
610.1,2.74,4.789,1197.35,0.7882
610.1,2.82,4.778,1194.40,0.7860
610.1,2.90,4.767,1191.75,0.7838
610.1,2.98,4.758,1189.38,0.7816
610.1,3.06,4.749,1187.27,0.7794
610.1,3.14,4.742,1185.40,0.7772
610.1,3.22,4.735,1183.73,0.7751
610.1,3.30,4.729,1182.26,0.7730
610.1,3.38,4.724,1180.95,0.7710
610.1,3.46,4.719,1179.78,0.7690
610.1,3.54,4.715,1178.73,0.7672
610.1,3.62,4.711,1177.78,0.7655
610.1,3.70,4.708,1176.88,0.7638
610.1,3.79,4.704,1176.02,0.7620
610.1,3.87,4.701,1175.26,0.7605
610.1,3.95,4.699,1174.77,0.7595
610.1,4.03,4.697,1174.34,0.7589
610.1,4.11,4.696,1174.00,0.7585
610.1,4.19,4.695,1173.75,0.7580
610.1,4.27,4.694,1173.57,0.7576
610.1,4.35,4.694,1173.42,0.7573
610.1,4.43,4.693,1173.29,0.7571
610.1,4.51,4.693,1173.18,0.7570
610.1,4.59,4.692,1173.10,0.7569
610.1,4.67,4.692,1173.02,0.7570
610.1,4.75,4.692,1172.95,0.7571
610.1,4.83,4.692,1172.88,0.7573
610.1,4.91,4.691,1172.81,0.7574
610.1,4.99,4.691,1172.73,0.7577
610.1,5.07,4.691,1172.63,0.7579
610.1,5.15,4.690,1172.52,0.7581
610.1,5.23,4.690,1172.39,0.7583
610.1,5.32,4.689,1172.22,0.7585
610.1,5.40,4.688,1172.03,0.7587
610.1,5.48,4.687,1171.79,0.7588
610.1,5.56,4.686,1171.52,0.7588
610.1,5.64,4.685,1171.19,0.7587
610.1,5.72,4.683,1170.82,0.7584
610.1,5.80,4.682,1170.40,0.7577
610.1,5.88,4.680,1169.97,0.7570
610.1,5.96,4.678,1169.54,0.7568
610.1,6.04,4.676,1168.96,0.7568
610.1,6.12,4.674,1168.38,0.7567
610.1,6.20,4.671,1167.84,0.7564
610.1,6.28,4.669,1167.31,0.7561
610.1,6.36,4.667,1166.79,0.7558
610.1,6.44,4.665,1166.28,0.7555
610.1,6.52,4.663,1165.77,0.7553
610.1,6.60,4.661,1165.26,0.7550
610.1,6.68,4.659,1164.75,0.7548
610.1,6.77,4.657,1164.25,0.7545
610.1,6.85,4.655,1163.74,0.7543
610.1,6.93,4.653,1163.23,0.7540
610.1,7.01,4.651,1162.71,0.7538
610.1,7.09,4.649,1162.19,0.7536
610.1,7.17,4.647,1161.66,0.7533
610.1,7.25,4.644,1161.11,0.7531
610.1,7.33,4.642,1160.56,0.7528
610.1,7.41,4.640,1160.00,0.7525
610.1,7.49,4.638,1159.42,0.7522
610.1,7.57,4.635,1158.82,0.7519
610.1,7.65,4.633,1158.20,0.7516
610.1,7.73,4.630,1157.56,0.7511
610.1,7.81,4.628,1156.88,0.7503
610.1,7.89,4.624,1156.07,0.7496
610.1,7.97,4.621,1155.14,0.7491
610.1,8.05,4.617,1154.15,0.7488
610.1,8.13,4.613,1153.23,0.7485
610.1,8.21,4.609,1152.37,0.7479
610.1,8.30,4.606,1151.54,0.7474
610.1,8.38,4.603,1150.71,0.7468
610.1,8.46,4.600,1149.89,0.7463
610.1,8.54,4.596,1149.06,0.7457
610.1,8.62,4.593,1148.23,0.7452
610.1,8.70,4.590,1147.41,0.7446
610.1,8.78,4.586,1146.58,0.7441
610.1,8.86,4.583,1145.75,0.7435
610.1,8.94,4.580,1144.92,0.7429
610.1,9.02,4.576,1144.09,0.7424
610.1,9.10,4.573,1143.25,0.7418
610.1,9.18,4.570,1142.41,0.7413
610.1,9.26,4.566,1141.57,0.7407
610.1,9.34,4.563,1140.71,0.7402
610.1,9.42,4.559,1139.85,0.7396
610.1,9.50,4.556,1138.99,0.7391
610.1,9.58,4.552,1138.11,0.7385
610.1,9.66,4.549,1137.24,0.7379
610.1,9.74,4.546,1136.40,0.7372
610.1,9.83,4.542,1135.60,0.7364
610.1,9.91,4.539,1134.81,0.7358
610.1,9.99,4.536,1133.93,0.7354
610.1,10.07,4.532,1132.93,0.7351
610.1,10.15,4.527,1131.87,0.7347
610.1,10.23,4.523,1130.75,0.7342
610.1,10.31,4.518,1129.56,0.7336
610.1,10.39,4.513,1128.30,0.7329
610.1,10.47,4.508,1126.96,0.7323
610.1,10.55,4.502,1125.54,0.7315
610.1,10.63,4.496,1124.05,0.7307
610.1,10.71,4.490,1122.48,0.7299
610.1,10.79,4.483,1120.84,0.7290
610.1,10.87,4.476,1119.12,0.7280
610.1,10.95,4.469,1117.32,0.7269
610.1,11.03,4.462,1115.44,0.7258
610.1,11.11,4.454,1113.49,0.7246
610.1,11.19,4.446,1111.47,0.7233
610.1,11.28,4.437,1109.36,0.7219
610.1,11.36,4.429,1107.18,0.7204
610.1,11.44,4.420,1104.92,0.7188
610.1,11.52,4.410,1102.58,0.7171
610.1,11.60,4.401,1100.17,0.7152
610.1,11.68,4.391,1097.68,0.7132
610.1,11.76,4.380,1095.12,0.7110
610.1,11.84,4.370,1092.51,0.7085
610.1,11.92,4.360,1090.03,0.7063
610.1,12.00,4.350,1087.55,0.7045
615.4,0.00,6.264,1565.93,
615.4,0.08,6.213,1553.26,
615.4,0.16,6.161,1540.20,
615.4,0.24,6.107,1526.83,
615.4,0.32,6.053,1513.21,
615.4,0.40,5.998,1499.47,
615.4,0.48,5.943,1485.68,
615.4,0.56,5.888,1471.88,
615.4,0.64,5.832,1458.11,
615.4,0.72,5.778,1444.40,
615.4,0.81,5.723,1430.79,
615.4,0.89,5.669,1417.32,
615.4,0.97,5.616,1404.04,
615.4,1.05,5.564,1390.98,
615.4,1.13,5.513,1378.17,
615.4,1.21,5.463,1365.66,
615.4,1.29,5.414,1353.49,
615.4,1.37,5.367,1341.68,
615.4,1.45,5.321,1330.34,
615.4,1.53,5.278,1319.59,
615.4,1.61,5.238,1309.52,
615.4,1.69,5.201,1300.22,
615.4,1.77,5.166,1291.40,
615.4,1.85,5.131,1282.74,
615.4,1.93,5.098,1274.55,
615.4,2.01,5.068,1267.09,0.8021
615.4,2.09,5.041,1260.30,0.8017
615.4,2.17,5.016,1254.11,0.8008
615.4,2.26,4.994,1248.47,0.7995
615.4,2.34,4.973,1243.34,0.7979
615.4,2.42,4.955,1238.65,0.7961
615.4,2.50,4.937,1234.37,0.7942
615.4,2.58,4.922,1230.47,0.7922
615.4,2.66,4.908,1226.92,0.7902
615.4,2.74,4.895,1223.71,0.7881
615.4,2.82,4.883,1220.82,0.7860
615.4,2.90,4.873,1218.21,0.7838
615.4,2.98,4.863,1215.87,0.7816
615.4,3.06,4.855,1213.77,0.7795
615.4,3.14,4.848,1211.89,0.7774
615.4,3.22,4.841,1210.21,0.7753
615.4,3.30,4.835,1208.69,0.7733
615.4,3.38,4.829,1207.33,0.7714
615.4,3.46,4.824,1206.09,0.7696
615.4,3.54,4.820,1204.94,0.7677
615.4,3.62,4.815,1203.84,0.7657
615.4,3.70,4.811,1202.77,0.7636
615.4,3.79,4.808,1201.92,0.7620
615.4,3.87,4.805,1201.37,0.7608
615.4,3.95,4.804,1200.94,0.7602
615.4,4.03,4.802,1200.54,0.7600
615.4,4.11,4.801,1200.23,0.7599
615.4,4.19,4.800,1200.02,0.7597
615.4,4.27,4.800,1199.89,0.7596
615.4,4.35,4.799,1199.82,0.7594
615.4,4.43,4.799,1199.78,0.7593
615.4,4.51,4.799,1199.76,0.7593
615.4,4.59,4.799,1199.75,0.7594
615.4,4.67,4.799,1199.74,0.7596
615.4,4.75,4.799,1199.75,0.7598
615.4,4.83,4.799,1199.74,0.7600
615.4,4.91,4.799,1199.74,0.7603
615.4,4.99,4.799,1199.72,0.7606
615.4,5.07,4.799,1199.68,0.7609
615.4,5.15,4.798,1199.62,0.7611
615.4,5.23,4.798,1199.54,0.7614
615.4,5.32,4.798,1199.42,0.7616
615.4,5.40,4.797,1199.27,0.7618
615.4,5.48,4.796,1199.08,0.7618
615.4,5.56,4.795,1198.85,0.7615
615.4,5.64,4.794,1198.57,0.7609
615.4,5.72,4.793,1198.24,0.7600
615.4,5.80,4.792,1197.95,0.7593
615.4,5.88,4.791,1197.69,0.7590
615.4,5.96,4.789,1197.29,0.7590
615.4,6.04,4.787,1196.74,0.7593
615.4,6.12,4.785,1196.20,0.7595
615.4,6.20,4.783,1195.69,0.7595
615.4,6.28,4.781,1195.21,0.7594
615.4,6.36,4.779,1194.75,0.7592
615.4,6.44,4.777,1194.29,0.7590
615.4,6.52,4.775,1193.83,0.7588
615.4,6.60,4.774,1193.38,0.7586
615.4,6.68,4.772,1192.92,0.7585
615.4,6.77,4.770,1192.47,0.7583
615.4,6.85,4.768,1192.01,0.7581
615.4,6.93,4.766,1191.55,0.7580
615.4,7.01,4.764,1191.08,0.7578
615.4,7.09,4.762,1190.60,0.7576
615.4,7.17,4.760,1190.12,0.7575
615.4,7.25,4.758,1189.62,0.7573
615.4,7.33,4.756,1189.11,0.7571
615.4,7.41,4.754,1188.59,0.7569
615.4,7.49,4.752,1188.04,0.7565
615.4,7.57,4.750,1187.47,0.7560
615.4,7.65,4.747,1186.86,0.7553
615.4,7.73,4.745,1186.20,0.7543
615.4,7.81,4.742,1185.39,0.7535
615.4,7.89,4.738,1184.44,0.7529
615.4,7.97,4.734,1183.39,0.7526
615.4,8.05,4.729,1182.30,0.7525
615.4,8.13,4.725,1181.28,0.7522
615.4,8.21,4.721,1180.33,0.7519
615.4,8.30,4.718,1179.44,0.7513
615.4,8.38,4.714,1178.58,0.7508
615.4,8.46,4.711,1177.72,0.7502
615.4,8.54,4.707,1176.86,0.7496
615.4,8.62,4.704,1176.00,0.7491
615.4,8.70,4.701,1175.14,0.7485
615.4,8.78,4.697,1174.28,0.7479
615.4,8.86,4.694,1173.41,0.7474
615.4,8.94,4.690,1172.55,0.7468
615.4,9.02,4.687,1171.68,0.7463
615.4,9.10,4.683,1170.81,0.7457
615.4,9.18,4.680,1169.93,0.7451
615.4,9.26,4.676,1169.05,0.7446
615.4,9.34,4.673,1168.16,0.7440
615.4,9.42,4.669,1167.26,0.7434
615.4,9.50,4.666,1166.39,0.7428
615.4,9.58,4.662,1165.54,0.7420
615.4,9.66,4.659,1164.73,0.7411
615.4,9.74,4.656,1163.96,0.7401
615.4,9.83,4.653,1163.19,0.7394
615.4,9.91,4.650,1162.39,0.7389
615.4,9.99,4.646,1161.44,0.7387
615.4,10.07,4.641,1160.36,0.7385
615.4,10.15,4.637,1159.24,0.7383
615.4,10.23,4.632,1158.06,0.7378
615.4,10.31,4.627,1156.82,0.7373
615.4,10.39,4.622,1155.52,0.7366
615.4,10.47,4.617,1154.13,0.7359
615.4,10.55,4.611,1152.67,0.7352
615.4,10.63,4.605,1151.14,0.7344
615.4,10.71,4.598,1149.53,0.7335
615.4,10.79,4.591,1147.84,0.7326
615.4,10.87,4.584,1146.08,0.7316
615.4,10.95,4.577,1144.23,0.7305
615.4,11.03,4.569,1142.32,0.7294
615.4,11.11,4.561,1140.32,0.7281
615.4,11.19,4.553,1138.25,0.7268
615.4,11.28,4.544,1136.10,0.7253
615.4,11.36,4.536,1133.88,0.7238
615.4,11.44,4.526,1131.57,0.7221
615.4,11.52,4.517,1129.20,0.7203
615.4,11.60,4.507,1126.75,0.7181
615.4,11.68,4.497,1124.23,0.7157
615.4,11.76,4.487,1121.72,0.7132
615.4,11.84,4.477,1119.35,0.7111
615.4,11.92,4.468,1117.04,0.7093
615.4,12.00,4.459,1114.69,0.7078
620.8,0.00,6.375,1593.73,
620.8,0.08,6.323,1580.82,
620.8,0.16,6.270,1567.51,
620.8,0.24,6.216,1553.89,
620.8,0.32,6.160,1540.02,
620.8,0.40,6.104,1525.99,
620.8,0.48,6.048,1511.89,
620.8,0.56,5.991,1497.80,
620.8,0.64,5.935,1483.76,
620.8,0.72,5.879,1469.81,
620.8,0.81,5.824,1455.99,
620.8,0.89,5.769,1442.34,
620.8,0.97,5.716,1428.89,
620.8,1.05,5.663,1415.70,
620.8,1.13,5.611,1402.78,
620.8,1.21,5.561,1390.20,
620.8,1.29,5.512,1378.06,
620.8,1.37,5.466,1366.48,
620.8,1.45,5.422,1355.52,
620.8,1.53,5.381,1345.28,
620.8,1.61,5.343,1335.79,
620.8,1.69,5.306,1326.60,
620.8,1.77,5.270,1317.57,
620.8,1.85,5.235,1308.84,
620.8,1.93,5.203,1300.77,
620.8,2.01,5.174,1293.41,0.8028
620.8,2.09,5.147,1286.71,0.8025
620.8,2.17,5.122,1280.61,0.8018
620.8,2.26,5.100,1275.06,0.8006
620.8,2.34,5.080,1270.02,0.7991
620.8,2.42,5.062,1265.44,0.7974
620.8,2.50,5.045,1261.28,0.7955
620.8,2.58,5.030,1257.47,0.7935
620.8,2.66,5.016,1254.02,0.7915
620.8,2.74,5.004,1250.88,0.7894
620.8,2.82,4.992,1248.04,0.7873
620.8,2.90,4.982,1245.47,0.7851
620.8,2.98,4.973,1243.15,0.7830
620.8,3.06,4.964,1241.06,0.7810
620.8,3.14,4.957,1239.17,0.7789
620.8,3.22,4.950,1237.46,0.7769
620.8,3.30,4.944,1235.90,0.7749
620.8,3.38,4.938,1234.45,0.7728
620.8,3.46,4.932,1233.09,0.7707
620.8,3.54,4.927,1231.78,0.7685
620.8,3.62,4.922,1230.54,0.7662
620.8,3.70,4.918,1229.58,0.7645
620.8,3.79,4.916,1228.93,0.7633
620.8,3.87,4.914,1228.48,0.7625
620.8,3.95,4.912,1228.08,0.7621
620.8,4.03,4.911,1227.72,0.7623
620.8,4.11,4.910,1227.45,0.7624
620.8,4.19,4.909,1227.28,0.7626
620.8,4.27,4.909,1227.19,0.7626
620.8,4.35,4.909,1227.16,0.7627
620.8,4.43,4.909,1227.19,0.7628
620.8,4.51,4.909,1227.24,0.7629
620.8,4.59,4.909,1227.30,0.7631
620.8,4.67,4.909,1227.37,0.7633
620.8,4.75,4.910,1227.43,0.7636
620.8,4.83,4.910,1227.49,0.7640
620.8,4.91,4.910,1227.54,0.7643
620.8,4.99,4.910,1227.58,0.7646
620.8,5.07,4.910,1227.59,0.7650
620.8,5.15,4.910,1227.58,0.7653
620.8,5.23,4.910,1227.55,0.7656
620.8,5.32,4.910,1227.48,0.7656
620.8,5.40,4.909,1227.37,0.7655
620.8,5.48,4.909,1227.22,0.7650
620.8,5.56,4.908,1227.02,0.7641
620.8,5.64,4.907,1226.79,0.7630
620.8,5.72,4.906,1226.62,0.7623
620.8,5.80,4.906,1226.48,0.7620
620.8,5.88,4.905,1226.27,0.7621
620.8,5.96,4.904,1225.90,0.7623
620.8,6.04,4.902,1225.38,0.7628
620.8,6.12,4.899,1224.87,0.7632
620.8,6.20,4.898,1224.39,0.7635
620.8,6.28,4.896,1223.95,0.7636
620.8,6.36,4.894,1223.52,0.7635
620.8,6.44,4.892,1223.11,0.7634
620.8,6.52,4.891,1222.70,0.7633
620.8,6.60,4.889,1222.29,0.7632
620.8,6.68,4.888,1221.89,0.7631
620.8,6.77,4.886,1221.48,0.7630
620.8,6.85,4.884,1221.06,0.7629
620.8,6.93,4.883,1220.64,0.7628
620.8,7.01,4.881,1220.22,0.7627
620.8,7.09,4.879,1219.78,0.7626
620.8,7.17,4.877,1219.33,0.7625
620.8,7.25,4.875,1218.87,0.7624
620.8,7.33,4.874,1218.39,0.7621
620.8,7.41,4.872,1217.88,0.7616
620.8,7.49,4.869,1217.34,0.7609
620.8,7.57,4.867,1216.77,0.7600
620.8,7.65,4.864,1216.11,0.7589
620.8,7.73,4.861,1215.28,0.7580
620.8,7.81,4.857,1214.31,0.7574
620.8,7.89,4.853,1213.24,0.7569
620.8,7.97,4.848,1212.09,0.7567
620.8,8.05,4.844,1210.90,0.7567
620.8,8.13,4.839,1209.79,0.7565
620.8,8.21,4.835,1208.75,0.7563
620.8,8.30,4.831,1207.77,0.7558
620.8,8.38,4.827,1206.84,0.7553
620.8,8.46,4.824,1205.94,0.7548
620.8,8.54,4.820,1205.04,0.7542
620.8,8.62,4.817,1204.15,0.7536
620.8,8.70,4.813,1203.25,0.7530
620.8,8.78,4.809,1202.35,0.7524
620.8,8.86,4.806,1201.45,0.7519
620.8,8.94,4.802,1200.54,0.7513
620.8,9.02,4.799,1199.64,0.7507
620.8,9.10,4.795,1198.72,0.7501
620.8,9.18,4.791,1197.80,0.7496
620.8,9.26,4.788,1196.89,0.7489
620.8,9.34,4.784,1196.00,0.7482
620.8,9.42,4.781,1195.14,0.7474
620.8,9.50,4.777,1194.31,0.7465
620.8,9.58,4.774,1193.52,0.7453
620.8,9.66,4.771,1192.75,0.7443
620.8,9.74,4.768,1191.99,0.7435
620.8,9.83,4.765,1191.23,0.7429
620.8,9.91,4.761,1190.36,0.7426
620.8,9.99,4.757,1189.34,0.7425
620.8,10.07,4.753,1188.20,0.7424
620.8,10.15,4.748,1187.01,0.7423
620.8,10.23,4.743,1185.77,0.7419
620.8,10.31,4.738,1184.47,0.7414
620.8,10.39,4.732,1183.11,0.7409
620.8,10.47,4.727,1181.68,0.7402
620.8,10.55,4.721,1180.17,0.7394
620.8,10.63,4.714,1178.59,0.7386
620.8,10.71,4.708,1176.93,0.7377
620.8,10.79,4.701,1175.20,0.7368
620.8,10.87,4.694,1173.39,0.7357
620.8,10.95,4.686,1171.50,0.7346
620.8,11.03,4.678,1169.54,0.7334
620.8,11.11,4.670,1167.50,0.7321
620.8,11.19,4.662,1165.38,0.7308
620.8,11.28,4.653,1163.19,0.7292
620.8,11.36,4.644,1160.92,0.7275
620.8,11.44,4.634,1158.58,0.7255
620.8,11.52,4.625,1156.18,0.7233
620.8,11.60,4.615,1153.70,0.7207
620.8,11.68,4.605,1151.30,0.7183
620.8,11.76,4.596,1149.03,0.7163
620.8,11.84,4.587,1146.85,0.7145
620.8,11.92,4.579,1144.66,0.7130
620.8,12.00,4.570,1142.42,0.7119
626.2,0.00,6.484,1621.10,
626.2,0.08,6.432,1607.98,
626.2,0.16,6.378,1594.48,
626.2,0.24,6.323,1580.65,
626.2,0.32,6.266,1566.58,
626.2,0.40,6.209,1552.34,
626.2,0.48,6.152,1538.01,
626.2,0.56,6.095,1523.68,
626.2,0.64,6.038,1509.42,
626.2,0.72,5.981,1495.27,
626.2,0.81,5.925,1481.28,
626.2,0.89,5.870,1467.49,
626.2,0.97,5.816,1453.92,
626.2,1.05,5.763,1440.67,
626.2,1.13,5.711,1427.83,
626.2,1.21,5.662,1415.47,
626.2,1.29,5.615,1403.69,
626.2,1.37,5.570,1392.58,
626.2,1.45,5.529,1382.21,
626.2,1.53,5.490,1372.51,
626.2,1.61,5.452,1362.99,
626.2,1.69,5.414,1353.62,
626.2,1.77,5.378,1344.47,
626.2,1.85,5.343,1335.84,
626.2,1.93,5.312,1327.88,
626.2,2.01,5.282,1320.62,0.8045
626.2,2.09,5.256,1314.03,0.8044
626.2,2.17,5.232,1308.03,0.8038
626.2,2.26,5.210,1302.57,0.8027
626.2,2.34,5.190,1297.61,0.8014
626.2,2.42,5.172,1293.11,0.7997
626.2,2.50,5.156,1289.04,0.7979
626.2,2.58,5.141,1285.33,0.7959
626.2,2.66,5.128,1281.96,0.7938
626.2,2.74,5.116,1278.88,0.7918
626.2,2.82,5.104,1276.09,0.7897
626.2,2.90,5.094,1273.56,0.7876
626.2,2.98,5.085,1271.26,0.7855
626.2,3.06,5.077,1269.17,0.7835
626.2,3.14,5.069,1267.25,0.7814
626.2,3.22,5.062,1265.48,0.7792
626.2,3.30,5.055,1263.82,0.7769
626.2,3.38,5.049,1262.25,0.7746
626.2,3.46,5.043,1260.72,0.7721
626.2,3.54,5.037,1259.33,0.7698
626.2,3.62,5.033,1258.27,0.7680
626.2,3.70,5.030,1257.50,0.7667
626.2,3.79,5.028,1256.99,0.7658
626.2,3.87,5.026,1256.57,0.7653
626.2,3.95,5.025,1256.21,0.7652
626.2,4.03,5.024,1255.88,0.7656
626.2,4.11,5.023,1255.64,0.7660
626.2,4.19,5.022,1255.51,0.7664
626.2,4.27,5.022,1255.46,0.7667
626.2,4.35,5.022,1255.48,0.7670
626.2,4.43,5.022,1255.55,0.7672
626.2,4.51,5.023,1255.65,0.7675
626.2,4.59,5.023,1255.78,0.7678
626.2,4.67,5.024,1255.91,0.7681
626.2,4.75,5.024,1256.03,0.7685
626.2,4.83,5.025,1256.15,0.7689
626.2,4.91,5.025,1256.25,0.7693
626.2,4.99,5.025,1256.33,0.7697
626.2,5.07,5.026,1256.39,0.7700
626.2,5.15,5.026,1256.43,0.7701
626.2,5.23,5.026,1256.43,0.7700
626.2,5.32,5.026,1256.40,0.7697
626.2,5.40,5.025,1256.32,0.7690
626.2,5.48,5.025,1256.19,0.7679
626.2,5.56,5.024,1256.06,0.7668
626.2,5.64,5.024,1255.99,0.7661
626.2,5.72,5.024,1255.96,0.7658
626.2,5.80,5.024,1255.91,0.7658
626.2,5.88,5.023,1255.72,0.7660
626.2,5.96,5.021,1255.37,0.7665
626.2,6.04,5.019,1254.87,0.7672
626.2,6.12,5.018,1254.38,0.7678
626.2,6.20,5.016,1253.93,0.7682
626.2,6.28,5.014,1253.51,0.7685
626.2,6.36,5.012,1253.12,0.7686
626.2,6.44,5.011,1252.74,0.7687
626.2,6.52,5.009,1252.37,0.7687
626.2,6.60,5.008,1252.01,0.7686
626.2,6.68,5.007,1251.64,0.7686
626.2,6.77,5.005,1251.27,0.7686
626.2,6.85,5.004,1250.89,0.7685
626.2,6.93,5.002,1250.51,0.7685
626.2,7.01,5.000,1250.12,0.7685
626.2,7.09,4.999,1249.71,0.7683
626.2,7.17,4.997,1249.28,0.7681
626.2,7.25,4.995,1248.83,0.7677
626.2,7.33,4.993,1248.35,0.7671
626.2,7.41,4.991,1247.84,0.7662
626.2,7.49,4.989,1247.29,0.7651
626.2,7.57,4.986,1246.60,0.7640
626.2,7.65,4.983,1245.76,0.7630
626.2,7.73,4.979,1244.78,0.7623
626.2,7.81,4.975,1243.68,0.7617
626.2,7.89,4.970,1242.51,0.7614
626.2,7.97,4.965,1241.26,0.7613
626.2,8.05,4.960,1239.97,0.7614
626.2,8.13,4.955,1238.77,0.7613
626.2,8.21,4.951,1237.65,0.7611
626.2,8.30,4.946,1236.58,0.7607
626.2,8.38,4.942,1235.58,0.7603
626.2,8.46,4.938,1234.61,0.7598
626.2,8.54,4.935,1233.66,0.7592
626.2,8.62,4.931,1232.73,0.7586
626.2,8.70,4.927,1231.79,0.7580
626.2,8.78,4.923,1230.84,0.7574
626.2,8.86,4.920,1229.90,0.7568
626.2,8.94,4.916,1228.95,0.7562
626.2,9.02,4.912,1228.00,0.7556
626.2,9.10,4.908,1227.07,0.7550
626.2,9.18,4.905,1226.15,0.7542
626.2,9.26,4.901,1225.25,0.7534
626.2,9.34,4.898,1224.39,0.7524
626.2,9.42,4.894,1223.56,0.7513
626.2,9.50,4.891,1222.77,0.7500
626.2,9.58,4.888,1222.01,0.7489
626.2,9.66,4.885,1221.25,0.7480
626.2,9.74,4.882,1220.49,0.7474
626.2,9.83,4.879,1219.68,0.7470
626.2,9.91,4.875,1218.73,0.7468
626.2,9.99,4.871,1217.64,0.7467
626.2,10.07,4.866,1216.43,0.7468
626.2,10.15,4.861,1215.18,0.7467
626.2,10.23,4.855,1213.87,0.7464
626.2,10.31,4.850,1212.51,0.7460
626.2,10.39,4.844,1211.09,0.7454
626.2,10.47,4.838,1209.60,0.7448
626.2,10.55,4.832,1208.05,0.7440
626.2,10.63,4.826,1206.42,0.7432
626.2,10.71,4.819,1204.71,0.7423
626.2,10.79,4.812,1202.93,0.7413
626.2,10.87,4.804,1201.07,0.7402
626.2,10.95,4.797,1199.13,0.7391
626.2,11.03,4.788,1197.12,0.7379
626.2,11.11,4.780,1195.03,0.7365
626.2,11.19,4.771,1192.87,0.7349
626.2,11.28,4.763,1190.64,0.7330
626.2,11.36,4.753,1188.34,0.7310
626.2,11.44,4.744,1185.96,0.7286
626.2,11.52,4.734,1183.54,0.7260
626.2,11.60,4.725,1181.24,0.7237
626.2,11.68,4.716,1179.06,0.7217
626.2,11.76,4.708,1177.00,0.7200
626.2,11.84,4.700,1174.95,0.7185
626.2,11.92,4.691,1172.86,0.7173
626.2,12.00,4.683,1170.73,0.7165
631.5,0.00,6.593,1648.15,
631.5,0.08,6.540,1634.88,
631.5,0.16,6.485,1621.21,
631.5,0.24,6.429,1607.22,
631.5,0.32,6.372,1592.99,
631.5,0.40,6.314,1578.60,
631.5,0.48,6.256,1564.11,
631.5,0.56,6.198,1549.61,
631.5,0.64,6.141,1535.17,
631.5,0.72,6.083,1520.87,
631.5,0.81,6.027,1506.76,
631.5,0.89,5.972,1492.92,
631.5,0.97,5.918,1479.43,
631.5,1.05,5.865,1466.37,
631.5,1.13,5.815,1453.85,
631.5,1.21,5.768,1441.93,
631.5,1.29,5.723,1430.71,
631.5,1.37,5.681,1420.26,
631.5,1.45,5.641,1410.30,
631.5,1.53,5.602,1400.48,
631.5,1.61,5.563,1390.82,
631.5,1.69,5.525,1381.33,
631.5,1.77,5.489,1372.24,
631.5,1.85,5.455,1363.75,
631.5,1.93,5.424,1355.90,
631.5,2.01,5.395,1348.75,0.8073
631.5,2.09,5.369,1342.26,0.8073
631.5,2.17,5.345,1336.35,0.8067
631.5,2.26,5.324,1330.99,0.8058
631.5,2.34,5.304,1326.12,0.8045
631.5,2.42,5.287,1321.70,0.8029
631.5,2.50,5.271,1317.70,0.8011
631.5,2.58,5.256,1314.08,0.7992
631.5,2.66,5.243,1310.78,0.7971
631.5,2.74,5.231,1307.77,0.7951
631.5,2.82,5.220,1305.03,0.7930
631.5,2.90,5.210,1302.52,0.7909
631.5,2.98,5.201,1300.21,0.7887
631.5,3.06,5.192,1298.08,0.7865
631.5,3.14,5.184,1296.09,0.7842
631.5,3.22,5.177,1294.21,0.7818
631.5,3.30,5.170,1292.42,0.7793
631.5,3.38,5.163,1290.68,0.7766
631.5,3.46,5.157,1289.17,0.7742
631.5,3.54,5.152,1287.98,0.7724
631.5,3.62,5.148,1287.10,0.7710
631.5,3.70,5.146,1286.49,0.7700
631.5,3.79,5.144,1286.03,0.7694
631.5,3.87,5.143,1285.65,0.7692
631.5,3.95,5.141,1285.32,0.7693
631.5,4.03,5.140,1285.02,0.7699
631.5,4.11,5.139,1284.81,0.7706
631.5,4.19,5.139,1284.71,0.7711
631.5,4.27,5.139,1284.70,0.7716
631.5,4.35,5.139,1284.76,0.7720
631.5,4.43,5.139,1284.87,0.7725
631.5,4.51,5.140,1285.02,0.7729
631.5,4.59,5.141,1285.20,0.7733
631.5,4.67,5.142,1285.38,0.7737
631.5,4.75,5.142,1285.56,0.7741
631.5,4.83,5.143,1285.72,0.7745
631.5,4.91,5.143,1285.87,0.7749
631.5,4.99,5.144,1286.00,0.7751
631.5,5.07,5.144,1286.09,0.7752
631.5,5.15,5.145,1286.16,0.7750
631.5,5.23,5.145,1286.18,0.7745
631.5,5.32,5.145,1286.17,0.7736
631.5,5.40,5.144,1286.10,0.7723
631.5,5.48,5.144,1286.07,0.7713
631.5,5.56,5.144,1286.09,0.7706
631.5,5.64,5.145,1286.15,0.7703
631.5,5.72,5.145,1286.22,0.7703
631.5,5.80,5.145,1286.19,0.7704
631.5,5.88,5.144,1286.01,0.7709
631.5,5.96,5.143,1285.68,0.7715
631.5,6.04,5.141,1285.19,0.7724
631.5,6.12,5.139,1284.72,0.7731
631.5,6.20,5.137,1284.29,0.7737
631.5,6.28,5.136,1283.90,0.7741
631.5,6.36,5.134,1283.53,0.7743
631.5,6.44,5.133,1283.17,0.7745
631.5,6.52,5.131,1282.83,0.7746
631.5,6.60,5.130,1282.50,0.7746
631.5,6.68,5.129,1282.17,0.7747
631.5,6.77,5.127,1281.83,0.7747
631.5,6.85,5.126,1281.48,0.7747
631.5,6.93,5.125,1281.13,0.7746
631.5,7.01,5.123,1280.75,0.7745
631.5,7.09,5.121,1280.35,0.7741
631.5,7.17,5.120,1279.92,0.7736
631.5,7.25,5.118,1279.46,0.7729
631.5,7.33,5.116,1278.97,0.7719
631.5,7.41,5.114,1278.41,0.7706
631.5,7.49,5.111,1277.70,0.7695
631.5,7.57,5.107,1276.84,0.7685
631.5,7.65,5.103,1275.84,0.7677
631.5,7.73,5.099,1274.72,0.7671
631.5,7.81,5.094,1273.52,0.7666
631.5,7.89,5.089,1272.25,0.7663
631.5,7.97,5.084,1270.90,0.7663
631.5,8.05,5.078,1269.53,0.7664
631.5,8.13,5.073,1268.24,0.7664
631.5,8.21,5.068,1267.03,0.7663
631.5,8.30,5.064,1265.89,0.7660
631.5,8.38,5.059,1264.81,0.7655
631.5,8.46,5.055,1263.77,0.7651
631.5,8.54,5.051,1262.77,0.7645
631.5,8.62,5.047,1261.78,0.7639
631.5,8.70,5.043,1260.79,0.7633
631.5,8.78,5.039,1259.80,0.7627
631.5,8.86,5.035,1258.82,0.7621
631.5,8.94,5.031,1257.84,0.7614
631.5,9.02,5.028,1256.88,0.7606
631.5,9.10,5.024,1255.94,0.7598
631.5,9.18,5.020,1255.03,0.7588
631.5,9.26,5.017,1254.16,0.7577
631.5,9.34,5.013,1253.32,0.7564
631.5,9.42,5.010,1252.53,0.7550
631.5,9.50,5.007,1251.74,0.7539
631.5,9.58,5.004,1250.97,0.7530
631.5,9.66,5.001,1250.20,0.7523
631.5,9.74,4.998,1249.41,0.7518
631.5,9.83,4.994,1248.52,0.7515
631.5,9.91,4.990,1247.50,0.7513
631.5,9.99,4.985,1246.34,0.7514
631.5,10.07,4.980,1245.06,0.7515
631.5,10.15,4.975,1243.74,0.7514
631.5,10.23,4.969,1242.37,0.7512
631.5,10.31,4.964,1240.94,0.7508
631.5,10.39,4.958,1239.46,0.7503
631.5,10.47,4.952,1237.92,0.7496
631.5,10.55,4.945,1236.30,0.7489
631.5,10.63,4.938,1234.62,0.7480
631.5,10.71,4.931,1232.86,0.7471
631.5,10.79,4.924,1231.03,0.7461
631.5,10.87,4.916,1229.12,0.7450
631.5,10.95,4.909,1227.14,0.7437
631.5,11.03,4.900,1225.08,0.7423
631.5,11.11,4.892,1222.94,0.7407
631.5,11.19,4.883,1220.74,0.7388
631.5,11.28,4.874,1218.46,0.7366
631.5,11.36,4.864,1216.12,0.7342
631.5,11.44,4.855,1213.77,0.7316
631.5,11.52,4.846,1211.56,0.7294
631.5,11.60,4.838,1209.47,0.7274
631.5,11.68,4.830,1207.49,0.7258
631.5,11.76,4.822,1205.56,0.7243
631.5,11.84,4.814,1203.60,0.7231
631.5,11.92,4.806,1201.61,0.7222
631.5,12.00,4.798,1199.58,0.7216
636.9,0.00,6.700,1675.00,
636.9,0.08,6.646,1661.62,
636.9,0.16,6.591,1647.84,
636.9,0.24,6.535,1633.74,
636.9,0.32,6.478,1619.39,
636.9,0.40,6.420,1604.88,
636.9,0.48,6.361,1590.27,
636.9,0.56,6.303,1575.66,
636.9,0.64,6.244,1561.10,
636.9,0.72,6.187,1546.74,
636.9,0.81,6.131,1532.67,
636.9,0.89,6.076,1518.99,
636.9,0.97,6.023,1505.79,
636.9,1.05,5.973,1493.14,
636.9,1.13,5.925,1481.13,
636.9,1.21,5.879,1469.84,
636.9,1.29,5.837,1459.33,
636.9,1.37,5.796,1449.10,
636.9,1.45,5.756,1439.02,
636.9,1.53,5.716,1429.10,
636.9,1.61,5.677,1419.35,
636.9,1.69,5.640,1409.88,
636.9,1.77,5.604,1400.93,
636.9,1.85,5.570,1392.56,
636.9,1.93,5.539,1384.83,
636.9,2.01,5.511,1377.79,0.8111
636.9,2.09,5.486,1371.41,0.8111
636.9,2.17,5.462,1365.60,0.8106
636.9,2.26,5.441,1360.33,0.8096
636.9,2.34,5.422,1355.55,0.8084
636.9,2.42,5.405,1351.22,0.8068
636.9,2.50,5.389,1347.30,0.8050
636.9,2.58,5.375,1343.75,0.8031
636.9,2.66,5.362,1340.52,0.8011
636.9,2.74,5.350,1337.56,0.7990
636.9,2.82,5.339,1334.84,0.7968
636.9,2.90,5.329,1332.31,0.7946
636.9,2.98,5.320,1329.96,0.7923
636.9,3.06,5.311,1327.75,0.7899
636.9,3.14,5.303,1325.65,0.7873
636.9,3.22,5.295,1323.63,0.7846
636.9,3.30,5.287,1321.70,0.7819
636.9,3.38,5.280,1320.07,0.7795
636.9,3.46,5.275,1318.75,0.7776
636.9,3.54,5.271,1317.74,0.7762
636.9,3.62,5.268,1317.00,0.7751
636.9,3.70,5.266,1316.48,0.7744
636.9,3.79,5.264,1316.05,0.7740
636.9,3.87,5.263,1315.70,0.7740
636.9,3.95,5.262,1315.40,0.7743
636.9,4.03,5.261,1315.13,0.7751
636.9,4.11,5.260,1314.96,0.7759
636.9,4.19,5.260,1314.89,0.7766
636.9,4.27,5.260,1314.91,0.7773
636.9,4.35,5.260,1315.01,0.7778
636.9,4.43,5.261,1315.16,0.7783
636.9,4.51,5.261,1315.36,0.7788
636.9,4.59,5.262,1315.58,0.7793
636.9,4.67,5.263,1315.81,0.7798
636.9,4.75,5.264,1316.03,0.7802
636.9,4.83,5.265,1316.23,0.7806
636.9,4.91,5.266,1316.41,0.7808
636.9,4.99,5.266,1316.56,0.7807
636.9,5.07,5.267,1316.67,0.7804
636.9,5.15,5.267,1316.75,0.7797
636.9,5.23,5.267,1316.78,0.7787
636.9,5.32,5.267,1316.78,0.7773
636.9,5.40,5.267,1316.84,0.7763
636.9,5.48,5.268,1316.94,0.7757
636.9,5.56,5.268,1317.07,0.7754
636.9,5.64,5.269,1317.23,0.7754
636.9,5.72,5.269,1317.32,0.7755
636.9,5.80,5.269,1317.30,0.7759
636.9,5.88,5.269,1317.13,0.7764
636.9,5.96,5.267,1316.80,0.7772
636.9,6.04,5.265,1316.33,0.7782
636.9,6.12,5.264,1315.88,0.7791
636.9,6.20,5.262,1315.46,0.7797
636.9,6.28,5.260,1315.08,0.7802
636.9,6.36,5.259,1314.73,0.7806
636.9,6.44,5.258,1314.40,0.7808
636.9,6.52,5.256,1314.09,0.7810
636.9,6.60,5.255,1313.78,0.7811
636.9,6.68,5.254,1313.47,0.7811
636.9,6.77,5.253,1313.15,0.7812
636.9,6.85,5.251,1312.82,0.7811
636.9,6.93,5.250,1312.46,0.7809
636.9,7.01,5.248,1312.08,0.7805
636.9,7.09,5.247,1311.67,0.7799
636.9,7.17,5.245,1311.22,0.7790
636.9,7.25,5.243,1310.74,0.7779
636.9,7.33,5.241,1310.16,0.7765
636.9,7.41,5.238,1309.42,0.7754
636.9,7.49,5.234,1308.53,0.7744
636.9,7.57,5.230,1307.50,0.7736
636.9,7.65,5.225,1306.36,0.7729
636.9,7.73,5.221,1305.13,0.7723
636.9,7.81,5.215,1303.83,0.7719
636.9,7.89,5.210,1302.47,0.7717
636.9,7.97,5.204,1301.03,0.7717
636.9,8.05,5.198,1299.57,0.7719
636.9,8.13,5.193,1298.20,0.7719
636.9,8.21,5.188,1296.91,0.7718
636.9,8.30,5.183,1295.70,0.7715
636.9,8.38,5.178,1294.56,0.7711
636.9,8.46,5.174,1293.46,0.7706
636.9,8.54,5.170,1292.39,0.7700
636.9,8.62,5.165,1291.35,0.7694
636.9,8.70,5.161,1290.31,0.7688
636.9,8.78,5.157,1289.28,0.7681
636.9,8.86,5.153,1288.27,0.7674
636.9,8.94,5.149,1287.27,0.7665
636.9,9.02,5.145,1286.31,0.7656
636.9,9.10,5.141,1285.37,0.7645
636.9,9.18,5.138,1284.47,0.7633
636.9,9.26,5.134,1283.62,0.7618
636.9,9.34,5.131,1282.80,0.7604
636.9,9.42,5.128,1281.99,0.7593
636.9,9.50,5.125,1281.19,0.7584
636.9,9.58,5.122,1280.39,0.7576
636.9,9.66,5.118,1279.60,0.7571
636.9,9.74,5.115,1278.72,0.7566
636.9,9.83,5.111,1277.75,0.7564
636.9,9.91,5.107,1276.66,0.7562
636.9,9.99,5.102,1275.42,0.7563
636.9,10.07,5.096,1274.08,0.7565
636.9,10.15,5.091,1272.69,0.7564
636.9,10.23,5.085,1271.26,0.7562
636.9,10.31,5.079,1269.77,0.7558
636.9,10.39,5.073,1268.23,0.7553
636.9,10.47,5.066,1266.62,0.7547
636.9,10.55,5.060,1264.95,0.7539
636.9,10.63,5.053,1263.21,0.7530
636.9,10.71,5.046,1261.40,0.7521
636.9,10.79,5.038,1259.51,0.7510
636.9,10.87,5.030,1257.55,0.7497
636.9,10.95,5.022,1255.52,0.7483
636.9,11.03,5.014,1253.41,0.7466
636.9,11.11,5.005,1251.22,0.7446
636.9,11.19,4.996,1248.97,0.7424
636.9,11.28,4.987,1246.65,0.7399
636.9,11.36,4.978,1244.40,0.7375
636.9,11.44,4.969,1242.27,0.7353
636.9,11.52,4.961,1240.26,0.7334
636.9,11.60,4.953,1238.35,0.7318
636.9,11.68,4.946,1236.51,0.7304
636.9,11.76,4.939,1234.67,0.7292
636.9,11.84,4.931,1232.80,0.7282
636.9,11.92,4.924,1230.89,0.7276
636.9,12.00,4.916,1228.95,0.7272
642.3,0.00,6.807,1701.77,
642.3,0.08,6.753,1688.32,
642.3,0.16,6.698,1674.48,
642.3,0.24,6.641,1660.31,
642.3,0.32,6.584,1645.89,
642.3,0.40,6.525,1631.30,
642.3,0.48,6.467,1616.63,
642.3,0.56,6.408,1601.93,
642.3,0.64,6.349,1587.37,
642.3,0.72,6.293,1573.14,
642.3,0.81,6.237,1559.32,
642.3,0.89,6.184,1546.01,
642.3,0.97,6.133,1533.28,
642.3,1.05,6.085,1521.23,
642.3,1.13,6.040,1509.94,
642.3,1.21,5.997,1499.31,
642.3,1.29,5.955,1488.86,
642.3,1.37,5.914,1478.55,
642.3,1.45,5.874,1468.40,
642.3,1.53,5.834,1458.43,
642.3,1.61,5.795,1448.67,
642.3,1.69,5.757,1439.34,
642.3,1.77,5.722,1430.53,
642.3,1.85,5.689,1422.29,
642.3,1.93,5.659,1414.68,
642.3,2.01,5.631,1407.76,0.8156
642.3,2.09,5.606,1401.48,0.8156
642.3,2.17,5.583,1395.77,0.8151
642.3,2.26,5.562,1390.60,0.8142
642.3,2.34,5.544,1385.91,0.8129
642.3,2.42,5.527,1381.67,0.8113
642.3,2.50,5.511,1377.83,0.8095
642.3,2.58,5.497,1374.36,0.8076
642.3,2.66,5.485,1371.18,0.8055
642.3,2.74,5.473,1368.23,0.8033
642.3,2.82,5.462,1365.48,0.8011
642.3,2.90,5.452,1362.91,0.7987
642.3,2.98,5.442,1360.47,0.7962
642.3,3.06,5.433,1358.14,0.7935
642.3,3.14,5.424,1355.89,0.7906
642.3,3.22,5.415,1353.79,0.7879
642.3,3.30,5.408,1352.03,0.7855
642.3,3.38,5.402,1350.58,0.7837
642.3,3.46,5.398,1349.43,0.7822
642.3,3.54,5.394,1348.56,0.7811
642.3,3.62,5.392,1347.93,0.7803
642.3,3.70,5.390,1347.44,0.7797
642.3,3.79,5.388,1347.04,0.7795
642.3,3.87,5.387,1346.72,0.7796
642.3,3.95,5.386,1346.45,0.7801
642.3,4.03,5.385,1346.21,0.7811
642.3,4.11,5.384,1346.07,0.7820
642.3,4.19,5.384,1346.03,0.7828
642.3,4.27,5.384,1346.09,0.7835
642.3,4.35,5.385,1346.22,0.7842
642.3,4.43,5.386,1346.41,0.7848
642.3,4.51,5.387,1346.65,0.7853
642.3,4.59,5.388,1346.92,0.7858
642.3,4.67,5.389,1347.18,0.7863
642.3,4.75,5.390,1347.42,0.7866
642.3,4.83,5.391,1347.64,0.7868
642.3,4.91,5.391,1347.83,0.7866
642.3,4.99,5.392,1347.99,0.7862
642.3,5.07,5.392,1348.11,0.7854
642.3,5.15,5.393,1348.18,0.7842
642.3,5.23,5.393,1348.25,0.7829
642.3,5.32,5.394,1348.38,0.7820
642.3,5.40,5.394,1348.55,0.7814
642.3,5.48,5.395,1348.75,0.7811
642.3,5.56,5.396,1348.96,0.7811
642.3,5.64,5.397,1349.16,0.7812
642.3,5.72,5.397,1349.26,0.7815
642.3,5.80,5.397,1349.23,0.7820
642.3,5.88,5.396,1349.06,0.7826
642.3,5.96,5.395,1348.74,0.7835
642.3,6.04,5.393,1348.28,0.7846
642.3,6.12,5.391,1347.83,0.7855
642.3,6.20,5.390,1347.43,0.7862
642.3,6.28,5.388,1347.06,0.7868
642.3,6.36,5.387,1346.72,0.7872
642.3,6.44,5.386,1346.41,0.7875
642.3,6.52,5.384,1346.11,0.7877
642.3,6.60,5.383,1345.82,0.7878
642.3,6.68,5.382,1345.52,0.7878
642.3,6.77,5.381,1345.20,0.7878
642.3,6.85,5.379,1344.86,0.7875
642.3,6.93,5.378,1344.49,0.7871
642.3,7.01,5.376,1344.09,0.7864
642.3,7.09,5.375,1343.64,0.7854
642.3,7.17,5.373,1343.15,0.7841
642.3,7.25,5.370,1342.54,0.7828
642.3,7.33,5.367,1341.76,0.7817
642.3,7.41,5.363,1340.84,0.7807
642.3,7.49,5.359,1339.79,0.7799
642.3,7.57,5.354,1338.62,0.7791
642.3,7.65,5.349,1337.36,0.7784
642.3,7.73,5.344,1336.03,0.7779
642.3,7.81,5.339,1334.64,0.7775
642.3,7.89,5.333,1333.18,0.7773
642.3,7.97,5.327,1331.66,0.7774
642.3,8.05,5.320,1330.11,0.7776
642.3,8.13,5.315,1328.67,0.7776
642.3,8.21,5.309,1327.31,0.7775
642.3,8.30,5.304,1326.03,0.7772
642.3,8.38,5.299,1324.82,0.7768
642.3,8.46,5.295,1323.66,0.7763
642.3,8.54,5.290,1322.54,0.7757
642.3,8.62,5.286,1321.45,0.7750
642.3,8.70,5.281,1320.37,0.7743
642.3,8.78,5.277,1319.30,0.7735
642.3,8.86,5.273,1318.26,0.7727
642.3,8.94,5.269,1317.25,0.7716
642.3,9.02,5.265,1316.28,0.7705
642.3,9.10,5.261,1315.35,0.7691
642.3,9.18,5.258,1314.47,0.7675
642.3,9.26,5.254,1313.61,0.7661
642.3,9.34,5.251,1312.76,0.7650
642.3,9.42,5.248,1311.92,0.7640
642.3,9.50,5.244,1311.08,0.7633
642.3,9.58,5.241,1310.25,0.7627
642.3,9.66,5.238,1309.39,0.7622
642.3,9.74,5.234,1308.43,0.7618
642.3,9.83,5.230,1307.38,0.7615
642.3,9.91,5.225,1306.21,0.7614
642.3,9.99,5.220,1304.90,0.7615
642.3,10.07,5.214,1303.49,0.7617
642.3,10.15,5.208,1302.04,0.7616
642.3,10.23,5.202,1300.54,0.7614
642.3,10.31,5.196,1298.99,0.7610
642.3,10.39,5.190,1297.38,0.7605
642.3,10.47,5.183,1295.72,0.7598
642.3,10.55,5.176,1293.99,0.7590
642.3,10.63,5.169,1292.19,0.7581
642.3,10.71,5.161,1290.32,0.7570
642.3,10.79,5.154,1288.38,0.7558
642.3,10.87,5.145,1286.36,0.7543
642.3,10.95,5.137,1284.27,0.7526
642.3,11.03,5.128,1282.10,0.7506
642.3,11.11,5.119,1279.87,0.7483
642.3,11.19,5.110,1277.59,0.7458
642.3,11.28,5.102,1275.42,0.7435
642.3,11.36,5.093,1273.37,0.7414
642.3,11.44,5.086,1271.43,0.7396
642.3,11.52,5.078,1269.58,0.7381
642.3,11.60,5.071,1267.82,0.7367
642.3,11.68,5.064,1266.06,0.7355
642.3,11.76,5.057,1264.29,0.7345
642.3,11.84,5.050,1262.50,0.7338
642.3,11.92,5.043,1260.67,0.7333
642.3,12.00,5.035,1258.80,0.7331
647.7,0.00,6.914,1728.58,
647.7,0.08,6.860,1715.11,
647.7,0.16,6.805,1701.24,
647.7,0.24,6.748,1687.05,
647.7,0.32,6.690,1672.61,
647.7,0.40,6.632,1657.99,
647.7,0.48,6.573,1643.29,
647.7,0.56,6.514,1628.60,
647.7,0.64,6.457,1614.25,
647.7,0.72,6.401,1600.34,
647.7,0.81,6.348,1586.97,
647.7,0.89,6.297,1574.22,
647.7,0.97,6.249,1562.18,
647.7,1.05,6.204,1550.92,
647.7,1.13,6.161,1540.15,
647.7,1.21,6.118,1529.51,
647.7,1.29,6.076,1519.01,
647.7,1.37,6.035,1508.67,
647.7,1.45,5.994,1498.51,
647.7,1.53,5.954,1488.54,
647.7,1.61,5.916,1478.90,
647.7,1.69,5.879,1469.72,
647.7,1.77,5.844,1461.04,
647.7,1.85,5.812,1452.94,
647.7,1.93,5.782,1445.45,
647.7,2.01,5.755,1438.65,0.8209
647.7,2.09,5.730,1432.48,0.8208
647.7,2.17,5.707,1426.87,0.8203
647.7,2.26,5.687,1421.80,0.8194
647.7,2.34,5.669,1417.21,0.8180
647.7,2.42,5.652,1413.06,0.8164
647.7,2.50,5.637,1409.31,0.8145
647.7,2.58,5.624,1405.90,0.8125
647.7,2.66,5.611,1402.72,0.8103
647.7,2.74,5.599,1399.74,0.8080
647.7,2.82,5.588,1396.93,0.8056
647.7,2.90,5.577,1394.26,0.8030
647.7,2.98,5.567,1391.70,0.8002
647.7,3.06,5.557,1389.22,0.7972
647.7,3.14,5.548,1386.98,0.7945
647.7,3.22,5.540,1385.08,0.7923
647.7,3.30,5.534,1383.49,0.7904
647.7,3.38,5.529,1382.20,0.7889
647.7,3.46,5.525,1381.18,0.7878
647.7,3.54,5.522,1380.42,0.7869
647.7,3.62,5.519,1379.83,0.7862
647.7,3.70,5.517,1379.37,0.7858
647.7,3.79,5.516,1379.00,0.7858
647.7,3.87,5.515,1378.71,0.7860
647.7,3.95,5.514,1378.47,0.7866
647.7,4.03,5.513,1378.25,0.7877
647.7,4.11,5.513,1378.14,0.7887
647.7,4.19,5.513,1378.13,0.7895
647.7,4.27,5.513,1378.22,0.7903
647.7,4.35,5.514,1378.39,0.7910
647.7,4.43,5.515,1378.63,0.7916
647.7,4.51,5.516,1378.90,0.7922
647.7,4.59,5.517,1379.20,0.7927
647.7,4.67,5.518,1379.47,0.7930
647.7,4.75,5.519,1379.73,0.7931
647.7,4.83,5.520,1379.95,0.7929
647.7,4.91,5.521,1380.13,0.7924
647.7,4.99,5.521,1380.28,0.7915
647.7,5.07,5.522,1380.38,0.7901
647.7,5.15,5.522,1380.52,0.7890
647.7,5.23,5.523,1380.71,0.7882
647.7,5.32,5.524,1380.94,0.7877
647.7,5.40,5.525,1381.19,0.7874
647.7,5.48,5.526,1381.45,0.7874
647.7,5.56,5.527,1381.72,0.7875
647.7,5.64,5.528,1381.91,0.7877
647.7,5.72,5.528,1382.00,0.7881
647.7,5.80,5.528,1381.97,0.7886
647.7,5.88,5.527,1381.80,0.7894
647.7,5.96,5.526,1381.48,0.7903
647.7,6.04,5.524,1381.01,0.7915
647.7,6.12,5.522,1380.57,0.7924
647.7,6.20,5.521,1380.17,0.7932
647.7,6.28,5.519,1379.81,0.7937
647.7,6.36,5.518,1379.48,0.7941
647.7,6.44,5.517,1379.17,0.7944
647.7,6.52,5.516,1378.89,0.7946
647.7,6.60,5.514,1378.60,0.7947
647.7,6.68,5.513,1378.29,0.7946
647.7,6.77,5.512,1377.96,0.7944
647.7,6.85,5.510,1377.59,0.7939
647.7,6.93,5.509,1377.18,0.7931
647.7,7.01,5.507,1376.73,0.7921
647.7,7.09,5.505,1376.22,0.7907
647.7,7.17,5.502,1375.56,0.7895
647.7,7.25,5.499,1374.74,0.7883
647.7,7.33,5.495,1373.78,0.7874
647.7,7.41,5.491,1372.69,0.7865
647.7,7.49,5.486,1371.50,0.7857
647.7,7.57,5.481,1370.21,0.7849
647.7,7.65,5.475,1368.85,0.7843
647.7,7.73,5.470,1367.43,0.7838
647.7,7.81,5.464,1365.94,0.7834
647.7,7.89,5.458,1364.40,0.7833
647.7,7.97,5.451,1362.80,0.7833
647.7,8.05,5.445,1361.18,0.7835
647.7,8.13,5.439,1359.66,0.7835
647.7,8.21,5.433,1358.23,0.7834
647.7,8.30,5.428,1356.89,0.7831
647.7,8.38,5.422,1355.62,0.7826
647.7,8.46,5.418,1354.41,0.7820
647.7,8.54,5.413,1353.24,0.7814
647.7,8.62,5.408,1352.10,0.7807
647.7,8.70,5.404,1350.97,0.7799
647.7,8.78,5.400,1349.88,0.7789
647.7,8.86,5.395,1348.81,0.7778
647.7,8.94,5.391,1347.79,0.7766
647.7,9.02,5.387,1346.82,0.7751
647.7,9.10,5.384,1345.89,0.7735
647.7,9.18,5.380,1344.97,0.7721
647.7,9.26,5.376,1344.07,0.7710
647.7,9.34,5.373,1343.18,0.7700
647.7,9.42,5.369,1342.30,0.7692
647.7,9.50,5.366,1341.42,0.7686
647.7,9.58,5.362,1340.52,0.7680
647.7,9.66,5.358,1339.57,0.7675
647.7,9.74,5.354,1338.53,0.7672
647.7,9.83,5.350,1337.40,0.7669
647.7,9.91,5.345,1336.15,0.7668
647.7,9.99,5.339,1334.78,0.7669
647.7,10.07,5.333,1333.30,0.7671
647.7,10.15,5.327,1331.77,0.7670
647.7,10.23,5.321,1330.21,0.7668
647.7,10.31,5.314,1328.59,0.7663
647.7,10.39,5.308,1326.92,0.7657
647.7,10.47,5.301,1325.20,0.7650
647.7,10.55,5.294,1323.42,0.7641
647.7,10.63,5.286,1321.56,0.7631
647.7,10.71,5.278,1319.62,0.7619
647.7,10.79,5.270,1317.62,0.7604
647.7,10.87,5.262,1315.54,0.7587
647.7,10.95,5.254,1313.39,0.7567
647.7,11.03,5.245,1311.17,0.7543
647.7,11.11,5.236,1308.94,0.7519
647.7,11.19,5.227,1306.85,0.7497
647.7,11.28,5.219,1304.87,0.7477
647.7,11.36,5.212,1302.99,0.7460
647.7,11.44,5.205,1301.20,0.7445
647.7,11.52,5.198,1299.48,0.7432
647.7,11.60,5.191,1297.81,0.7420
647.7,11.68,5.184,1296.12,0.7410
647.7,11.76,5.178,1294.41,0.7402
647.7,11.84,5.171,1292.69,0.7396
647.7,11.92,5.164,1290.93,0.7393
647.7,12.00,5.156,1289.12,0.7393
653.0,0.00,7.022,1755.56,
653.0,0.08,6.968,1742.11,
653.0,0.16,6.913,1728.26,
653.0,0.24,6.856,1714.08,
653.0,0.32,6.799,1699.66,
653.0,0.40,6.740,1685.06,
653.0,0.48,6.682,1670.38,
653.0,0.56,6.624,1655.95,
653.0,0.64,6.568,1642.01,
653.0,0.72,6.515,1628.63,
653.0,0.81,6.464,1615.90,
653.0,0.89,6.416,1603.91,
653.0,0.97,6.371,1592.71,
653.0,1.05,6.327,1581.78,
653.0,1.13,6.284,1570.98,
653.0,1.21,6.241,1560.32,
653.0,1.29,6.199,1549.83,
653.0,1.37,6.158,1539.52,
653.0,1.45,6.118,1529.40,
653.0,1.53,6.078,1519.53,
653.0,1.61,6.040,1510.05,
653.0,1.69,6.004,1501.02,
653.0,1.77,5.970,1492.49,
653.0,1.85,5.938,1484.52,
653.0,1.93,5.909,1477.16,
653.0,2.01,5.882,1470.47,0.8267
653.0,2.09,5.858,1464.41,0.8266
653.0,2.17,5.836,1458.92,0.8260
653.0,2.26,5.816,1453.94,0.8250
653.0,2.34,5.798,1449.45,0.8236
653.0,2.42,5.782,1445.39,0.8218
653.0,2.50,5.767,1441.73,0.8199
653.0,2.58,5.753,1438.31,0.8177
653.0,2.66,5.740,1435.10,0.8154
653.0,2.74,5.728,1432.06,0.8130
653.0,2.82,5.717,1429.15,0.8103
653.0,2.90,5.705,1426.34,0.8074
653.0,2.98,5.695,1423.65,0.8044
653.0,3.06,5.685,1421.27,0.8018
653.0,3.14,5.677,1419.23,0.7996
653.0,3.22,5.670,1417.49,0.7978
653.0,3.30,5.664,1416.04,0.7964
653.0,3.38,5.659,1414.87,0.7952
653.0,3.46,5.656,1413.96,0.7942
653.0,3.54,5.653,1413.25,0.7935
653.0,3.62,5.651,1412.70,0.7930
653.0,3.70,5.649,1412.26,0.7927
653.0,3.79,5.648,1411.93,0.7927
653.0,3.87,5.647,1411.67,0.7930
653.0,3.95,5.646,1411.45,0.7937
653.0,4.03,5.645,1411.26,0.7948
653.0,4.11,5.645,1411.17,0.7958
653.0,4.19,5.645,1411.20,0.7967
653.0,4.27,5.645,1411.32,0.7975
653.0,4.35,5.646,1411.52,0.7982
653.0,4.43,5.647,1411.79,0.7988
653.0,4.51,5.648,1412.10,0.7994
653.0,4.59,5.650,1412.40,0.7997
653.0,4.67,5.651,1412.67,0.7998
653.0,4.75,5.652,1412.91,0.7995
653.0,4.83,5.652,1413.12,0.7989
653.0,4.91,5.653,1413.28,0.7979
653.0,4.99,5.654,1413.42,0.7966
653.0,5.07,5.654,1413.61,0.7955
653.0,5.15,5.655,1413.85,0.7948
653.0,5.23,5.656,1414.12,0.7944
653.0,5.32,5.658,1414.42,0.7942
653.0,5.40,5.659,1414.72,0.7941
653.0,5.48,5.660,1415.02,0.7943
653.0,5.56,5.661,1415.28,0.7945
653.0,5.64,5.662,1415.46,0.7948
653.0,5.72,5.662,1415.54,0.7952
653.0,5.80,5.662,1415.50,0.7958
653.0,5.88,5.661,1415.32,0.7966
653.0,5.96,5.660,1414.99,0.7975
653.0,6.04,5.658,1414.52,0.7987
653.0,6.12,5.656,1414.08,0.7996
653.0,6.20,5.655,1413.68,0.8004
653.0,6.28,5.653,1413.32,0.8009
653.0,6.36,5.652,1412.99,0.8013
653.0,6.44,5.651,1412.69,0.8016
653.0,6.52,5.650,1412.41,0.8017
653.0,6.60,5.648,1412.10,0.8016
653.0,6.68,5.647,1411.76,0.8014
653.0,6.77,5.646,1411.38,0.8009
653.0,6.85,5.644,1410.96,0.8000
653.0,6.93,5.642,1410.50,0.7989
653.0,7.01,5.640,1409.95,0.7975
653.0,7.09,5.637,1409.24,0.7963
653.0,7.17,5.633,1408.37,0.7953
653.0,7.25,5.629,1407.37,0.7943
653.0,7.33,5.625,1406.24,0.7934
653.0,7.41,5.620,1405.01,0.7926
653.0,7.49,5.615,1403.69,0.7918
653.0,7.57,5.609,1402.30,0.7911
653.0,7.65,5.603,1400.85,0.7905
653.0,7.73,5.597,1399.33,0.7900
653.0,7.81,5.591,1397.76,0.7896
653.0,7.89,5.585,1396.14,0.7894
653.0,7.97,5.578,1394.46,0.7894
653.0,8.05,5.571,1392.77,0.7896
653.0,8.13,5.565,1391.18,0.7896
653.0,8.21,5.559,1389.69,0.7894
653.0,8.30,5.553,1388.29,0.7890
653.0,8.38,5.548,1386.97,0.7885
653.0,8.46,5.543,1385.71,0.7879
653.0,8.54,5.538,1384.49,0.7871
653.0,8.62,5.533,1383.29,0.7863
653.0,8.70,5.529,1382.13,0.7853
653.0,8.78,5.524,1381.00,0.7842
653.0,8.86,5.520,1379.92,0.7828
653.0,8.94,5.516,1378.89,0.7813
653.0,9.02,5.512,1377.90,0.7797
653.0,9.10,5.508,1376.92,0.7784
653.0,9.18,5.504,1375.96,0.7772
653.0,9.26,5.500,1375.00,0.7763
653.0,9.34,5.496,1374.05,0.7755
653.0,9.42,5.492,1373.11,0.7748
653.0,9.50,5.489,1372.17,0.7742
653.0,9.58,5.485,1371.18,0.7736
653.0,9.66,5.481,1370.14,0.7731
653.0,9.74,5.476,1369.02,0.7728
653.0,9.83,5.471,1367.81,0.7725
653.0,9.91,5.466,1366.49,0.7724
653.0,9.99,5.460,1365.04,0.7725
653.0,10.07,5.454,1363.49,0.7726
653.0,10.15,5.448,1361.90,0.7725
653.0,10.23,5.441,1360.27,0.7721
653.0,10.31,5.434,1358.59,0.7717
653.0,10.39,5.427,1356.86,0.7710
653.0,10.47,5.420,1355.07,0.7702
653.0,10.55,5.413,1353.22,0.7692
653.0,10.63,5.405,1351.30,0.7680
653.0,10.71,5.397,1349.30,0.7665
653.0,10.79,5.389,1347.23,0.7648
653.0,10.87,5.380,1345.08,0.7628
653.0,10.95,5.371,1342.87,0.7604
653.0,11.03,5.363,1340.72,0.7581
653.0,11.11,5.355,1338.69,0.7560
653.0,11.19,5.347,1336.78,0.7542
653.0,11.28,5.340,1334.95,0.7525
653.0,11.36,5.333,1333.21,0.7511
653.0,11.44,5.326,1331.53,0.7498
653.0,11.52,5.320,1329.90,0.7487
653.0,11.60,5.313,1328.28,0.7476
653.0,11.68,5.307,1326.65,0.7468
653.0,11.76,5.300,1325.00,0.7461
653.0,11.84,5.293,1323.33,0.7457
653.0,11.92,5.287,1321.63,0.7455
653.0,12.00,5.280,1319.88,0.7456
658.4,0.00,7.131,1782.81,
658.4,0.08,7.078,1769.42,
658.4,0.16,7.023,1755.64,
658.4,0.24,6.966,1741.53,
658.4,0.32,6.909,1727.17,
658.4,0.40,6.851,1712.63,
658.4,0.48,6.793,1698.19,
658.4,0.56,6.737,1684.25,
658.4,0.64,6.684,1670.92,
658.4,0.72,6.633,1658.26,
658.4,0.81,6.586,1646.38,
658.4,0.89,6.541,1635.18,
658.4,0.97,6.497,1624.13,
658.4,1.05,6.453,1613.21,
658.4,1.13,6.410,1602.44,
658.4,1.21,6.367,1591.83,
658.4,1.29,6.326,1581.40,
658.4,1.37,6.285,1571.16,
658.4,1.45,6.245,1561.15,
658.4,1.53,6.206,1551.45,
658.4,1.61,6.169,1542.13,
658.4,1.69,6.133,1533.25,
658.4,1.77,6.099,1524.87,
658.4,1.85,6.068,1517.03,
658.4,1.93,6.039,1509.80,
658.4,2.01,6.013,1503.23,0.8331
658.4,2.09,5.989,1497.29,0.8329
658.4,2.17,5.968,1491.91,0.8322
658.4,2.26,5.948,1487.04,0.8310
658.4,2.34,5.931,1482.64,0.8295
658.4,2.42,5.915,1478.68,0.8276
658.4,2.50,5.900,1475.03,0.8255
658.4,2.58,5.886,1471.58,0.8232
658.4,2.66,5.873,1468.29,0.8207
658.4,2.74,5.861,1465.14,0.8180
658.4,2.82,5.848,1462.09,0.8151
658.4,2.90,5.837,1459.22,0.8122
658.4,2.98,5.827,1456.69,0.8097
658.4,3.06,5.818,1454.48,0.8076
658.4,3.14,5.810,1452.59,0.8058
658.4,3.22,5.804,1450.99,0.8044
658.4,3.30,5.799,1449.66,0.8032
658.4,3.38,5.794,1448.58,0.8022
658.4,3.46,5.791,1447.73,0.8014
658.4,3.54,5.788,1447.05,0.8007
658.4,3.62,5.786,1446.53,0.8003
658.4,3.70,5.785,1446.13,0.8001
658.4,3.79,5.783,1445.82,0.8001
658.4,3.87,5.782,1445.58,0.8005
658.4,3.95,5.782,1445.39,0.8012
658.4,4.03,5.781,1445.23,0.8023
658.4,4.11,5.781,1445.17,0.8034
658.4,4.19,5.781,1445.22,0.8043
658.4,4.27,5.781,1445.37,0.8050
658.4,4.35,5.782,1445.61,0.8057
658.4,4.43,5.784,1445.91,0.8063
658.4,4.51,5.785,1446.22,0.8066
658.4,4.59,5.786,1446.50,0.8067
658.4,4.67,5.787,1446.75,0.8064
658.4,4.75,5.788,1446.96,0.8057
658.4,4.83,5.789,1447.14,0.8046
658.4,4.91,5.789,1447.31,0.8034
658.4,4.99,5.790,1447.55,0.8025
658.4,5.07,5.791,1447.82,0.8019
658.4,5.15,5.792,1448.12,0.8015
658.4,5.23,5.794,1448.45,0.8014
658.4,5.32,5.795,1448.78,0.8014
658.4,5.40,5.796,1449.10,0.8015
658.4,5.48,5.798,1449.40,0.8017
658.4,5.56,5.799,1449.64,0.8019
658.4,5.64,5.799,1449.80,0.8023
658.4,5.72,5.799,1449.86,0.8027
658.4,5.80,5.799,1449.80,0.8033
658.4,5.88,5.798,1449.61,0.8041
658.4,5.96,5.797,1449.27,0.8050
658.4,6.04,5.795,1448.79,0.8062
658.4,6.12,5.793,1448.34,0.8071
658.4,6.20,5.792,1447.93,0.8078
658.4,6.28,5.790,1447.57,0.8083
658.4,6.36,5.789,1447.24,0.8086
658.4,6.44,5.788,1446.94,0.8088
658.4,6.52,5.786,1446.62,0.8088
658.4,6.60,5.785,1446.27,0.8085
658.4,6.68,5.784,1445.88,0.8079
658.4,6.77,5.782,1445.45,0.8071
658.4,6.85,5.780,1444.97,0.8058
658.4,6.93,5.777,1444.35,0.8046
658.4,7.01,5.774,1443.58,0.8034
658.4,7.09,5.771,1442.66,0.8024
658.4,7.17,5.766,1441.61,0.8015
658.4,7.25,5.762,1440.44,0.8006
658.4,7.33,5.757,1439.17,0.7998
658.4,7.41,5.751,1437.81,0.7990
658.4,7.49,5.746,1436.39,0.7982
658.4,7.57,5.740,1434.90,0.7975
658.4,7.65,5.733,1433.36,0.7968
658.4,7.73,5.727,1431.76,0.7963
658.4,7.81,5.720,1430.11,0.7959
658.4,7.89,5.714,1428.41,0.7957
658.4,7.97,5.707,1426.66,0.7957
658.4,8.05,5.700,1424.90,0.7958
658.4,8.13,5.693,1423.24,0.7957
658.4,8.21,5.687,1421.70,0.7954
658.4,8.30,5.681,1420.25,0.7950
658.4,8.38,5.675,1418.87,0.7944
658.4,8.46,5.670,1417.56,0.7937
658.4,8.54,5.665,1416.29,0.7928
658.4,8.62,5.660,1415.05,0.7918
658.4,8.70,5.655,1413.85,0.7906
658.4,8.78,5.651,1412.70,0.7892
658.4,8.86,5.646,1411.60,0.7876
658.4,8.94,5.642,1410.53,0.7861
658.4,9.02,5.638,1409.48,0.7848
658.4,9.10,5.634,1408.43,0.7837
658.4,9.18,5.630,1407.40,0.7828
658.4,9.26,5.626,1406.38,0.7819
658.4,9.34,5.621,1405.36,0.7812
658.4,9.42,5.617,1404.34,0.7806
658.4,9.50,5.613,1403.31,0.7799
658.4,9.58,5.609,1402.24,0.7794
658.4,9.66,5.604,1401.11,0.7789
658.4,9.74,5.600,1399.90,0.7785
658.4,9.83,5.594,1398.61,0.7782
658.4,9.91,5.589,1397.21,0.7780
658.4,9.99,5.583,1395.69,0.7781
658.4,10.07,5.576,1394.07,0.7781
658.4,10.15,5.570,1392.41,0.7779
658.4,10.23,5.563,1390.71,0.7775
658.4,10.31,5.556,1388.97,0.7769
658.4,10.39,5.549,1387.18,0.7762
658.4,10.47,5.541,1385.33,0.7753
658.4,10.55,5.534,1383.40,0.7741
658.4,10.63,5.526,1381.41,0.7727
658.4,10.71,5.517,1379.34,0.7709
658.4,10.79,5.509,1377.20,0.7689
658.4,10.87,5.500,1375.01,0.7665
658.4,10.95,5.492,1372.93,0.7644
658.4,11.03,5.484,1370.96,0.7624
658.4,11.11,5.476,1369.09,0.7607
658.4,11.19,5.469,1367.32,0.7592
658.4,11.28,5.462,1365.61,0.7578
658.4,11.36,5.456,1363.97,0.7566
658.4,11.44,5.450,1362.38,0.7555
658.4,11.52,5.443,1360.80,0.7544
658.4,11.60,5.437,1359.22,0.7535
658.4,11.68,5.431,1357.63,0.7528
658.4,11.76,5.424,1356.03,0.7522
658.4,11.84,5.418,1354.40,0.7519
658.4,11.92,5.411,1352.75,0.7518
658.4,12.00,5.404,1351.05,0.7520
663.8,0.00,7.242,1810.45,
663.8,0.08,7.189,1797.18,
663.8,0.16,7.134,1783.51,
663.8,0.24,7.078,1769.50,
663.8,0.32,7.021,1755.25,
663.8,0.40,6.964,1740.90,
663.8,0.48,6.908,1727.03,
663.8,0.56,6.855,1713.78,
663.8,0.64,6.805,1701.25,
663.8,0.72,6.758,1689.52,
663.8,0.81,6.713,1678.28,
663.8,0.89,6.669,1667.14,
663.8,0.97,6.625,1656.14,
663.8,1.05,6.581,1645.28,
663.8,1.13,6.538,1634.59,
663.8,1.21,6.496,1624.08,
663.8,1.29,6.455,1613.77,
663.8,1.37,6.415,1603.67,
663.8,1.45,6.375,1593.82,
663.8,1.53,6.337,1584.30,
663.8,1.61,6.301,1575.15,
663.8,1.69,6.266,1566.42,
663.8,1.77,6.233,1558.19,
663.8,1.85,6.202,1550.49,
663.8,1.93,6.174,1543.39,
663.8,2.01,6.148,1536.94,0.8399
663.8,2.09,6.124,1531.12,0.8395
663.8,2.17,6.103,1525.85,0.8386
663.8,2.26,6.084,1521.09,0.8373
663.8,2.34,6.067,1516.79,0.8356
663.8,2.42,6.052,1512.89,0.8335
663.8,2.50,6.037,1509.19,0.8313
663.8,2.58,6.023,1505.65,0.8288
663.8,2.66,6.009,1502.25,0.8261
663.8,2.74,5.996,1498.95,0.8231
663.8,2.82,5.984,1495.92,0.8203
663.8,2.90,5.973,1493.23,0.8180
663.8,2.98,5.963,1490.87,0.8160
663.8,3.06,5.955,1488.81,0.8143
663.8,3.14,5.948,1487.04,0.8129
663.8,3.22,5.942,1485.54,0.8118
663.8,3.30,5.937,1484.29,0.8108
663.8,3.38,5.933,1483.28,0.8099
663.8,3.46,5.930,1482.46,0.8092
663.8,3.54,5.927,1481.82,0.8086
663.8,3.62,5.925,1481.32,0.8082
663.8,3.70,5.924,1480.95,0.8080
663.8,3.79,5.923,1480.67,0.8080
663.8,3.87,5.922,1480.46,0.8084
663.8,3.95,5.921,1480.29,0.8091
663.8,4.03,5.921,1480.15,0.8102
663.8,4.11,5.920,1480.11,0.8112
663.8,4.19,5.921,1480.19,0.8120
663.8,4.27,5.921,1480.37,0.8127
663.8,4.35,5.923,1480.64,0.8133
663.8,4.43,5.924,1480.94,0.8137
663.8,4.51,5.925,1481.23,0.8138
663.8,4.59,5.926,1481.48,0.8135
663.8,4.67,5.927,1481.69,0.8128
663.8,4.75,5.927,1481.86,0.8116
663.8,4.83,5.928,1482.07,0.8105
663.8,4.91,5.929,1482.33,0.8098
663.8,4.99,5.931,1482.63,0.8093
663.8,5.07,5.932,1482.96,0.8091
663.8,5.15,5.933,1483.30,0.8090
663.8,5.23,5.935,1483.64,0.8090
663.8,5.32,5.936,1483.98,0.8092
663.8,5.40,5.937,1484.29,0.8094
663.8,5.48,5.938,1484.57,0.8096
663.8,5.56,5.939,1484.78,0.8098
663.8,5.64,5.940,1484.91,0.8101
663.8,5.72,5.940,1484.95,0.8106
663.8,5.80,5.939,1484.87,0.8111
663.8,5.88,5.939,1484.66,0.8119
663.8,5.96,5.937,1484.31,0.8128
663.8,6.04,5.935,1483.81,0.8138
663.8,6.12,5.933,1483.34,0.8147
663.8,6.20,5.932,1482.93,0.8153
663.8,6.28,5.930,1482.56,0.8157
663.8,6.36,5.929,1482.22,0.8159
663.8,6.44,5.928,1481.89,0.8159
663.8,6.52,5.926,1481.51,0.8157
663.8,6.60,5.924,1481.10,0.8151
663.8,6.68,5.923,1480.64,0.8142
663.8,6.77,5.920,1480.12,0.8130
663.8,6.85,5.918,1479.44,0.8118
663.8,6.93,5.914,1478.60,0.8107
663.8,7.01,5.910,1477.62,0.8098
663.8,7.09,5.906,1476.52,0.8089
663.8,7.17,5.901,1475.30,0.8080
663.8,7.25,5.896,1473.99,0.8072
663.8,7.33,5.890,1472.59,0.8064
663.8,7.41,5.885,1471.13,0.8056
663.8,7.49,5.878,1469.61,0.8048
663.8,7.57,5.872,1468.03,0.8041
663.8,7.65,5.866,1466.40,0.8034
663.8,7.73,5.859,1464.72,0.8028
663.8,7.81,5.852,1462.99,0.8023
663.8,7.89,5.845,1461.22,0.8020
663.8,7.97,5.838,1459.40,0.8020
663.8,8.05,5.830,1457.58,0.8020
663.8,8.13,5.823,1455.87,0.8018
663.8,8.21,5.817,1454.27,0.8015
663.8,8.30,5.811,1452.77,0.8009
663.8,8.38,5.805,1451.35,0.8002
663.8,8.46,5.800,1449.98,0.7994
663.8,8.54,5.795,1448.65,0.7983
663.8,8.62,5.789,1447.37,0.7971
663.8,8.70,5.785,1446.14,0.7956
663.8,8.78,5.780,1444.96,0.7940
663.8,8.86,5.775,1443.80,0.7926
663.8,8.94,5.771,1442.66,0.7914
663.8,9.02,5.766,1441.52,0.7903
663.8,9.10,5.762,1440.40,0.7894
663.8,9.18,5.757,1439.29,0.7886
663.8,9.26,5.753,1438.18,0.7879
663.8,9.34,5.748,1437.08,0.7872
663.8,9.42,5.744,1435.97,0.7865
663.8,9.50,5.739,1434.84,0.7859
663.8,9.58,5.735,1433.68,0.7853
663.8,9.66,5.730,1432.46,0.7847
663.8,9.74,5.725,1431.18,0.7843
663.8,9.83,5.719,1429.80,0.7839
663.8,9.91,5.713,1428.33,0.7837
663.8,9.99,5.707,1426.73,0.7836
663.8,10.07,5.700,1425.04,0.7836
663.8,10.15,5.693,1423.31,0.7833
663.8,10.23,5.686,1421.54,0.7828
663.8,10.31,5.679,1419.74,0.7821
663.8,10.39,5.672,1417.88,0.7813
663.8,10.47,5.664,1415.95,0.7801
663.8,10.55,5.656,1413.95,0.7787
663.8,10.63,5.648,1411.88,0.7770
663.8,10.71,5.639,1409.74,0.7749
663.8,10.79,5.630,1407.60,0.7727
663.8,10.87,5.622,1405.57,0.7707
663.8,10.95,5.615,1403.66,0.7689
663.8,11.03,5.607,1401.84,0.7673
663.8,11.11,5.600,1400.10,0.7659
663.8,11.19,5.594,1398.42,0.7646
663.8,11.28,5.587,1396.81,0.7634
663.8,11.36,5.581,1395.23,0.7623
663.8,11.44,5.575,1393.67,0.7613
663.8,11.52,5.569,1392.13,0.7604
663.8,11.60,5.562,1390.59,0.7596
663.8,11.68,5.556,1389.04,0.7589
663.8,11.76,5.550,1387.47,0.7584
663.8,11.84,5.544,1385.88,0.7582
663.8,11.92,5.537,1384.26,0.7582
663.8,12.00,5.530,1382.60,0.7584
669.1,0.00,7.354,1838.61,
669.1,0.08,7.302,1825.50,
669.1,0.16,7.248,1811.98,
669.1,0.24,7.193,1798.13,
669.1,0.32,7.136,1784.04,
669.1,0.40,7.081,1770.27,
669.1,0.48,7.029,1757.16,
669.1,0.56,6.979,1744.80,
669.1,0.64,6.933,1733.24,
669.1,0.72,6.888,1721.94,
669.1,0.81,6.843,1710.76,
669.1,0.89,6.799,1699.71,
669.1,0.97,6.755,1688.81,
669.1,1.05,6.712,1678.07,
669.1,1.13,6.670,1667.51,
669.1,1.21,6.629,1657.15,
669.1,1.29,6.588,1647.01,
669.1,1.37,6.548,1637.10,
669.1,1.45,6.510,1627.44,
669.1,1.53,6.472,1618.09,
669.1,1.61,6.436,1609.10,
669.1,1.69,6.402,1600.54,
669.1,1.77,6.370,1592.45,
669.1,1.85,6.340,1584.90,
669.1,1.93,6.312,1577.93,
669.1,2.01,6.286,1571.61,0.8469
669.1,2.09,6.264,1565.90,0.8464
669.1,2.17,6.243,1560.74,0.8453
669.1,2.26,6.224,1556.09,0.8438
669.1,2.34,6.208,1551.90,0.8418
669.1,2.42,6.192,1547.94,0.8396
669.1,2.50,6.177,1544.15,0.8372
669.1,2.58,6.162,1540.49,0.8344
669.1,2.66,6.148,1536.97,0.8315
669.1,2.74,6.135,1533.78,0.8289
669.1,2.82,6.124,1530.92,0.8267
669.1,2.90,6.114,1528.39,0.8249
669.1,2.98,6.105,1526.16,0.8233
669.1,3.06,6.097,1524.22,0.8220
669.1,3.14,6.090,1522.55,0.8208
669.1,3.22,6.084,1521.12,0.8198
669.1,3.30,6.080,1519.92,0.8190
669.1,3.38,6.076,1518.94,0.8182
669.1,3.46,6.073,1518.16,0.8174
669.1,3.54,6.070,1517.54,0.8169
669.1,3.62,6.068,1517.08,0.8164
669.1,3.70,6.067,1516.73,0.8162
669.1,3.79,6.066,1516.47,0.8163
669.1,3.87,6.065,1516.29,0.8166
669.1,3.95,6.065,1516.14,0.8173
669.1,4.03,6.064,1516.02,0.8183
669.1,4.11,6.064,1516.00,0.8192
669.1,4.19,6.064,1516.11,0.8199
669.1,4.27,6.065,1516.32,0.8205
669.1,4.35,6.066,1516.60,0.8210
669.1,4.43,6.067,1516.87,0.8210
669.1,4.51,6.068,1517.11,0.8207
669.1,4.59,6.069,1517.31,0.8199
669.1,4.67,6.070,1517.49,0.8188
669.1,4.75,6.071,1517.72,0.8180
669.1,4.83,6.072,1517.99,0.8174
669.1,4.91,6.073,1518.31,0.8171
669.1,4.99,6.075,1518.64,0.8169
669.1,5.07,6.076,1518.98,0.8170
669.1,5.15,6.077,1519.33,0.8171
669.1,5.23,6.079,1519.67,0.8172
669.1,5.32,6.080,1519.98,0.8174
669.1,5.40,6.081,1520.26,0.8176
669.1,5.48,6.082,1520.50,0.8178
669.1,5.56,6.083,1520.68,0.8180
669.1,5.64,6.083,1520.79,0.8183
669.1,5.72,6.083,1520.80,0.8186
669.1,5.80,6.083,1520.69,0.8191
669.1,5.88,6.082,1520.46,0.8198
669.1,5.96,6.080,1520.08,0.8206
669.1,6.04,6.078,1519.56,0.8215
669.1,6.12,6.076,1519.08,0.8223
669.1,6.20,6.075,1518.65,0.8228
669.1,6.28,6.073,1518.26,0.8230
669.1,6.36,6.072,1517.89,0.8231
669.1,6.44,6.070,1517.50,0.8229
669.1,6.52,6.068,1517.05,0.8223
669.1,6.60,6.066,1516.56,0.8214
669.1,6.68,6.064,1515.97,0.8202
669.1,6.77,6.061,1515.22,0.8191
669.1,6.85,6.057,1514.31,0.8182
669.1,6.93,6.053,1513.27,0.8173
669.1,7.01,6.048,1512.11,0.8164
669.1,7.09,6.043,1510.84,0.8156
669.1,7.17,6.038,1509.47,0.8149
669.1,7.25,6.032,1508.03,0.8141
669.1,7.33,6.026,1506.53,0.8132
669.1,7.41,6.020,1504.97,0.8124
669.1,7.49,6.013,1503.36,0.8116
669.1,7.57,6.007,1501.70,0.8107
669.1,7.65,6.000,1499.99,0.8100
669.1,7.73,5.993,1498.23,0.8093
669.1,7.81,5.986,1496.43,0.8088
669.1,7.89,5.978,1494.59,0.8084
669.1,7.97,5.971,1492.71,0.8082
669.1,8.05,5.963,1490.83,0.8082
669.1,8.13,5.956,1489.06,0.8079
669.1,8.21,5.950,1487.41,0.8074
669.1,8.30,5.943,1485.87,0.8067
669.1,8.38,5.938,1484.39,0.8059
669.1,8.46,5.932,1482.97,0.8049
669.1,8.54,5.926,1481.59,0.8036
669.1,8.62,5.921,1480.27,0.8021
669.1,8.70,5.916,1478.99,0.8006
669.1,8.78,5.911,1477.73,0.7992
669.1,8.86,5.906,1476.48,0.7981
669.1,8.94,5.901,1475.25,0.7971
669.1,9.02,5.896,1474.02,0.7962
669.1,9.10,5.891,1472.81,0.7954
669.1,9.18,5.886,1471.60,0.7947
669.1,9.26,5.882,1470.40,0.7940
669.1,9.34,5.877,1469.20,0.7933
669.1,9.42,5.872,1467.99,0.7926
669.1,9.50,5.867,1466.77,0.7919
669.1,9.58,5.862,1465.51,0.7912
669.1,9.66,5.857,1464.21,0.7906
669.1,9.74,5.851,1462.83,0.7901
669.1,9.83,5.846,1461.38,0.7897
669.1,9.91,5.839,1459.83,0.7893
669.1,9.99,5.833,1458.16,0.7892
669.1,10.07,5.826,1456.39,0.7890
669.1,10.15,5.818,1454.60,0.7886
669.1,10.23,5.811,1452.76,0.7880
669.1,10.31,5.804,1450.89,0.7872
669.1,10.39,5.796,1448.96,0.7861
669.1,10.47,5.788,1446.95,0.7847
669.1,10.55,5.779,1444.87,0.7830
669.1,10.63,5.771,1442.72,0.7810
669.1,10.71,5.763,1440.63,0.7789
669.1,10.79,5.755,1438.66,0.7771
669.1,10.87,5.747,1436.79,0.7755
669.1,10.95,5.740,1435.00,0.7740
669.1,11.03,5.733,1433.29,0.7727
669.1,11.11,5.727,1431.65,0.7715
669.1,11.19,5.720,1430.04,0.7703
669.1,11.28,5.714,1428.48,0.7693
669.1,11.36,5.708,1426.93,0.7683
669.1,11.44,5.702,1425.40,0.7673
669.1,11.52,5.696,1423.88,0.7664
669.1,11.60,5.689,1422.36,0.7657
669.1,11.68,5.683,1420.84,0.7651
669.1,11.76,5.677,1419.30,0.7647
669.1,11.84,5.671,1417.74,0.7644
669.1,11.92,5.665,1416.15,0.7645
669.1,12.00,5.658,1414.51,0.7648
674.5,0.00,7.470,1867.41,
674.5,0.08,7.418,1854.49,
674.5,0.16,7.365,1841.17,
674.5,0.24,7.310,1827.52,
674.5,0.32,7.256,1813.92,
674.5,0.40,7.204,1801.00,
674.5,0.48,7.155,1788.86,
674.5,0.56,7.110,1777.41,
674.5,0.64,7.064,1766.10,
674.5,0.72,7.020,1754.91,
674.5,0.81,6.975,1743.85,
674.5,0.89,6.932,1732.93,
674.5,0.97,6.889,1722.19,
674.5,1.05,6.846,1711.62,
674.5,1.13,6.805,1701.25,
674.5,1.21,6.764,1691.08,
674.5,1.29,6.725,1681.14,
674.5,1.37,6.686,1671.43,
674.5,1.45,6.648,1661.99,
674.5,1.53,6.611,1652.82,
674.5,1.61,6.576,1644.00,
674.5,1.69,6.542,1635.60,
674.5,1.77,6.511,1627.67,
674.5,1.85,6.481,1620.26,
674.5,1.93,6.454,1613.43,
674.5,2.01,6.429,1607.23,0.8542
674.5,2.09,6.407,1601.65,0.8534
674.5,2.17,6.386,1596.61,0.8521
674.5,2.26,6.368,1592.07,0.8503
674.5,2.34,6.351,1587.86,0.8481
674.5,2.42,6.335,1583.81,0.8457
674.5,2.50,6.320,1579.89,0.8430
674.5,2.58,6.305,1576.17,0.8403
674.5,2.66,6.291,1572.80,0.8379
674.5,2.74,6.279,1569.78,0.8358
674.5,2.82,6.268,1567.07,0.8341
674.5,2.90,6.259,1564.66,0.8327
674.5,2.98,6.250,1562.54,0.8314
674.5,3.06,6.243,1560.68,0.8303
674.5,3.14,6.236,1559.07,0.8293
674.5,3.22,6.231,1557.69,0.8284
674.5,3.30,6.226,1556.53,0.8276
674.5,3.38,6.222,1555.57,0.8268
674.5,3.46,6.219,1554.81,0.8261
674.5,3.54,6.217,1554.22,0.8255
674.5,3.62,6.215,1553.78,0.8250
674.5,3.70,6.214,1553.46,0.8248
674.5,3.79,6.213,1553.23,0.8247
674.5,3.87,6.212,1553.06,0.8250
674.5,3.95,6.212,1552.94,0.8255
674.5,4.03,6.211,1552.84,0.8264
674.5,4.11,6.211,1552.84,0.8272
674.5,4.19,6.212,1552.97,0.8278
674.5,4.27,6.213,1553.21,0.8283
674.5,4.35,6.214,1553.45,0.8284
674.5,4.43,6.215,1553.67,0.8281
674.5,4.51,6.215,1553.84,0.8273
674.5,4.59,6.216,1554.03,0.8263
674.5,4.67,6.217,1554.27,0.8257
674.5,4.75,6.218,1554.55,0.8253
674.5,4.83,6.219,1554.86,0.8251
674.5,4.91,6.221,1555.19,0.8251
674.5,4.99,6.222,1555.53,0.8252
674.5,5.07,6.223,1555.87,0.8254
674.5,5.15,6.225,1556.19,0.8256
674.5,5.23,6.226,1556.49,0.8257
674.5,5.32,6.227,1556.76,0.8259
674.5,5.40,6.228,1557.00,0.8260
674.5,5.48,6.229,1557.19,0.8262
674.5,5.56,6.229,1557.34,0.8263
674.5,5.64,6.230,1557.41,0.8265
674.5,5.72,6.230,1557.38,0.8268
674.5,5.80,6.229,1557.25,0.8272
674.5,5.88,6.228,1556.98,0.8277
674.5,5.96,6.226,1556.58,0.8284
674.5,6.04,6.224,1556.04,0.8292
674.5,6.12,6.222,1555.53,0.8298
674.5,6.20,6.220,1555.07,0.8302
674.5,6.28,6.219,1554.66,0.8303
674.5,6.36,6.217,1554.22,0.8301
674.5,6.44,6.215,1553.74,0.8295
674.5,6.52,6.213,1553.20,0.8285
674.5,6.60,6.210,1552.53,0.8275
674.5,6.68,6.207,1551.70,0.8266
674.5,6.77,6.203,1550.72,0.8257
674.5,6.85,6.198,1549.61,0.8249
674.5,6.93,6.194,1548.39,0.8241
674.5,7.01,6.188,1547.06,0.8234
674.5,7.09,6.183,1545.64,0.8226
674.5,7.17,6.177,1544.16,0.8218
674.5,7.25,6.170,1542.61,0.8210
674.5,7.33,6.164,1541.01,0.8201
674.5,7.41,6.157,1539.35,0.8193
674.5,7.49,6.151,1537.65,0.8184
674.5,7.57,6.144,1535.91,0.8175
674.5,7.65,6.137,1534.13,0.8166
674.5,7.73,6.129,1532.30,0.8158
674.5,7.81,6.122,1530.43,0.8152
674.5,7.89,6.114,1528.53,0.8147
674.5,7.97,6.106,1526.58,0.8144
674.5,8.05,6.099,1524.65,0.8142
674.5,8.13,6.091,1522.84,0.8138
674.5,8.21,6.085,1521.14,0.8132
674.5,8.30,6.078,1519.55,0.8124
674.5,8.38,6.072,1518.01,0.8114
674.5,8.46,6.066,1516.53,0.8101
674.5,8.54,6.060,1515.10,0.8086
674.5,8.62,6.055,1513.71,0.8072
674.5,8.70,6.049,1512.33,0.8060
674.5,8.78,6.044,1510.97,0.8049
674.5,8.86,6.039,1509.63,0.8040
674.5,8.94,6.033,1508.29,0.8031
674.5,9.02,6.028,1506.96,0.8024
674.5,9.10,6.023,1505.64,0.8016
674.5,9.18,6.017,1504.33,0.8009
674.5,9.26,6.012,1503.02,0.8002
674.5,9.34,6.007,1501.72,0.7994
674.5,9.42,6.002,1500.40,0.7987
674.5,9.50,5.996,1499.08,0.7979
674.5,9.58,5.991,1497.73,0.7972
674.5,9.66,5.985,1496.34,0.7965
674.5,9.74,5.980,1494.88,0.7958
674.5,9.83,5.973,1493.34,0.7953
674.5,9.91,5.967,1491.71,0.7949
674.5,9.99,5.960,1489.97,0.7946
674.5,10.07,5.953,1488.13,0.7943
674.5,10.15,5.945,1486.27,0.7937
674.5,10.23,5.937,1484.36,0.7930
674.5,10.31,5.930,1482.42,0.7920
674.5,10.39,5.922,1480.40,0.7906
674.5,10.47,5.913,1478.31,0.7890
674.5,10.55,5.905,1476.17,0.7870
674.5,10.63,5.897,1474.13,0.7851
674.5,10.71,5.889,1472.20,0.7835
674.5,10.79,5.881,1470.36,0.7820
674.5,10.87,5.874,1468.61,0.7807
674.5,10.95,5.868,1466.92,0.7794
674.5,11.03,5.861,1465.29,0.7783
674.5,11.11,5.855,1463.69,0.7772
674.5,11.19,5.848,1462.12,0.7762
674.5,11.28,5.842,1460.57,0.7752
674.5,11.36,5.836,1459.04,0.7743
674.5,11.44,5.830,1457.53,0.7734
674.5,11.52,5.824,1456.03,0.7725
674.5,11.60,5.818,1454.52,0.7718
674.5,11.68,5.812,1453.01,0.7712
674.5,11.76,5.806,1451.49,0.7708
674.5,11.84,5.800,1449.95,0.7706
674.5,11.92,5.793,1448.37,0.7706
674.5,12.00,5.787,1446.76,0.7709
679.9,0.00,7.588,1896.96,
679.9,0.08,7.537,1884.29,
679.9,0.16,7.485,1871.21,
679.9,0.24,7.432,1857.92,
679.9,0.32,7.381,1845.24,
679.9,0.40,7.334,1833.38,
679.9,0.48,7.288,1821.99,
679.9,0.56,7.243,1810.70,
679.9,0.64,7.198,1799.53,
679.9,0.72,7.154,1788.50,
679.9,0.81,7.110,1777.61,
679.9,0.89,7.068,1766.88,
679.9,0.97,7.025,1756.32,
679.9,1.05,6.984,1745.94,
679.9,1.13,6.943,1735.77,
679.9,1.21,6.903,1725.81,
679.9,1.29,6.864,1716.08,
679.9,1.37,6.826,1706.61,
679.9,1.45,6.790,1697.40,
679.9,1.53,6.754,1688.48,
679.9,1.61,6.719,1679.86,
679.9,1.69,6.686,1671.62,
679.9,1.77,6.655,1663.84,
679.9,1.85,6.626,1656.58,
679.9,1.93,6.600,1649.89,
679.9,2.01,6.575,1643.83,0.8615
679.9,2.09,6.553,1638.36,0.8604
679.9,2.17,6.534,1633.44,0.8588
679.9,2.26,6.516,1628.95,0.8568
679.9,2.34,6.499,1624.64,0.8544
679.9,2.42,6.482,1620.46,0.8518
679.9,2.50,6.466,1616.56,0.8492
679.9,2.58,6.452,1613.01,0.8471
679.9,2.66,6.439,1609.80,0.8452
679.9,2.74,6.428,1606.91,0.8437
679.9,2.82,6.417,1604.32,0.8424
679.9,2.90,6.408,1602.01,0.8412
679.9,2.98,6.400,1599.95,0.8400
679.9,3.06,6.393,1598.15,0.8390
679.9,3.14,6.386,1596.59,0.8380
679.9,3.22,6.381,1595.25,0.8371
679.9,3.30,6.376,1594.12,0.8363
679.9,3.38,6.373,1593.18,0.8356
679.9,3.46,6.370,1592.44,0.8349
679.9,3.54,6.367,1591.86,0.8343
679.9,3.62,6.366,1591.44,0.8338
679.9,3.70,6.365,1591.14,0.8334
679.9,3.79,6.364,1590.93,0.8333
679.9,3.87,6.363,1590.79,0.8334
679.9,3.95,6.363,1590.68,0.8338
679.9,4.03,6.362,1590.60,0.8346
679.9,4.11,6.363,1590.63,0.8352
679.9,4.19,6.363,1590.78,0.8356
679.9,4.27,6.364,1590.99,0.8358
679.9,4.35,6.365,1591.17,0.8355
679.9,4.43,6.365,1591.32,0.8347
679.9,4.51,6.366,1591.50,0.8340
679.9,4.59,6.367,1591.74,0.8336
679.9,4.67,6.368,1592.01,0.8334
679.9,4.75,6.369,1592.31,0.8334
679.9,4.83,6.371,1592.63,0.8335
679.9,4.91,6.372,1592.95,0.8337
679.9,4.99,6.373,1593.26,0.8338
679.9,5.07,6.374,1593.56,0.8340
679.9,5.15,6.375,1593.84,0.8341
679.9,5.23,6.376,1594.10,0.8343
679.9,5.32,6.377,1594.32,0.8344
679.9,5.40,6.378,1594.50,0.8345
679.9,5.48,6.379,1594.64,0.8347
679.9,5.56,6.379,1594.73,0.8348
679.9,5.64,6.379,1594.76,0.8348
679.9,5.72,6.379,1594.69,0.8350
679.9,5.80,6.378,1594.52,0.8352
679.9,5.88,6.377,1594.22,0.8356
679.9,5.96,6.375,1593.78,0.8361
679.9,6.04,6.373,1593.21,0.8368
679.9,6.12,6.371,1592.67,0.8372
679.9,6.20,6.369,1592.19,0.8373
679.9,6.28,6.367,1591.71,0.8372
679.9,6.36,6.365,1591.18,0.8366
679.9,6.44,6.362,1590.58,0.8357
679.9,6.52,6.359,1589.82,0.8348
679.9,6.60,6.356,1588.91,0.8340
679.9,6.68,6.351,1587.85,0.8333
679.9,6.77,6.347,1586.67,0.8326
679.9,6.85,6.341,1585.37,0.8319
679.9,6.93,6.336,1583.99,0.8312
679.9,7.01,6.330,1582.53,0.8304
679.9,7.09,6.324,1581.01,0.8296
679.9,7.17,6.318,1579.41,0.8288
679.9,7.25,6.311,1577.76,0.8279
679.9,7.33,6.304,1576.06,0.8270
679.9,7.41,6.297,1574.31,0.8260
679.9,7.49,6.290,1572.52,0.8251
679.9,7.57,6.283,1570.69,0.8241
679.9,7.65,6.275,1568.83,0.8232
679.9,7.73,6.268,1566.93,0.8223
679.9,7.81,6.260,1565.00,0.8216
679.9,7.89,6.252,1563.04,0.8209
679.9,7.97,6.244,1561.05,0.8205
679.9,8.05,6.236,1559.06,0.8202
679.9,8.13,6.229,1557.20,0.8196
679.9,8.21,6.222,1555.47,0.8188
679.9,8.30,6.215,1553.81,0.8178
679.9,8.38,6.209,1552.21,0.8165
679.9,8.46,6.203,1550.67,0.8151
679.9,8.54,6.197,1549.14,0.8138
679.9,8.62,6.191,1547.64,0.8127
679.9,8.70,6.185,1546.15,0.8117
679.9,8.78,6.179,1544.68,0.8109
679.9,8.86,6.173,1543.22,0.8101
679.9,8.94,6.167,1541.78,0.8093
679.9,9.02,6.161,1540.35,0.8086
679.9,9.10,6.156,1538.92,0.8078
679.9,9.18,6.150,1537.50,0.8070
679.9,9.26,6.144,1536.08,0.8062
679.9,9.34,6.139,1534.66,0.8054
679.9,9.42,6.133,1533.23,0.8047
679.9,9.50,6.127,1531.79,0.8038
679.9,9.58,6.121,1530.34,0.8030
679.9,9.66,6.115,1528.85,0.8022
679.9,9.74,6.109,1527.31,0.8015
679.9,9.83,6.103,1525.69,0.8008
679.9,9.91,6.096,1523.98,0.8002
679.9,9.99,6.089,1522.16,0.7998
679.9,10.07,6.081,1520.26,0.7993
679.9,10.15,6.073,1518.32,0.7986
679.9,10.23,6.065,1516.35,0.7976
679.9,10.31,6.057,1514.31,0.7964
679.9,10.39,6.049,1512.20,0.7947
679.9,10.47,6.040,1510.09,0.7929
679.9,10.55,6.032,1508.09,0.7913
679.9,10.63,6.025,1506.20,0.7898
679.9,10.71,6.018,1504.39,0.7885
679.9,10.79,6.011,1502.65,0.7873
679.9,10.87,6.004,1500.97,0.7862
679.9,10.95,5.997,1499.33,0.7851
679.9,11.03,5.991,1497.73,0.7840
679.9,11.11,5.985,1496.15,0.7830
679.9,11.19,5.978,1494.59,0.7820
679.9,11.28,5.972,1493.06,0.7810
679.9,11.36,5.966,1491.54,0.7801
679.9,11.44,5.960,1490.03,0.7793
679.9,11.52,5.954,1488.53,0.7785
679.9,11.60,5.948,1487.04,0.7778
679.9,11.68,5.942,1485.53,0.7772
679.9,11.76,5.936,1484.02,0.7768
679.9,11.84,5.930,1482.48,0.7766
679.9,11.92,5.924,1480.91,0.7766
679.9,12.00,5.917,1479.30,0.7768
685.2,0.00,7.710,1927.38,
685.2,0.08,7.660,1915.00,
685.2,0.16,7.609,1902.22,
685.2,0.24,7.559,1889.83,
685.2,0.32,7.513,1878.24,
685.2,0.40,7.468,1866.91,
685.2,0.48,7.423,1855.68,
685.2,0.56,7.378,1844.57,
685.2,0.64,7.334,1833.59,
685.2,0.72,7.291,1822.74,
685.2,0.81,7.248,1812.03,
685.2,0.89,7.206,1801.48,
685.2,0.97,7.164,1791.12,
685.2,1.05,7.124,1780.94,
685.2,1.13,7.084,1770.98,
685.2,1.21,7.045,1761.25,
685.2,1.29,7.007,1751.77,
685.2,1.37,6.970,1742.54,
685.2,1.45,6.934,1733.60,
685.2,1.53,6.900,1724.95,
685.2,1.61,6.866,1716.61,
685.2,1.69,6.834,1708.60,
685.2,1.77,6.804,1700.98,
685.2,1.85,6.775,1693.87,
685.2,1.93,6.749,1687.32,
685.2,2.01,6.726,1681.39,0.8687
685.2,2.09,6.704,1676.06,0.8674
685.2,2.17,6.685,1671.24,0.8655
685.2,2.26,6.667,1666.65,0.8632
685.2,2.34,6.649,1662.23,0.8607
685.2,2.42,6.633,1658.15,0.8584
685.2,2.50,6.618,1654.41,0.8565
685.2,2.58,6.604,1651.02,0.8549
685.2,2.66,6.592,1647.93,0.8535
685.2,2.74,6.581,1645.14,0.8521
685.2,2.82,6.571,1642.63,0.8509
685.2,2.90,6.562,1640.39,0.8497
685.2,2.98,6.554,1638.40,0.8486
685.2,3.06,6.547,1636.65,0.8476
685.2,3.14,6.541,1635.13,0.8467
685.2,3.22,6.535,1633.82,0.8458
685.2,3.30,6.531,1632.72,0.8450
685.2,3.38,6.527,1631.80,0.8443
685.2,3.46,6.524,1631.06,0.8436
685.2,3.54,6.522,1630.48,0.8431
685.2,3.62,6.520,1630.06,0.8426
685.2,3.70,6.519,1629.76,0.8421
685.2,3.79,6.518,1629.58,0.8418
685.2,3.87,6.518,1629.45,0.8418
685.2,3.95,6.517,1629.37,0.8421
685.2,4.03,6.517,1629.30,0.8426
685.2,4.11,6.517,1629.35,0.8430
685.2,4.19,6.518,1629.50,0.8432
685.2,4.27,6.519,1629.64,0.8429
685.2,4.35,6.519,1629.76,0.8423
685.2,4.43,6.520,1629.93,0.8418
685.2,4.51,6.521,1630.15,0.8416
685.2,4.59,6.522,1630.40,0.8417
685.2,4.67,6.523,1630.67,0.8418
685.2,4.75,6.524,1630.96,0.8419
685.2,4.83,6.525,1631.25,0.8420
685.2,4.91,6.526,1631.53,0.8421
685.2,4.99,6.527,1631.80,0.8423
685.2,5.07,6.528,1632.06,0.8424
685.2,5.15,6.529,1632.29,0.8426
685.2,5.23,6.530,1632.50,0.8427
685.2,5.32,6.531,1632.66,0.8428
685.2,5.40,6.531,1632.79,0.8429
685.2,5.48,6.531,1632.86,0.8430
685.2,5.56,6.532,1632.88,0.8430
685.2,5.64,6.531,1632.83,0.8431
685.2,5.72,6.531,1632.72,0.8431
685.2,5.80,6.530,1632.50,0.8432
685.2,5.88,6.529,1632.17,0.8433
685.2,5.96,6.527,1631.69,0.8437
685.2,6.04,6.524,1631.08,0.8441
685.2,6.12,6.522,1630.50,0.8443
685.2,6.20,6.520,1629.96,0.8442
685.2,6.28,6.518,1629.38,0.8436
685.2,6.36,6.515,1628.69,0.8428
685.2,6.44,6.511,1627.84,0.8421
685.2,6.52,6.507,1626.84,0.8415
685.2,6.60,6.503,1625.70,0.8409
685.2,6.68,6.498,1624.45,0.8402
685.2,6.77,6.492,1623.11,0.8396
685.2,6.85,6.487,1621.69,0.8388
685.2,6.93,6.481,1620.19,0.8380
685.2,7.01,6.474,1618.62,0.8372
685.2,7.09,6.468,1616.97,0.8364
685.2,7.17,6.461,1615.27,0.8355
685.2,7.25,6.454,1613.51,0.8345
685.2,7.33,6.447,1611.71,0.8336
685.2,7.41,6.439,1609.86,0.8326
685.2,7.49,6.432,1607.97,0.8316
685.2,7.57,6.424,1606.06,0.8307
685.2,7.65,6.416,1604.12,0.8296
685.2,7.73,6.409,1602.15,0.8286
685.2,7.81,6.401,1600.17,0.8277
685.2,7.89,6.393,1598.15,0.8270
685.2,7.97,6.384,1596.11,0.8264
685.2,8.05,6.376,1594.08,0.8258
685.2,8.13,6.369,1592.18,0.8251
685.2,8.21,6.362,1590.39,0.8241
685.2,8.30,6.355,1588.66,0.8228
685.2,8.38,6.348,1586.98,0.8215
685.2,8.46,6.341,1585.32,0.8204
685.2,8.54,6.335,1583.67,0.8194
685.2,8.62,6.328,1582.05,0.8186
685.2,8.70,6.322,1580.45,0.8178
685.2,8.78,6.315,1578.87,0.8169
685.2,8.86,6.309,1577.30,0.8161
685.2,8.94,6.303,1575.75,0.8153
685.2,9.02,6.297,1574.21,0.8145
685.2,9.10,6.291,1572.67,0.8137
685.2,9.18,6.285,1571.14,0.8129
685.2,9.26,6.278,1569.60,0.8121
685.2,9.34,6.272,1568.06,0.8112
685.2,9.42,6.266,1566.51,0.8104
685.2,9.50,6.260,1564.94,0.8095
685.2,9.58,6.253,1563.36,0.8087
685.2,9.66,6.247,1561.76,0.8078
685.2,9.74,6.241,1560.13,0.8069
685.2,9.83,6.234,1558.42,0.8061
685.2,9.91,6.227,1556.64,0.8053
685.2,9.99,6.219,1554.74,0.8047
685.2,10.07,6.211,1552.76,0.8041
685.2,10.15,6.203,1550.76,0.8032
685.2,10.23,6.195,1548.70,0.8020
685.2,10.31,6.186,1546.57,0.8004
685.2,10.39,6.178,1544.50,0.7988
685.2,10.47,6.170,1542.53,0.7973
685.2,10.55,6.163,1540.66,0.7961
685.2,10.63,6.155,1538.87,0.7949
685.2,10.71,6.149,1537.13,0.7938
685.2,10.79,6.142,1535.43,0.7926
685.2,10.87,6.135,1533.77,0.7915
685.2,10.95,6.129,1532.15,0.7905
685.2,11.03,6.122,1530.55,0.7894
685.2,11.11,6.116,1528.99,0.7884
685.2,11.19,6.110,1527.44,0.7875
685.2,11.28,6.104,1525.91,0.7866
685.2,11.36,6.098,1524.40,0.7857
685.2,11.44,6.092,1522.89,0.7850
685.2,11.52,6.086,1521.39,0.7842
685.2,11.60,6.080,1519.88,0.7836
685.2,11.68,6.073,1518.37,0.7830
685.2,11.76,6.067,1516.85,0.7825
685.2,11.84,6.061,1515.31,0.7823
685.2,11.92,6.055,1513.74,0.7822
685.2,12.00,6.049,1512.13,0.7824
690.6,0.00,7.835,1958.79,
690.6,0.08,7.787,1946.74,
690.6,0.16,7.739,1934.70,
690.6,0.24,7.693,1923.34,
690.6,0.32,7.648,1912.10,
690.6,0.40,7.604,1900.97,
690.6,0.48,7.560,1889.93,
690.6,0.56,7.516,1879.00,
690.6,0.64,7.473,1868.18,
690.6,0.72,7.430,1857.51,
690.6,0.81,7.388,1847.00,
690.6,0.89,7.347,1836.65,
690.6,0.97,7.306,1826.50,
690.6,1.05,7.266,1816.56,
690.6,1.13,7.227,1806.83,
690.6,1.21,7.189,1797.35,
690.6,1.29,7.152,1788.12,
690.6,1.37,7.117,1779.17,
690.6,1.45,7.082,1770.50,
690.6,1.53,7.049,1762.14,
690.6,1.61,7.016,1754.11,
690.6,1.69,6.986,1746.42,
690.6,1.77,6.956,1739.08,
690.6,1.85,6.929,1732.14,
690.6,1.93,6.903,1725.73,
690.6,2.01,6.880,1719.94,0.8758
690.6,2.09,6.859,1714.73,0.8741
690.6,2.17,6.839,1709.87,0.8720
690.6,2.26,6.821,1705.23,0.8697
690.6,2.34,6.804,1700.95,0.8677
690.6,2.42,6.788,1697.03,0.8660
690.6,2.50,6.774,1693.43,0.8645
690.6,2.58,6.761,1690.13,0.8630
690.6,2.66,6.749,1687.14,0.8616
690.6,2.74,6.738,1684.43,0.8603
690.6,2.82,6.728,1682.00,0.8591
690.6,2.90,6.719,1679.82,0.8580
690.6,2.98,6.712,1677.88,0.8569
690.6,3.06,6.705,1676.18,0.8559
690.6,3.14,6.699,1674.70,0.8550
690.6,3.22,6.694,1673.42,0.8541
690.6,3.30,6.689,1672.34,0.8534
690.6,3.38,6.686,1671.44,0.8527
690.6,3.46,6.683,1670.70,0.8521
690.6,3.54,6.680,1670.12,0.8515
690.6,3.62,6.679,1669.68,0.8510
690.6,3.70,6.677,1669.36,0.8506
690.6,3.79,6.677,1669.17,0.8503
690.6,3.87,6.676,1669.06,0.8500
690.6,3.95,6.676,1668.99,0.8501
690.6,4.03,6.676,1668.94,0.8504
690.6,4.11,6.676,1669.00,0.8506
690.6,4.19,6.676,1669.08,0.8503
690.6,4.27,6.677,1669.17,0.8499
690.6,4.35,6.677,1669.32,0.8497
690.6,4.43,6.678,1669.51,0.8498
690.6,4.51,6.679,1669.73,0.8498
690.6,4.59,6.680,1669.96,0.8499
690.6,4.67,6.681,1670.20,0.8500
690.6,4.75,6.682,1670.45,0.8501
690.6,4.83,6.683,1670.70,0.8502
690.6,4.91,6.684,1670.94,0.8503
690.6,4.99,6.685,1671.17,0.8504
690.6,5.07,6.685,1671.37,0.8505
690.6,5.15,6.686,1671.55,0.8506
690.6,5.23,6.687,1671.69,0.8507
690.6,5.32,6.687,1671.80,0.8508
690.6,5.40,6.687,1671.85,0.8509
690.6,5.48,6.687,1671.85,0.8509
690.6,5.56,6.687,1671.79,0.8510
690.6,5.64,6.687,1671.66,0.8510
690.6,5.72,6.686,1671.46,0.8509
690.6,5.80,6.685,1671.18,0.8509
690.6,5.88,6.683,1670.79,0.8508
690.6,5.96,6.681,1670.27,0.8509
690.6,6.04,6.678,1669.62,0.8511
690.6,6.12,6.676,1669.00,0.8510
690.6,6.20,6.673,1668.35,0.8505
690.6,6.28,6.670,1667.56,0.8499
690.6,6.36,6.666,1666.61,0.8494
690.6,6.44,6.662,1665.53,0.8489
690.6,6.52,6.657,1664.34,0.8483
690.6,6.60,6.652,1663.05,0.8476
690.6,6.68,6.647,1661.67,0.8469
690.6,6.77,6.641,1660.20,0.8462
690.6,6.85,6.635,1658.65,0.8454
690.6,6.93,6.628,1657.02,0.8446
690.6,7.01,6.621,1655.33,0.8437
690.6,7.09,6.614,1653.57,0.8428
690.6,7.17,6.607,1651.76,0.8418
690.6,7.25,6.600,1649.90,0.8409
690.6,7.33,6.592,1647.99,0.8399
690.6,7.41,6.584,1646.04,0.8389
690.6,7.49,6.576,1644.06,0.8378
690.6,7.57,6.568,1642.05,0.8368
690.6,7.65,6.560,1640.02,0.8358
690.6,7.73,6.552,1637.98,0.8347
690.6,7.81,6.544,1635.93,0.8337
690.6,7.89,6.535,1633.86,0.8327
690.6,7.97,6.527,1631.77,0.8319
690.6,8.05,6.519,1629.70,0.8312
690.6,8.13,6.511,1627.76,0.8303
690.6,8.21,6.504,1625.89,0.8291
690.6,8.30,6.496,1624.06,0.8279
690.6,8.38,6.489,1622.25,0.8270
690.6,8.46,6.482,1620.46,0.8261
690.6,8.54,6.475,1618.70,0.8252
690.6,8.62,6.468,1616.97,0.8243
690.6,8.70,6.461,1615.26,0.8235
690.6,8.78,6.454,1613.57,0.8226
690.6,8.86,6.448,1611.90,0.8218
690.6,8.94,6.441,1610.23,0.8209
690.6,9.02,6.434,1608.58,0.8201
690.6,9.10,6.428,1606.92,0.8192
690.6,9.18,6.421,1605.27,0.8184
690.6,9.26,6.414,1603.61,0.8175
690.6,9.34,6.408,1601.94,0.8167
690.6,9.42,6.401,1600.26,0.8158
690.6,9.50,6.394,1598.56,0.8149
690.6,9.58,6.387,1596.85,0.8139
690.6,9.66,6.380,1595.11,0.8130
690.6,9.74,6.373,1593.34,0.8121
690.6,9.83,6.366,1591.54,0.8111
690.6,9.91,6.359,1589.67,0.8101
690.6,9.99,6.351,1587.70,0.8093
690.6,10.07,6.343,1585.65,0.8085
690.6,10.15,6.334,1583.56,0.8073
690.6,10.23,6.326,1581.43,0.8059
690.6,10.31,6.318,1579.39,0.8045
690.6,10.39,6.310,1577.44,0.8033
690.6,10.47,6.302,1575.57,0.8021
690.6,10.55,6.295,1573.76,0.8010
690.6,10.63,6.288,1571.99,0.7998
690.6,10.71,6.281,1570.27,0.7987
690.6,10.79,6.274,1568.59,0.7976
690.6,10.87,6.268,1566.94,0.7965
690.6,10.95,6.261,1565.33,0.7955
690.6,11.03,6.255,1563.74,0.7944
690.6,11.11,6.249,1562.18,0.7935
690.6,11.19,6.243,1560.63,0.7926
690.6,11.28,6.236,1559.10,0.7917
690.6,11.36,6.230,1557.58,0.7909
690.6,11.44,6.224,1556.07,0.7902
690.6,11.52,6.218,1554.55,0.7895
690.6,11.60,6.212,1553.03,0.7889
690.6,11.68,6.206,1551.51,0.7884
690.6,11.76,6.200,1549.97,0.7879
690.6,11.84,6.194,1548.41,0.7876
690.6,11.92,6.187,1546.83,0.7874
690.6,12.00,6.181,1545.21,0.7875
696.0,0.00,7.965,1991.31,
696.0,0.08,7.919,1979.81,
696.0,0.16,7.874,1968.61,
696.0,0.24,7.830,1957.49,
696.0,0.32,7.786,1946.44,
696.0,0.40,7.742,1935.46,
696.0,0.48,7.698,1924.59,
696.0,0.56,7.655,1913.84,
696.0,0.64,7.613,1903.21,
696.0,0.72,7.571,1892.74,
696.0,0.81,7.530,1882.44,
696.0,0.89,7.489,1872.32,
696.0,0.97,7.450,1862.40,
696.0,1.05,7.411,1852.70,
696.0,1.13,7.373,1843.23,
696.0,1.21,7.336,1834.01,
696.0,1.29,7.300,1825.07,
696.0,1.37,7.266,1816.40,
696.0,1.45,7.232,1808.04,
696.0,1.53,7.200,1799.99,
696.0,1.61,7.169,1792.28,
696.0,1.69,7.140,1784.92,
696.0,1.77,7.112,1777.93,
696.0,1.85,7.085,1771.33,
696.0,1.93,7.061,1765.13,
696.0,2.01,7.038,1759.47,0.8827
696.0,2.09,7.017,1754.31,0.8807
696.0,2.17,6.998,1749.47,0.8787
696.0,2.26,6.980,1744.98,0.8769
696.0,2.34,6.963,1740.84,0.8752
696.0,2.42,6.948,1737.03,0.8736
696.0,2.50,6.934,1733.53,0.8721
696.0,2.58,6.921,1730.34,0.8706
696.0,2.66,6.910,1727.43,0.8693
696.0,2.74,6.899,1724.80,0.8680
696.0,2.82,6.890,1722.43,0.8668
696.0,2.90,6.881,1720.31,0.8657
696.0,2.98,6.874,1718.43,0.8646
696.0,3.06,6.867,1716.77,0.8637
696.0,3.14,6.861,1715.32,0.8628
696.0,3.22,6.856,1714.07,0.8620
696.0,3.30,6.852,1713.01,0.8612
696.0,3.38,6.848,1712.11,0.8606
696.0,3.46,6.846,1711.38,0.8600
696.0,3.54,6.843,1710.79,0.8594
696.0,3.62,6.841,1710.33,0.8590
696.0,3.70,6.840,1709.99,0.8586
696.0,3.79,6.839,1709.75,0.8582
696.0,3.87,6.838,1709.61,0.8580
696.0,3.95,6.838,1709.54,0.8578
696.0,4.03,6.838,1709.51,0.8578
696.0,4.11,6.838,1709.53,0.8576
696.0,4.19,6.838,1709.59,0.8575
696.0,4.27,6.839,1709.69,0.8575
696.0,4.35,6.839,1709.83,0.8575
696.0,4.43,6.840,1710.00,0.8575
696.0,4.51,6.841,1710.18,0.8576
696.0,4.59,6.842,1710.38,0.8576
696.0,4.67,6.842,1710.59,0.8577
696.0,4.75,6.843,1710.80,0.8578
696.0,4.83,6.844,1711.00,0.8579
696.0,4.91,6.845,1711.19,0.8580
696.0,4.99,6.845,1711.36,0.8580
696.0,5.07,6.846,1711.51,0.8581
696.0,5.15,6.846,1711.62,0.8582
696.0,5.23,6.847,1711.69,0.8583
696.0,5.32,6.847,1711.72,0.8583
696.0,5.40,6.847,1711.70,0.8583
696.0,5.48,6.846,1711.62,0.8583
696.0,5.56,6.846,1711.47,0.8583
696.0,5.64,6.845,1711.25,0.8583
696.0,5.72,6.844,1710.96,0.8582
696.0,5.80,6.842,1710.57,0.8581
696.0,5.88,6.840,1710.10,0.8579
696.0,5.96,6.838,1709.52,0.8577
696.0,6.04,6.835,1708.82,0.8576
696.0,6.12,6.832,1708.09,0.8573
696.0,6.20,6.829,1707.20,0.8569
696.0,6.28,6.825,1706.18,0.8564
696.0,6.36,6.820,1705.06,0.8559
696.0,6.44,6.815,1703.82,0.8553
696.0,6.52,6.810,1702.49,0.8546
696.0,6.60,6.804,1701.06,0.8539
696.0,6.68,6.798,1699.54,0.8531
696.0,6.77,6.792,1697.94,0.8523
696.0,6.85,6.785,1696.26,0.8515
696.0,6.93,6.778,1694.52,0.8506
696.0,7.01,6.771,1692.70,0.8496
696.0,7.09,6.763,1690.83,0.8487
696.0,7.17,6.756,1688.91,0.8477
696.0,7.25,6.748,1686.93,0.8467
696.0,7.33,6.740,1684.92,0.8456
696.0,7.41,6.731,1682.87,0.8446
696.0,7.49,6.723,1680.80,0.8435
696.0,7.57,6.715,1678.70,0.8425
696.0,7.65,6.706,1676.58,0.8414
696.0,7.73,6.698,1674.45,0.8403
696.0,7.81,6.689,1672.32,0.8393
696.0,7.89,6.681,1670.19,0.8382
696.0,7.97,6.672,1668.06,0.8372
696.0,8.05,6.664,1665.96,0.8363
696.0,8.13,6.656,1663.93,0.8352
696.0,8.21,6.648,1661.93,0.8342
696.0,8.30,6.640,1659.98,0.8333
696.0,8.38,6.632,1658.06,0.8323
696.0,8.46,6.625,1656.16,0.8314
696.0,8.54,6.617,1654.30,0.8305
696.0,8.62,6.610,1652.46,0.8296
696.0,8.70,6.603,1650.64,0.8287
696.0,8.78,6.595,1648.83,0.8278
696.0,8.86,6.588,1647.04,0.8269
696.0,8.94,6.581,1645.26,0.8261
696.0,9.02,6.574,1643.48,0.8252
696.0,9.10,6.567,1641.70,0.8243
696.0,9.18,6.560,1639.91,0.8234
696.0,9.26,6.552,1638.12,0.8225
696.0,9.34,6.545,1636.32,0.8216
696.0,9.42,6.538,1634.51,0.8206
696.0,9.50,6.531,1632.67,0.8197
696.0,9.58,6.523,1630.82,0.8187
696.0,9.66,6.516,1628.93,0.8177
696.0,9.74,6.508,1627.02,0.8167
696.0,9.83,6.500,1625.07,0.8157
696.0,9.91,6.492,1623.09,0.8146
696.0,9.99,6.484,1621.04,0.8135
696.0,10.07,6.476,1618.91,0.8125
696.0,10.15,6.467,1616.79,0.8112
696.0,10.23,6.459,1614.76,0.8100
696.0,10.31,6.451,1612.79,0.8088
696.0,10.39,6.444,1610.89,0.8077
696.0,10.47,6.436,1609.04,0.8065
696.0,10.55,6.429,1607.24,0.8053
696.0,10.63,6.422,1605.48,0.8042
696.0,10.71,6.415,1603.77,0.8031
696.0,10.79,6.408,1602.10,0.8020
696.0,10.87,6.402,1600.46,0.8009
696.0,10.95,6.395,1598.85,0.7999
696.0,11.03,6.389,1597.26,0.7989
696.0,11.11,6.383,1595.69,0.7979
696.0,11.19,6.377,1594.14,0.7970
696.0,11.28,6.370,1592.60,0.7962
696.0,11.36,6.364,1591.07,0.7954
696.0,11.44,6.358,1589.54,0.7947
696.0,11.52,6.352,1588.00,0.7941
696.0,11.60,6.346,1586.47,0.7935
696.0,11.68,6.340,1584.91,0.7931
696.0,11.76,6.333,1583.35,0.7927
696.0,11.84,6.327,1581.76,0.7924
696.0,11.92,6.321,1580.15,0.7922
696.0,12.00,6.314,1578.51,0.7922
701.3,0.00,8.100,2025.06,
701.3,0.08,8.056,2013.99,
701.3,0.16,8.012,2002.96,
701.3,0.24,7.968,1991.99,
701.3,0.32,7.924,1981.10,
701.3,0.40,7.881,1970.30,
701.3,0.48,7.838,1959.62,
701.3,0.56,7.796,1949.06,
701.3,0.64,7.755,1938.65,
701.3,0.72,7.714,1928.40,
701.3,0.81,7.673,1918.32,
701.3,0.89,7.634,1908.44,
701.3,0.97,7.595,1898.78,
701.3,1.05,7.557,1889.34,
701.3,1.13,7.521,1880.15,
701.3,1.21,7.485,1871.22,
701.3,1.29,7.450,1862.57,
701.3,1.37,7.417,1854.21,
701.3,1.45,7.385,1846.17,
701.3,1.53,7.354,1838.46,
701.3,1.61,7.324,1831.09,
701.3,1.69,7.296,1824.08,
701.3,1.77,7.270,1817.46,
701.3,1.85,7.245,1811.23,
701.3,1.93,7.222,1805.41,
701.3,2.01,7.200,1799.99,0.8893
701.3,2.09,7.180,1794.93,0.8873
701.3,2.17,7.161,1790.23,0.8855
701.3,2.26,7.144,1785.88,0.8837
701.3,2.34,7.127,1781.85,0.8821
701.3,2.42,7.113,1778.15,0.8805
701.3,2.50,7.099,1774.75,0.8790
701.3,2.58,7.087,1771.64,0.8776
701.3,2.66,7.075,1768.82,0.8762
701.3,2.74,7.065,1766.26,0.8750
701.3,2.82,7.056,1763.96,0.8738
701.3,2.90,7.048,1761.89,0.8727
701.3,2.98,7.040,1760.06,0.8717
701.3,3.06,7.034,1758.44,0.8707
701.3,3.14,7.028,1757.02,0.8698
701.3,3.22,7.023,1755.79,0.8690
701.3,3.30,7.019,1754.74,0.8683
701.3,3.38,7.015,1753.85,0.8677
701.3,3.46,7.012,1753.11,0.8671
701.3,3.54,7.010,1752.50,0.8666
701.3,3.62,7.008,1752.02,0.8661
701.3,3.70,7.007,1751.65,0.8657
701.3,3.79,7.005,1751.37,0.8654
701.3,3.87,7.005,1751.18,0.8652
701.3,3.95,7.004,1751.06,0.8650
701.3,4.03,7.004,1751.00,0.8648
701.3,4.11,7.004,1751.01,0.8647
701.3,4.19,7.004,1751.05,0.8647
701.3,4.27,7.005,1751.13,0.8646
701.3,4.35,7.005,1751.24,0.8646
701.3,4.43,7.005,1751.37,0.8646
701.3,4.51,7.006,1751.52,0.8646
701.3,4.59,7.007,1751.68,0.8647
701.3,4.67,7.007,1751.84,0.8647
701.3,4.75,7.008,1752.00,0.8648
701.3,4.83,7.009,1752.15,0.8648
701.3,4.91,7.009,1752.28,0.8649
701.3,4.99,7.010,1752.39,0.8649
701.3,5.07,7.010,1752.46,0.8650
701.3,5.15,7.010,1752.50,0.8650
701.3,5.23,7.010,1752.50,0.8650
701.3,5.32,7.010,1752.45,0.8650
701.3,5.40,7.009,1752.34,0.8650
701.3,5.48,7.009,1752.17,0.8650
701.3,5.56,7.008,1751.93,0.8649
701.3,5.64,7.006,1751.61,0.8648
701.3,5.72,7.005,1751.21,0.8647
701.3,5.80,7.003,1750.72,0.8645
701.3,5.88,7.001,1750.14,0.8643
701.3,5.96,6.998,1749.45,0.8640
701.3,6.04,6.995,1748.65,0.8637
701.3,6.12,6.991,1747.71,0.8633
701.3,6.20,6.987,1746.66,0.8629
701.3,6.28,6.982,1745.49,0.8623
701.3,6.36,6.977,1744.21,0.8617
701.3,6.44,6.971,1742.82,0.8611
701.3,6.52,6.965,1741.35,0.8603
701.3,6.60,6.959,1739.78,0.8595
701.3,6.68,6.952,1738.12,0.8587
701.3,6.77,6.946,1736.39,0.8578
701.3,6.85,6.938,1734.58,0.8569
701.3,6.93,6.931,1732.71,0.8560
701.3,7.01,6.923,1730.77,0.8550
701.3,7.09,6.915,1728.79,0.8539
701.3,7.17,6.907,1726.75,0.8529
701.3,7.25,6.899,1724.67,0.8518
701.3,7.33,6.890,1722.55,0.8508
701.3,7.41,6.882,1720.40,0.8497
701.3,7.49,6.873,1718.23,0.8486
701.3,7.57,6.864,1716.04,0.8475
701.3,7.65,6.855,1713.83,0.8464
701.3,7.73,6.846,1711.62,0.8453
701.3,7.81,6.838,1709.41,0.8442
701.3,7.89,6.829,1707.20,0.8431
701.3,7.97,6.820,1705.00,0.8421
701.3,8.05,6.811,1702.81,0.8410
701.3,8.13,6.803,1700.67,0.8400
701.3,8.21,6.794,1698.57,0.8390
701.3,8.30,6.786,1696.51,0.8380
701.3,8.38,6.778,1694.48,0.8371
701.3,8.46,6.770,1692.48,0.8361
701.3,8.54,6.762,1690.50,0.8352
701.3,8.62,6.754,1688.54,0.8342
701.3,8.70,6.746,1686.60,0.8333
701.3,8.78,6.739,1684.68,0.8324
701.3,8.86,6.731,1682.76,0.8315
701.3,8.94,6.723,1680.85,0.8305
701.3,9.02,6.716,1678.94,0.8296
701.3,9.10,6.708,1677.03,0.8287
701.3,9.18,6.700,1675.11,0.8277
701.3,9.26,6.693,1673.18,0.8268
701.3,9.34,6.685,1671.24,0.8258
701.3,9.42,6.677,1669.28,0.8248
701.3,9.50,6.669,1667.31,0.8238
701.3,9.58,6.661,1665.30,0.8228
701.3,9.66,6.653,1663.27,0.8218
701.3,9.74,6.645,1661.21,0.8207
701.3,9.83,6.636,1659.11,0.8196
701.3,9.91,6.628,1656.96,0.8185
701.3,9.99,6.619,1654.77,0.8173
701.3,10.07,6.610,1652.61,0.8161
701.3,10.15,6.602,1650.53,0.8150
701.3,10.23,6.594,1648.52,0.8138
701.3,10.31,6.586,1646.58,0.8126
701.3,10.39,6.579,1644.69,0.8114
701.3,10.47,6.571,1642.85,0.8102
701.3,10.55,6.564,1641.06,0.8090
701.3,10.63,6.557,1639.31,0.8079
701.3,10.71,6.550,1637.60,0.8067
701.3,10.79,6.544,1635.93,0.8056
701.3,10.87,6.537,1634.29,0.8046
701.3,10.95,6.531,1632.67,0.8036
701.3,11.03,6.524,1631.08,0.8026
701.3,11.11,6.518,1629.50,0.8016
701.3,11.19,6.512,1627.93,0.8008
701.3,11.28,6.506,1626.38,0.8000
701.3,11.36,6.499,1624.82,0.7992
701.3,11.44,6.493,1623.27,0.7985
701.3,11.52,6.487,1621.71,0.7979
701.3,11.60,6.481,1620.14,0.7974
701.3,11.68,6.474,1618.56,0.7970
701.3,11.76,6.468,1616.96,0.7966
701.3,11.84,6.461,1615.34,0.7964
701.3,11.92,6.455,1613.69,0.7962
701.3,12.00,6.448,1612.01,0.7962
706.7,0.00,8.240,2060.08,
706.7,0.08,8.197,2049.37,
706.7,0.16,8.154,2038.53,
706.7,0.24,8.111,2027.72,
706.7,0.32,8.068,2017.00,
706.7,0.40,8.026,2006.38,
706.7,0.48,7.984,1995.89,
706.7,0.56,7.942,1985.54,
706.7,0.64,7.901,1975.34,
706.7,0.72,7.861,1965.32,
706.7,0.81,7.822,1955.48,
706.7,0.89,7.783,1945.86,
706.7,0.97,7.746,1936.45,
706.7,1.05,7.709,1927.29,
706.7,1.13,7.674,1918.38,
706.7,1.21,7.639,1909.74,
706.7,1.29,7.606,1901.40,
706.7,1.37,7.573,1893.36,
706.7,1.45,7.543,1885.65,
706.7,1.53,7.513,1878.27,
706.7,1.61,7.485,1871.25,
706.7,1.69,7.458,1864.61,
706.7,1.77,7.433,1858.35,
706.7,1.85,7.410,1852.39,
706.7,1.93,7.387,1846.76,
706.7,2.01,7.366,1841.55,0.8954
706.7,2.09,7.347,1836.70,0.8934
706.7,2.17,7.329,1832.14,0.8916
706.7,2.26,7.312,1827.90,0.8899
706.7,2.34,7.296,1823.99,0.8882
706.7,2.42,7.282,1820.39,0.8867
706.7,2.50,7.268,1817.09,0.8852
706.7,2.58,7.256,1814.07,0.8838
706.7,2.66,7.245,1811.32,0.8825
706.7,2.74,7.235,1808.83,0.8813
706.7,2.82,7.226,1806.59,0.8801
706.7,2.90,7.218,1804.58,0.8790
706.7,2.98,7.211,1802.79,0.8780
706.7,3.06,7.205,1801.20,0.8771
706.7,3.14,7.199,1799.81,0.8763
706.7,3.22,7.194,1798.60,0.8755
706.7,3.30,7.190,1797.55,0.8748
706.7,3.38,7.187,1796.66,0.8741
706.7,3.46,7.184,1795.91,0.8736
706.7,3.54,7.181,1795.28,0.8731
706.7,3.62,7.179,1794.77,0.8726
706.7,3.70,7.177,1794.36,0.8723
706.7,3.79,7.176,1794.02,0.8720
706.7,3.87,7.174,1793.60,0.8718
706.7,3.95,7.174,1793.38,0.8716
706.7,4.03,7.174,1793.44,0.8714
706.7,4.11,7.174,1793.50,0.8712
706.7,4.19,7.174,1793.52,0.8712
706.7,4.27,7.174,1793.57,0.8711
706.7,4.35,7.175,1793.65,0.8711
706.7,4.43,7.175,1793.74,0.8711
706.7,4.51,7.175,1793.85,0.8711
706.7,4.59,7.176,1793.96,0.8711
706.7,4.67,7.176,1794.07,0.8711
706.7,4.75,7.177,1794.17,0.8711
706.7,4.83,7.177,1794.25,0.8711
706.7,4.91,7.177,1794.32,0.8712
706.7,4.99,7.177,1794.35,0.8712
706.7,5.07,7.177,1794.36,0.8712
706.7,5.15,7.177,1794.32,0.8712
706.7,5.23,7.177,1794.23,0.8711
706.7,5.32,7.176,1794.09,0.8711
706.7,5.40,7.176,1793.89,0.8710
706.7,5.48,7.175,1793.63,0.8709
706.7,5.56,7.173,1793.28,0.8708
706.7,5.64,7.171,1792.86,0.8707
706.7,5.72,7.169,1792.35,0.8705
706.7,5.80,7.167,1791.70,0.8703
706.7,5.88,7.163,1790.79,0.8700
706.7,5.96,7.160,1789.94,0.8697
706.7,6.04,7.157,1789.19,0.8693
706.7,6.12,7.153,1788.19,0.8688
706.7,6.20,7.148,1786.98,0.8683
706.7,6.28,7.143,1785.66,0.8676
706.7,6.36,7.137,1784.23,0.8670
706.7,6.44,7.131,1782.70,0.8662
706.7,6.52,7.124,1781.08,0.8654
706.7,6.60,7.117,1779.37,0.8646
706.7,6.68,7.110,1777.59,0.8637
706.7,6.77,7.103,1775.72,0.8627
706.7,6.85,7.095,1773.79,0.8618
706.7,6.93,7.087,1771.80,0.8607
706.7,7.01,7.079,1769.75,0.8597
706.7,7.09,7.071,1767.64,0.8586
706.7,7.17,7.062,1765.50,0.8575
706.7,7.25,7.053,1763.31,0.8564
706.7,7.33,7.044,1761.09,0.8553
706.7,7.41,7.035,1758.85,0.8542
706.7,7.49,7.026,1756.58,0.8530
706.7,7.57,7.017,1754.30,0.8519
706.7,7.65,7.008,1752.01,0.8508
706.7,7.73,6.999,1749.71,0.8497
706.7,7.81,6.989,1747.37,0.8486
706.7,7.89,6.980,1744.92,0.8475
706.7,7.97,6.970,1742.53,0.8464
706.7,8.05,6.961,1740.33,0.8453
706.7,8.13,6.952,1738.11,0.8442
706.7,8.21,6.944,1735.91,0.8432
706.7,8.30,6.935,1733.74,0.8422
706.7,8.38,6.926,1731.60,0.8412
706.7,8.46,6.918,1729.48,0.8402
706.7,8.54,6.910,1727.39,0.8393
706.7,8.62,6.901,1725.31,0.8383
706.7,8.70,6.893,1723.25,0.8373
706.7,8.78,6.885,1721.20,0.8364
706.7,8.86,6.877,1719.16,0.8354
706.7,8.94,6.868,1717.12,0.8344
706.7,9.02,6.860,1715.08,0.8335
706.7,9.10,6.852,1713.03,0.8325
706.7,9.18,6.844,1710.98,0.8315
706.7,9.26,6.836,1708.92,0.8305
706.7,9.34,6.827,1706.83,0.8295
706.7,9.42,6.819,1704.73,0.8285
706.7,9.50,6.810,1702.61,0.8274
706.7,9.58,6.802,1700.46,0.8263
706.7,9.66,6.793,1698.27,0.8252
706.7,9.74,6.784,1696.05,0.8241
706.7,9.83,6.775,1693.75,0.8230
706.7,9.91,6.765,1691.31,0.8219
706.7,9.99,6.755,1688.81,0.8206
706.7,10.07,6.746,1686.54,0.8193
706.7,10.15,6.738,1684.45,0.8181
706.7,10.23,6.730,1682.46,0.8168
706.7,10.31,6.722,1680.52,0.8156
706.7,10.39,6.715,1678.64,0.8144
706.7,10.47,6.707,1676.81,0.8132
706.7,10.55,6.700,1675.02,0.8120
706.7,10.63,6.693,1673.27,0.8109
706.7,10.71,6.686,1671.56,0.8097
706.7,10.79,6.680,1669.89,0.8086
706.7,10.87,6.673,1668.23,0.8076
706.7,10.95,6.666,1666.61,0.8066
706.7,11.03,6.660,1665.00,0.8056
706.7,11.11,6.654,1663.40,0.8047
706.7,11.19,6.647,1661.82,0.8038
706.7,11.28,6.641,1660.24,0.8030
706.7,11.36,6.635,1658.66,0.8023
706.7,11.44,6.628,1657.07,0.8017
706.7,11.52,6.622,1655.48,0.8011
706.7,11.60,6.616,1653.88,0.8006
706.7,11.68,6.609,1652.26,0.8002
706.7,11.76,6.602,1650.62,0.7999
706.7,11.84,6.596,1649.01,0.7998
706.7,11.92,6.590,1647.42,0.7998
706.7,12.00,6.583,1645.68,0.7996
712.1,0.00,8.385,2096.34,
712.1,0.08,8.344,2086.00,
712.1,0.16,8.302,2075.51,
712.1,0.24,8.260,2064.94,
712.1,0.32,8.218,2054.39,
712.1,0.40,8.176,2043.97,
712.1,0.48,8.135,2033.67,
712.1,0.56,8.094,2023.53,
712.1,0.64,8.054,2013.55,
712.1,0.72,8.015,2003.76,
712.1,0.81,7.977,1994.17,
712.1,0.89,7.939,1984.79,
712.1,0.97,7.903,1975.65,
712.1,1.05,7.867,1966.76,
712.1,1.13,7.833,1958.14,
712.1,1.21,7.799,1949.81,
712.1,1.29,7.767,1941.77,
712.1,1.37,7.736,1934.05,
712.1,1.45,7.707,1926.67,
712.1,1.53,7.679,1919.64,
712.1,1.61,7.652,1912.91,
712.1,1.69,7.626,1906.48,
712.1,1.77,7.601,1900.33,
712.1,1.85,7.578,1894.51,
712.1,1.93,7.556,1889.06,
712.1,2.01,7.536,1884.08,0.9011
712.1,2.09,7.518,1879.45,0.8991
712.1,2.17,7.500,1875.08,0.8972
712.1,2.26,7.484,1870.99,0.8955
712.1,2.34,7.469,1867.18,0.8939
712.1,2.42,7.455,1863.68,0.8924
712.1,2.50,7.442,1860.47,0.8909
712.1,2.58,7.430,1857.53,0.8896
712.1,2.66,7.419,1854.86,0.8883
712.1,2.74,7.410,1852.44,0.8871
712.1,2.82,7.401,1850.25,0.8859
712.1,2.90,7.393,1848.28,0.8849
712.1,2.98,7.386,1846.53,0.8839
712.1,3.06,7.380,1844.97,0.8830
712.1,3.14,7.374,1843.60,0.8822
712.1,3.22,7.370,1842.40,0.8814
712.1,3.30,7.365,1841.36,0.8807
712.1,3.38,7.362,1840.46,0.8801
712.1,3.46,7.359,1839.70,0.8795
712.1,3.54,7.356,1839.05,0.8791
712.1,3.62,7.354,1838.41,0.8787
712.1,3.70,7.351,1837.73,0.8784
712.1,3.79,7.348,1836.99,0.8782
712.1,3.87,7.346,1836.59,0.8780
712.1,3.95,7.346,1836.55,0.8778
712.1,4.03,7.347,1836.70,0.8775
712.1,4.11,7.347,1836.85,0.8772
712.1,4.19,7.348,1836.93,0.8771
712.1,4.27,7.348,1836.96,0.8770
712.1,4.35,7.348,1836.99,0.8770
712.1,4.43,7.348,1837.04,0.8769
712.1,4.51,7.348,1837.09,0.8769
712.1,4.59,7.349,1837.15,0.8769
712.1,4.67,7.349,1837.20,0.8769
712.1,4.75,7.349,1837.23,0.8769
712.1,4.83,7.349,1837.25,0.8768
712.1,4.91,7.349,1837.24,0.8768
712.1,4.99,7.349,1837.20,0.8768
712.1,5.07,7.349,1837.13,0.8768
712.1,5.15,7.348,1837.00,0.8767
712.1,5.23,7.347,1836.83,0.8767
712.1,5.32,7.346,1836.59,0.8766
712.1,5.40,7.345,1836.29,0.8765
712.1,5.48,7.344,1835.92,0.8763
712.1,5.56,7.342,1835.46,0.8761
712.1,5.64,7.339,1834.80,0.8760
712.1,5.72,7.336,1833.89,0.8758
712.1,5.80,7.331,1832.77,0.8756
712.1,5.88,7.327,1831.81,0.8753
712.1,5.96,7.324,1831.03,0.8749
712.1,6.04,7.321,1830.32,0.8744
712.1,6.12,7.317,1829.36,0.8738
712.1,6.20,7.312,1828.12,0.8731
712.1,6.28,7.307,1826.66,0.8724
712.1,6.36,7.300,1825.09,0.8717
712.1,6.44,7.294,1823.42,0.8709
712.1,6.52,7.287,1821.66,0.8700
712.1,6.60,7.279,1819.82,0.8691
712.1,6.68,7.272,1817.91,0.8681
712.1,6.77,7.264,1815.92,0.8671
712.1,6.85,7.255,1813.87,0.8661
712.1,6.93,7.247,1811.76,0.8650
712.1,7.01,7.238,1809.59,0.8639
712.1,7.09,7.230,1807.38,0.8628
712.1,7.17,7.221,1805.13,0.8617
712.1,7.25,7.211,1802.84,0.8605
712.1,7.33,7.202,1800.53,0.8594
712.1,7.41,7.193,1798.19,0.8582
712.1,7.49,7.183,1795.83,0.8570
712.1,7.57,7.174,1793.45,0.8559
712.1,7.65,7.164,1790.96,0.8548
712.1,7.73,7.153,1788.36,0.8537
712.1,7.81,7.143,1785.68,0.8527
712.1,7.89,7.132,1783.08,0.8516
712.1,7.97,7.123,1780.65,0.8504
712.1,8.05,7.114,1778.42,0.8492
712.1,8.13,7.105,1776.18,0.8480
712.1,8.21,7.096,1773.91,0.8470
712.1,8.30,7.087,1771.63,0.8459
712.1,8.38,7.078,1769.38,0.8449
712.1,8.46,7.069,1767.15,0.8439
712.1,8.54,7.060,1764.94,0.8429
712.1,8.62,7.051,1762.75,0.8419
712.1,8.70,7.042,1760.57,0.8409
712.1,8.78,7.034,1758.39,0.8399
712.1,8.86,7.025,1756.23,0.8389
712.1,8.94,7.016,1754.06,0.8379
712.1,9.02,7.008,1751.89,0.8369
712.1,9.10,6.999,1749.71,0.8358
712.1,9.18,6.990,1747.52,0.8348
712.1,9.26,6.981,1745.31,0.8338
712.1,9.34,6.972,1743.09,0.8327
712.1,9.42,6.963,1740.85,0.8316
712.1,9.50,6.954,1738.58,0.8305
712.1,9.58,6.945,1736.26,0.8294
712.1,9.66,6.935,1733.83,0.8283
712.1,9.74,6.925,1731.29,0.8272
712.1,9.83,6.914,1728.61,0.8261
712.1,9.91,6.903,1725.81,0.8248
712.1,9.99,6.893,1723.17,0.8234
712.1,10.07,6.883,1720.78,0.8220
712.1,10.15,6.874,1718.58,0.8206
712.1,10.23,6.866,1716.54,0.8194
712.1,10.31,6.858,1714.61,0.8181
712.1,10.39,6.851,1712.73,0.8169
712.1,10.47,6.844,1710.90,0.8157
712.1,10.55,6.836,1709.11,0.8145
712.1,10.63,6.829,1707.36,0.8133
712.1,10.71,6.823,1705.64,0.8122
712.1,10.79,6.816,1703.95,0.8111
712.1,10.87,6.809,1702.28,0.8101
712.1,10.95,6.803,1700.64,0.8090
712.1,11.03,6.796,1699.01,0.8081
712.1,11.11,6.790,1697.39,0.8072
712.1,11.19,6.783,1695.78,0.8064
712.1,11.28,6.777,1694.17,0.8056
712.1,11.36,6.770,1692.56,0.8049
712.1,11.44,6.764,1690.94,0.8043
712.1,11.52,6.757,1689.31,0.8037
712.1,11.60,6.751,1687.69,0.8033
712.1,11.68,6.744,1686.11,0.8031
712.1,11.76,6.738,1684.58,0.8030
712.1,11.84,6.732,1683.05,0.8030
712.1,11.92,6.726,1681.46,0.8029
712.1,12.00,6.718,1679.53,0.8025
717.4,0.00,8.535,2133.77,
717.4,0.08,8.495,2123.78,
717.4,0.16,8.455,2113.64,
717.4,0.24,8.414,2103.41,
717.4,0.32,8.373,2093.14,
717.4,0.40,8.332,2082.91,
717.4,0.48,8.291,2072.81,
717.4,0.56,8.252,2062.88,
717.4,0.64,8.213,2053.13,
717.4,0.72,8.174,2043.57,
717.4,0.81,8.137,2034.22,
717.4,0.89,8.100,2025.11,
717.4,0.97,8.065,2016.23,
717.4,1.05,8.030,2007.62,
717.4,1.13,7.997,1999.29,
717.4,1.21,7.965,1991.26,
717.4,1.29,7.934,1983.53,
717.4,1.37,7.904,1976.12,
717.4,1.45,7.876,1968.97,
717.4,1.53,7.848,1962.10,
717.4,1.61,7.822,1955.51,
717.4,1.69,7.797,1949.19,
717.4,1.77,7.773,1943.20,
717.4,1.85,7.750,1937.54,
717.4,1.93,7.729,1932.29,
717.4,2.01,7.710,1927.52,0.9063
717.4,2.09,7.692,1923.08,0.9043
717.4,2.17,7.676,1918.91,0.9024
717.4,2.26,7.660,1914.99,0.9007
717.4,2.34,7.645,1911.32,0.8991
717.4,2.42,7.632,1907.91,0.8976
717.4,2.50,7.619,1904.79,0.8962
717.4,2.58,7.608,1901.93,0.8948
717.4,2.66,7.597,1899.32,0.8936
717.4,2.74,7.588,1896.96,0.8924
717.4,2.82,7.579,1894.82,0.8913
717.4,2.90,7.572,1892.90,0.8903
717.4,2.98,7.565,1891.18,0.8893
717.4,3.06,7.559,1889.65,0.8884
717.4,3.14,7.553,1888.30,0.8876
717.4,3.22,7.548,1887.11,0.8869
717.4,3.30,7.544,1886.06,0.8862
717.4,3.38,7.540,1885.12,0.8856
717.4,3.46,7.537,1884.19,0.8851
717.4,3.54,7.533,1883.23,0.8847
717.4,3.62,7.529,1882.21,0.8845
717.4,3.70,7.525,1881.22,0.8843
717.4,3.79,7.523,1880.65,0.8841
717.4,3.87,7.522,1880.46,0.8838
717.4,3.95,7.522,1880.50,0.8835
717.4,4.03,7.523,1880.72,0.8831
717.4,4.11,7.524,1880.92,0.8828
717.4,4.19,7.524,1881.05,0.8826
717.4,4.27,7.524,1881.12,0.8824
717.4,4.35,7.525,1881.13,0.8823
717.4,4.43,7.525,1881.13,0.8823
717.4,4.51,7.525,1881.13,0.8822
717.4,4.59,7.524,1881.12,0.8822
717.4,4.67,7.524,1881.10,0.8821
717.4,4.75,7.524,1881.07,0.8821
717.4,4.83,7.524,1881.01,0.8820
717.4,4.91,7.524,1880.93,0.8820
717.4,4.99,7.523,1880.80,0.8819
717.4,5.07,7.523,1880.64,0.8818
717.4,5.15,7.522,1880.42,0.8818
717.4,5.23,7.521,1880.15,0.8816
717.4,5.32,7.519,1879.81,0.8815
717.4,5.40,7.517,1879.34,0.8813
717.4,5.48,7.515,1878.68,0.8812
717.4,5.56,7.511,1877.79,0.8810
717.4,5.64,7.507,1876.64,0.8809
717.4,5.72,7.501,1875.37,0.8807
717.4,5.80,7.497,1874.31,0.8804
717.4,5.88,7.494,1873.43,0.8800
717.4,5.96,7.491,1872.67,0.8795
717.4,6.04,7.488,1871.99,0.8789
717.4,6.12,7.484,1871.04,0.8782
717.4,6.20,7.479,1869.81,0.8775
717.4,6.28,7.473,1868.34,0.8767
717.4,6.36,7.467,1866.66,0.8759
717.4,6.44,7.459,1864.85,0.8750
717.4,6.52,7.452,1862.96,0.8741
717.4,6.60,7.444,1861.00,0.8731
717.4,6.68,7.436,1858.95,0.8721
717.4,6.77,7.427,1856.85,0.8710
717.4,6.85,7.419,1854.68,0.8699
717.4,6.93,7.410,1852.46,0.8688
717.4,7.01,7.401,1850.18,0.8677
717.4,7.09,7.391,1847.87,0.8665
717.4,7.17,7.382,1845.52,0.8653
717.4,7.25,7.373,1843.13,0.8641
717.4,7.33,7.363,1840.72,0.8630
717.4,7.41,7.353,1838.24,0.8618
717.4,7.49,7.343,1835.65,0.8607
717.4,7.57,7.332,1832.94,0.8596
717.4,7.65,7.320,1830.11,0.8586
717.4,7.73,7.309,1827.25,0.8576
717.4,7.81,7.298,1824.46,0.8564
717.4,7.89,7.287,1821.78,0.8552
717.4,7.97,7.277,1819.33,0.8540
717.4,8.05,7.268,1817.06,0.8527
717.4,8.13,7.259,1814.78,0.8514
717.4,8.21,7.250,1812.46,0.8503
717.4,8.30,7.240,1810.12,0.8492
717.4,8.38,7.231,1807.77,0.8481
717.4,8.46,7.222,1805.42,0.8471
717.4,8.54,7.212,1803.10,0.8460
717.4,8.62,7.203,1800.79,0.8450
717.4,8.70,7.194,1798.49,0.8440
717.4,8.78,7.185,1796.19,0.8429
717.4,8.86,7.176,1793.90,0.8419
717.4,8.94,7.166,1791.60,0.8409
717.4,9.02,7.157,1789.30,0.8398
717.4,9.10,7.148,1786.98,0.8387
717.4,9.18,7.139,1784.66,0.8377
717.4,9.26,7.129,1782.32,0.8366
717.4,9.34,7.120,1779.95,0.8355
717.4,9.42,7.110,1777.51,0.8344
717.4,9.50,7.100,1774.98,0.8333
717.4,9.58,7.089,1772.34,0.8322
717.4,9.66,7.078,1769.57,0.8311
717.4,9.74,7.067,1766.66,0.8300
717.4,9.83,7.054,1763.61,0.8287
717.4,9.91,7.042,1760.62,0.8272
717.4,9.99,7.031,1757.87,0.8257
717.4,10.07,7.021,1755.36,0.8242
717.4,10.15,7.012,1753.06,0.8228
717.4,10.23,7.004,1750.92,0.8215
717.4,10.31,6.996,1748.92,0.8202
717.4,10.39,6.988,1747.03,0.8189
717.4,10.47,6.981,1745.19,0.8177
717.4,10.55,6.974,1743.40,0.8165
717.4,10.63,6.967,1741.63,0.8153
717.4,10.71,6.960,1739.90,0.8142
717.4,10.79,6.953,1738.19,0.8131
717.4,10.87,6.946,1736.51,0.8121
717.4,10.95,6.939,1734.84,0.8111
717.4,11.03,6.933,1733.19,0.8101
717.4,11.11,6.926,1731.54,0.8092
717.4,11.19,6.920,1729.90,0.8084
717.4,11.28,6.913,1728.25,0.8077
717.4,11.36,6.906,1726.61,0.8070
717.4,11.44,6.900,1725.00,0.8065
717.4,11.52,6.894,1723.43,0.8061
717.4,11.60,6.888,1721.91,0.8059
717.4,11.68,6.882,1720.43,0.8060
717.4,11.76,6.876,1718.95,0.8059
717.4,11.84,6.870,1717.44,0.8058
717.4,11.92,6.863,1715.69,0.8054
717.4,12.00,6.854,1713.58,0.8049
722.8,0.00,8.689,2172.33,
722.8,0.08,8.651,2162.66,
722.8,0.16,8.611,2152.85,
722.8,0.24,8.572,2142.93,
722.8,0.32,8.532,2132.98,
722.8,0.40,8.492,2123.04,
722.8,0.48,8.453,2113.17,
722.8,0.56,8.414,2103.45,
722.8,0.64,8.376,2093.92,
722.8,0.72,8.338,2084.60,
722.8,0.81,8.302,2075.51,
722.8,0.89,8.267,2066.65,
722.8,0.97,8.232,2058.05,
722.8,1.05,8.199,2049.72,
722.8,1.13,8.167,2041.68,
722.8,1.21,8.136,2033.90,
722.8,1.29,8.106,2026.38,
722.8,1.37,8.076,2019.12,
722.8,1.45,8.048,2012.12,
722.8,1.53,8.021,2005.37,
722.8,1.61,7.996,1998.92,
722.8,1.69,7.971,1992.78,
722.8,1.77,7.948,1986.94,
722.8,1.85,7.926,1981.46,
722.8,1.93,7.906,1976.40,
722.8,2.01,7.887,1971.81,0.9111
722.8,2.09,7.870,1967.55,0.9091
722.8,2.17,7.854,1963.54,0.9072
722.8,2.26,7.839,1959.77,0.9055
722.8,2.34,7.825,1956.25,0.9039
722.8,2.42,7.812,1952.97,0.9024
722.8,2.50,7.800,1949.93,0.9010
722.8,2.58,7.789,1947.15,0.8997
722.8,2.66,7.778,1944.61,0.8984
722.8,2.74,7.769,1942.30,0.8973
722.8,2.82,7.761,1940.21,0.8962
722.8,2.90,7.753,1938.33,0.8952
722.8,2.98,7.747,1936.64,0.8943
722.8,3.06,7.741,1935.13,0.8934
722.8,3.14,7.735,1933.78,0.8926
722.8,3.22,7.730,1932.51,0.8919
722.8,3.30,7.725,1931.29,0.8913
722.8,3.38,7.720,1930.06,0.8909
722.8,3.46,7.715,1928.80,0.8905
722.8,3.54,7.710,1927.45,0.8902
722.8,3.62,7.705,1926.28,0.8900
722.8,3.70,7.702,1925.54,0.8897
722.8,3.79,7.701,1925.18,0.8894
722.8,3.87,7.700,1925.08,0.8891
722.8,3.95,7.701,1925.16,0.8887
722.8,4.03,7.702,1925.42,0.8882
722.8,4.11,7.703,1925.65,0.8879
722.8,4.19,7.703,1925.80,0.8876
722.8,4.27,7.704,1925.89,0.8874
722.8,4.35,7.704,1925.91,0.8872
722.8,4.43,7.704,1925.88,0.8871
722.8,4.51,7.703,1925.82,0.8870
722.8,4.59,7.703,1925.74,0.8870
722.8,4.67,7.703,1925.65,0.8869
722.8,4.75,7.702,1925.54,0.8868
722.8,4.83,7.702,1925.40,0.8867
722.8,4.91,7.701,1925.23,0.8866
722.8,4.99,7.700,1925.02,0.8865
722.8,5.07,7.699,1924.76,0.8864
722.8,5.15,7.698,1924.42,0.8863
722.8,5.23,7.696,1923.94,0.8862
722.8,5.32,7.693,1923.29,0.8860
722.8,5.40,7.690,1922.43,0.8859
722.8,5.48,7.685,1921.31,0.8857
722.8,5.56,7.680,1919.92,0.8856
722.8,5.64,7.674,1918.56,0.8854
722.8,5.72,7.670,1917.41,0.8851
722.8,5.80,7.666,1916.44,0.8848
722.8,5.88,7.662,1915.58,0.8843
722.8,5.96,7.659,1914.83,0.8837
722.8,6.04,7.657,1914.15,0.8830
722.8,6.12,7.653,1913.20,0.8822
722.8,6.20,7.648,1911.96,0.8814
722.8,6.28,7.642,1910.47,0.8805
722.8,6.36,7.635,1908.76,0.8796
722.8,6.44,7.627,1906.87,0.8787
722.8,6.52,7.619,1904.85,0.8777
722.8,6.60,7.611,1902.76,0.8766
722.8,6.68,7.602,1900.60,0.8756
722.8,6.77,7.594,1898.38,0.8745
722.8,6.85,7.584,1896.10,0.8733
722.8,6.93,7.575,1893.77,0.8722
722.8,7.01,7.566,1891.39,0.8710
722.8,7.09,7.556,1888.98,0.8698
722.8,7.17,7.546,1886.51,0.8686
722.8,7.25,7.536,1883.95,0.8674
722.8,7.33,7.525,1881.29,0.8663
722.8,7.41,7.514,1878.51,0.8652
722.8,7.49,7.502,1875.61,0.8641
722.8,7.57,7.490,1872.57,0.8632
722.8,7.65,7.478,1869.57,0.8621
722.8,7.73,7.466,1866.62,0.8610
722.8,7.81,7.455,1863.74,0.8598
722.8,7.89,7.444,1861.03,0.8585
722.8,7.97,7.434,1858.54,0.8571
722.8,8.05,7.425,1856.22,0.8558
722.8,8.13,7.416,1853.88,0.8545
722.8,8.21,7.406,1851.51,0.8533
722.8,8.30,7.396,1849.10,0.8521
722.8,8.38,7.387,1846.67,0.8510
722.8,8.46,7.377,1844.23,0.8499
722.8,8.54,7.367,1841.79,0.8488
722.8,8.62,7.357,1839.36,0.8478
722.8,8.70,7.348,1836.94,0.8467
722.8,8.78,7.338,1834.52,0.8456
722.8,8.86,7.328,1832.10,0.8445
722.8,8.94,7.319,1829.68,0.8435
722.8,9.02,7.309,1827.24,0.8424
722.8,9.10,7.299,1824.80,0.8412
722.8,9.18,7.289,1822.31,0.8401
722.8,9.26,7.279,1819.77,0.8390
722.8,9.34,7.269,1817.14,0.8380
722.8,9.42,7.258,1814.41,0.8369
722.8,9.50,7.246,1811.56,0.8358
722.8,9.58,7.234,1808.57,0.8348
722.8,9.66,7.222,1805.43,0.8336
722.8,9.74,7.209,1802.17,0.8323
722.8,9.83,7.195,1798.87,0.8308
722.8,9.91,7.183,1795.77,0.8293
722.8,9.99,7.172,1792.92,0.8277
722.8,10.07,7.161,1790.31,0.8261
722.8,10.15,7.152,1787.91,0.8246
722.8,10.23,7.143,1785.68,0.8232
722.8,10.31,7.134,1783.60,0.8218
722.8,10.39,7.127,1781.64,0.8205
722.8,10.47,7.119,1779.77,0.8193
722.8,10.55,7.112,1777.96,0.8181
722.8,10.63,7.105,1776.18,0.8169
722.8,10.71,7.098,1774.43,0.8158
722.8,10.79,7.091,1772.70,0.8147
722.8,10.87,7.084,1770.99,0.8137
722.8,10.95,7.077,1769.29,0.8127
722.8,11.03,7.070,1767.60,0.8117
722.8,11.11,7.064,1765.92,0.8109
722.8,11.19,7.057,1764.27,0.8101
722.8,11.28,7.051,1762.64,0.8095
722.8,11.36,7.044,1761.06,0.8090
722.8,11.44,7.038,1759.52,0.8087
722.8,11.52,7.032,1758.03,0.8086
722.8,11.60,7.026,1756.59,0.8086
722.8,11.68,7.021,1755.14,0.8085
722.8,11.76,7.015,1753.66,0.8083
722.8,11.84,7.008,1752.06,0.8080
722.8,11.92,7.001,1750.14,0.8075
722.8,12.00,6.991,1747.84,0.8069
728.2,0.00,8.848,2211.94,
728.2,0.08,8.810,2202.59,
728.2,0.16,8.772,2193.08,
728.2,0.24,8.734,2183.47,
728.2,0.32,8.695,2173.81,
728.2,0.40,8.657,2164.16,
728.2,0.48,8.618,2154.57,
728.2,0.56,8.580,2145.09,
728.2,0.64,8.543,2135.79,
728.2,0.72,8.507,2126.71,
728.2,0.81,8.471,2117.87,
728.2,0.89,8.437,2109.27,
728.2,0.97,8.404,2100.93,
728.2,1.05,8.371,2092.83,
728.2,1.13,8.340,2084.98,
728.2,1.21,8.309,2077.37,
728.2,1.29,8.280,2070.01,
728.2,1.37,8.252,2062.90,
728.2,1.45,8.224,2056.03,
728.2,1.53,8.198,2049.46,
728.2,1.61,8.173,2043.19,
728.2,1.69,8.149,2037.21,
728.2,1.77,8.126,2031.52,
728.2,1.85,8.105,2026.22,
728.2,1.93,8.085,2021.33,
728.2,2.01,8.068,2016.90,0.9154
728.2,2.09,8.051,2012.79,0.9135
728.2,2.17,8.036,2008.93,0.9116
728.2,2.26,8.021,2005.29,0.9099
728.2,2.34,8.008,2001.90,0.9083
728.2,2.42,7.995,1998.73,0.9068
728.2,2.50,7.983,1995.79,0.9054
728.2,2.58,7.972,1993.09,0.9042
728.2,2.66,7.962,1990.61,0.9029
728.2,2.74,7.953,1988.35,0.9018
728.2,2.82,7.945,1986.31,0.9008
728.2,2.90,7.938,1984.46,0.8998
728.2,2.98,7.931,1982.77,0.8989
728.2,3.06,7.925,1981.18,0.8981
728.2,3.14,7.919,1979.66,0.8974
728.2,3.22,7.913,1978.17,0.8968
728.2,3.30,7.907,1976.66,0.8963
728.2,3.38,7.900,1975.09,0.8959
728.2,3.46,7.894,1973.45,0.8957
728.2,3.54,7.889,1972.14,0.8954
728.2,3.62,7.885,1971.23,0.8951
728.2,3.70,7.883,1970.69,0.8947
728.2,3.79,7.882,1970.44,0.8944
728.2,3.87,7.881,1970.36,0.8939
728.2,3.95,7.882,1970.46,0.8935
728.2,4.03,7.883,1970.72,0.8930
728.2,4.11,7.884,1970.96,0.8925
728.2,4.19,7.884,1971.11,0.8922
728.2,4.27,7.885,1971.18,0.8919
728.2,4.35,7.885,1971.19,0.8917
728.2,4.43,7.885,1971.13,0.8916
728.2,4.51,7.884,1971.03,0.8914
728.2,4.59,7.884,1970.88,0.8913
728.2,4.67,7.883,1970.71,0.8912
728.2,4.75,7.882,1970.52,0.8911
728.2,4.83,7.881,1970.29,0.8910
728.2,4.91,7.880,1970.03,0.8909
728.2,4.99,7.879,1969.67,0.8907
728.2,5.07,7.877,1969.20,0.8906
728.2,5.15,7.874,1968.56,0.8905
728.2,5.23,7.871,1967.73,0.8903
728.2,5.32,7.867,1966.66,0.8902
728.2,5.40,7.861,1965.33,0.8901
728.2,5.48,7.855,1963.75,0.8899
728.2,5.56,7.849,1962.33,0.8897
728.2,5.64,7.844,1961.09,0.8894
728.2,5.72,7.840,1960.02,0.8891
728.2,5.80,7.836,1959.07,0.8886
728.2,5.88,7.833,1958.21,0.8881
728.2,5.96,7.830,1957.45,0.8874
728.2,6.04,7.827,1956.76,0.8866
728.2,6.12,7.823,1955.79,0.8857
728.2,6.20,7.818,1954.52,0.8849
728.2,6.28,7.812,1952.99,0.8839
728.2,6.36,7.805,1951.23,0.8829
728.2,6.44,7.797,1949.29,0.8819
728.2,6.52,7.789,1947.20,0.8809
728.2,6.60,7.780,1944.99,0.8798
728.2,6.68,7.771,1942.72,0.8787
728.2,6.77,7.762,1940.39,0.8775
728.2,6.85,7.752,1938.00,0.8763
728.2,6.93,7.742,1935.56,0.8751
728.2,7.01,7.732,1933.05,0.8739
728.2,7.09,7.722,1930.45,0.8727
728.2,7.17,7.711,1927.75,0.8716
728.2,7.25,7.700,1924.94,0.8705
728.2,7.33,7.688,1921.99,0.8694
728.2,7.41,7.676,1918.91,0.8684
728.2,7.49,7.663,1915.72,0.8674
728.2,7.57,7.650,1912.59,0.8664
728.2,7.65,7.638,1909.51,0.8652
728.2,7.73,7.626,1906.47,0.8640
728.2,7.81,7.614,1903.54,0.8627
728.2,7.89,7.603,1900.79,0.8614
728.2,7.97,7.593,1898.25,0.8599
728.2,8.05,7.583,1895.87,0.8585
728.2,8.13,7.574,1893.47,0.8572
728.2,8.21,7.564,1891.02,0.8559
728.2,8.30,7.554,1888.54,0.8547
728.2,8.38,7.544,1886.03,0.8535
728.2,8.46,7.534,1883.50,0.8524
728.2,8.54,7.524,1880.96,0.8513
728.2,8.62,7.514,1878.41,0.8502
728.2,8.70,7.503,1875.87,0.8491
728.2,8.78,7.493,1873.32,0.8479
728.2,8.86,7.483,1870.78,0.8468
728.2,8.94,7.473,1868.22,0.8457
728.2,9.02,7.462,1865.62,0.8446
728.2,9.10,7.452,1862.97,0.8435
728.2,9.18,7.441,1860.25,0.8424
728.2,9.26,7.430,1857.44,0.8413
728.2,9.34,7.418,1854.51,0.8403
728.2,9.42,7.406,1851.46,0.8393
728.2,9.50,7.393,1848.26,0.8382
728.2,9.58,7.380,1844.91,0.8370
728.2,9.66,7.366,1841.45,0.8356
728.2,9.74,7.352,1837.90,0.8341
728.2,9.83,7.338,1834.49,0.8325
728.2,9.91,7.325,1831.29,0.8309
728.2,9.99,7.313,1828.34,0.8293
728.2,10.07,7.303,1825.65,0.8276
728.2,10.15,7.293,1823.16,0.8261
728.2,10.23,7.283,1820.84,0.8246
728.2,10.31,7.275,1818.69,0.8232
728.2,10.39,7.267,1816.66,0.8219
728.2,10.47,7.259,1814.73,0.8206
728.2,10.55,7.252,1812.88,0.8194
728.2,10.63,7.244,1811.08,0.8182
728.2,10.71,7.237,1809.30,0.8171
728.2,10.79,7.230,1807.54,0.8160
728.2,10.87,7.223,1805.80,0.8149
728.2,10.95,7.216,1804.07,0.8140
728.2,11.03,7.210,1802.38,0.8131
728.2,11.11,7.203,1800.71,0.8123
728.2,11.19,7.196,1799.09,0.8117
728.2,11.28,7.190,1797.52,0.8113
728.2,11.36,7.184,1796.00,0.8110
728.2,11.44,7.178,1794.53,0.8110
728.2,11.52,7.172,1793.10,0.8110
728.2,11.60,7.167,1791.66,0.8108
728.2,11.68,7.161,1790.20,0.8106
728.2,11.76,7.155,1788.68,0.8103
728.2,11.84,7.148,1786.91,0.8098
728.2,11.92,7.139,1784.81,0.8092
728.2,12.00,7.129,1782.35,0.8084
733.6,0.00,9.010,2252.57,
733.6,0.08,8.974,2243.51,
733.6,0.16,8.937,2234.28,
733.6,0.24,8.900,2224.95,
733.6,0.32,8.862,2215.56,
733.6,0.40,8.825,2206.18,
733.6,0.48,8.787,2196.86,
733.6,0.56,8.751,2187.64,
733.6,0.64,8.714,2178.59,
733.6,0.72,8.679,2169.76,
733.6,0.81,8.645,2161.15,
733.6,0.89,8.611,2152.78,
733.6,0.97,8.579,2144.64,
733.6,1.05,8.547,2136.73,
733.6,1.13,8.516,2129.06,
733.6,1.21,8.486,2121.62,
733.6,1.29,8.458,2114.41,
733.6,1.37,8.430,2107.45,
733.6,1.45,8.403,2100.77,
733.6,1.53,8.378,2094.39,
733.6,1.61,8.353,2088.28,
733.6,1.69,8.330,2082.43,
733.6,1.77,8.308,2076.91,
733.6,1.85,8.287,2071.76,
733.6,1.93,8.268,2067.02,
733.6,2.01,8.251,2062.73,0.9195
733.6,2.09,8.235,2058.75,0.9175
733.6,2.17,8.220,2055.01,0.9157
733.6,2.26,8.206,2051.49,0.9140
733.6,2.34,8.193,2048.19,0.9124
733.6,2.42,8.180,2045.12,0.9109
733.6,2.50,8.169,2042.27,0.9096
733.6,2.58,8.159,2039.63,0.9083
733.6,2.66,8.149,2037.22,0.9071
733.6,2.74,8.140,2035.01,0.9060
733.6,2.82,8.132,2032.97,0.9050
733.6,2.90,8.124,2031.07,0.9041
733.6,2.98,8.117,2029.25,0.9033
733.6,3.06,8.110,2027.49,0.9025
733.6,3.14,8.103,2025.73,0.9019
733.6,3.22,8.096,2023.94,0.9014
733.6,3.30,8.088,2022.07,0.9010
733.6,3.38,8.081,2020.22,0.9008
733.6,3.46,8.075,2018.76,0.9004
733.6,3.54,8.071,2017.70,0.9001
733.6,3.62,8.068,2016.98,0.8997
733.6,3.70,8.066,2016.55,0.8993
733.6,3.79,8.065,2016.31,0.8989
733.6,3.87,8.065,2016.23,0.8984
733.6,3.95,8.065,2016.32,0.8978
733.6,4.03,8.066,2016.57,0.8973
733.6,4.11,8.067,2016.78,0.8968
733.6,4.19,8.068,2016.90,0.8964
733.6,4.27,8.068,2016.94,0.8961
733.6,4.35,8.068,2016.90,0.8958
733.6,4.43,8.067,2016.79,0.8956
733.6,4.51,8.066,2016.62,0.8954
733.6,4.59,8.066,2016.41,0.8953
733.6,4.67,8.065,2016.16,0.8952
733.6,4.75,8.063,2015.87,0.8950
733.6,4.83,8.062,2015.50,0.8949
733.6,4.91,8.060,2015.04,0.8947
733.6,4.99,8.058,2014.42,0.8946
733.6,5.07,8.055,2013.63,0.8944
733.6,5.15,8.050,2012.62,0.8943
733.6,5.23,8.045,2011.36,0.8942
733.6,5.32,8.039,2009.81,0.8940
733.6,5.40,8.032,2008.12,0.8939
733.6,5.48,8.027,2006.63,0.8937
733.6,5.56,8.021,2005.32,0.8934
733.6,5.64,8.017,2004.15,0.8930
733.6,5.72,8.012,2003.11,0.8926
733.6,5.80,8.009,2002.15,0.8920
733.6,5.88,8.005,2001.27,0.8914
733.6,5.96,8.002,2000.50,0.8906
733.6,6.04,7.999,1999.77,0.8898
733.6,6.12,7.995,1998.76,0.8889
733.6,6.20,7.990,1997.44,0.8879
733.6,6.28,7.983,1995.86,0.8869
733.6,6.36,7.976,1994.04,0.8859
733.6,6.44,7.968,1992.03,0.8848
733.6,6.52,7.959,1989.85,0.8837
733.6,6.60,7.950,1987.56,0.8826
733.6,6.68,7.941,1985.18,0.8814
733.6,6.77,7.931,1982.73,0.8802
733.6,6.85,7.921,1980.21,0.8790
733.6,6.93,7.910,1977.61,0.8778
733.6,7.01,7.900,1974.90,0.8766
733.6,7.09,7.888,1972.08,0.8755
733.6,7.17,7.877,1969.13,0.8744
733.6,7.25,7.864,1966.04,0.8734
733.6,7.33,7.851,1962.80,0.8724
733.6,7.41,7.838,1959.50,0.8714
733.6,7.49,7.825,1956.26,0.8704
733.6,7.57,7.812,1953.07,0.8692
733.6,7.65,7.800,1949.91,0.8680
733.6,7.73,7.787,1946.80,0.8666
733.6,7.81,7.775,1943.83,0.8653
733.6,7.89,7.764,1941.03,0.8639
733.6,7.97,7.754,1938.42,0.8624
733.6,8.05,7.744,1935.98,0.8609
733.6,8.13,7.734,1933.49,0.8595
733.6,8.21,7.724,1930.96,0.8582
733.6,8.30,7.714,1928.40,0.8570
733.6,8.38,7.703,1925.79,0.8557
733.6,8.46,7.693,1923.17,0.8546
733.6,8.54,7.682,1920.52,0.8534
733.6,8.62,7.671,1917.86,0.8523
733.6,8.70,7.661,1915.20,0.8511
733.6,8.78,7.650,1912.52,0.8500
733.6,8.86,7.639,1909.82,0.8489
733.6,8.94,7.628,1907.08,0.8477
733.6,9.02,7.617,1904.27,0.8466
733.6,9.10,7.606,1901.38,0.8455
733.6,9.18,7.594,1898.39,0.8445
733.6,9.26,7.581,1895.28,0.8434
733.6,9.34,7.568,1892.03,0.8424
733.6,9.42,7.554,1888.62,0.8413
733.6,9.50,7.540,1885.08,0.8401
733.6,9.58,7.526,1881.43,0.8387
733.6,9.66,7.511,1877.69,0.8371
733.6,9.74,7.496,1874.00,0.8355
733.6,9.83,7.482,1870.50,0.8339
733.6,9.91,7.469,1867.21,0.8323
733.6,9.99,7.457,1864.17,0.8306
733.6,10.07,7.446,1861.39,0.8289
733.6,10.15,7.435,1858.82,0.8273
733.6,10.23,7.426,1856.43,0.8257
733.6,10.31,7.417,1854.21,0.8243
733.6,10.39,7.408,1852.12,0.8229
733.6,10.47,7.401,1850.13,0.8216
733.6,10.55,7.393,1848.23,0.8204
733.6,10.63,7.386,1846.39,0.8192
733.6,10.71,7.378,1844.58,0.8181
733.6,10.79,7.371,1842.79,0.8170
733.6,10.87,7.364,1841.04,0.8160
733.6,10.95,7.357,1839.31,0.8152
733.6,11.03,7.351,1837.63,0.8144
733.6,11.11,7.344,1836.00,0.8138
733.6,11.19,7.338,1834.42,0.8134
733.6,11.28,7.332,1832.89,0.8132
733.6,11.36,7.326,1831.43,0.8131
733.6,11.44,7.320,1829.99,0.8131
733.6,11.52,7.314,1828.55,0.8129
733.6,11.60,7.308,1827.09,0.8126
733.6,11.68,7.302,1825.60,0.8123
733.6,11.76,7.296,1823.94,0.8118
733.6,11.84,7.288,1822.00,0.8112
733.6,11.92,7.279,1819.74,0.8105
733.6,12.00,7.268,1817.11,0.8096
738.9,0.00,9.177,2294.16,
738.9,0.08,9.141,2285.36,
738.9,0.16,9.106,2276.39,
738.9,0.24,9.069,2267.32,
738.9,0.32,9.033,2258.19,
738.9,0.40,8.996,2249.06,
738.9,0.48,8.960,2239.98,
738.9,0.56,8.924,2231.01,
738.9,0.64,8.889,2222.19,
738.9,0.72,8.854,2213.59,
738.9,0.81,8.821,2205.21,
738.9,0.89,8.788,2197.05,
738.9,0.97,8.756,2189.10,
738.9,1.05,8.726,2181.38,
738.9,1.13,8.696,2173.88,
738.9,1.21,8.666,2166.59,
738.9,1.29,8.638,2159.56,
738.9,1.37,8.611,2152.81,
738.9,1.45,8.585,2146.33,
738.9,1.53,8.560,2140.11,
738.9,1.61,8.537,2134.13,
738.9,1.69,8.514,2128.42,
738.9,1.77,8.492,2123.04,
738.9,1.85,8.472,2118.02,
738.9,1.93,8.454,2113.41,
738.9,2.01,8.437,2109.24,0.9231
738.9,2.09,8.421,2105.37,0.9212
738.9,2.17,8.407,2101.73,0.9194
738.9,2.26,8.393,2098.30,0.9177
738.9,2.34,8.380,2095.08,0.9161
738.9,2.42,8.368,2092.08,0.9147
738.9,2.50,8.357,2089.29,0.9134
738.9,2.58,8.347,2086.71,0.9121
738.9,2.66,8.337,2084.33,0.9110
738.9,2.74,8.328,2082.11,0.9100
738.9,2.82,8.320,2080.00,0.9090
738.9,2.90,8.312,2077.97,0.9081
738.9,2.98,8.304,2075.97,0.9074
738.9,3.06,8.296,2073.95,0.9068
738.9,3.14,8.288,2071.89,0.9063
738.9,3.22,8.279,2069.73,0.9059
738.9,3.30,8.271,2067.73,0.9056
738.9,3.38,8.265,2066.13,0.9052
738.9,3.46,8.260,2064.91,0.9048
738.9,3.54,8.256,2064.02,0.9043
738.9,3.62,8.254,2063.41,0.9039
738.9,3.70,8.252,2062.99,0.9034
738.9,3.79,8.251,2062.73,0.9029
738.9,3.87,8.250,2062.62,0.9024
738.9,3.95,8.251,2062.67,0.9018
738.9,4.03,8.252,2062.88,0.9012
738.9,4.11,8.252,2063.05,0.9007
738.9,4.19,8.252,2063.11,0.9002
738.9,4.27,8.252,2063.08,0.8998
738.9,4.35,8.252,2062.96,0.8995
738.9,4.43,8.251,2062.77,0.8993
738.9,4.51,8.250,2062.52,0.8991
738.9,4.59,8.249,2062.21,0.8989
738.9,4.67,8.247,2061.85,0.8987
738.9,4.75,8.246,2061.40,0.8986
738.9,4.83,8.243,2060.82,0.8984
738.9,4.91,8.240,2060.07,0.8982
738.9,4.99,8.237,2059.13,0.8981
738.9,5.07,8.232,2057.95,0.8979
738.9,5.15,8.226,2056.49,0.8978
738.9,5.23,8.219,2054.74,0.8977
738.9,5.32,8.212,2053.00,0.8975
738.9,5.40,8.206,2051.45,0.8973
738.9,5.48,8.200,2050.07,0.8970
738.9,5.56,8.195,2048.82,0.8966
738.9,5.64,8.191,2047.69,0.8961
738.9,5.72,8.187,2046.63,0.8956
738.9,5.80,8.183,2045.64,0.8950
738.9,5.88,8.179,2044.73,0.8943
738.9,5.96,8.176,2043.91,0.8935
738.9,6.04,8.173,2043.13,0.8926
738.9,6.12,8.168,2042.07,0.8916
738.9,6.20,8.163,2040.69,0.8906
738.9,6.28,8.156,2039.03,0.8895
738.9,6.36,8.149,2037.13,0.8885
738.9,6.44,8.140,2035.03,0.8873
738.9,6.52,8.131,2032.76,0.8862
738.9,6.60,8.121,2030.36,0.8850
738.9,6.68,8.111,2027.86,0.8838
738.9,6.77,8.101,2025.28,0.8826
738.9,6.85,8.090,2022.60,0.8814
738.9,6.93,8.079,2019.81,0.8802
738.9,7.01,8.068,2016.88,0.8791
738.9,7.09,8.055,2013.82,0.8780
738.9,7.17,8.042,2010.60,0.8770
738.9,7.25,8.029,2007.23,0.8761
738.9,7.33,8.015,2003.87,0.8751
738.9,7.41,8.002,2000.55,0.8741
738.9,7.49,7.989,1997.27,0.8729
738.9,7.57,7.976,1994.01,0.8716
738.9,7.65,7.963,1990.76,0.8703
738.9,7.73,7.950,1987.61,0.8690
738.9,7.81,7.938,1984.58,0.8675
738.9,7.89,7.927,1981.72,0.8661
738.9,7.97,7.916,1979.04,0.8646
738.9,8.05,7.906,1976.51,0.8631
738.9,8.13,7.896,1973.94,0.8616
738.9,8.21,7.885,1971.32,0.8603
738.9,8.30,7.875,1968.65,0.8590
738.9,8.38,7.864,1965.94,0.8577
738.9,8.46,7.853,1963.21,0.8565
738.9,8.54,7.842,1960.44,0.8553
738.9,8.62,7.831,1957.66,0.8541
738.9,8.70,7.819,1954.87,0.8530
738.9,8.78,7.808,1952.03,0.8518
738.9,8.86,7.797,1949.14,0.8507
738.9,8.94,7.785,1946.18,0.8496
738.9,9.02,7.773,1943.13,0.8485
738.9,9.10,7.760,1939.97,0.8474
738.9,9.18,7.747,1936.68,0.8464
738.9,9.26,7.733,1933.24,0.8454
738.9,9.34,7.719,1929.65,0.8442
738.9,9.42,7.704,1925.92,0.8429
738.9,9.50,7.688,1922.09,0.8415
738.9,9.58,7.673,1918.18,0.8399
738.9,9.66,7.657,1914.26,0.8383
738.9,9.74,7.642,1910.49,0.8367
738.9,9.83,7.628,1906.91,0.8350
738.9,9.91,7.614,1903.54,0.8333
738.9,9.99,7.602,1900.42,0.8315
738.9,10.07,7.590,1897.56,0.8298
738.9,10.15,7.580,1894.92,0.8282
738.9,10.23,7.570,1892.47,0.8266
738.9,10.31,7.561,1890.18,0.8252
738.9,10.39,7.552,1888.04,0.8238
738.9,10.47,7.544,1886.01,0.8225
738.9,10.55,7.536,1884.07,0.8212
738.9,10.63,7.529,1882.19,0.8201
738.9,10.71,7.521,1880.35,0.8190
738.9,10.79,7.514,1878.54,0.8180
738.9,10.87,7.507,1876.77,0.8171
738.9,10.95,7.500,1875.06,0.8163
738.9,11.03,7.494,1873.39,0.8157
738.9,11.11,7.487,1871.79,0.8153
738.9,11.19,7.481,1870.25,0.8151
738.9,11.28,7.475,1868.77,0.8151
738.9,11.36,7.469,1867.31,0.8149
738.9,11.44,7.463,1865.84,0.8147
738.9,11.52,7.457,1864.37,0.8144
738.9,11.60,7.451,1862.87,0.8140
738.9,11.68,7.445,1861.28,0.8135
738.9,11.76,7.438,1859.46,0.8130
738.9,11.84,7.429,1857.36,0.8123
738.9,11.92,7.420,1854.94,0.8114
738.9,12.00,7.409,1852.15,0.8104
744.3,0.00,9.347,2336.64,
744.3,0.08,9.312,2328.09,
744.3,0.16,9.277,2319.37,
744.3,0.24,9.242,2310.53,
744.3,0.32,9.207,2301.64,
744.3,0.40,9.171,2292.74,
744.3,0.48,9.136,2283.88,
744.3,0.56,9.101,2275.13,
744.3,0.64,9.066,2266.55,
744.3,0.72,9.033,2258.17,
744.3,0.81,9.000,2250.01,
744.3,0.89,8.968,2242.05,
744.3,0.97,8.937,2234.29,
744.3,1.05,8.907,2226.74,
744.3,1.13,8.878,2219.40,
744.3,1.21,8.849,2212.32,
744.3,1.29,8.822,2205.51,
744.3,1.37,8.796,2198.96,
744.3,1.45,8.771,2192.65,
744.3,1.53,8.746,2186.57,
744.3,1.61,8.723,2180.70,
744.3,1.69,8.700,2175.12,
744.3,1.77,8.679,2169.86,
744.3,1.85,8.660,2164.95,
744.3,1.93,8.642,2160.44,
744.3,2.01,8.625,2156.37,0.9265
744.3,2.09,8.610,2152.59,0.9245
744.3,2.17,8.596,2149.03,0.9228
744.3,2.26,8.583,2145.67,0.9211
744.3,2.34,8.570,2142.51,0.9196
744.3,2.42,8.558,2139.56,0.9182
744.3,2.50,8.547,2136.81,0.9169
744.3,2.58,8.537,2134.26,0.9157
744.3,2.66,8.527,2131.86,0.9146
744.3,2.74,8.518,2129.55,0.9136
744.3,2.82,8.509,2127.31,0.9128
744.3,2.90,8.500,2125.07,0.9120
744.3,2.98,8.491,2122.81,0.9113
744.3,3.06,8.482,2120.47,0.9108
744.3,3.14,8.472,2118.06,0.9104
744.3,3.22,8.464,2115.95,0.9100
744.3,3.30,8.457,2114.22,0.9096
744.3,3.38,8.451,2112.85,0.9092
744.3,3.46,8.447,2111.78,0.9087
744.3,3.54,8.444,2110.98,0.9082
744.3,3.62,8.442,2110.39,0.9077
744.3,3.70,8.440,2109.93,0.9071
744.3,3.79,8.438,2109.62,0.9066
744.3,3.87,8.438,2109.46,0.9060
744.3,3.95,8.438,2109.45,0.9054
744.3,4.03,8.438,2109.59,0.9047
744.3,4.11,8.439,2109.68,0.9041
744.3,4.19,8.439,2109.65,0.9037
744.3,4.27,8.438,2109.53,0.9033
744.3,4.35,8.437,2109.31,0.9029
744.3,4.43,8.436,2109.02,0.9026
744.3,4.51,8.435,2108.65,0.9024
744.3,4.59,8.433,2108.22,0.9022
744.3,4.67,8.431,2107.68,0.9020
744.3,4.75,8.428,2106.99,0.9018
744.3,4.83,8.424,2106.12,0.9016
744.3,4.91,8.420,2105.03,0.9014
744.3,4.99,8.415,2103.68,0.9013
744.3,5.07,8.408,2102.04,0.9011
744.3,5.15,8.401,2100.14,0.9010
744.3,5.23,8.393,2098.37,0.9008
744.3,5.32,8.387,2096.77,0.9005
744.3,5.40,8.381,2095.32,0.9002
744.3,5.48,8.376,2094.00,0.8998
744.3,5.56,8.371,2092.78,0.8993
744.3,5.64,8.366,2091.62,0.8988
744.3,5.72,8.362,2090.52,0.8982
744.3,5.80,8.358,2089.48,0.8976
744.3,5.88,8.354,2088.52,0.8968
744.3,5.96,8.351,2087.64,0.8960
744.3,6.04,8.347,2086.80,0.8950
744.3,6.12,8.343,2085.67,0.8940
744.3,6.20,8.337,2084.20,0.8929
744.3,6.28,8.330,2082.46,0.8918
744.3,6.36,8.322,2080.46,0.8907
744.3,6.44,8.313,2078.25,0.8896
744.3,6.52,8.303,2075.87,0.8884
744.3,6.60,8.293,2073.35,0.8872
744.3,6.68,8.283,2070.72,0.8859
744.3,6.77,8.272,2067.99,0.8848
744.3,6.85,8.260,2065.12,0.8836
744.3,6.93,8.248,2062.12,0.8825
744.3,7.01,8.236,2058.96,0.8815
744.3,7.09,8.223,2055.64,0.8805
744.3,7.17,8.209,2052.19,0.8796
744.3,7.25,8.195,2048.77,0.8786
744.3,7.33,8.182,2045.40,0.8775
744.3,7.41,8.168,2042.05,0.8763
744.3,7.49,8.155,2038.71,0.8750
744.3,7.57,8.141,2035.37,0.8737
744.3,7.65,8.128,2032.07,0.8723
744.3,7.73,8.115,2028.86,0.8709
744.3,7.81,8.103,2025.77,0.8695
744.3,7.89,8.091,2022.82,0.8680
744.3,7.97,8.080,2020.06,0.8665
744.3,8.05,8.070,2017.44,0.8649
744.3,8.13,8.059,2014.77,0.8634
744.3,8.21,8.048,2012.04,0.8620
744.3,8.30,8.037,2009.27,0.8607
744.3,8.38,8.026,2006.44,0.8594
744.3,8.46,8.014,2003.59,0.8582
744.3,8.54,8.003,2000.70,0.8570
744.3,8.62,7.991,1997.78,0.8558
744.3,8.70,7.979,1994.82,0.8546
744.3,8.78,7.967,1991.80,0.8534
744.3,8.86,7.955,1988.69,0.8523
744.3,8.94,7.942,1985.48,0.8512
744.3,9.02,7.929,1982.16,0.8501
744.3,9.10,7.915,1978.70,0.8491
744.3,9.18,7.900,1975.08,0.8481
744.3,9.26,7.885,1971.31,0.8469
744.3,9.34,7.870,1967.41,0.8455
744.3,9.42,7.854,1963.42,0.8441
744.3,9.50,7.837,1959.36,0.8425
744.3,9.58,7.821,1955.26,0.8409
744.3,9.66,7.805,1951.25,0.8392
744.3,9.74,7.790,1947.40,0.8375
744.3,9.83,7.775,1943.75,0.8358
744.3,9.91,7.761,1940.31,0.8340
744.3,9.99,7.748,1937.12,0.8323
744.3,10.07,7.737,1934.19,0.8305
744.3,10.15,7.726,1931.48,0.8289
744.3,10.23,7.716,1928.97,0.8273
744.3,10.31,7.707,1926.64,0.8258
744.3,10.39,7.698,1924.45,0.8245
744.3,10.47,7.690,1922.38,0.8232
744.3,10.55,7.682,1920.40,0.8219
744.3,10.63,7.674,1918.49,0.8208
744.3,10.71,7.666,1916.62,0.8197
744.3,10.79,7.659,1914.79,0.8188
744.3,10.87,7.652,1913.02,0.8181
744.3,10.95,7.645,1911.31,0.8175
744.3,11.03,7.639,1909.67,0.8171
744.3,11.11,7.632,1908.10,0.8169
744.3,11.19,7.626,1906.58,0.8168
744.3,11.28,7.620,1905.07,0.8166
744.3,11.36,7.614,1903.57,0.8163
744.3,11.44,7.608,1902.07,0.8159
744.3,11.52,7.602,1900.54,0.8155
744.3,11.60,7.596,1898.97,0.8150
744.3,11.68,7.589,1897.23,0.8145
744.3,11.76,7.581,1895.25,0.8138
744.3,11.84,7.572,1893.00,0.8130
744.3,11.92,7.562,1890.43,0.8121
744.3,12.00,7.550,1887.50,0.8110
749.7,0.00,9.520,2379.97,
749.7,0.08,9.487,2371.65,
749.7,0.16,9.453,2363.15,
749.7,0.24,9.418,2354.53,
749.7,0.32,9.383,2345.85,
749.7,0.40,9.349,2337.16,
749.7,0.48,9.314,2328.50,
749.7,0.56,9.280,2319.97,
749.7,0.64,9.246,2311.62,
749.7,0.72,9.214,2303.47,
749.7,0.81,9.182,2295.51,
749.7,0.89,9.151,2287.74,
749.7,0.97,9.121,2280.17,
749.7,1.05,9.091,2272.80,
749.7,1.13,9.063,2265.69,
749.7,1.21,9.035,2258.84,
749.7,1.29,9.009,2252.23,
749.7,1.37,8.983,2245.85,
749.7,1.45,8.959,2239.67,
749.7,1.53,8.935,2233.69,
749.7,1.61,8.912,2227.94,
749.7,1.69,8.890,2222.47,
749.7,1.77,8.869,2217.30,
749.7,1.85,8.850,2212.49,
749.7,1.93,8.832,2208.07,
749.7,2.01,8.816,2204.07,0.9295
749.7,2.09,8.801,2200.36,0.9276
749.7,2.17,8.787,2196.85,0.9259
749.7,2.26,8.774,2193.53,0.9243
749.7,2.34,8.762,2190.42,0.9228
749.7,2.42,8.750,2187.50,0.9214
749.7,2.50,8.739,2184.77,0.9202
749.7,2.58,8.729,2182.19,0.9191
749.7,2.66,8.719,2179.70,0.9180
749.7,2.74,8.709,2177.24,0.9171
749.7,2.82,8.699,2174.78,0.9163
749.7,2.90,8.689,2172.27,0.9156
749.7,2.98,8.679,2169.67,0.9151
749.7,3.06,8.668,2167.08,0.9147
749.7,3.14,8.659,2164.86,0.9142
749.7,3.22,8.652,2163.01,0.9137
749.7,3.30,8.646,2161.48,0.9132
749.7,3.38,8.641,2160.25,0.9127
749.7,3.46,8.637,2159.26,0.9122
749.7,3.54,8.634,2158.47,0.9116
749.7,3.62,8.631,2157.82,0.9110
749.7,3.70,8.629,2157.30,0.9105
749.7,3.79,8.628,2156.92,0.9099
749.7,3.87,8.627,2156.67,0.9093
749.7,3.95,8.626,2156.58,0.9086
749.7,4.03,8.626,2156.62,0.9079
749.7,4.11,8.626,2156.60,0.9073
749.7,4.19,8.626,2156.46,0.9067
749.7,4.27,8.625,2156.22,0.9063
749.7,4.35,8.624,2155.88,0.9059
749.7,4.43,8.622,2155.45,0.9056
749.7,4.51,8.620,2154.94,0.9054
749.7,4.59,8.617,2154.32,0.9051
749.7,4.67,8.614,2153.53,0.9049
749.7,4.75,8.610,2152.54,0.9047
749.7,4.83,8.605,2151.30,0.9045
749.7,4.91,8.599,2149.79,0.9043
749.7,4.99,8.592,2147.97,0.9042
749.7,5.07,8.584,2145.99,0.9040
749.7,5.15,8.577,2144.19,0.9038
749.7,5.23,8.570,2142.55,0.9034
749.7,5.32,8.564,2141.05,0.9031
749.7,5.40,8.559,2139.66,0.9026
749.7,5.48,8.553,2138.35,0.9022
749.7,5.56,8.548,2137.11,0.9017
749.7,5.64,8.544,2135.90,0.9011
749.7,5.72,8.539,2134.74,0.9005
749.7,5.80,8.535,2133.64,0.8998
749.7,5.88,8.530,2132.61,0.8990
749.7,5.96,8.527,2131.66,0.8981
749.7,6.04,8.523,2130.73,0.8971
749.7,6.12,8.518,2129.50,0.8960
749.7,6.20,8.512,2127.94,0.8949
749.7,6.28,8.504,2126.09,0.8938
749.7,6.36,8.496,2123.98,0.8926
749.7,6.44,8.487,2121.64,0.8914
749.7,6.52,8.477,2119.13,0.8902
749.7,6.60,8.466,2116.48,0.8890
749.7,6.68,8.455,2113.71,0.8878
749.7,6.77,8.443,2110.80,0.8867
749.7,6.85,8.431,2107.74,0.8856
749.7,6.93,8.418,2104.50,0.8846
749.7,7.01,8.404,2101.09,0.8837
749.7,7.09,8.390,2097.61,0.8827
749.7,7.17,8.377,2094.17,0.8817
749.7,7.25,8.363,2090.76,0.8806
749.7,7.33,8.349,2087.36,0.8794
749.7,7.41,8.336,2083.97,0.8781
749.7,7.49,8.322,2080.57,0.8768
749.7,7.57,8.309,2077.16,0.8755
749.7,7.65,8.295,2073.80,0.8741
749.7,7.73,8.282,2070.52,0.8726
749.7,7.81,8.269,2067.35,0.8712
749.7,7.89,8.257,2064.32,0.8696
749.7,7.97,8.246,2061.46,0.8681
749.7,8.05,8.235,2058.74,0.8665
749.7,8.13,8.224,2055.96,0.8650
749.7,8.21,8.212,2053.12,0.8636
749.7,8.30,8.201,2050.22,0.8622
749.7,8.38,8.189,2047.27,0.8609
749.7,8.46,8.177,2044.28,0.8596
749.7,8.54,8.165,2041.25,0.8584
749.7,8.62,8.153,2038.17,0.8572
749.7,8.70,8.140,2035.02,0.8560
749.7,8.78,8.127,2031.78,0.8549
749.7,8.86,8.114,2028.42,0.8538
749.7,8.94,8.100,2024.94,0.8527
749.7,9.02,8.085,2021.31,0.8517
749.7,9.10,8.070,2017.53,0.8506
749.7,9.18,8.054,2013.59,0.8493
749.7,9.26,8.038,2009.54,0.8479
749.7,9.34,8.022,2005.40,0.8464
749.7,9.42,8.005,2001.19,0.8448
749.7,9.50,7.988,1996.94,0.8432
749.7,9.58,7.971,1992.74,0.8415
749.7,9.66,7.955,1988.67,0.8398
749.7,9.74,7.939,1984.76,0.8381
749.7,9.83,7.924,1981.03,0.8363
749.7,9.91,7.910,1977.53,0.8346
749.7,9.99,7.897,1974.28,0.8328
749.7,10.07,7.885,1971.28,0.8310
749.7,10.15,7.874,1968.52,0.8294
749.7,10.23,7.864,1965.97,0.8278
749.7,10.31,7.854,1963.59,0.8263
749.7,10.39,7.845,1961.36,0.8250
749.7,10.47,7.837,1959.26,0.8237
749.7,10.55,7.829,1957.25,0.8225
749.7,10.63,7.821,1955.30,0.8214
749.7,10.71,7.814,1953.40,0.8205
749.7,10.79,7.806,1951.56,0.8197
749.7,10.87,7.799,1949.79,0.8191
749.7,10.95,7.792,1948.09,0.8187
749.7,11.03,7.786,1946.47,0.8185
749.7,11.11,7.780,1944.89,0.8183
749.7,11.19,7.773,1943.33,0.8181
749.7,11.28,7.767,1941.78,0.8177
749.7,11.36,7.761,1940.23,0.8173
749.7,11.44,7.755,1938.66,0.8168
749.7,11.52,7.748,1937.06,0.8163
749.7,11.60,7.741,1935.36,0.8157
749.7,11.68,7.734,1933.46,0.8151
749.7,11.76,7.725,1931.34,0.8143
749.7,11.84,7.716,1928.94,0.8134
749.7,11.92,7.705,1926.23,0.8124
749.7,12.00,7.693,1923.16,0.8112
755.0,0.00,9.696,2424.10,
755.0,0.08,9.664,2415.98,
755.0,0.16,9.631,2407.68,
755.0,0.24,9.597,2399.26,
755.0,0.32,9.563,2390.77,
755.0,0.40,9.529,2382.26,
755.0,0.48,9.495,2373.80,
755.0,0.56,9.462,2365.50,
755.0,0.64,9.430,2357.38,
755.0,0.72,9.398,2349.44,
755.0,0.81,9.367,2341.68,
755.0,0.89,9.336,2334.09,
755.0,0.97,9.307,2326.72,
755.0,1.05,9.278,2319.61,
755.0,1.13,9.251,2312.74,
755.0,1.21,9.224,2306.09,
755.0,1.29,9.199,2299.65,
755.0,1.37,9.174,2293.41,
755.0,1.45,9.149,2287.34,
755.0,1.53,9.126,2281.46,
755.0,1.61,9.103,2275.80,
755.0,1.69,9.082,2270.41,
755.0,1.77,9.061,2265.32,
755.0,1.85,9.042,2260.58,
755.0,1.93,9.025,2256.22,
755.0,2.01,9.009,2252.27,0.9322
755.0,2.09,8.994,2248.60,0.9304
755.0,2.17,8.981,2245.13,0.9287
755.0,2.26,8.967,2241.84,0.9272
755.0,2.34,8.955,2238.74,0.9257
755.0,2.42,8.943,2235.83,0.9244
755.0,2.50,8.932,2233.08,0.9232
755.0,2.58,8.922,2230.40,0.9222
755.0,2.66,8.911,2227.74,0.9212
755.0,2.74,8.900,2225.06,0.9204
755.0,2.82,8.889,2222.31,0.9197
755.0,2.90,8.878,2219.46,0.9192
755.0,2.98,8.867,2216.75,0.9187
755.0,3.06,8.858,2214.43,0.9181
755.0,3.14,8.850,2212.45,0.9176
755.0,3.22,8.843,2210.79,0.9170
755.0,3.30,8.838,2209.39,0.9164
755.0,3.38,8.833,2208.21,0.9158
755.0,3.46,8.829,2207.23,0.9152
755.0,3.54,8.826,2206.38,0.9146
755.0,3.62,8.823,2205.64,0.9140
755.0,3.70,8.820,2205.03,0.9134
755.0,3.79,8.818,2204.54,0.9128
755.0,3.87,8.817,2204.19,0.9121
755.0,3.95,8.816,2203.98,0.9114
755.0,4.03,8.816,2203.90,0.9107
755.0,4.11,8.815,2203.75,0.9101
755.0,4.19,8.814,2203.47,0.9095
755.0,4.27,8.812,2203.08,0.9090
755.0,4.35,8.810,2202.59,0.9087
755.0,4.43,8.808,2202.00,0.9083
755.0,4.51,8.805,2201.29,0.9080
755.0,4.59,8.802,2200.41,0.9078
755.0,4.67,8.797,2199.30,0.9075
755.0,4.75,8.792,2197.92,0.9073
755.0,4.83,8.785,2196.25,0.9071
755.0,4.91,8.777,2194.26,0.9069
755.0,4.99,8.769,2192.27,0.9067
755.0,5.07,8.762,2190.44,0.9064
755.0,5.15,8.755,2188.77,0.9061
755.0,5.23,8.749,2187.22,0.9056
755.0,5.32,8.743,2185.77,0.9052
755.0,5.40,8.738,2184.39,0.9047
755.0,5.48,8.732,2183.06,0.9042
755.0,5.56,8.727,2181.76,0.9036
755.0,5.64,8.722,2180.48,0.9030
755.0,5.72,8.717,2179.25,0.9023
755.0,5.80,8.712,2178.07,0.9016
755.0,5.88,8.708,2176.95,0.9008
755.0,5.96,8.704,2175.90,0.8998
755.0,6.04,8.700,2174.88,0.8988
755.0,6.12,8.694,2173.54,0.8977
755.0,6.20,8.687,2171.86,0.8966
755.0,6.28,8.680,2169.88,0.8954
755.0,6.36,8.671,2167.64,0.8943
755.0,6.44,8.661,2165.16,0.8931
755.0,6.52,8.650,2162.52,0.8919
755.0,6.60,8.639,2159.73,0.8907
755.0,6.68,8.627,2156.79,0.8896
755.0,6.77,8.615,2153.68,0.8885
755.0,6.85,8.602,2150.40,0.8875
755.0,6.93,8.588,2146.93,0.8866
755.0,7.01,8.574,2143.46,0.8856
755.0,7.09,8.560,2140.01,0.8846
755.0,7.17,8.546,2136.59,0.8835
755.0,7.25,8.533,2133.17,0.8823
755.0,7.33,8.519,2129.74,0.8810
755.0,7.41,8.505,2126.30,0.8797
755.0,7.49,8.491,2122.82,0.8783
755.0,7.57,8.477,2119.36,0.8769
755.0,7.65,8.464,2115.93,0.8755
755.0,7.73,8.450,2112.57,0.8741
755.0,7.81,8.437,2109.31,0.8726
755.0,7.89,8.425,2106.18,0.8710
755.0,7.97,8.413,2103.22,0.8694
755.0,8.05,8.402,2100.38,0.8678
755.0,8.13,8.390,2097.47,0.8663
755.0,8.21,8.378,2094.50,0.8649
755.0,8.30,8.366,2091.47,0.8635
755.0,8.38,8.354,2088.39,0.8622
755.0,8.46,8.341,2085.25,0.8609
755.0,8.54,8.328,2082.06,0.8597
755.0,8.62,8.315,2078.79,0.8585
755.0,8.70,8.302,2075.41,0.8573
755.0,8.78,8.288,2071.92,0.8562
755.0,8.86,8.273,2068.29,0.8551
755.0,8.94,8.258,2064.51,0.8541
755.0,9.02,8.242,2060.56,0.8529
755.0,9.10,8.226,2056.48,0.8516
755.0,9.18,8.209,2052.28,0.8501
755.0,9.26,8.192,2048.00,0.8486
755.0,9.34,8.175,2043.66,0.8470
755.0,9.42,8.157,2039.29,0.8453
755.0,9.50,8.140,2034.94,0.8436
755.0,9.58,8.123,2030.67,0.8419
755.0,9.66,8.106,2026.54,0.8402
755.0,9.74,8.090,2022.57,0.8384
755.0,9.83,8.075,2018.79,0.8367
755.0,9.91,8.061,2015.23,0.8349
755.0,9.99,8.048,2011.92,0.8331
755.0,10.07,8.036,2008.88,0.8314
755.0,10.15,8.024,2006.07,0.8297
755.0,10.23,8.014,2003.47,0.8282
755.0,10.31,8.004,2001.06,0.8267
755.0,10.39,7.995,1998.80,0.8254
755.0,10.47,7.987,1996.68,0.8241
755.0,10.55,7.979,1994.63,0.8230
755.0,10.63,7.971,1992.64,0.8220
755.0,10.71,7.963,1990.71,0.8212
755.0,10.79,7.955,1988.86,0.8206
755.0,10.87,7.948,1987.09,0.8202
755.0,10.95,7.942,1985.40,0.8200
755.0,11.03,7.935,1983.74,0.8197
755.0,11.11,7.928,1982.11,0.8194
755.0,11.19,7.922,1980.49,0.8189
755.0,11.28,7.916,1978.88,0.8185
755.0,11.36,7.909,1977.25,0.8179
755.0,11.44,7.902,1975.60,0.8174
755.0,11.52,7.896,1973.89,0.8168
755.0,11.60,7.888,1972.04,0.8161
755.0,11.68,7.880,1970.01,0.8154
755.0,11.76,7.871,1967.75,0.8145
755.0,11.84,7.861,1965.22,0.8136
755.0,11.92,7.849,1962.37,0.8125
755.0,12.00,7.837,1959.17,0.8113
760.4,0.00,9.876,2468.96,
760.4,0.08,9.844,2461.02,
760.4,0.16,9.812,2452.91,
760.4,0.24,9.779,2444.66,
760.4,0.32,9.745,2436.34,
760.4,0.40,9.712,2428.00,
760.4,0.48,9.679,2419.77,
760.4,0.56,9.647,2411.70,
760.4,0.64,9.615,2403.79,
760.4,0.72,9.584,2396.05,
760.4,0.81,9.554,2388.48,
760.4,0.89,9.525,2381.14,
760.4,0.97,9.496,2374.03,
760.4,1.05,9.469,2367.16,
760.4,1.13,9.442,2360.49,
760.4,1.21,9.416,2354.02,
760.4,1.29,9.391,2347.72,
760.4,1.37,9.366,2341.59,
760.4,1.45,9.342,2335.60,
760.4,1.53,9.319,2329.80,
760.4,1.61,9.297,2324.22,
760.4,1.69,9.276,2318.89,
760.4,1.77,9.255,2313.86,
760.4,1.85,9.237,2309.16,
760.4,1.93,9.219,2304.84,
760.4,2.01,9.204,2300.93,0.9347
760.4,2.09,9.189,2297.28,0.9329
760.4,2.17,9.175,2293.82,0.9313
760.4,2.26,9.162,2290.54,0.9298
760.4,2.34,9.150,2287.43,0.9284
760.4,2.42,9.138,2284.50,0.9272
760.4,2.50,9.127,2281.64,0.9261
760.4,2.58,9.115,2278.78,0.9251
760.4,2.66,9.104,2275.89,0.9242
760.4,2.74,9.092,2272.91,0.9235
760.4,2.82,9.079,2269.84,0.9230
760.4,2.90,9.068,2267.06,0.9224
760.4,2.98,9.059,2264.64,0.9218
760.4,3.06,9.050,2262.54,0.9212
760.4,3.14,9.043,2260.73,0.9205
760.4,3.22,9.037,2259.17,0.9199
760.4,3.30,9.031,2257.82,0.9192
760.4,3.38,9.027,2256.64,0.9186
760.4,3.46,9.022,2255.58,0.9179
760.4,3.54,9.018,2254.62,0.9173
760.4,3.62,9.015,2253.78,0.9167
760.4,3.70,9.012,2253.04,0.9160
760.4,3.79,9.010,2252.43,0.9154
760.4,3.87,9.008,2251.94,0.9147
760.4,3.95,9.006,2251.59,0.9139
760.4,4.03,9.005,2251.35,0.9132
760.4,4.11,9.004,2251.04,0.9125
760.4,4.19,9.002,2250.60,0.9119
760.4,4.27,9.000,2250.04,0.9115
760.4,4.35,8.997,2249.36,0.9111
760.4,4.43,8.994,2248.58,0.9107
760.4,4.51,8.990,2247.60,0.9104
760.4,4.59,8.985,2246.37,0.9101
760.4,4.67,8.979,2244.86,0.9098
760.4,4.75,8.972,2243.04,0.9096
760.4,4.83,8.964,2240.94,0.9094
760.4,4.91,8.956,2238.94,0.9091
760.4,4.99,8.948,2237.11,0.9088
760.4,5.07,8.942,2235.41,0.9084
760.4,5.15,8.935,2233.82,0.9079
760.4,5.23,8.929,2232.31,0.9074
760.4,5.32,8.923,2230.87,0.9069
760.4,5.40,8.918,2229.46,0.9064
760.4,5.48,8.912,2228.06,0.9058
760.4,5.56,8.907,2226.68,0.9052
760.4,5.64,8.901,2225.32,0.9046
760.4,5.72,8.896,2223.99,0.9039
760.4,5.80,8.891,2222.71,0.9031
760.4,5.88,8.886,2221.49,0.9023
760.4,5.96,8.881,2220.33,0.9013
760.4,6.04,8.877,2219.19,0.9002
760.4,6.12,8.871,2217.72,0.8991
760.4,6.20,8.864,2215.91,0.8980
760.4,6.28,8.855,2213.79,0.8968
760.4,6.36,8.846,2211.39,0.8956
760.4,6.44,8.835,2208.77,0.8944
760.4,6.52,8.824,2205.99,0.8933
760.4,6.60,8.812,2203.04,0.8922
760.4,6.68,8.800,2199.92,0.8911
760.4,6.77,8.786,2196.60,0.8902
760.4,6.85,8.773,2193.13,0.8893
760.4,6.93,8.759,2189.68,0.8883
760.4,7.01,8.745,2186.25,0.8872
760.4,7.09,8.731,2182.84,0.8861
760.4,7.17,8.718,2179.42,0.8849
760.4,7.25,8.704,2175.98,0.8836
760.4,7.33,8.690,2172.51,0.8823
760.4,7.41,8.676,2169.01,0.8809
760.4,7.49,8.662,2165.47,0.8796
760.4,7.57,8.648,2161.93,0.8782
760.4,7.65,8.634,2158.42,0.8767
760.4,7.73,8.620,2154.97,0.8752
760.4,7.81,8.606,2151.61,0.8737
760.4,7.89,8.593,2148.37,0.8722
760.4,7.97,8.581,2145.29,0.8706
760.4,8.05,8.569,2142.32,0.8689
760.4,8.13,8.557,2139.29,0.8674
760.4,8.21,8.545,2136.18,0.8660
760.4,8.30,8.532,2133.00,0.8646
760.4,8.38,8.519,2129.77,0.8633
760.4,8.46,8.506,2126.47,0.8620
760.4,8.54,8.492,2123.08,0.8608
760.4,8.62,8.478,2119.59,0.8596
760.4,8.70,8.464,2115.96,0.8584
760.4,8.78,8.449,2112.19,0.8573
760.4,8.86,8.433,2108.26,0.8562
760.4,8.94,8.417,2104.17,0.8550
760.4,9.02,8.400,2099.94,0.8536
760.4,9.10,8.382,2095.62,0.8521
760.4,9.18,8.365,2091.21,0.8505
760.4,9.26,8.347,2086.76,0.8489
760.4,9.34,8.329,2082.28,0.8472
760.4,9.42,8.311,2077.80,0.8455
760.4,9.50,8.294,2073.39,0.8438
760.4,9.58,8.276,2069.07,0.8421
760.4,9.66,8.260,2064.89,0.8403
760.4,9.74,8.243,2060.87,0.8386
760.4,9.83,8.228,2057.04,0.8369
760.4,9.91,8.214,2053.44,0.8351
760.4,9.99,8.200,2050.08,0.8333
760.4,10.07,8.188,2046.99,0.8316
760.4,10.15,8.177,2044.14,0.8299
760.4,10.23,8.166,2041.51,0.8284
760.4,10.31,8.156,2039.07,0.8270
760.4,10.39,8.147,2036.79,0.8257
760.4,10.47,8.139,2034.63,0.8246
760.4,10.55,8.130,2032.53,0.8235
760.4,10.63,8.122,2030.51,0.8227
760.4,10.71,8.114,2028.56,0.8221
760.4,10.79,8.107,2026.70,0.8217
760.4,10.87,8.100,2024.92,0.8214
760.4,10.95,8.093,2023.17,0.8210
760.4,11.03,8.086,2021.45,0.8205
760.4,11.11,8.079,2019.75,0.8200
760.4,11.19,8.072,2018.06,0.8195
760.4,11.28,8.065,2016.36,0.8189
760.4,11.36,8.059,2014.64,0.8183
760.4,11.44,8.052,2012.89,0.8176
760.4,11.52,8.044,2011.04,0.8170
760.4,11.60,8.036,2009.05,0.8162
760.4,11.68,8.028,2006.89,0.8154
760.4,11.76,8.018,2004.49,0.8146
760.4,11.84,8.007,2001.83,0.8136
760.4,11.92,7.995,1998.86,0.8124
760.4,12.00,7.982,1995.53,0.8111
765.8,0.00,10.058,2514.50,
765.8,0.08,10.027,2506.73,
765.8,0.16,9.995,2498.77,
765.8,0.24,9.963,2490.68,
765.8,0.32,9.930,2482.52,
765.8,0.40,9.897,2474.37,
765.8,0.48,9.865,2466.36,
765.8,0.56,9.834,2458.51,
765.8,0.64,9.803,2450.82,
765.8,0.72,9.773,2443.29,
765.8,0.81,9.744,2435.99,
765.8,0.89,9.716,2428.91,
765.8,0.97,9.688,2422.05,
765.8,1.05,9.662,2415.38,
765.8,1.13,9.636,2408.89,
765.8,1.21,9.610,2402.56,
765.8,1.29,9.586,2396.38,
765.8,1.37,9.561,2390.33,
765.8,1.45,9.538,2384.41,
765.8,1.53,9.515,2378.67,
765.8,1.61,9.493,2373.13,
765.8,1.69,9.471,2367.85,
765.8,1.77,9.451,2362.85,
765.8,1.85,9.433,2358.18,
765.8,1.93,9.415,2353.87,
765.8,2.01,9.400,2349.97,0.9369
765.8,2.09,9.385,2346.33,0.9352
765.8,2.17,9.371,2342.86,0.9337
765.8,2.26,9.358,2339.56,0.9322
765.8,2.34,9.346,2336.43,0.9309
765.8,2.42,9.334,2333.39,0.9298
765.8,2.50,9.321,2330.35,0.9288
765.8,2.58,9.309,2327.25,0.9279
765.8,2.66,9.296,2324.04,0.9271
765.8,2.74,9.283,2320.83,0.9265
765.8,2.82,9.272,2317.97,0.9258
765.8,2.90,9.262,2315.45,0.9252
765.8,2.98,9.253,2313.24,0.9245
765.8,3.06,9.245,2311.30,0.9238
765.8,3.14,9.238,2309.58,0.9231
765.8,3.22,9.232,2308.05,0.9224
765.8,3.30,9.227,2306.68,0.9217
765.8,3.38,9.222,2305.40,0.9210
765.8,3.46,9.217,2304.22,0.9203
765.8,3.54,9.213,2303.14,0.9196
765.8,3.62,9.209,2302.15,0.9190
765.8,3.70,9.205,2301.27,0.9183
765.8,3.79,9.202,2300.50,0.9176
765.8,3.87,9.199,2299.85,0.9169
765.8,3.95,9.197,2299.33,0.9161
765.8,4.03,9.196,2298.92,0.9154
765.8,4.11,9.194,2298.42,0.9147
765.8,4.19,9.191,2297.79,0.9141
765.8,4.27,9.188,2297.02,0.9136
765.8,4.35,9.185,2296.14,0.9132
765.8,4.43,9.180,2295.07,0.9128
765.8,4.51,9.175,2293.73,0.9125
765.8,4.59,9.168,2292.10,0.9121
765.8,4.67,9.161,2290.13,0.9119
765.8,4.75,9.152,2287.98,0.9116
765.8,4.83,9.144,2285.99,0.9113
765.8,4.91,9.137,2284.15,0.9109
765.8,4.99,9.130,2282.43,0.9104
765.8,5.07,9.123,2280.81,0.9099
765.8,5.15,9.117,2279.26,0.9094
765.8,5.23,9.111,2277.75,0.9089
765.8,5.32,9.105,2276.27,0.9083
765.8,5.40,9.099,2274.79,0.9077
765.8,5.48,9.093,2273.30,0.9071
765.8,5.56,9.087,2271.82,0.9065
765.8,5.64,9.081,2270.36,0.9058
765.8,5.72,9.076,2268.92,0.9051
765.8,5.80,9.070,2267.53,0.9043
765.8,5.88,9.065,2266.18,0.9034
765.8,5.96,9.060,2264.89,0.9025
765.8,6.04,9.054,2263.62,0.9014
765.8,6.12,9.048,2262.01,0.9003
765.8,6.20,9.040,2260.05,0.8991
765.8,6.28,9.031,2257.76,0.8980
765.8,6.36,9.021,2255.20,0.8968
765.8,6.44,9.010,2252.45,0.8956
765.8,6.52,8.998,2249.51,0.8945
765.8,6.60,8.986,2246.38,0.8935
765.8,6.68,8.972,2243.05,0.8926
765.8,6.77,8.958,2239.62,0.8916
765.8,6.85,8.945,2236.22,0.8906
765.8,6.93,8.931,2232.84,0.8896
765.8,7.01,8.918,2229.45,0.8884
765.8,7.09,8.904,2226.06,0.8872
765.8,7.17,8.891,2222.63,0.8859
765.8,7.25,8.877,2219.17,0.8846
765.8,7.33,8.863,2215.65,0.8833
765.8,7.41,8.848,2212.08,0.8819
765.8,7.49,8.834,2208.47,0.8805
765.8,7.57,8.819,2204.84,0.8791
765.8,7.65,8.805,2201.24,0.8777
765.8,7.73,8.791,2197.69,0.8762
765.8,7.81,8.777,2194.22,0.8747
765.8,7.89,8.763,2190.86,0.8731
765.8,7.97,8.751,2187.65,0.8715
765.8,8.05,8.738,2184.54,0.8699
765.8,8.13,8.725,2181.36,0.8683
765.8,8.21,8.712,2178.11,0.8669
765.8,8.30,8.699,2174.78,0.8655
765.8,8.38,8.686,2171.38,0.8642
765.8,8.46,8.672,2167.89,0.8629
765.8,8.54,8.657,2164.27,0.8617
765.8,8.62,8.642,2160.52,0.8606
765.8,8.70,8.626,2156.62,0.8594
765.8,8.78,8.610,2152.55,0.8583
765.8,8.86,8.593,2148.32,0.8569
765.8,8.94,8.576,2143.98,0.8555
765.8,9.02,8.558,2139.53,0.8540
765.8,9.10,8.540,2135.02,0.8523
765.8,9.18,8.522,2130.46,0.8507
765.8,9.26,8.504,2125.88,0.8490
765.8,9.34,8.485,2121.31,0.8472
765.8,9.42,8.467,2116.78,0.8455
765.8,9.50,8.449,2112.32,0.8438
765.8,9.58,8.432,2107.97,0.8421
765.8,9.66,8.415,2103.74,0.8404
765.8,9.74,8.399,2099.68,0.8386
765.8,9.83,8.383,2095.81,0.8369
765.8,9.91,8.369,2092.16,0.8352
765.8,9.99,8.355,2088.77,0.8334
765.8,10.07,8.343,2085.64,0.8317
765.8,10.15,8.331,2082.76,0.8301
765.8,10.23,8.320,2080.11,0.8286
765.8,10.31,8.311,2077.65,0.8273
765.8,10.39,8.301,2075.35,0.8260
765.8,10.47,8.292,2073.12,0.8250
765.8,10.55,8.284,2070.98,0.8241
765.8,10.63,8.276,2068.93,0.8234
765.8,10.71,8.268,2066.96,0.8230
765.8,10.79,8.260,2065.06,0.8226
765.8,10.87,8.253,2063.21,0.8221
765.8,10.95,8.246,2061.39,0.8215
765.8,11.03,8.238,2059.59,0.8210
765.8,11.11,8.231,2057.81,0.8203
765.8,11.19,8.224,2056.02,0.8197
765.8,11.28,8.217,2054.21,0.8190
765.8,11.36,8.210,2052.38,0.8183
765.8,11.44,8.202,2050.50,0.8176
765.8,11.52,8.194,2048.52,0.8169
765.8,11.60,8.186,2046.41,0.8162
765.8,11.68,8.176,2044.11,0.8153
765.8,11.76,8.166,2041.60,0.8144
765.8,11.84,8.155,2038.82,0.8133
765.8,11.92,8.143,2035.73,0.8122
765.8,12.00,8.129,2032.28,0.8108
771.1,0.00,10.243,2560.66,
771.1,0.08,10.212,2553.04,
771.1,0.16,10.181,2545.22,
771.1,0.24,10.149,2537.27,
771.1,0.32,10.117,2529.25,
771.1,0.40,10.085,2521.33,
771.1,0.48,10.054,2513.56,
771.1,0.56,10.024,2505.92,
771.1,0.64,9.994,2498.46,
771.1,0.72,9.965,2491.22,
771.1,0.81,9.937,2484.20,
771.1,0.89,9.909,2477.37,
771.1,0.97,9.883,2470.72,
771.1,1.05,9.857,2464.23,
771.1,1.13,9.832,2457.89,
771.1,1.21,9.807,2451.67,
771.1,1.29,9.782,2445.56,
771.1,1.37,9.758,2439.57,
771.1,1.45,9.735,2433.70,
771.1,1.53,9.712,2427.99,
771.1,1.61,9.690,2422.49,
771.1,1.69,9.669,2417.22,
771.1,1.77,9.649,2412.24,
771.1,1.85,9.630,2407.57,
771.1,1.93,9.613,2403.27,
771.1,2.01,9.597,2399.35,0.9390
771.1,2.09,9.583,2395.69,0.9373
771.1,2.17,9.569,2392.19,0.9358
771.1,2.26,9.555,2388.85,0.9345
771.1,2.34,9.543,2385.64,0.9333
771.1,2.42,9.530,2382.41,0.9322
771.1,2.50,9.516,2379.10,0.9313
771.1,2.58,9.503,2375.68,0.9305
771.1,2.66,9.490,2372.39,0.9298
771.1,2.74,9.478,2369.45,0.9291
771.1,2.82,9.467,2366.85,0.9283
771.1,2.90,9.458,2364.53,0.9275
771.1,2.98,9.450,2362.45,0.9268
771.1,3.06,9.442,2360.59,0.9260
771.1,3.14,9.436,2358.89,0.9252
771.1,3.22,9.429,2357.31,0.9245
771.1,3.30,9.423,2355.82,0.9237
771.1,3.38,9.418,2354.42,0.9230
771.1,3.46,9.412,2353.09,0.9223
771.1,3.54,9.407,2351.85,0.9216
771.1,3.62,9.403,2350.69,0.9209
771.1,3.70,9.399,2349.64,0.9202
771.1,3.79,9.395,2348.69,0.9195
771.1,3.87,9.391,2347.85,0.9188
771.1,3.95,9.389,2347.13,0.9180
771.1,4.03,9.386,2346.51,0.9172
771.1,4.11,9.383,2345.80,0.9165
771.1,4.19,9.380,2344.95,0.9159
771.1,4.27,9.376,2343.96,0.9154
771.1,4.35,9.371,2342.80,0.9150
771.1,4.43,9.365,2341.36,0.9146
771.1,4.51,9.358,2339.60,0.9142
771.1,4.59,9.350,2337.49,0.9139
771.1,4.67,9.341,2335.36,0.9136
771.1,4.75,9.334,2333.39,0.9132
771.1,4.83,9.326,2331.55,0.9127
771.1,4.91,9.319,2329.82,0.9122
771.1,4.99,9.313,2328.17,0.9117
771.1,5.07,9.306,2326.58,0.9111
771.1,5.15,9.300,2325.03,0.9105
771.1,5.23,9.294,2323.47,0.9099
771.1,5.32,9.288,2321.91,0.9093
771.1,5.40,9.281,2320.33,0.9087
771.1,5.48,9.275,2318.74,0.9081
771.1,5.56,9.269,2317.15,0.9075
771.1,5.64,9.262,2315.56,0.9068
771.1,5.72,9.256,2314.00,0.9060
771.1,5.80,9.250,2312.47,0.9052
771.1,5.88,9.244,2310.98,0.9044
771.1,5.96,9.238,2309.55,0.9034
771.1,6.04,9.232,2308.12,0.9023
771.1,6.12,9.225,2306.35,0.9012
771.1,6.20,9.217,2304.22,0.9000
771.1,6.28,9.207,2301.76,0.8989
771.1,6.36,9.196,2299.05,0.8977
771.1,6.44,9.185,2296.14,0.8967
771.1,6.52,9.172,2293.03,0.8957
771.1,6.60,9.159,2289.72,0.8947
771.1,6.68,9.146,2286.38,0.8938
771.1,6.77,9.132,2283.05,0.8928
771.1,6.85,9.119,2279.73,0.8917
771.1,6.93,9.106,2276.40,0.8905
771.1,7.01,9.092,2273.04,0.8893
771.1,7.09,9.079,2269.65,0.8880
771.1,7.17,9.065,2266.22,0.8867
771.1,7.25,9.051,2262.71,0.8854
771.1,7.33,9.037,2259.13,0.8840
771.1,7.41,9.022,2255.49,0.8827
771.1,7.49,9.007,2251.79,0.8813
771.1,7.57,8.992,2248.07,0.8798
771.1,7.65,8.977,2244.37,0.8784
771.1,7.73,8.963,2240.70,0.8769
771.1,7.81,8.948,2237.11,0.8754
771.1,7.89,8.934,2233.62,0.8738
771.1,7.97,8.921,2230.27,0.8722
771.1,8.05,8.908,2227.01,0.8706
771.1,8.13,8.895,2223.68,0.8691
771.1,8.21,8.881,2220.26,0.8677
771.1,8.30,8.867,2216.77,0.8663
771.1,8.38,8.853,2213.17,0.8650
771.1,8.46,8.838,2209.45,0.8637
771.1,8.54,8.822,2205.59,0.8626
771.1,8.62,8.806,2201.56,0.8614
771.1,8.70,8.789,2197.36,0.8601
771.1,8.78,8.772,2193.02,0.8587
771.1,8.86,8.754,2188.56,0.8572
771.1,8.94,8.736,2184.01,0.8556
771.1,9.02,8.718,2179.39,0.8540
771.1,9.10,8.699,2174.74,0.8523
771.1,9.18,8.680,2170.08,0.8505
771.1,9.26,8.662,2165.43,0.8488
771.1,9.34,8.643,2160.82,0.8471
771.1,9.42,8.625,2156.25,0.8453
771.1,9.50,8.607,2151.76,0.8436
771.1,9.58,8.589,2147.37,0.8419
771.1,9.66,8.572,2143.11,0.8402
771.1,9.74,8.556,2139.01,0.8386
771.1,9.83,8.540,2135.11,0.8369
771.1,9.91,8.526,2131.43,0.8351
771.1,9.99,8.512,2128.01,0.8334
771.1,10.07,8.499,2124.85,0.8318
771.1,10.15,8.488,2121.95,0.8302
771.1,10.23,8.477,2119.28,0.8288
771.1,10.31,8.467,2116.81,0.8275
771.1,10.39,8.458,2114.45,0.8264
771.1,10.47,8.449,2112.17,0.8255
771.1,10.55,8.440,2109.99,0.8248
771.1,10.63,8.432,2107.90,0.8243
771.1,10.71,8.423,2105.87,0.8237
771.1,10.79,8.416,2103.90,0.8231
771.1,10.87,8.408,2101.96,0.8225
771.1,10.95,8.400,2100.05,0.8218
771.1,11.03,8.393,2098.15,0.8211
771.1,11.11,8.385,2096.26,0.8204
771.1,11.19,8.377,2094.35,0.8196
771.1,11.28,8.370,2092.43,0.8189
771.1,11.36,8.362,2090.47,0.8182
771.1,11.44,8.354,2088.45,0.8175
771.1,11.52,8.345,2086.36,0.8167
771.1,11.60,8.336,2084.12,0.8159
771.1,11.68,8.327,2081.71,0.8150
771.1,11.76,8.316,2079.08,0.8141
771.1,11.84,8.305,2076.19,0.8130
771.1,11.92,8.292,2072.98,0.8118
771.1,12.00,8.278,2069.43,0.8104
776.5,0.00,10.430,2607.40,
776.5,0.08,10.400,2599.90,
776.5,0.16,10.369,2592.21,
776.5,0.24,10.337,2584.37,
776.5,0.32,10.306,2576.56,
776.5,0.40,10.275,2568.87,
776.5,0.48,10.245,2561.32,
776.5,0.56,10.216,2553.95,
776.5,0.64,10.187,2546.80,
776.5,0.72,10.159,2539.84,
776.5,0.81,10.132,2533.06,
776.5,0.89,10.106,2526.45,
776.5,0.97,10.080,2519.97,
776.5,1.05,10.054,2513.61,
776.5,1.13,10.029,2507.34,
776.5,1.21,10.005,2501.18,
776.5,1.29,9.981,2495.13,
776.5,1.37,9.957,2489.20,
776.5,1.45,9.934,2483.40,
776.5,1.53,9.911,2477.73,
776.5,1.61,9.889,2472.23,
776.5,1.69,9.868,2466.96,
776.5,1.77,9.848,2461.97,
776.5,1.85,9.829,2457.29,
776.5,1.93,9.812,2452.95,
776.5,2.01,9.796,2449.01,0.9408
776.5,2.09,9.781,2445.30,0.9392
776.5,2.17,9.767,2441.75,0.9378
776.5,2.26,9.753,2438.34,0.9366
776.5,2.34,9.740,2434.93,0.9354
776.5,2.42,9.726,2431.44,0.9345
776.5,2.50,9.711,2427.83,0.9337
776.5,2.58,9.698,2424.49,0.9329
776.5,2.66,9.686,2421.49,0.9320
776.5,2.74,9.675,2418.80,0.9312
776.5,2.82,9.666,2416.38,0.9303
776.5,2.90,9.657,2414.18,0.9295
776.5,2.98,9.649,2412.16,0.9287
776.5,3.06,9.641,2410.25,0.9278
776.5,3.14,9.634,2408.45,0.9270
776.5,3.22,9.627,2406.75,0.9262
776.5,3.30,9.620,2405.12,0.9255
776.5,3.38,9.614,2403.58,0.9247
776.5,3.46,9.608,2402.10,0.9240
776.5,3.54,9.603,2400.68,0.9233
776.5,3.62,9.597,2399.33,0.9226
776.5,3.70,9.592,2398.08,0.9218
776.5,3.79,9.588,2396.92,0.9211
776.5,3.87,9.583,2395.87,0.9204
776.5,3.95,9.580,2394.92,0.9196
776.5,4.03,9.576,2394.07,0.9188
776.5,4.11,9.572,2393.12,0.9181
776.5,4.19,9.568,2392.02,0.9175
776.5,4.27,9.563,2390.76,0.9170
776.5,4.35,9.557,2389.22,0.9165
776.5,4.43,9.549,2387.34,0.9161
776.5,4.51,9.541,2385.15,0.9157
776.5,4.59,9.532,2383.06,0.9153
776.5,4.67,9.524,2381.12,0.9148
776.5,4.75,9.517,2379.29,0.9143
776.5,4.83,9.510,2377.55,0.9137
776.5,4.91,9.504,2375.88,0.9131
776.5,4.99,9.497,2374.26,0.9125
776.5,5.07,9.491,2372.63,0.9119
776.5,5.15,9.484,2370.99,0.9113
776.5,5.23,9.477,2369.35,0.9107
776.5,5.32,9.471,2367.69,0.9101
776.5,5.40,9.464,2366.02,0.9094
776.5,5.48,9.457,2364.32,0.9088
776.5,5.56,9.450,2362.60,0.9081
776.5,5.64,9.444,2360.88,0.9075
776.5,5.72,9.437,2359.17,0.9067
776.5,5.80,9.430,2357.49,0.9059
776.5,5.88,9.423,2355.85,0.9050
776.5,5.96,9.417,2354.25,0.9040
776.5,6.04,9.411,2352.65,0.9030
776.5,6.12,9.403,2350.70,0.9019
776.5,6.20,9.394,2348.38,0.9007
776.5,6.28,9.383,2345.75,0.8996
776.5,6.36,9.372,2342.89,0.8985
776.5,6.44,9.359,2339.82,0.8976
776.5,6.52,9.346,2336.58,0.8967
776.5,6.60,9.333,2333.34,0.8957
776.5,6.68,9.320,2330.11,0.8946
776.5,6.77,9.307,2326.87,0.8935
776.5,6.85,9.294,2323.62,0.8923
776.5,6.93,9.281,2320.33,0.8911
776.5,7.01,9.268,2316.99,0.8898
776.5,7.09,9.254,2313.57,0.8885
776.5,7.17,9.240,2310.07,0.8872
776.5,7.25,9.226,2306.51,0.8859
776.5,7.33,9.211,2302.87,0.8846
776.5,7.41,9.197,2299.17,0.8832
776.5,7.49,9.182,2295.41,0.8818
776.5,7.57,9.166,2291.59,0.8804
776.5,7.65,9.151,2287.77,0.8789
776.5,7.73,9.136,2283.98,0.8775
776.5,7.81,9.121,2280.26,0.8760
776.5,7.89,9.107,2276.63,0.8744
776.5,7.97,9.092,2273.12,0.8728
776.5,8.05,9.079,2269.70,0.8712
776.5,8.13,9.065,2266.20,0.8697
776.5,8.21,9.050,2262.61,0.8683
776.5,8.30,9.036,2258.93,0.8669
776.5,8.38,9.020,2255.11,0.8657
776.5,8.46,9.005,2251.13,0.8644
776.5,8.54,8.988,2246.98,0.8632
776.5,8.62,8.971,2242.67,0.8619
776.5,8.70,8.953,2238.22,0.8604
776.5,8.78,8.935,2233.66,0.8588
776.5,8.86,8.916,2229.02,0.8571
776.5,8.94,8.897,2224.32,0.8554
776.5,9.02,8.878,2219.59,0.8537
776.5,9.10,8.859,2214.87,0.8520
776.5,9.18,8.841,2210.15,0.8502
776.5,9.26,8.822,2205.46,0.8485
776.5,9.34,8.803,2200.82,0.8468
776.5,9.42,8.785,2196.23,0.8451
776.5,9.50,8.767,2191.72,0.8434
776.5,9.58,8.749,2187.31,0.8417
776.5,9.66,8.732,2183.02,0.8400
776.5,9.74,8.716,2178.90,0.8384
776.5,9.83,8.700,2174.97,0.8367
776.5,9.91,8.685,2171.27,0.8351
776.5,9.99,8.671,2167.82,0.8334
776.5,10.07,8.659,2164.65,0.8318
776.5,10.15,8.647,2161.73,0.8303
776.5,10.23,8.636,2159.05,0.8290
776.5,10.31,8.626,2156.54,0.8278
776.5,10.39,8.616,2154.11,0.8268
776.5,10.47,8.607,2151.79,0.8261
776.5,10.55,8.598,2149.55,0.8255
776.5,10.63,8.590,2147.38,0.8248
776.5,10.71,8.581,2145.27,0.8241
776.5,10.79,8.573,2143.20,0.8233
776.5,10.87,8.565,2141.16,0.8226
776.5,10.95,8.557,2139.13,0.8218
776.5,11.03,8.549,2137.13,0.8210
776.5,11.11,8.540,2135.12,0.8202
776.5,11.19,8.532,2133.10,0.8194
776.5,11.28,8.524,2131.05,0.8187
776.5,11.36,8.516,2128.96,0.8179
776.5,11.44,8.507,2126.80,0.8171
776.5,11.52,8.498,2124.57,0.8163
776.5,11.60,8.489,2122.22,0.8155
776.5,11.68,8.479,2119.70,0.8146
776.5,11.76,8.468,2116.96,0.8136
776.5,11.84,8.456,2113.96,0.8126
776.5,11.92,8.443,2110.66,0.8113
776.5,12.00,8.428,2107.00,0.8100
781.9,0.00,10.619,2654.66,
781.9,0.08,10.589,2647.26,
781.9,0.16,10.559,2639.66,
781.9,0.24,10.528,2631.98,
781.9,0.32,10.498,2624.41,
781.9,0.40,10.468,2616.96,
781.9,0.48,10.439,2609.71,
781.9,0.56,10.411,2602.66,
781.9,0.64,10.383,2595.79,
781.9,0.72,10.356,2589.08,
781.9,0.81,10.330,2582.49,
781.9,0.89,10.304,2575.98,
781.9,0.97,10.278,2569.56,
781.9,1.05,10.253,2563.25,
781.9,1.13,10.228,2557.03,
781.9,1.21,10.204,2550.93,
781.9,1.29,10.180,2544.94,
781.9,1.37,10.156,2539.08,
781.9,1.45,10.133,2533.34,
781.9,1.53,10.111,2527.75,
781.9,1.61,10.089,2522.29,
781.9,1.69,10.068,2517.01,
781.9,1.77,10.048,2511.98,
781.9,1.85,10.029,2507.26,
781.9,1.93,10.012,2502.88,
781.9,2.01,9.996,2498.88,0.9425
781.9,2.09,9.980,2495.11,0.9410
781.9,2.17,9.966,2491.48,0.9397
781.9,2.26,9.952,2487.91,0.9385
781.9,2.34,9.937,2484.22,0.9375
781.9,2.42,9.922,2480.50,0.9366
781.9,2.50,9.908,2477.12,0.9357
781.9,2.58,9.896,2474.06,0.9348
781.9,2.66,9.885,2471.29,0.9339
781.9,2.74,9.875,2468.76,0.9329
781.9,2.82,9.866,2466.39,0.9320
781.9,2.90,9.857,2464.14,0.9311
781.9,2.98,9.848,2462.01,0.9302
781.9,3.06,9.840,2459.98,0.9294
781.9,3.14,9.832,2458.05,0.9285
781.9,3.22,9.825,2456.21,0.9277
781.9,3.30,9.818,2454.44,0.9269
781.9,3.38,9.811,2452.75,0.9262
781.9,3.46,9.804,2451.11,0.9254
781.9,3.54,9.798,2449.53,0.9246
781.9,3.62,9.792,2448.00,0.9239
781.9,3.70,9.786,2446.52,0.9232
781.9,3.79,9.780,2445.12,0.9225
781.9,3.87,9.775,2443.82,0.9217
781.9,3.95,9.771,2442.63,0.9209
781.9,4.03,9.766,2441.52,0.9201
781.9,4.11,9.761,2440.30,0.9194
781.9,4.19,9.756,2438.93,0.9188
781.9,4.27,9.749,2437.29,0.9183
781.9,4.35,9.741,2435.29,0.9178
781.9,4.43,9.732,2433.10,0.9174
781.9,4.51,9.724,2431.05,0.9168
781.9,4.59,9.717,2429.14,0.9163
781.9,4.67,9.709,2427.32,0.9157
781.9,4.75,9.702,2425.59,0.9150
781.9,4.83,9.695,2423.87,0.9144
781.9,4.91,9.689,2422.16,0.9138
781.9,4.99,9.682,2420.45,0.9132
781.9,5.07,9.675,2418.73,0.9125
781.9,5.15,9.668,2417.01,0.9119
781.9,5.23,9.661,2415.27,0.9113
781.9,5.32,9.654,2413.52,0.9106
781.9,5.40,9.647,2411.74,0.9099
781.9,5.48,9.640,2409.94,0.9093
781.9,5.56,9.632,2408.12,0.9086
781.9,5.64,9.625,2406.26,0.9079
781.9,5.72,9.618,2404.39,0.9071
781.9,5.80,9.610,2402.54,0.9063
781.9,5.88,9.603,2400.72,0.9055
781.9,5.96,9.596,2398.94,0.9045
781.9,6.04,9.589,2397.16,0.9035
781.9,6.12,9.580,2395.01,0.9024
781.9,6.20,9.570,2392.49,0.9013
781.9,6.28,9.559,2389.71,0.9002
781.9,6.36,9.547,2386.70,0.8993
781.9,6.44,9.534,2383.58,0.8983
781.9,6.52,9.522,2380.47,0.8973
781.9,6.60,9.509,2377.35,0.8962
781.9,6.68,9.497,2374.22,0.8951
781.9,6.77,9.484,2371.06,0.8939
781.9,6.85,9.471,2367.82,0.8927
781.9,6.93,9.458,2364.50,0.8915
781.9,7.01,9.444,2361.10,0.8902
781.9,7.09,9.430,2357.62,0.8889
781.9,7.17,9.416,2354.07,0.8876
781.9,7.25,9.402,2350.46,0.8863
781.9,7.33,9.387,2346.77,0.8849
781.9,7.41,9.372,2343.02,0.8835
781.9,7.49,9.357,2339.21,0.8822
781.9,7.57,9.341,2335.34,0.8807
781.9,7.65,9.326,2331.42,0.8793
781.9,7.73,9.310,2327.49,0.8779
781.9,7.81,9.294,2323.62,0.8764
781.9,7.89,9.279,2319.84,0.8748
781.9,7.97,9.265,2316.17,0.8733
781.9,8.05,9.250,2312.58,0.8717
781.9,8.13,9.236,2308.90,0.8702
781.9,8.21,9.221,2305.13,0.8688
781.9,8.30,9.205,2301.21,0.8675
781.9,8.38,9.189,2297.13,0.8662
781.9,8.46,9.172,2292.88,0.8649
781.9,8.54,9.154,2288.47,0.8635
781.9,8.62,9.136,2283.92,0.8619
781.9,8.70,9.117,2279.28,0.8602
781.9,8.78,9.098,2274.56,0.8585
781.9,8.86,9.079,2269.80,0.8568
781.9,8.94,9.060,2265.02,0.8551
781.9,9.02,9.041,2260.24,0.8533
781.9,9.10,9.022,2255.46,0.8516
781.9,9.18,9.003,2250.70,0.8499
781.9,9.26,8.984,2245.98,0.8481
781.9,9.34,8.965,2241.31,0.8464
781.9,9.42,8.947,2236.72,0.8447
781.9,9.50,8.929,2232.21,0.8431
781.9,9.58,8.911,2227.79,0.8414
781.9,9.66,8.894,2223.50,0.8398
781.9,9.74,8.877,2219.36,0.8382
781.9,9.83,8.862,2215.41,0.8366
781.9,9.91,8.847,2211.70,0.8350
781.9,9.99,8.833,2208.23,0.8334
781.9,10.07,8.820,2205.05,0.8319
781.9,10.15,8.809,2202.13,0.8305
781.9,10.23,8.798,2199.43,0.8292
781.9,10.31,8.787,2196.84,0.8282
781.9,10.39,8.777,2194.35,0.8274
781.9,10.47,8.768,2191.95,0.8266
781.9,10.55,8.759,2189.63,0.8258
781.9,10.63,8.749,2187.36,0.8250
781.9,10.71,8.741,2185.14,0.8241
781.9,10.79,8.732,2182.96,0.8233
781.9,10.87,8.723,2180.82,0.8224
781.9,10.95,8.715,2178.71,0.8216
781.9,11.03,8.706,2176.60,0.8208
781.9,11.11,8.698,2174.49,0.8200
781.9,11.19,8.689,2172.35,0.8192
781.9,11.28,8.681,2170.17,0.8183
781.9,11.36,8.672,2167.94,0.8175
781.9,11.44,8.663,2165.63,0.8167
781.9,11.52,8.653,2163.24,0.8159
781.9,11.60,8.643,2160.74,0.8150
781.9,11.68,8.632,2158.11,0.8141
781.9,11.76,8.621,2155.27,0.8131
781.9,11.84,8.609,2152.17,0.8121
781.9,11.92,8.595,2148.76,0.8108
781.9,12.00,8.580,2145.01,0.8095
787.2,0.00,10.810,2702.38,
787.2,0.08,10.780,2695.06,
787.2,0.16,10.750,2687.56,
787.2,0.24,10.720,2680.12,
787.2,0.32,10.691,2672.81,
787.2,0.40,10.663,2665.70,
787.2,0.48,10.635,2658.76,
787.2,0.56,10.608,2651.98,
787.2,0.64,10.581,2645.26,
787.2,0.72,10.555,2638.63,
787.2,0.81,10.528,2632.07,
787.2,0.89,10.502,2625.61,
787.2,0.97,10.477,2619.24,
787.2,1.05,10.452,2612.97,
787.2,1.13,10.427,2606.81,
787.2,1.21,10.403,2600.77,
787.2,1.29,10.379,2594.85,
787.2,1.37,10.356,2589.05,
787.2,1.45,10.334,2583.39,
787.2,1.53,10.311,2577.87,
787.2,1.61,10.290,2572.50,
787.2,1.69,10.269,2567.28,
787.2,1.77,10.249,2562.22,
787.2,1.85,10.230,2557.44,
787.2,1.93,10.212,2552.99,
787.2,2.01,10.196,2548.91,0.9440
787.2,2.09,10.180,2545.06,0.9426
787.2,2.17,10.165,2541.29,0.9414
787.2,2.26,10.150,2537.42,0.9403
787.2,2.34,10.135,2533.66,0.9393
787.2,2.42,10.121,2530.24,0.9383
787.2,2.50,10.109,2527.13,0.9373
787.2,2.58,10.097,2524.24,0.9363
787.2,2.66,10.086,2521.50,0.9353
787.2,2.74,10.076,2518.89,0.9344
787.2,2.82,10.066,2516.41,0.9334
787.2,2.90,10.056,2514.04,0.9325
787.2,2.98,10.047,2511.78,0.9316
787.2,3.06,10.038,2509.62,0.9307
787.2,3.14,10.030,2507.55,0.9298
787.2,3.22,10.022,2505.56,0.9290
787.2,3.30,10.015,2503.65,0.9282
787.2,3.38,10.007,2501.80,0.9273
787.2,3.46,10.000,2500.00,0.9265
787.2,3.54,9.993,2498.26,0.9258
787.2,3.62,9.986,2496.55,0.9250
787.2,3.70,9.979,2494.87,0.9243
787.2,3.79,9.973,2493.22,0.9235
787.2,3.87,9.967,2491.65,0.9228
787.2,3.95,9.961,2490.18,0.9220
787.2,4.03,9.955,2488.78,0.9212
787.2,4.11,9.949,2487.27,0.9205
787.2,4.19,9.942,2485.54,0.9199
787.2,4.27,9.934,2483.44,0.9194
787.2,4.35,9.925,2481.30,0.9188
787.2,4.43,9.917,2479.31,0.9182
787.2,4.51,9.910,2477.43,0.9175
787.2,4.59,9.902,2475.61,0.9169
787.2,4.67,9.895,2473.80,0.9162
787.2,4.75,9.888,2471.99,0.9156
787.2,4.83,9.881,2470.20,0.9149
787.2,4.91,9.874,2468.40,0.9143
787.2,4.99,9.866,2466.60,0.9136
787.2,5.07,9.859,2464.79,0.9130
787.2,5.15,9.852,2462.98,0.9123
787.2,5.23,9.845,2461.14,0.9116
787.2,5.32,9.837,2459.29,0.9110
787.2,5.40,9.830,2457.42,0.9103
787.2,5.48,9.822,2455.52,0.9096
787.2,5.56,9.814,2453.58,0.9089
787.2,5.64,9.806,2451.62,0.9081
787.2,5.72,9.798,2449.61,0.9074
787.2,5.80,9.790,2447.58,0.9066
787.2,5.88,9.782,2445.57,0.9057
787.2,5.96,9.774,2443.59,0.9048
787.2,6.04,9.766,2441.60,0.9038
787.2,6.12,9.757,2439.24,0.9027
787.2,6.20,9.746,2436.55,0.9017
787.2,6.28,9.735,2433.63,0.9007
787.2,6.36,9.723,2430.67,0.8998
787.2,6.44,9.711,2427.71,0.8987
787.2,6.52,9.699,2424.73,0.8976
787.2,6.60,9.687,2421.69,0.8965
787.2,6.68,9.674,2418.56,0.8953
787.2,6.77,9.661,2415.35,0.8941
787.2,6.85,9.648,2412.05,0.8929
787.2,6.93,9.635,2408.68,0.8917
787.2,7.01,9.621,2405.23,0.8904
787.2,7.09,9.607,2401.71,0.8891
787.2,7.17,9.592,2398.11,0.8878
787.2,7.25,9.578,2394.45,0.8865
787.2,7.33,9.563,2390.73,0.8851
787.2,7.41,9.548,2386.94,0.8838
787.2,7.49,9.532,2383.09,0.8824
787.2,7.57,9.517,2379.18,0.8810
787.2,7.65,9.501,2375.22,0.8796
787.2,7.73,9.485,2371.21,0.8781
787.2,7.81,9.469,2367.18,0.8767
787.2,7.89,9.453,2363.23,0.8752
787.2,7.97,9.438,2359.38,0.8736
787.2,8.05,9.422,2355.61,0.8721
787.2,8.13,9.407,2351.75,0.8706
787.2,8.21,9.391,2347.75,0.8692
787.2,8.30,9.374,2343.57,0.8679
787.2,8.38,9.357,2339.22,0.8665
787.2,8.46,9.339,2334.73,0.8649
787.2,8.54,9.320,2330.11,0.8633
787.2,8.62,9.302,2325.41,0.8616
787.2,8.70,9.283,2320.65,0.8599
787.2,8.78,9.263,2315.84,0.8582
787.2,8.86,9.244,2311.01,0.8565
787.2,8.94,9.225,2306.17,0.8547
787.2,9.02,9.205,2301.33,0.8530
787.2,9.10,9.186,2296.51,0.8513
787.2,9.18,9.167,2291.72,0.8495
787.2,9.26,9.148,2286.98,0.8478
787.2,9.34,9.129,2282.30,0.8461
787.2,9.42,9.111,2277.71,0.8444
787.2,9.50,9.093,2273.20,0.8428
787.2,9.58,9.075,2268.81,0.8411
787.2,9.66,9.058,2264.54,0.8396
787.2,9.74,9.042,2260.41,0.8380
787.2,9.83,9.026,2256.46,0.8365
787.2,9.91,9.011,2252.73,0.8350
787.2,9.99,8.997,2249.26,0.8335
787.2,10.07,8.984,2246.07,0.8320
787.2,10.15,8.973,2243.15,0.8307
787.2,10.23,8.962,2240.38,0.8296
787.2,10.31,8.951,2237.72,0.8287
787.2,10.39,8.941,2235.14,0.8278
787.2,10.47,8.931,2232.64,0.8268
787.2,10.55,8.921,2230.21,0.8259
787.2,10.63,8.911,2227.85,0.8249
787.2,10.71,8.902,2225.55,0.8240
787.2,10.79,8.893,2223.30,0.8231
787.2,10.87,8.884,2221.08,0.8223
787.2,10.95,8.876,2218.88,0.8214
787.2,11.03,8.867,2216.67,0.8206
787.2,11.11,8.858,2214.44,0.8197
787.2,11.19,8.849,2212.18,0.8189
787.2,11.28,8.839,2209.87,0.8180
787.2,11.36,8.830,2207.49,0.8172
787.2,11.44,8.820,2205.02,0.8163
787.2,11.52,8.810,2202.46,0.8154
787.2,11.60,8.799,2199.78,0.8145
787.2,11.68,8.788,2196.97,0.8136
787.2,11.76,8.776,2194.01,0.8126
787.2,11.84,8.763,2190.82,0.8115
787.2,11.92,8.749,2187.33,0.8104
787.2,12.00,8.734,2183.49,0.8090
792.6,0.00,11.002,2750.50,
792.6,0.08,10.973,2743.25,
792.6,0.16,10.944,2735.95,
792.6,0.24,10.915,2728.81,
792.6,0.32,10.887,2721.85,
792.6,0.40,10.860,2714.96,
792.6,0.48,10.833,2708.14,
792.6,0.56,10.806,2701.38,
792.6,0.64,10.779,2694.70,
792.6,0.72,10.752,2688.10,
792.6,0.81,10.726,2681.59,
792.6,0.89,10.701,2675.17,
792.6,0.97,10.675,2668.85,
792.6,1.05,10.651,2662.64,
792.6,1.13,10.626,2656.54,
792.6,1.21,10.602,2650.56,
792.6,1.29,10.579,2644.70,
792.6,1.37,10.556,2638.98,
792.6,1.45,10.534,2633.39,
792.6,1.53,10.512,2627.95,
792.6,1.61,10.491,2622.66,
792.6,1.69,10.470,2617.53,
792.6,1.77,10.450,2612.56,
792.6,1.85,10.431,2607.77,
792.6,1.93,10.413,2603.23,
792.6,2.01,10.396,2599.05,0.9454
792.6,2.09,10.380,2595.08,0.9441
792.6,2.17,10.364,2591.06,0.9430
792.6,2.26,10.349,2587.29,0.9419
792.6,2.34,10.335,2583.82,0.9408
792.6,2.42,10.322,2580.53,0.9397
792.6,2.50,10.310,2577.40,0.9386
792.6,2.58,10.298,2574.41,0.9376
792.6,2.66,10.286,2571.55,0.9366
792.6,2.74,10.275,2568.83,0.9356
792.6,2.82,10.265,2566.23,0.9346
792.6,2.90,10.255,2563.73,0.9337
792.6,2.98,10.245,2561.34,0.9327
792.6,3.06,10.236,2559.04,0.9318
792.6,3.14,10.227,2556.82,0.9309
792.6,3.22,10.219,2554.69,0.9300
792.6,3.30,10.210,2552.62,0.9292
792.6,3.38,10.202,2550.60,0.9283
792.6,3.46,10.195,2548.64,0.9275
792.6,3.54,10.187,2546.72,0.9267
792.6,3.62,10.179,2544.83,0.9259
792.6,3.70,10.172,2542.97,0.9251
792.6,3.79,10.164,2541.12,0.9243
792.6,3.87,10.157,2539.28,0.9236
792.6,3.95,10.150,2537.50,0.9228
792.6,4.03,10.143,2535.79,0.9220
792.6,4.11,10.136,2533.94,0.9214
792.6,4.19,10.127,2531.80,0.9207
792.6,4.27,10.119,2529.74,0.9200
792.6,4.35,10.111,2527.78,0.9193
792.6,4.43,10.103,2525.85,0.9187
792.6,4.51,10.096,2523.94,0.9180
792.6,4.59,10.088,2522.04,0.9173
792.6,4.67,10.081,2520.15,0.9166
792.6,4.75,10.073,2518.27,0.9160
792.6,4.83,10.066,2516.38,0.9153
792.6,4.91,10.058,2514.50,0.9146
792.6,4.99,10.050,2512.61,0.9140
792.6,5.07,10.043,2510.71,0.9133
792.6,5.15,10.035,2508.80,0.9126
792.6,5.23,10.027,2506.87,0.9119
792.6,5.32,10.020,2504.92,0.9112
792.6,5.40,10.012,2502.94,0.9105
792.6,5.48,10.004,2500.94,0.9098
792.6,5.56,9.996,2498.90,0.9090
792.6,5.64,9.987,2496.82,0.9082
792.6,5.72,9.979,2494.70,0.9075
792.6,5.80,9.970,2492.54,0.9067
792.6,5.88,9.961,2490.34,0.9058
792.6,5.96,9.953,2488.14,0.9049
792.6,6.04,9.944,2485.92,0.9039
792.6,6.12,9.933,2483.36,0.9029
792.6,6.20,9.922,2480.59,0.9020
792.6,6.28,9.911,2477.80,0.9010
792.6,6.36,9.900,2474.98,0.8999
792.6,6.44,9.888,2472.07,0.8988
792.6,6.52,9.876,2469.07,0.8977
792.6,6.60,9.864,2465.98,0.8966
792.6,6.68,9.851,2462.80,0.8954
792.6,6.77,9.838,2459.54,0.8942
792.6,6.85,9.825,2456.20,0.8930
792.6,6.93,9.811,2452.78,0.8918
792.6,7.01,9.797,2449.29,0.8905
792.6,7.09,9.783,2445.73,0.8892
792.6,7.17,9.768,2442.10,0.8879
792.6,7.25,9.754,2438.40,0.8866
792.6,7.33,9.739,2434.64,0.8853
792.6,7.41,9.723,2430.81,0.8839
792.6,7.49,9.708,2426.93,0.8825
792.6,7.57,9.692,2423.00,0.8811
792.6,7.65,9.676,2419.01,0.8797
792.6,7.73,9.660,2414.97,0.8783
792.6,7.81,9.644,2410.89,0.8768
792.6,7.89,9.627,2406.77,0.8754
792.6,7.97,9.611,2402.74,0.8739
792.6,8.05,9.595,2398.78,0.8723
792.6,8.13,9.579,2394.70,0.8709
792.6,8.21,9.562,2390.44,0.8695
792.6,8.30,9.544,2386.01,0.8680
792.6,8.38,9.526,2381.45,0.8664
792.6,8.46,9.507,2376.80,0.8647
792.6,8.54,9.488,2372.07,0.8631
792.6,8.62,9.469,2367.27,0.8614
792.6,8.70,9.450,2362.43,0.8596
792.6,8.78,9.430,2357.55,0.8579
792.6,8.86,9.411,2352.66,0.8562
792.6,8.94,9.391,2347.77,0.8544
792.6,9.02,9.372,2342.88,0.8527
792.6,9.10,9.352,2338.03,0.8510
792.6,9.18,9.333,2333.22,0.8493
792.6,9.26,9.314,2328.47,0.8476
792.6,9.34,9.295,2323.79,0.8459
792.6,9.42,9.277,2319.20,0.8442
792.6,9.50,9.259,2314.71,0.8426
792.6,9.58,9.241,2310.35,0.8410
792.6,9.66,9.224,2306.12,0.8394
792.6,9.74,9.208,2302.04,0.8379
792.6,9.83,9.192,2298.12,0.8364
792.6,9.91,9.178,2294.40,0.8350
792.6,9.99,9.164,2290.93,0.8336
792.6,10.07,9.151,2287.75,0.8322
792.6,10.15,9.139,2284.78,0.8311
792.6,10.23,9.128,2281.92,0.8300
792.6,10.31,9.117,2279.15,0.8289
792.6,10.39,9.106,2276.48,0.8279
792.6,10.47,9.096,2273.92,0.8269
792.6,10.55,9.086,2271.43,0.8259
792.6,10.63,9.076,2269.02,0.8249
792.6,10.71,9.067,2266.66,0.8240
792.6,10.79,9.057,2264.33,0.8231
792.6,10.87,9.048,2262.03,0.8222
792.6,10.95,9.039,2259.72,0.8213
792.6,11.03,9.030,2257.40,0.8205
792.6,11.11,9.020,2255.06,0.8196
792.6,11.19,9.011,2252.67,0.8187
792.6,11.28,9.001,2250.21,0.8179
792.6,11.36,8.991,2247.68,0.8170
792.6,11.44,8.980,2245.05,0.8160
792.6,11.52,8.969,2242.32,0.8151
792.6,11.60,8.958,2239.45,0.8141
792.6,11.68,8.946,2236.45,0.8132
792.6,11.76,8.933,2233.28,0.8121
792.6,11.84,8.920,2229.94,0.8110
792.6,11.92,8.905,2226.36,0.8099
792.6,12.00,8.890,2222.45,0.8086
798.0,0.00,11.196,2798.98,
798.0,0.08,11.167,2791.87,
798.0,0.16,11.139,2784.85,
798.0,0.24,11.112,2777.88,
798.0,0.32,11.084,2770.96,
798.0,0.40,11.056,2764.09,
798.0,0.48,11.029,2757.30,
798.0,0.56,11.002,2750.57,
798.0,0.64,10.976,2743.93,
798.0,0.72,10.949,2737.37,
798.0,0.81,10.924,2730.90,
798.0,0.89,10.898,2724.53,
798.0,0.97,10.873,2718.26,
798.0,1.05,10.848,2712.10,
798.0,1.13,10.824,2706.06,
798.0,1.21,10.801,2700.15,
798.0,1.29,10.777,2694.36,
798.0,1.37,10.755,2688.71,
798.0,1.45,10.733,2683.20,
798.0,1.53,10.711,2677.84,
798.0,1.61,10.691,2672.64,
798.0,1.69,10.670,2667.60,
798.0,1.77,10.651,2662.73,
798.0,1.85,10.632,2658.03,
798.0,1.93,10.614,2653.52,
798.0,2.01,10.597,2649.23,0.9466
798.0,2.09,10.581,2645.13,0.9454
798.0,2.17,10.565,2641.25,0.9443
798.0,2.26,10.550,2637.54,0.9431
798.0,2.34,10.536,2633.99,0.9420
798.0,2.42,10.522,2630.60,0.9409
798.0,2.50,10.509,2627.36,0.9398
798.0,2.58,10.497,2624.26,0.9387
798.0,2.66,10.485,2621.29,0.9377
798.0,2.74,10.474,2618.45,0.9366
798.0,2.82,10.463,2615.71,0.9356
798.0,2.90,10.452,2613.09,0.9347
798.0,2.98,10.442,2610.55,0.9337
798.0,3.06,10.432,2608.11,0.9327
798.0,3.14,10.423,2605.74,0.9318
798.0,3.22,10.414,2603.45,0.9309
798.0,3.30,10.405,2601.21,0.9300
798.0,3.38,10.396,2599.03,0.9291
798.0,3.46,10.388,2596.89,0.9283
798.0,3.54,10.379,2594.79,0.9274
798.0,3.62,10.371,2592.72,0.9266
798.0,3.70,10.363,2590.66,0.9258
798.0,3.79,10.354,2588.62,0.9250
798.0,3.87,10.346,2586.57,0.9242
798.0,3.95,10.338,2584.52,0.9234
798.0,4.03,10.330,2582.48,0.9227
798.0,4.11,10.321,2580.36,0.9219
798.0,4.19,10.313,2578.28,0.9212
798.0,4.27,10.305,2576.24,0.9205
798.0,4.35,10.297,2574.22,0.9198
798.0,4.43,10.289,2572.21,0.9191
798.0,4.51,10.281,2570.22,0.9184
798.0,4.59,10.273,2568.25,0.9177
798.0,4.67,10.265,2566.28,0.9170
798.0,4.75,10.257,2564.31,0.9163
798.0,4.83,10.249,2562.34,0.9156
798.0,4.91,10.241,2560.37,0.9149
798.0,4.99,10.234,2558.39,0.9142
798.0,5.07,10.226,2556.40,0.9135
798.0,5.15,10.218,2554.39,0.9128
798.0,5.23,10.209,2552.36,0.9121
798.0,5.32,10.201,2550.31,0.9114
798.0,5.40,10.193,2548.22,0.9106
798.0,5.48,10.184,2546.11,0.9099
798.0,5.56,10.176,2543.96,0.9091
798.0,5.64,10.167,2541.77,0.9083
798.0,5.72,10.158,2539.54,0.9075
798.0,5.80,10.149,2537.26,0.9067
798.0,5.88,10.140,2534.93,0.9058
798.0,5.96,10.130,2532.55,0.9049
798.0,6.04,10.120,2530.09,0.9039
798.0,6.12,10.110,2527.51,0.9030
798.0,6.20,10.099,2524.83,0.9020
798.0,6.28,10.088,2522.06,0.9010
798.0,6.36,10.077,2519.19,0.8999
798.0,6.44,10.065,2516.23,0.8988
798.0,6.52,10.053,2513.18,0.8977
798.0,6.60,10.040,2510.05,0.8966
798.0,6.68,10.027,2506.83,0.8954
798.0,6.77,10.014,2503.53,0.8942
798.0,6.85,10.001,2500.15,0.8930
798.0,6.93,9.987,2496.70,0.8918
798.0,7.01,9.973,2493.17,0.8905
798.0,7.09,9.958,2489.58,0.8893
798.0,7.17,9.944,2485.92,0.8880
798.0,7.25,9.929,2482.19,0.8867
798.0,7.33,9.914,2478.40,0.8853
798.0,7.41,9.898,2474.56,0.8840
798.0,7.49,9.883,2470.65,0.8826
798.0,7.57,9.867,2466.70,0.8812
798.0,7.65,9.851,2462.69,0.8798
798.0,7.73,9.835,2458.63,0.8784
798.0,7.81,9.818,2454.53,0.8770
798.0,7.89,9.802,2450.39,0.8755
798.0,7.97,9.785,2446.21,0.8740
798.0,8.05,9.768,2442.03,0.8726
798.0,8.13,9.751,2437.71,0.8711
798.0,8.21,9.733,2433.25,0.8695
798.0,8.30,9.715,2428.68,0.8679
798.0,8.38,9.696,2424.00,0.8663
798.0,8.46,9.677,2419.25,0.8646
798.0,8.54,9.658,2414.42,0.8629
798.0,8.62,9.638,2409.55,0.8612
798.0,8.70,9.619,2404.63,0.8595
798.0,8.78,9.599,2399.69,0.8578
798.0,8.86,9.579,2394.75,0.8560
798.0,8.94,9.559,2389.81,0.8543
798.0,9.02,9.540,2384.89,0.8526
798.0,9.10,9.520,2380.02,0.8508
798.0,9.18,9.501,2375.19,0.8491
798.0,9.26,9.482,2370.44,0.8474
798.0,9.34,9.463,2365.77,0.8458
798.0,9.42,9.445,2361.20,0.8441
798.0,9.50,9.427,2356.74,0.8425
798.0,9.58,9.410,2352.41,0.8410
798.0,9.66,9.393,2348.23,0.8394
798.0,9.74,9.377,2344.21,0.8379
798.0,9.83,9.361,2340.37,0.8365
798.0,9.91,9.347,2336.71,0.8351
798.0,9.99,9.333,2333.27,0.8338
798.0,10.07,9.320,2330.07,0.8326
798.0,10.15,9.308,2327.01,0.8314
798.0,10.23,9.296,2324.08,0.8302
798.0,10.31,9.285,2321.28,0.8291
798.0,10.39,9.274,2318.59,0.8281
798.0,10.47,9.264,2315.98,0.8271
798.0,10.55,9.254,2313.45,0.8261
798.0,10.63,9.244,2310.98,0.8251
798.0,10.71,9.234,2308.54,0.8242
798.0,10.79,9.225,2306.13,0.8233
798.0,10.87,9.215,2303.73,0.8224
798.0,10.95,9.205,2301.33,0.8215
798.0,11.03,9.196,2298.89,0.8206
798.0,11.11,9.186,2296.42,0.8197
798.0,11.19,9.176,2293.89,0.8188
798.0,11.28,9.165,2291.29,0.8178
798.0,11.36,9.154,2288.60,0.8169
798.0,11.44,9.143,2285.80,0.8160
798.0,11.52,9.132,2282.89,0.8150
798.0,11.60,9.119,2279.83,0.8140
798.0,11.68,9.106,2276.62,0.8129
798.0,11.76,9.093,2273.24,0.8118
798.0,11.84,9.079,2269.68,0.8107
798.0,11.92,9.064,2265.91,0.8095
798.0,12.00,9.048,2261.91,0.8083
803.4,0.00,11.391,2847.75,
803.4,0.08,11.363,2840.72,
803.4,0.16,11.335,2833.71,
803.4,0.24,11.307,2826.75,
803.4,0.32,11.279,2819.85,
803.4,0.40,11.252,2813.02,
803.4,0.48,11.225,2806.25,
803.4,0.56,11.198,2799.56,
803.4,0.64,11.172,2792.95,
803.4,0.72,11.146,2786.43,
803.4,0.81,11.120,2780.01,
803.4,0.89,11.095,2773.69,
803.4,0.97,11.070,2767.48,
803.4,1.05,11.046,2761.38,
803.4,1.13,11.022,2755.40,
803.4,1.21,10.998,2749.55,
803.4,1.29,10.975,2743.84,
803.4,1.37,10.953,2738.26,
803.4,1.45,10.931,2732.84,
803.4,1.53,10.910,2727.56,
803.4,1.61,10.890,2722.45,
803.4,1.69,10.870,2717.50,
803.4,1.77,10.851,2712.73,
803.4,1.85,10.833,2708.14,
803.4,1.93,10.815,2703.72,
803.4,2.01,10.798,2699.40,0.9478
803.4,2.09,10.781,2695.24,0.9466
803.4,2.17,10.765,2691.27,0.9454
803.4,2.26,10.750,2687.46,0.9442
803.4,2.34,10.735,2683.82,0.9430
803.4,2.42,10.721,2680.33,0.9419
803.4,2.50,10.708,2676.97,0.9408
803.4,2.58,10.695,2673.76,0.9397
803.4,2.66,10.683,2670.66,0.9386
803.4,2.74,10.671,2667.69,0.9376
803.4,2.82,10.659,2664.82,0.9365
803.4,2.90,10.648,2662.05,0.9355
803.4,2.98,10.637,2659.37,0.9345
803.4,3.06,10.627,2656.77,0.9335
803.4,3.14,10.617,2654.25,0.9326
803.4,3.22,10.607,2651.79,0.9316
803.4,3.30,10.598,2649.39,0.9307
803.4,3.38,10.588,2647.03,0.9298
803.4,3.46,10.579,2644.71,0.9289
803.4,3.54,10.570,2642.42,0.9280
803.4,3.62,10.561,2640.16,0.9272
803.4,3.70,10.552,2637.90,0.9263
803.4,3.79,10.543,2635.65,0.9255
803.4,3.87,10.534,2633.40,0.9247
803.4,3.95,10.524,2631.12,0.9239
803.4,4.03,10.515,2628.81,0.9231
803.4,4.11,10.507,2626.63,0.9223
803.4,4.19,10.498,2624.49,0.9216
803.4,4.27,10.490,2622.38,0.9208
803.4,4.35,10.481,2620.28,0.9201
803.4,4.43,10.473,2618.20,0.9194
803.4,4.51,10.465,2616.14,0.9187
803.4,4.59,10.456,2614.08,0.9180
803.4,4.67,10.448,2612.03,0.9173
803.4,4.75,10.440,2609.97,0.9166
803.4,4.83,10.432,2607.92,0.9159
803.4,4.91,10.423,2605.85,0.9152
803.4,4.99,10.415,2603.78,0.9145
803.4,5.07,10.407,2601.69,0.9137
803.4,5.15,10.398,2599.58,0.9130
803.4,5.23,10.390,2597.45,0.9123
803.4,5.32,10.381,2595.29,0.9115
803.4,5.40,10.372,2593.11,0.9107
803.4,5.48,10.364,2590.88,0.9100
803.4,5.56,10.354,2588.62,0.9092
803.4,5.64,10.345,2586.32,0.9083
803.4,5.72,10.336,2583.97,0.9075
803.4,5.80,10.326,2581.57,0.9066
803.4,5.88,10.316,2579.12,0.9057
803.4,5.96,10.307,2576.66,0.9048
803.4,6.04,10.297,2574.17,0.9039
803.4,6.12,10.286,2571.55,0.9029
803.4,6.20,10.275,2568.83,0.9019
803.4,6.28,10.264,2566.02,0.9009
803.4,6.36,10.252,2563.11,0.8998
803.4,6.44,10.240,2560.11,0.8987
803.4,6.52,10.228,2557.03,0.8976
803.4,6.60,10.215,2553.86,0.8965
803.4,6.68,10.202,2550.60,0.8954
803.4,6.77,10.189,2547.27,0.8942
803.4,6.85,10.175,2543.87,0.8930
803.4,6.93,10.162,2540.38,0.8918
803.4,7.01,10.147,2536.83,0.8905
803.4,7.09,10.133,2533.21,0.8893
803.4,7.17,10.118,2529.53,0.8880
803.4,7.25,10.103,2525.78,0.8867
803.4,7.33,10.088,2521.97,0.8854
803.4,7.41,10.072,2518.11,0.8840
803.4,7.49,10.057,2514.19,0.8827
803.4,7.57,10.041,2510.22,0.8813
803.4,7.65,10.025,2506.20,0.8799
803.4,7.73,10.009,2502.14,0.8785
803.4,7.81,9.992,2498.03,0.8770
803.4,7.89,9.976,2493.88,0.8756
803.4,7.97,9.959,2489.71,0.8742
803.4,8.05,9.942,2485.47,0.8727
803.4,8.13,9.924,2481.01,0.8712
803.4,8.21,9.906,2476.43,0.8696
803.4,8.30,9.887,2471.74,0.8680
803.4,8.38,9.868,2466.97,0.8663
803.4,8.46,9.848,2462.12,0.8646
803.4,8.54,9.829,2457.21,0.8629
803.4,8.62,9.809,2452.26,0.8612
803.4,8.70,9.789,2447.28,0.8595
803.4,8.78,9.769,2442.29,0.8578
803.4,8.86,9.749,2437.31,0.8561
803.4,8.94,9.729,2432.33,0.8543
803.4,9.02,9.710,2427.40,0.8526
803.4,9.10,9.690,2422.51,0.8509
803.4,9.18,9.671,2417.68,0.8492
803.4,9.26,9.652,2412.94,0.8475
803.4,9.34,9.633,2408.29,0.8459
803.4,9.42,9.615,2403.74,0.8443
803.4,9.50,9.597,2399.33,0.8427
803.4,9.58,9.580,2395.05,0.8411
803.4,9.66,9.564,2390.93,0.8396
803.4,9.74,9.548,2386.98,0.8382
803.4,9.83,9.533,2383.21,0.8368
803.4,9.91,9.519,2379.64,0.8355
803.4,9.99,9.505,2376.28,0.8342
803.4,10.07,9.492,2373.10,0.8330
803.4,10.15,9.480,2370.04,0.8318
803.4,10.23,9.468,2367.11,0.8307
803.4,10.31,9.457,2364.28,0.8296
803.4,10.39,9.446,2361.56,0.8285
803.4,10.47,9.436,2358.91,0.8275
803.4,10.55,9.425,2356.32,0.8265
803.4,10.63,9.415,2353.78,0.8255
803.4,10.71,9.405,2351.27,0.8246
803.4,10.79,9.395,2348.77,0.8237
803.4,10.87,9.385,2346.27,0.8227
803.4,10.95,9.375,2343.75,0.8218
803.4,11.03,9.365,2341.20,0.8209
803.4,11.11,9.354,2338.60,0.8200
803.4,11.19,9.344,2335.93,0.8190
803.4,11.28,9.333,2333.17,0.8181
803.4,11.36,9.321,2330.32,0.8171
803.4,11.44,9.309,2327.35,0.8161
803.4,11.52,9.297,2324.24,0.8151
803.4,11.60,9.284,2320.99,0.8140
803.4,11.68,9.270,2317.58,0.8129
803.4,11.76,9.256,2313.98,0.8118
803.4,11.84,9.241,2310.19,0.8106
803.4,11.92,9.225,2306.15,0.8094
803.4,12.00,9.207,2301.86,0.8081
808.7,0.00,11.587,2896.76,
808.7,0.08,11.559,2889.82,
808.7,0.16,11.531,2882.86,
808.7,0.24,11.504,2875.92,
808.7,0.32,11.476,2869.04,
808.7,0.40,11.449,2862.23,
808.7,0.48,11.422,2855.50,
808.7,0.56,11.395,2848.84,
808.7,0.64,11.369,2842.27,
808.7,0.72,11.343,2835.80,
808.7,0.81,11.318,2829.42,
808.7,0.89,11.293,2823.15,
808.7,0.97,11.268,2817.00,
808.7,1.05,11.244,2810.96,
808.7,1.13,11.220,2805.05,
808.7,1.21,11.197,2799.27,
808.7,1.29,11.175,2793.63,
808.7,1.37,11.153,2788.14,
808.7,1.45,11.131,2782.79,
808.7,1.53,11.110,2777.61,
808.7,1.61,11.090,2772.58,
808.7,1.69,11.071,2767.73,
808.7,1.77,11.052,2763.03,
808.7,1.85,11.034,2758.48,
808.7,1.93,11.016,2754.00,
808.7,2.01,10.998,2749.54,0.9489
808.7,2.09,10.981,2745.24,0.9476
808.7,2.17,10.965,2741.16,0.9464
808.7,2.26,10.949,2737.25,0.9452
808.7,2.34,10.934,2733.50,0.9440
808.7,2.42,10.920,2729.90,0.9428
808.7,2.50,10.906,2726.43,0.9417
808.7,2.58,10.892,2723.09,0.9405
808.7,2.66,10.879,2719.87,0.9394
808.7,2.74,10.867,2716.76,0.9383
808.7,2.82,10.855,2713.75,0.9373
808.7,2.90,10.843,2710.84,0.9362
808.7,2.98,10.832,2708.01,0.9352
808.7,3.06,10.821,2705.25,0.9342
808.7,3.14,10.810,2702.56,0.9332
808.7,3.22,10.800,2699.94,0.9322
808.7,3.30,10.789,2697.36,0.9313
808.7,3.38,10.779,2694.82,0.9303
808.7,3.46,10.769,2692.32,0.9294
808.7,3.54,10.759,2689.84,0.9285
808.7,3.62,10.750,2687.38,0.9276
808.7,3.70,10.740,2684.92,0.9267
808.7,3.79,10.730,2682.45,0.9259
808.7,3.87,10.720,2679.92,0.9250
808.7,3.95,10.709,2677.23,0.9242
808.7,4.03,10.699,2674.71,0.9233
808.7,4.11,10.689,2672.35,0.9225
808.7,4.19,10.680,2670.11,0.9217
808.7,4.27,10.672,2667.92,0.9210
808.7,4.35,10.663,2665.75,0.9202
808.7,4.43,10.654,2663.59,0.9195
808.7,4.51,10.646,2661.44,0.9188
808.7,4.59,10.637,2659.30,0.9181
808.7,4.67,10.629,2657.16,0.9174
808.7,4.75,10.620,2655.01,0.9166
808.7,4.83,10.611,2652.86,0.9159
808.7,4.91,10.603,2650.70,0.9152
808.7,4.99,10.594,2648.53,0.9144
808.7,5.07,10.585,2646.34,0.9137
808.7,5.15,10.577,2644.13,0.9130
808.7,5.23,10.568,2641.89,0.9122
808.7,5.32,10.559,2639.63,0.9114
808.7,5.40,10.549,2637.33,0.9106
808.7,5.48,10.540,2634.99,0.9098
808.7,5.56,10.530,2632.61,0.9089
808.7,5.64,10.521,2630.19,0.9081
808.7,5.72,10.511,2627.74,0.9072
808.7,5.80,10.501,2625.29,0.9063
808.7,5.88,10.492,2622.89,0.9055
808.7,5.96,10.482,2620.58,0.9046
808.7,6.04,10.472,2618.09,0.9037
808.7,6.12,10.462,2615.45,0.9027
808.7,6.20,10.451,2612.70,0.9017
808.7,6.28,10.439,2609.85,0.9007
808.7,6.36,10.428,2606.90,0.8996
808.7,6.44,10.415,2603.87,0.8986
808.7,6.52,10.403,2600.75,0.8975
808.7,6.60,10.390,2597.56,0.8964
808.7,6.68,10.377,2594.28,0.8952
808.7,6.77,10.364,2590.92,0.8941
808.7,6.85,10.350,2587.49,0.8929
808.7,6.93,10.336,2583.99,0.8917
808.7,7.01,10.322,2580.41,0.8904
808.7,7.09,10.307,2576.78,0.8892
808.7,7.17,10.292,2573.08,0.8879
808.7,7.25,10.277,2569.31,0.8866
808.7,7.33,10.262,2565.49,0.8853
808.7,7.41,10.246,2561.62,0.8840
808.7,7.49,10.231,2557.69,0.8826
808.7,7.57,10.215,2553.71,0.8813
808.7,7.65,10.199,2549.69,0.8799
808.7,7.73,10.183,2545.63,0.8785
808.7,7.81,10.166,2541.54,0.8771
808.7,7.89,10.150,2537.43,0.8757
808.7,7.97,10.133,2533.32,0.8743
808.7,8.05,10.117,2529.17,0.8729
808.7,8.13,10.099,2524.73,0.8713
808.7,8.21,10.080,2520.06,0.8697
808.7,8.30,10.061,2515.27,0.8681
808.7,8.38,10.042,2510.41,0.8664
808.7,8.46,10.022,2505.48,0.8648
808.7,8.54,10.002,2500.51,0.8631
808.7,8.62,9.982,2495.50,0.8613
808.7,8.70,9.962,2490.47,0.8596
808.7,8.78,9.942,2485.44,0.8579
808.7,8.86,9.922,2480.43,0.8562
808.7,8.94,9.902,2475.44,0.8545
808.7,9.02,9.882,2470.50,0.8528
808.7,9.10,9.862,2465.61,0.8511
808.7,9.18,9.843,2460.80,0.8494
808.7,9.26,9.824,2456.08,0.8477
808.7,9.34,9.806,2451.46,0.8461
808.7,9.42,9.788,2446.96,0.8445
808.7,9.50,9.770,2442.60,0.8430
808.7,9.58,9.754,2438.38,0.8415
808.7,9.66,9.737,2434.33,0.8400
808.7,9.74,9.722,2430.45,0.8386
808.7,9.83,9.707,2426.72,0.8373
808.7,9.91,9.693,2423.24,0.8360
808.7,9.99,9.680,2420.01,0.8348
808.7,10.07,9.668,2416.90,0.8336
808.7,10.15,9.656,2413.88,0.8324
808.7,10.23,9.644,2410.93,0.8313
808.7,10.31,9.632,2408.09,0.8302
808.7,10.39,9.621,2405.32,0.8292
808.7,10.47,9.611,2402.63,0.8281
808.7,10.55,9.600,2399.98,0.8271
808.7,10.63,9.589,2397.37,0.8262
808.7,10.71,9.579,2394.78,0.8252
808.7,10.79,9.569,2392.20,0.8243
808.7,10.87,9.558,2389.60,0.8233
808.7,10.95,9.548,2386.97,0.8224
808.7,11.03,9.537,2384.29,0.8214
808.7,11.11,9.526,2381.56,0.8205
808.7,11.19,9.515,2378.74,0.8195
808.7,11.28,9.503,2375.83,0.8185
808.7,11.36,9.491,2372.81,0.8175
808.7,11.44,9.479,2369.67,0.8165
808.7,11.52,9.466,2366.38,0.8154
808.7,11.60,9.452,2362.93,0.8143
808.7,11.68,9.437,2359.30,0.8132
808.7,11.76,9.422,2355.39,0.8120
808.7,11.84,9.405,2351.14,0.8107
808.7,11.92,9.387,2346.66,0.8093
808.7,12.00,9.369,2342.16,0.8079
814.1,0.00,11.784,2946.01,
814.1,0.08,11.757,2939.14,
814.1,0.16,11.729,2932.26,
814.1,0.24,11.702,2925.39,
814.1,0.32,11.674,2918.54,
814.1,0.40,11.647,2911.76,
814.1,0.48,11.620,2905.05,
814.1,0.56,11.594,2898.44,
814.1,0.64,11.568,2891.91,
814.1,0.72,11.542,2885.48,
814.1,0.81,11.517,2879.16,
814.1,0.89,11.492,2872.94,
814.1,0.97,11.467,2866.84,
814.1,1.05,11.443,2860.87,
814.1,1.13,11.420,2855.03,
814.1,1.21,11.397,2849.32,
814.1,1.29,11.375,2843.75,
814.1,1.37,11.353,2838.34,
814.1,1.45,11.332,2833.08,
814.1,1.53,11.312,2827.97,
814.1,1.61,11.292,2823.00,
814.1,1.69,11.273,2818.19,
814.1,1.77,11.254,2813.51,
814.1,1.85,11.235,2808.86,
814.1,1.93,11.217,2804.24,
814.1,2.01,11.199,2799.64,0.9499
814.1,2.09,11.181,2795.20,0.9485
814.1,2.17,11.164,2790.97,0.9473
814.1,2.26,11.148,2786.94,0.9460
814.1,2.34,11.132,2783.08,0.9448
814.1,2.42,11.117,2779.36,0.9436
814.1,2.50,11.103,2775.77,0.9424
814.1,2.58,11.089,2772.30,0.9413
814.1,2.66,11.076,2768.95,0.9401
814.1,2.74,11.063,2765.70,0.9390
814.1,2.82,11.050,2762.54,0.9379
814.1,2.90,11.038,2759.48,0.9368
814.1,2.98,11.026,2756.49,0.9358
814.1,3.06,11.014,2753.58,0.9347
814.1,3.14,11.003,2750.72,0.9337
814.1,3.22,10.992,2747.92,0.9327
814.1,3.30,10.981,2745.17,0.9317
814.1,3.38,10.970,2742.45,0.9307
814.1,3.46,10.959,2739.75,0.9298
814.1,3.54,10.948,2737.07,0.9288
814.1,3.62,10.938,2734.38,0.9279
814.1,3.70,10.927,2731.68,0.9270
814.1,3.79,10.916,2728.88,0.9261
814.1,3.87,10.903,2725.85,0.9252
814.1,3.95,10.892,2722.89,0.9242
814.1,4.03,10.881,2720.18,0.9233
814.1,4.11,10.871,2717.64,0.9225
814.1,4.19,10.861,2715.23,0.9217
814.1,4.27,10.852,2712.91,0.9209
814.1,4.35,10.843,2710.66,0.9201
814.1,4.43,10.834,2708.41,0.9194
814.1,4.51,10.825,2706.18,0.9187
814.1,4.59,10.816,2703.94,0.9179
814.1,4.67,10.807,2701.71,0.9172
814.1,4.75,10.798,2699.47,0.9164
814.1,4.83,10.789,2697.22,0.9157
814.1,4.91,10.780,2694.96,0.9150
814.1,4.99,10.771,2692.69,0.9142
814.1,5.07,10.762,2690.39,0.9134
814.1,5.15,10.752,2688.07,0.9126
814.1,5.23,10.743,2685.72,0.9119
814.1,5.32,10.733,2683.34,0.9110
814.1,5.40,10.724,2680.93,0.9102
814.1,5.48,10.714,2678.48,0.9094
814.1,5.56,10.704,2676.02,0.9085
814.1,5.64,10.694,2673.57,0.9077
814.1,5.72,10.685,2671.13,0.9068
814.1,5.80,10.675,2668.79,0.9060
814.1,5.88,10.666,2666.62,0.9052
814.1,5.96,10.657,2664.34,0.9043
814.1,6.04,10.647,2661.84,0.9034
814.1,6.12,10.637,2659.20,0.9024
814.1,6.20,10.626,2656.44,0.9014
814.1,6.28,10.614,2653.56,0.9004
814.1,6.36,10.602,2650.59,0.8994
814.1,6.44,10.590,2647.53,0.8983
814.1,6.52,10.578,2644.39,0.8973
814.1,6.60,10.565,2641.17,0.8961
814.1,6.68,10.551,2637.87,0.8950
814.1,6.77,10.538,2634.49,0.8939
814.1,6.85,10.524,2631.04,0.8927
814.1,6.93,10.510,2627.53,0.8915
814.1,7.01,10.496,2623.94,0.8903
814.1,7.09,10.481,2620.29,0.8890
814.1,7.17,10.466,2616.58,0.8878
814.1,7.25,10.451,2612.81,0.8865
814.1,7.33,10.436,2608.98,0.8852
814.1,7.41,10.420,2605.10,0.8839
814.1,7.49,10.405,2601.17,0.8825
814.1,7.57,10.389,2597.21,0.8812
814.1,7.65,10.373,2593.21,0.8799
814.1,7.73,10.357,2589.19,0.8785
814.1,7.81,10.341,2585.16,0.8772
814.1,7.89,10.324,2581.11,0.8758
814.1,7.97,10.308,2577.08,0.8744
814.1,8.05,10.292,2573.01,0.8730
814.1,8.13,10.275,2568.65,0.8715
814.1,8.21,10.256,2564.03,0.8699
814.1,8.30,10.237,2559.20,0.8683
814.1,8.38,10.217,2554.27,0.8666
814.1,8.46,10.197,2549.28,0.8650
814.1,8.54,10.177,2544.25,0.8633
814.1,8.62,10.157,2539.20,0.8615
814.1,8.70,10.137,2534.14,0.8598
814.1,8.78,10.116,2529.08,0.8581
814.1,8.86,10.096,2524.06,0.8564
814.1,8.94,10.076,2519.07,0.8547
814.1,9.02,10.057,2514.13,0.8530
814.1,9.10,10.037,2509.26,0.8513
814.1,9.18,10.018,2504.48,0.8497
814.1,9.26,9.999,2499.80,0.8481
814.1,9.34,9.981,2495.23,0.8465
814.1,9.42,9.963,2490.79,0.8449
814.1,9.50,9.946,2486.48,0.8434
814.1,9.58,9.929,2482.32,0.8419
814.1,9.66,9.913,2478.30,0.8405
814.1,9.74,9.898,2474.45,0.8392
814.1,9.83,9.884,2470.89,0.8379
814.1,9.91,9.870,2467.57,0.8367
814.1,9.99,9.858,2464.41,0.8355
814.1,10.07,9.845,2461.36,0.8343
814.1,10.15,9.834,2458.39,0.8332
814.1,10.23,9.822,2455.47,0.8321
814.1,10.31,9.810,2452.61,0.8310
814.1,10.39,9.799,2449.81,0.8300
814.1,10.47,9.788,2447.06,0.8289
814.1,10.55,9.777,2444.36,0.8279
814.1,10.63,9.767,2441.68,0.8270
814.1,10.71,9.756,2439.01,0.8260
814.1,10.79,9.745,2436.33,0.8250
814.1,10.87,9.735,2433.63,0.8241
814.1,10.95,9.724,2430.89,0.8231
814.1,11.03,9.712,2428.09,0.8221
814.1,11.11,9.701,2425.22,0.8212
814.1,11.19,9.689,2422.26,0.8202
814.1,11.28,9.677,2419.19,0.8192
814.1,11.36,9.664,2416.01,0.8181
814.1,11.44,9.651,2412.68,0.8170
814.1,11.52,9.637,2409.16,0.8159
814.1,11.60,9.621,2405.37,0.8147
814.1,11.68,9.605,2401.26,0.8135
814.1,11.76,9.587,2396.81,0.8121
814.1,11.84,9.569,2392.18,0.8107
814.1,11.92,9.550,2387.44,0.8093
814.1,12.00,9.531,2382.78,0.8079
819.5,0.00,11.982,2995.47,
819.5,0.08,11.955,2988.68,
819.5,0.16,11.927,2981.87,
819.5,0.24,11.900,2975.07,
819.5,0.32,11.873,2968.29,
819.5,0.40,11.846,2961.55,
819.5,0.48,11.820,2954.88,
819.5,0.56,11.793,2948.30,
819.5,0.64,11.767,2941.82,
819.5,0.72,11.742,2935.44,
819.5,0.81,11.717,2929.16,
819.5,0.89,11.692,2923.01,
819.5,0.97,11.668,2916.97,
819.5,1.05,11.644,2911.06,
819.5,1.13,11.621,2905.28,
819.5,1.21,11.599,2899.65,
819.5,1.29,11.577,2894.16,
819.5,1.37,11.555,2888.80,
819.5,1.45,11.534,2883.59,
819.5,1.53,11.514,2878.53,
819.5,1.61,11.494,2873.61,
819.5,1.69,11.475,2868.78,
819.5,1.77,11.456,2863.98,
819.5,1.85,11.437,2859.20,
819.5,1.93,11.418,2854.44,
819.5,2.01,11.399,2849.70,0.9508
819.5,2.09,11.380,2845.11,0.9494
819.5,2.17,11.363,2840.73,0.9481
819.5,2.26,11.346,2836.56,0.9468
819.5,2.34,11.330,2832.55,0.9455
819.5,2.42,11.315,2828.71,0.9443
819.5,2.50,11.300,2824.99,0.9431
819.5,2.58,11.286,2821.40,0.9419
819.5,2.66,11.272,2817.90,0.9407
819.5,2.74,11.258,2814.51,0.9396
819.5,2.82,11.245,2811.21,0.9384
819.5,2.90,11.232,2807.99,0.9373
819.5,2.98,11.219,2804.85,0.9362
819.5,3.06,11.207,2801.76,0.9351
819.5,3.14,11.195,2798.74,0.9341
819.5,3.22,11.183,2795.76,0.9330
819.5,3.30,11.171,2792.82,0.9320
819.5,3.38,11.160,2789.89,0.9310
819.5,3.46,11.148,2786.98,0.9300
819.5,3.54,11.136,2784.06,0.9291
819.5,3.62,11.124,2781.12,0.9282
819.5,3.70,11.112,2778.00,0.9272
819.5,3.79,11.099,2774.68,0.9262
819.5,3.87,11.085,2771.29,0.9252
819.5,3.95,11.073,2768.13,0.9242
819.5,4.03,11.061,2765.24,0.9232
819.5,4.11,11.050,2762.53,0.9223
819.5,4.19,11.040,2759.95,0.9214
819.5,4.27,11.030,2757.47,0.9206
819.5,4.35,11.020,2755.08,0.9198
819.5,4.43,11.011,2752.74,0.9191
819.5,4.51,11.002,2750.41,0.9183
819.5,4.59,10.992,2748.08,0.9176
819.5,4.67,10.983,2745.75,0.9168
819.5,4.75,10.974,2743.41,0.9161
819.5,4.83,10.964,2741.06,0.9153
819.5,4.91,10.955,2738.70,0.9145
819.5,4.99,10.945,2736.31,0.9137
819.5,5.07,10.936,2733.91,0.9129
819.5,5.15,10.926,2731.47,0.9121
819.5,5.23,10.916,2729.01,0.9113
819.5,5.32,10.906,2726.53,0.9105
819.5,5.40,10.896,2724.06,0.9097
819.5,5.48,10.886,2721.58,0.9088
819.5,5.56,10.876,2719.12,0.9080
819.5,5.64,10.867,2716.69,0.9071
819.5,5.72,10.858,2714.40,0.9063
819.5,5.80,10.849,2712.30,0.9056
819.5,5.88,10.841,2710.22,0.9048
819.5,5.96,10.832,2707.95,0.9039
819.5,6.04,10.822,2705.45,0.9030
819.5,6.12,10.811,2702.81,0.9021
819.5,6.20,10.800,2700.04,0.9011
819.5,6.28,10.789,2697.17,0.9001
819.5,6.36,10.777,2694.18,0.8991
819.5,6.44,10.764,2691.11,0.8980
819.5,6.52,10.752,2687.94,0.8969
819.5,6.60,10.739,2684.70,0.8959
819.5,6.68,10.726,2681.39,0.8947
819.5,6.77,10.712,2678.00,0.8936
819.5,6.85,10.698,2674.54,0.8924
819.5,6.93,10.684,2671.01,0.8912
819.5,7.01,10.670,2667.42,0.8900
819.5,7.09,10.655,2663.76,0.8888
819.5,7.17,10.640,2660.05,0.8876
819.5,7.25,10.625,2656.27,0.8863
819.5,7.33,10.610,2652.45,0.8850
819.5,7.41,10.594,2648.59,0.8837
819.5,7.49,10.579,2644.70,0.8825
819.5,7.57,10.563,2640.78,0.8812
819.5,7.65,10.547,2636.83,0.8799
819.5,7.73,10.532,2632.88,0.8786
819.5,7.81,10.516,2628.90,0.8772
819.5,7.89,10.500,2624.93,0.8759
819.5,7.97,10.484,2620.99,0.8745
819.5,8.05,10.468,2617.01,0.8732
819.5,8.13,10.451,2612.72,0.8717
819.5,8.21,10.433,2608.17,0.8701
819.5,8.30,10.414,2603.40,0.8685
819.5,8.38,10.394,2598.47,0.8669
819.5,8.46,10.374,2593.43,0.8652
819.5,8.54,10.353,2588.36,0.8635
819.5,8.62,10.333,2583.28,0.8618
819.5,8.70,10.313,2578.21,0.8601
819.5,8.78,10.293,2573.15,0.8584
819.5,8.86,10.272,2568.12,0.8567
819.5,8.94,10.253,2563.14,0.8550
819.5,9.02,10.233,2558.23,0.8534
819.5,9.10,10.214,2553.40,0.8517
819.5,9.18,10.195,2548.66,0.8501
819.5,9.26,10.176,2544.02,0.8485
819.5,9.34,10.158,2539.50,0.8469
819.5,9.42,10.140,2535.10,0.8454
819.5,9.50,10.123,2530.83,0.8440
819.5,9.58,10.107,2526.71,0.8425
819.5,9.66,10.091,2522.79,0.8412
819.5,9.74,10.077,2519.16,0.8399
819.5,9.83,10.063,2515.78,0.8387
819.5,9.91,10.050,2512.55,0.8375
819.5,9.99,10.038,2509.44,0.8363
819.5,10.07,10.026,2506.44,0.8352
819.5,10.15,10.014,2503.50,0.8341
819.5,10.23,10.002,2500.61,0.8330
819.5,10.31,9.991,2497.75,0.8320
819.5,10.39,9.980,2494.93,0.8309
819.5,10.47,9.969,2492.14,0.8299
819.5,10.55,9.957,2489.37,0.8289
819.5,10.63,9.946,2486.62,0.8279
819.5,10.71,9.935,2483.87,0.8269
819.5,10.79,9.924,2481.10,0.8260
819.5,10.87,9.913,2478.30,0.8250
819.5,10.95,9.902,2475.44,0.8240
819.5,11.03,9.890,2472.52,0.8230
819.5,11.11,9.878,2469.51,0.8220
819.5,11.19,9.866,2466.40,0.8210
819.5,11.28,9.853,2463.17,0.8199
819.5,11.36,9.839,2459.73,0.8188
819.5,11.44,9.824,2456.04,0.8177
819.5,11.52,9.808,2452.06,0.8164
819.5,11.60,9.791,2447.76,0.8151
819.5,11.68,9.773,2443.16,0.8137
819.5,11.76,9.754,2438.38,0.8123
819.5,11.84,9.734,2433.45,0.8109
819.5,11.92,9.714,2428.54,0.8094
819.5,12.00,9.695,2423.70,0.8080
824.8,0.00,12.181,3045.13,
824.8,0.08,12.154,3038.41,
824.8,0.16,12.127,3031.68,
824.8,0.24,12.100,3024.94,
824.8,0.32,12.073,3018.23,
824.8,0.40,12.046,3011.56,
824.8,0.48,12.020,3004.94,
824.8,0.56,11.994,2998.40,
824.8,0.64,11.968,2991.96,
824.8,0.72,11.943,2985.63,
824.8,0.81,11.918,2979.41,
824.8,0.89,11.893,2973.31,
824.8,0.97,11.869,2967.33,
824.8,1.05,11.846,2961.49,
824.8,1.13,11.823,2955.78,
824.8,1.21,11.801,2950.19,
824.8,1.29,11.779,2944.75,
824.8,1.37,11.758,2939.44,
824.8,1.45,11.737,2934.28,
824.8,1.53,11.717,2929.25,
824.8,1.61,11.697,2924.28,
824.8,1.69,11.677,2919.34,
824.8,1.77,11.658,2914.41,
824.8,1.85,11.638,2909.49,
824.8,1.93,11.618,2904.59,
824.8,2.01,11.599,2899.70,0.9516
824.8,2.09,11.580,2894.97,0.9502
824.8,2.17,11.562,2890.44,0.9488
824.8,2.26,11.544,2886.12,0.9475
824.8,2.34,11.528,2881.97,0.9461
824.8,2.42,11.512,2877.97,0.9449
824.8,2.50,11.496,2874.12,0.9436
824.8,2.58,11.482,2870.39,0.9424
824.8,2.66,11.467,2866.75,0.9412
824.8,2.74,11.453,2863.21,0.9400
824.8,2.82,11.439,2859.76,0.9389
824.8,2.90,11.426,2856.38,0.9377
824.8,2.98,11.412,2853.07,0.9366
824.8,3.06,11.399,2849.82,0.9355
824.8,3.14,11.386,2846.61,0.9344
824.8,3.22,11.374,2843.43,0.9333
824.8,3.30,11.361,2840.27,0.9323
824.8,3.38,11.348,2837.12,0.9312
824.8,3.46,11.336,2833.96,0.9303
824.8,3.54,11.323,2830.74,0.9293
824.8,3.62,11.309,2827.31,0.9282
824.8,3.70,11.295,2823.68,0.9272
824.8,3.79,11.280,2819.92,0.9260
824.8,3.87,11.265,2816.32,0.9249
824.8,3.95,11.252,2812.98,0.9239
824.8,4.03,11.240,2809.92,0.9229
824.8,4.11,11.228,2807.04,0.9219
824.8,4.19,11.217,2804.30,0.9211
824.8,4.27,11.207,2801.67,0.9202
824.8,4.35,11.196,2799.12,0.9194
824.8,4.43,11.187,2796.64,0.9186
824.8,4.51,11.177,2794.20,0.9178
824.8,4.59,11.167,2791.78,0.9170
824.8,4.67,11.157,2789.34,0.9163
824.8,4.75,11.148,2786.90,0.9155
824.8,4.83,11.138,2784.44,0.9147
824.8,4.91,11.128,2781.97,0.9139
824.8,4.99,11.118,2779.47,0.9131
824.8,5.07,11.108,2776.96,0.9123
824.8,5.15,11.098,2774.44,0.9115
824.8,5.23,11.088,2771.92,0.9106
824.8,5.32,11.078,2769.41,0.9098
824.8,5.40,11.068,2766.90,0.9090
824.8,5.48,11.058,2764.42,0.9082
824.8,5.56,11.048,2761.99,0.9073
824.8,5.64,11.039,2759.76,0.9066
824.8,5.72,11.031,2757.70,0.9058
824.8,5.80,11.023,2755.76,0.9051
824.8,5.88,11.015,2753.69,0.9043
824.8,5.96,11.006,2751.42,0.9035
824.8,6.04,10.996,2748.93,0.9026
824.8,6.12,10.985,2746.29,0.9017
824.8,6.20,10.974,2743.53,0.9007
824.8,6.28,10.963,2740.65,0.8997
824.8,6.36,10.951,2737.67,0.8987
824.8,6.44,10.938,2734.59,0.8976
824.8,6.52,10.926,2731.42,0.8966
824.8,6.60,10.913,2728.17,0.8955
824.8,6.68,10.899,2724.84,0.8944
824.8,6.77,10.886,2721.44,0.8933
824.8,6.85,10.872,2717.98,0.8921
824.8,6.93,10.858,2714.45,0.8909
824.8,7.01,10.843,2710.85,0.8898
824.8,7.09,10.829,2707.20,0.8885
824.8,7.17,10.814,2703.49,0.8873
824.8,7.25,10.799,2699.75,0.8861
824.8,7.33,10.784,2695.96,0.8849
824.8,7.41,10.769,2692.15,0.8836
824.8,7.49,10.753,2688.31,0.8824
824.8,7.57,10.738,2684.45,0.8811
824.8,7.65,10.722,2680.58,0.8799
824.8,7.73,10.707,2676.69,0.8786
824.8,7.81,10.691,2672.79,0.8773
824.8,7.89,10.676,2668.91,0.8760
824.8,7.97,10.660,2665.05,0.8747
824.8,8.05,10.645,2661.15,0.8733
824.8,8.13,10.628,2656.94,0.8719
824.8,8.21,10.610,2652.46,0.8704
824.8,8.30,10.591,2647.76,0.8688
824.8,8.38,10.571,2642.87,0.8672
824.8,8.46,10.551,2637.86,0.8655
824.8,8.54,10.531,2632.78,0.8638
824.8,8.62,10.511,2627.69,0.8621
824.8,8.70,10.490,2622.61,0.8604
824.8,8.78,10.470,2617.56,0.8587
824.8,8.86,10.450,2612.55,0.8571
824.8,8.94,10.430,2607.60,0.8554
824.8,9.02,10.411,2602.73,0.8538
824.8,9.10,10.392,2597.93,0.8521
824.8,9.18,10.373,2593.23,0.8506
824.8,9.26,10.355,2588.64,0.8490
824.8,9.34,10.337,2584.16,0.8475
824.8,9.42,10.319,2579.82,0.8460
824.8,9.50,10.303,2575.63,0.8446
824.8,9.58,10.287,2571.68,0.8433
824.8,9.66,10.272,2568.01,0.8420
824.8,9.74,10.258,2564.57,0.8408
824.8,9.83,10.245,2561.30,0.8396
824.8,9.91,10.233,2558.13,0.8385
824.8,9.99,10.220,2555.07,0.8374
824.8,10.07,10.208,2552.10,0.8363
824.8,10.15,10.197,2549.17,0.8352
824.8,10.23,10.185,2546.29,0.8341
824.8,10.31,10.174,2543.43,0.8331
824.8,10.39,10.162,2540.59,0.8320
824.8,10.47,10.151,2537.77,0.8310
824.8,10.55,10.140,2534.94,0.8300
824.8,10.63,10.128,2532.12,0.8290
824.8,10.71,10.117,2529.28,0.8280
824.8,10.79,10.106,2526.42,0.8270
824.8,10.87,10.094,2523.51,0.8260
824.8,10.95,10.082,2520.54,0.8250
824.8,11.03,10.070,2517.49,0.8240
824.8,11.11,10.057,2514.30,0.8230
824.8,11.19,10.044,2510.94,0.8219
824.8,11.28,10.029,2507.36,0.8208
824.8,11.36,10.014,2503.51,0.8196
824.8,11.44,9.997,2499.37,0.8183
824.8,11.52,9.980,2494.88,0.8169
824.8,11.60,9.961,2490.15,0.8155
824.8,11.68,9.941,2485.23,0.8141
824.8,11.76,9.921,2480.15,0.8126
824.8,11.84,9.900,2475.02,0.8111
824.8,11.92,9.880,2469.93,0.8096
824.8,12.00,9.860,2464.91,0.8081
830.2,0.00,12.380,3094.98,
830.2,0.08,12.353,3088.33,
830.2,0.16,12.327,3081.66,
830.2,0.24,12.300,3074.99,
830.2,0.32,12.273,3068.34,
830.2,0.40,12.247,3061.73,
830.2,0.48,12.221,3055.17,
830.2,0.56,12.195,3048.68,
830.2,0.64,12.169,3042.29,
830.2,0.72,12.144,3036.01,
830.2,0.81,12.119,3029.85,
830.2,0.89,12.095,3023.81,
830.2,0.97,12.072,3017.88,
830.2,1.05,12.048,3012.09,
830.2,1.13,12.026,3006.43,
830.2,1.21,12.004,3000.89,
830.2,1.29,11.982,2995.50,
830.2,1.37,11.961,2990.24,
830.2,1.45,11.940,2985.10,
830.2,1.53,11.920,2980.00,
830.2,1.61,11.900,2974.92,
830.2,1.69,11.879,2969.85,
830.2,1.77,11.859,2964.79,
830.2,1.85,11.839,2959.74,
830.2,1.93,11.819,2954.69,
830.2,2.01,11.799,2949.65,0.9524
830.2,2.09,11.779,2944.77,0.9509
830.2,2.17,11.760,2940.09,0.9495
830.2,2.26,11.742,2935.62,0.9481
830.2,2.34,11.725,2931.31,0.9467
830.2,2.42,11.709,2927.17,0.9454
830.2,2.50,11.693,2923.17,0.9441
830.2,2.58,11.677,2919.28,0.9428
830.2,2.66,11.662,2915.50,0.9416
830.2,2.74,11.647,2911.81,0.9404
830.2,2.82,11.633,2908.20,0.9392
830.2,2.90,11.619,2904.66,0.9380
830.2,2.98,11.605,2901.17,0.9368
830.2,3.06,11.591,2897.72,0.9357
830.2,3.14,11.577,2894.30,0.9346
830.2,3.22,11.564,2890.90,0.9335
830.2,3.30,11.550,2887.50,0.9324
830.2,3.38,11.536,2884.09,0.9314
830.2,3.46,11.522,2880.57,0.9304
830.2,3.54,11.507,2876.81,0.9293
830.2,3.62,11.491,2872.86,0.9281
830.2,3.70,11.475,2868.78,0.9269
830.2,3.79,11.459,2864.76,0.9257
830.2,3.87,11.444,2860.98,0.9246
830.2,3.95,11.430,2857.46,0.9235
830.2,4.03,11.417,2854.23,0.9224
830.2,4.11,11.405,2851.20,0.9215
830.2,4.19,11.393,2848.30,0.9205
830.2,4.27,11.382,2845.52,0.9196
830.2,4.35,11.371,2842.83,0.9188
830.2,4.43,11.361,2840.21,0.9180
830.2,4.51,11.351,2837.64,0.9172
830.2,4.59,11.340,2835.10,0.9164
830.2,4.67,11.330,2832.56,0.9156
830.2,4.75,11.320,2830.00,0.9148
830.2,4.83,11.310,2827.44,0.9140
830.2,4.91,11.299,2824.86,0.9131
830.2,4.99,11.289,2822.28,0.9123
830.2,5.07,11.279,2819.70,0.9115
830.2,5.15,11.268,2817.12,0.9107
830.2,5.23,11.258,2814.56,0.9099
830.2,5.32,11.248,2812.01,0.9090
830.2,5.40,11.238,2809.49,0.9082
830.2,5.48,11.228,2807.08,0.9074
830.2,5.56,11.220,2804.88,0.9067
830.2,5.64,11.211,2802.86,0.9060
830.2,5.72,11.204,2800.99,0.9053
830.2,5.80,11.196,2799.08,0.9046
830.2,5.88,11.188,2797.02,0.9038
830.2,5.96,11.179,2794.77,0.9030
830.2,6.04,11.169,2792.29,0.9021
830.2,6.12,11.159,2789.66,0.9012
830.2,6.20,11.148,2786.91,0.9002
830.2,6.28,11.136,2784.04,0.8992
830.2,6.36,11.124,2781.06,0.8982
830.2,6.44,11.112,2777.98,0.8972
830.2,6.52,11.099,2774.81,0.8962
830.2,6.60,11.086,2771.56,0.8951
830.2,6.68,11.073,2768.23,0.8940
830.2,6.77,11.059,2764.83,0.8929
830.2,6.85,11.045,2761.37,0.8918
830.2,6.93,11.031,2757.84,0.8906
830.2,7.01,11.017,2754.26,0.8894
830.2,7.09,11.003,2750.64,0.8883
830.2,7.17,10.988,2746.97,0.8871
830.2,7.25,10.973,2743.27,0.8859
830.2,7.33,10.958,2739.54,0.8847
830.2,7.41,10.943,2735.80,0.8835
830.2,7.49,10.928,2732.03,0.8823
830.2,7.57,10.913,2728.25,0.8811
830.2,7.65,10.898,2724.45,0.8798
830.2,7.73,10.883,2720.63,0.8786
830.2,7.81,10.867,2716.82,0.8773
830.2,7.89,10.852,2713.03,0.8761
830.2,7.97,10.837,2709.26,0.8748
830.2,8.05,10.822,2705.44,0.8735
830.2,8.13,10.805,2701.31,0.8721
830.2,8.21,10.788,2696.89,0.8706
830.2,8.30,10.769,2692.25,0.8690
830.2,8.38,10.750,2687.43,0.8674
830.2,8.46,10.730,2682.47,0.8658
830.2,8.54,10.710,2677.42,0.8641
830.2,8.62,10.689,2672.34,0.8625
830.2,8.70,10.669,2667.27,0.8608
830.2,8.78,10.649,2662.25,0.8591
830.2,8.86,10.629,2657.27,0.8575
830.2,8.94,10.609,2652.36,0.8559
830.2,9.02,10.590,2647.52,0.8542
830.2,9.10,10.571,2642.78,0.8527
830.2,9.18,10.553,2638.14,0.8511
830.2,9.26,10.535,2633.63,0.8496
830.2,9.34,10.517,2629.24,0.8482
830.2,9.42,10.500,2625.02,0.8468
830.2,9.50,10.484,2621.07,0.8455
830.2,9.58,10.470,2617.38,0.8442
830.2,9.66,10.456,2613.92,0.8430
830.2,9.74,10.442,2610.62,0.8419
830.2,9.83,10.430,2607.40,0.8407
830.2,9.91,10.417,2604.28,0.8396
830.2,9.99,10.405,2601.24,0.8385
830.2,10.07,10.393,2598.29,0.8374
830.2,10.15,10.381,2595.36,0.8363
830.2,10.23,10.370,2592.47,0.8353
830.2,10.31,10.358,2589.60,0.8343
830.2,10.39,10.347,2586.73,0.8332
830.2,10.47,10.335,2583.86,0.8322
830.2,10.55,10.324,2580.99,0.8312
830.2,10.63,10.312,2578.09,0.8302
830.2,10.71,10.301,2575.17,0.8292
830.2,10.79,10.289,2572.21,0.8282
830.2,10.87,10.277,2569.18,0.8272
830.2,10.95,10.264,2566.05,0.8262
830.2,11.03,10.251,2562.76,0.8251
830.2,11.11,10.237,2559.27,0.8240
830.2,11.19,10.222,2555.56,0.8228
830.2,11.28,10.206,2551.56,0.8216
830.2,11.36,10.189,2547.26,0.8203
830.2,11.44,10.170,2542.61,0.8189
830.2,11.52,10.151,2537.75,0.8175
830.2,11.60,10.131,2532.72,0.8160
830.2,11.68,10.110,2527.51,0.8144
830.2,11.76,10.089,2522.18,0.8129
830.2,11.84,10.067,2516.86,0.8113
830.2,11.92,10.046,2511.58,0.8098
830.2,12.00,10.026,2506.38,0.8083
835.6,0.00,12.580,3145.01,
835.6,0.08,12.554,3138.42,
835.6,0.16,12.527,3131.81,
835.6,0.24,12.501,3125.20,
835.6,0.32,12.474,3118.60,
835.6,0.40,12.448,3112.05,
835.6,0.48,12.422,3105.55,
835.6,0.56,12.396,3099.12,
835.6,0.64,12.371,3092.78,
835.6,0.72,12.346,3086.55,
835.6,0.81,12.322,3080.44,
835.6,0.89,12.298,3074.45,
835.6,0.97,12.274,3068.58,
835.6,1.05,12.251,3062.84,
835.6,1.13,12.229,3057.22,
835.6,1.21,12.207,3051.74,
835.6,1.29,12.186,3046.40,
835.6,1.37,12.165,3041.14,
835.6,1.45,12.144,3035.92,
835.6,1.53,12.123,3030.71,
835.6,1.61,12.102,3025.51,
835.6,1.69,12.081,3020.31,
835.6,1.77,12.060,3015.12,
835.6,1.85,12.040,3009.92,
835.6,1.93,12.019,3004.72,
835.6,2.01,11.998,2999.54,0.9531
835.6,2.09,11.978,2994.50,0.9515
835.6,2.17,11.959,2989.68,0.9500
835.6,2.26,11.940,2985.04,0.9486
835.6,2.34,11.922,2980.59,0.9472
835.6,2.42,11.905,2976.29,0.9458
835.6,2.50,11.889,2972.13,0.9445
835.6,2.58,11.872,2968.10,0.9432
835.6,2.66,11.857,2964.16,0.9419
835.6,2.74,11.841,2960.31,0.9407
835.6,2.82,11.826,2956.53,0.9394
835.6,2.90,11.811,2952.79,0.9382
835.6,2.98,11.796,2949.10,0.9370
835.6,3.06,11.782,2945.43,0.9359
835.6,3.14,11.767,2941.78,0.9347
835.6,3.22,11.752,2938.12,0.9336
835.6,3.30,11.738,2934.46,0.9325
835.6,3.38,11.722,2930.60,0.9314
835.6,3.46,11.706,2926.51,0.9302
835.6,3.54,11.689,2922.25,0.9290
835.6,3.62,11.671,2917.85,0.9277
835.6,3.70,11.654,2913.45,0.9265
835.6,3.79,11.637,2909.24,0.9253
835.6,3.87,11.621,2905.27,0.9241
835.6,3.95,11.606,2901.58,0.9229
835.6,4.03,11.593,2898.20,0.9219
835.6,4.11,11.580,2895.01,0.9208
835.6,4.19,11.568,2891.97,0.9199
835.6,4.27,11.556,2889.04,0.9190
835.6,4.35,11.545,2886.22,0.9181
835.6,4.43,11.534,2883.47,0.9172
835.6,4.51,11.523,2880.77,0.9164
835.6,4.59,11.512,2878.11,0.9156
835.6,4.67,11.502,2875.46,0.9148
835.6,4.75,11.491,2872.79,0.9139
835.6,4.83,11.481,2870.13,0.9131
835.6,4.91,11.470,2867.47,0.9123
835.6,4.99,11.459,2864.81,0.9114
835.6,5.07,11.449,2862.17,0.9106
835.6,5.15,11.438,2859.54,0.9098
835.6,5.23,11.428,2856.94,0.9090
835.6,5.32,11.417,2854.37,0.9082
835.6,5.40,11.408,2851.98,0.9074
835.6,5.48,11.399,2849.80,0.9067
835.6,5.56,11.391,2847.80,0.9060
835.6,5.64,11.384,2845.96,0.9053
835.6,5.72,11.377,2844.17,0.9047
835.6,5.80,11.369,2842.28,0.9040
835.6,5.88,11.361,2840.24,0.9032
835.6,5.96,11.352,2838.01,0.9024
835.6,6.04,11.342,2835.55,0.9015
835.6,6.12,11.332,2832.93,0.9006
835.6,6.20,11.321,2830.19,0.8997
835.6,6.28,11.309,2827.34,0.8987
835.6,6.36,11.297,2824.37,0.8977
835.6,6.44,11.285,2821.30,0.8967
835.6,6.52,11.273,2818.14,0.8957
835.6,6.60,11.260,2814.89,0.8947
835.6,6.68,11.246,2811.57,0.8936
835.6,6.77,11.233,2808.18,0.8925
835.6,6.85,11.219,2804.73,0.8914
835.6,6.93,11.205,2801.24,0.8902
835.6,7.01,11.191,2797.70,0.8891
835.6,7.09,11.176,2794.12,0.8880
835.6,7.17,11.162,2790.51,0.8868
835.6,7.25,11.148,2786.88,0.8857
835.6,7.33,11.133,2783.23,0.8845
835.6,7.41,11.118,2779.57,0.8834
835.6,7.49,11.104,2775.89,0.8822
835.6,7.57,11.089,2772.18,0.8810
835.6,7.65,11.074,2768.46,0.8798
835.6,7.73,11.059,2764.73,0.8786
835.6,7.81,11.044,2761.01,0.8774
835.6,7.89,11.029,2757.30,0.8762
835.6,7.97,11.014,2753.62,0.8749
835.6,8.05,10.999,2749.87,0.8736
835.6,8.13,10.983,2745.82,0.8723
835.6,8.21,10.966,2741.47,0.8708
835.6,8.30,10.948,2736.89,0.8693
835.6,8.38,10.928,2732.12,0.8677
835.6,8.46,10.909,2727.22,0.8661
835.6,8.54,10.889,2722.21,0.8645
835.6,8.62,10.869,2717.17,0.8628
835.6,8.70,10.849,2712.13,0.8612
835.6,8.78,10.829,2707.15,0.8596
835.6,8.86,10.809,2702.22,0.8579
835.6,8.94,10.789,2697.37,0.8564
835.6,9.02,10.770,2692.62,0.8548
835.6,9.10,10.752,2687.97,0.8533
835.6,9.18,10.734,2683.44,0.8518
835.6,9.26,10.716,2679.04,0.8504
835.6,9.34,10.699,2674.83,0.8490
835.6,9.42,10.684,2670.90,0.8477
835.6,9.50,10.669,2667.23,0.8465
835.6,9.58,10.655,2663.76,0.8453
835.6,9.66,10.642,2660.45,0.8442
835.6,9.74,10.629,2657.21,0.8431
835.6,9.83,10.616,2654.05,0.8420
835.6,9.91,10.604,2650.95,0.8409
835.6,9.99,10.592,2647.93,0.8398
835.6,10.07,10.580,2644.97,0.8387
835.6,10.15,10.568,2642.03,0.8376
835.6,10.23,10.556,2639.11,0.8366
835.6,10.31,10.545,2636.20,0.8356
835.6,10.39,10.533,2633.29,0.8345
835.6,10.47,10.521,2630.37,0.8335
835.6,10.55,10.510,2627.43,0.8325
835.6,10.63,10.498,2624.46,0.8315
835.6,10.71,10.486,2621.45,0.8305
835.6,10.79,10.473,2618.35,0.8295
835.6,10.87,10.461,2615.13,0.8284
835.6,10.95,10.447,2611.74,0.8273
835.6,11.03,10.433,2608.15,0.8262
835.6,11.11,10.417,2604.30,0.8250
835.6,11.19,10.401,2600.17,0.8238
835.6,11.28,10.383,2595.70,0.8224
835.6,11.36,10.364,2590.93,0.8210
835.6,11.44,10.344,2585.96,0.8195
835.6,11.52,10.323,2580.81,0.8180
835.6,11.60,10.302,2575.48,0.8165
835.6,11.68,10.280,2570.00,0.8149
835.6,11.76,10.258,2564.47,0.8133
835.6,11.84,10.236,2558.96,0.8117
835.6,11.92,10.214,2553.49,0.8101
835.6,12.00,10.192,2548.10,0.8086
840.9,0.00,12.781,3195.20,
840.9,0.08,12.755,3188.66,
840.9,0.16,12.728,3182.11,
840.9,0.24,12.702,3175.55,
840.9,0.32,12.676,3169.01,
840.9,0.40,12.650,3162.51,
840.9,0.48,12.624,3156.06,
840.9,0.56,12.599,3149.68,
840.9,0.64,12.574,3143.39,
840.9,0.72,12.549,3137.22,
840.9,0.81,12.525,3131.16,
840.9,0.89,12.501,3125.22,
840.9,0.97,12.478,3119.41,
840.9,1.05,12.455,3113.73,
840.9,1.13,12.433,3108.17,
840.9,1.21,12.411,3102.74,
840.9,1.29,12.389,3097.37,
840.9,1.37,12.368,3092.02,
840.9,1.45,12.347,3086.69,
840.9,1.53,12.325,3081.37,
840.9,1.61,12.304,3076.05,
840.9,1.69,12.283,3070.72,
840.9,1.77,12.262,3065.38,
840.9,1.85,12.240,3060.04,
840.9,1.93,12.219,3054.70,
840.9,2.01,12.197,3049.36,0.9537
840.9,2.09,12.177,3044.16,0.9521
840.9,2.17,12.157,3039.19,0.9506
840.9,2.26,12.138,3034.40,0.9491
840.9,2.34,12.119,3029.79,0.9476
840.9,2.42,12.101,3025.34,0.9462
840.9,2.50,12.084,3021.02,0.9449
840.9,2.58,12.067,3016.83,0.9435
840.9,2.66,12.051,3012.73,0.9422
840.9,2.74,12.035,3008.70,0.9409
840.9,2.82,12.019,3004.71,0.9397
840.9,2.90,12.003,3000.76,0.9384
840.9,2.98,11.987,2996.84,0.9372
840.9,3.06,11.972,2992.93,0.9360
840.9,3.14,11.956,2989.02,0.9348
840.9,3.22,11.940,2985.06,0.9337
840.9,3.30,11.923,2980.86,0.9325
840.9,3.38,11.906,2976.43,0.9312
840.9,3.46,11.887,2971.84,0.9299
840.9,3.54,11.869,2967.13,0.9286
840.9,3.62,11.849,2962.37,0.9272
840.9,3.70,11.831,2957.76,0.9259
840.9,3.79,11.813,2953.36,0.9246
840.9,3.87,11.797,2949.22,0.9234
840.9,3.95,11.781,2945.37,0.9222
840.9,4.03,11.767,2941.83,0.9211
840.9,4.11,11.754,2938.50,0.9201
840.9,4.19,11.741,2935.32,0.9191
840.9,4.27,11.729,2932.27,0.9182
840.9,4.35,11.717,2929.31,0.9172
840.9,4.43,11.706,2926.44,0.9164
840.9,4.51,11.695,2923.63,0.9155
840.9,4.59,11.683,2920.85,0.9147
840.9,4.67,11.672,2918.08,0.9138
840.9,4.75,11.661,2915.32,0.9130
840.9,4.83,11.650,2912.56,0.9121
840.9,4.91,11.639,2909.82,0.9113
840.9,4.99,11.628,2907.09,0.9105
840.9,5.07,11.618,2904.38,0.9096
840.9,5.15,11.607,2901.71,0.9088
840.9,5.23,11.596,2899.11,0.9080
840.9,5.32,11.587,2896.73,0.9073
840.9,5.40,11.578,2894.55,0.9066
840.9,5.48,11.570,2892.56,0.9059
840.9,5.56,11.563,2890.73,0.9052
840.9,5.64,11.556,2889.01,0.9046
840.9,5.72,11.549,2887.25,0.9040
840.9,5.80,11.542,2885.38,0.9033
840.9,5.88,11.533,2883.37,0.9026
840.9,5.96,11.525,2881.15,0.9018
840.9,6.04,11.515,2878.71,0.9009
840.9,6.12,11.504,2876.12,0.9000
840.9,6.20,11.494,2873.40,0.8991
840.9,6.28,11.482,2870.56,0.8982
840.9,6.36,11.470,2867.61,0.8972
840.9,6.44,11.458,2864.55,0.8962
840.9,6.52,11.446,2861.40,0.8952
840.9,6.60,11.433,2858.17,0.8942
840.9,6.68,11.419,2854.86,0.8931
840.9,6.77,11.406,2851.51,0.8920
840.9,6.85,11.392,2848.10,0.8910
840.9,6.93,11.379,2844.66,0.8899
840.9,7.01,11.365,2841.18,0.8888
840.9,7.09,11.351,2837.67,0.8877
840.9,7.17,11.337,2834.14,0.8866
840.9,7.25,11.322,2830.60,0.8855
840.9,7.33,11.308,2827.04,0.8844
840.9,7.41,11.294,2823.47,0.8833
840.9,7.49,11.279,2819.87,0.8821
840.9,7.57,11.265,2816.25,0.8810
840.9,7.65,11.250,2812.61,0.8798
840.9,7.73,11.236,2808.97,0.8787
840.9,7.81,11.221,2805.33,0.8775
840.9,7.89,11.207,2801.72,0.8763
840.9,7.97,11.192,2798.12,0.8751
840.9,8.05,11.178,2794.45,0.8738
840.9,8.13,11.162,2790.47,0.8725
840.9,8.21,11.145,2786.20,0.8711
840.9,8.30,11.127,2781.68,0.8696
840.9,8.38,11.108,2776.97,0.8680
840.9,8.46,11.088,2772.11,0.8665
840.9,8.54,11.069,2767.15,0.8649
840.9,8.62,11.049,2762.14,0.8632
840.9,8.70,11.029,2757.17,0.8616
840.9,8.78,11.009,2752.27,0.8600
840.9,8.86,10.990,2747.44,0.8585
840.9,8.94,10.971,2742.70,0.8569
840.9,9.02,10.952,2738.06,0.8554
840.9,9.10,10.934,2733.54,0.8540
840.9,9.18,10.917,2729.16,0.8526
840.9,9.26,10.900,2725.01,0.8513
840.9,9.34,10.885,2721.13,0.8500
840.9,9.42,10.870,2717.50,0.8488
840.9,9.50,10.856,2714.05,0.8477
840.9,9.58,10.843,2710.74,0.8465
840.9,9.66,10.830,2707.51,0.8455
840.9,9.74,10.817,2704.33,0.8444
840.9,9.83,10.805,2701.19,0.8433
840.9,9.91,10.792,2698.10,0.8422
840.9,9.99,10.780,2695.07,0.8411
840.9,10.07,10.768,2692.09,0.8401
840.9,10.15,10.757,2689.13,0.8390
840.9,10.23,10.745,2686.17,0.8380
840.9,10.31,10.733,2683.21,0.8370
840.9,10.39,10.721,2680.24,0.8360
840.9,10.47,10.709,2677.25,0.8349
840.9,10.55,10.697,2674.23,0.8339
840.9,10.63,10.685,2671.17,0.8329
840.9,10.71,10.672,2668.01,0.8319
840.9,10.79,10.659,2664.71,0.8308
840.9,10.87,10.645,2661.23,0.8297
840.9,10.95,10.630,2657.53,0.8285
840.9,11.03,10.614,2653.57,0.8273
840.9,11.11,10.597,2649.30,0.8260
840.9,11.19,10.579,2644.69,0.8247
840.9,11.28,10.559,2639.82,0.8232
840.9,11.36,10.539,2634.75,0.8217
840.9,11.44,10.518,2629.49,0.8202
840.9,11.52,10.496,2624.05,0.8186
840.9,11.60,10.474,2618.44,0.8170
840.9,11.68,10.451,2612.74,0.8154
840.9,11.76,10.428,2607.02,0.8138
840.9,11.84,10.405,2601.31,0.8121
840.9,11.92,10.383,2595.64,0.8105
840.9,12.00,10.360,2590.05,0.8089
846.3,0.00,12.982,3245.54,
846.3,0.08,12.956,3239.05,
846.3,0.16,12.930,3232.55,
846.3,0.24,12.904,3226.04,
846.3,0.32,12.878,3219.55,
846.3,0.40,12.852,3213.09,
846.3,0.48,12.827,3206.69,
846.3,0.56,12.801,3200.35,
846.3,0.64,12.776,3194.12,
846.3,0.72,12.752,3188.01,
846.3,0.81,12.728,3182.01,
846.3,0.89,12.705,3176.13,
846.3,0.97,12.682,3170.38,
846.3,1.05,12.659,3164.75,
846.3,1.13,12.637,3159.23,
846.3,1.21,12.615,3153.75,
846.3,1.29,12.593,3148.30,
846.3,1.37,12.571,3142.86,
846.3,1.45,12.550,3137.42,
846.3,1.53,12.528,3131.98,
846.3,1.61,12.506,3126.53,
846.3,1.69,12.484,3121.06,
846.3,1.77,12.462,3115.58,
846.3,1.85,12.440,3110.09,
846.3,1.93,12.418,3104.60,
846.3,2.01,12.396,3099.10,0.9542
846.3,2.09,12.375,3093.75,0.9526
846.3,2.17,12.354,3088.62,0.9510
846.3,2.26,12.335,3083.67,0.9495
846.3,2.34,12.316,3078.90,0.9480
846.3,2.42,12.297,3074.29,0.9466
846.3,2.50,12.279,3069.82,0.9452
846.3,2.58,12.262,3065.46,0.9438
846.3,2.66,12.245,3061.17,0.9424
846.3,2.74,12.228,3056.93,0.9411
846.3,2.82,12.211,3052.72,0.9398
846.3,2.90,12.194,3048.54,0.9385
846.3,2.98,12.177,3044.36,0.9373
846.3,3.06,12.161,3040.18,0.9360
846.3,3.14,12.144,3035.89,0.9348
846.3,3.22,12.125,3031.34,0.9335
846.3,3.30,12.106,3026.57,0.9322
846.3,3.38,12.087,3021.65,0.9308
846.3,3.46,12.066,3016.62,0.9294
846.3,3.54,12.046,3011.54,0.9280
846.3,3.62,12.026,3006.54,0.9266
846.3,3.70,12.007,3001.74,0.9252
846.3,3.79,11.989,2997.16,0.9239
846.3,3.87,11.971,2992.85,0.9226
846.3,3.95,11.955,2988.84,0.9214
846.3,4.03,11.941,2985.17,0.9203
846.3,4.11,11.927,2981.70,0.9192
846.3,4.19,11.914,2978.39,0.9182
846.3,4.27,11.901,2975.20,0.9172
846.3,4.35,11.889,2972.13,0.9163
846.3,4.43,11.877,2969.14,0.9154
846.3,4.51,11.865,2966.22,0.9145
846.3,4.59,11.853,2963.33,0.9137
846.3,4.67,11.842,2960.45,0.9128
846.3,4.75,11.830,2957.58,0.9120
846.3,4.83,11.819,2954.74,0.9111
846.3,4.91,11.808,2951.91,0.9103
846.3,4.99,11.796,2949.12,0.9094
846.3,5.07,11.785,2946.36,0.9086
846.3,5.15,11.775,2943.74,0.9078
846.3,5.23,11.765,2941.34,0.9071
846.3,5.32,11.757,2939.16,0.9064
846.3,5.40,11.749,2937.16,0.9057
846.3,5.48,11.741,2935.33,0.9051
846.3,5.56,11.735,2933.63,0.9045
846.3,5.64,11.728,2931.96,0.9039
846.3,5.72,11.721,2930.23,0.9033
846.3,5.80,11.714,2928.39,0.9026
846.3,5.88,11.706,2926.40,0.9019
846.3,5.96,11.697,2924.22,0.9011
846.3,6.04,11.687,2921.80,0.9003
846.3,6.12,11.677,2919.24,0.8994
846.3,6.20,11.666,2916.54,0.8985
846.3,6.28,11.655,2913.73,0.8976
846.3,6.36,11.643,2910.80,0.8966
846.3,6.44,11.631,2907.76,0.8957
846.3,6.52,11.619,2904.63,0.8947
846.3,6.60,11.606,2901.42,0.8937
846.3,6.68,11.593,2898.16,0.8926
846.3,6.77,11.579,2894.85,0.8916
846.3,6.85,11.566,2891.51,0.8906
846.3,6.93,11.553,2888.14,0.8895
846.3,7.01,11.539,2884.74,0.8885
846.3,7.09,11.525,2881.32,0.8874
846.3,7.17,11.512,2877.90,0.8864
846.3,7.25,11.498,2874.45,0.8853
846.3,7.33,11.484,2870.98,0.8843
846.3,7.41,11.470,2867.49,0.8832
846.3,7.49,11.456,2863.98,0.8821
846.3,7.57,11.442,2860.45,0.8810
846.3,7.65,11.428,2856.90,0.8798
846.3,7.73,11.413,2853.35,0.8787
846.3,7.81,11.399,2849.81,0.8776
846.3,7.89,11.385,2846.28,0.8764
846.3,7.97,11.371,2842.76,0.8752
846.3,8.05,11.357,2839.18,0.8740
846.3,8.13,11.341,2835.27,0.8727
846.3,8.21,11.324,2831.07,0.8713
846.3,8.30,11.306,2826.61,0.8699
846.3,8.38,11.288,2821.95,0.8684
846.3,8.46,11.269,2817.14,0.8668
846.3,8.54,11.249,2812.23,0.8652
846.3,8.62,11.229,2807.30,0.8637
846.3,8.70,11.210,2802.44,0.8621
846.3,8.78,11.191,2797.65,0.8606
846.3,8.86,11.172,2792.96,0.8591
846.3,8.94,11.153,2788.37,0.8576
846.3,9.02,11.136,2783.89,0.8562
846.3,9.10,11.118,2779.56,0.8548
846.3,9.18,11.102,2775.50,0.8535
846.3,9.26,11.087,2771.70,0.8523
846.3,9.34,11.073,2768.13,0.8512
846.3,9.42,11.059,2764.72,0.8501
846.3,9.50,11.046,2761.45,0.8490
846.3,9.58,11.033,2758.24,0.8479
846.3,9.66,11.020,2755.06,0.8469
846.3,9.74,11.008,2751.91,0.8458
846.3,9.83,10.995,2748.78,0.8447
846.3,9.91,10.983,2745.69,0.8437
846.3,9.99,10.971,2742.65,0.8426
846.3,10.07,10.959,2739.63,0.8416
846.3,10.15,10.946,2736.62,0.8405
846.3,10.23,10.934,2733.61,0.8395
846.3,10.31,10.922,2730.59,0.8385
846.3,10.39,10.910,2727.54,0.8374
846.3,10.47,10.898,2724.46,0.8364
846.3,10.55,10.885,2721.34,0.8354
846.3,10.63,10.873,2718.13,0.8344
846.3,10.71,10.859,2714.76,0.8333
846.3,10.79,10.845,2711.20,0.8322
846.3,10.87,10.830,2707.41,0.8310
846.3,10.95,10.813,2703.33,0.8298
846.3,11.03,10.796,2698.94,0.8284
846.3,11.11,10.777,2694.21,0.8270
846.3,11.19,10.757,2689.25,0.8256
846.3,11.28,10.736,2684.08,0.8241
846.3,11.36,10.715,2678.72,0.8225
846.3,11.44,10.693,2673.18,0.8209
846.3,11.52,10.670,2667.47,0.8193
846.3,11.60,10.646,2661.62,0.8176
846.3,11.68,10.623,2655.72,0.8160
846.3,11.76,10.599,2649.79,0.8143
846.3,11.84,10.575,2643.87,0.8126
846.3,11.92,10.552,2638.00,0.8110
846.3,12.00,10.529,2632.20,0.8093
851.7,0.00,13.184,3296.02,
851.7,0.08,13.158,3289.58,
851.7,0.16,13.132,3283.12,
851.7,0.24,13.107,3276.65,
851.7,0.32,13.081,3270.20,
851.7,0.40,13.055,3263.79,
851.7,0.48,13.030,3257.42,
851.7,0.56,13.005,3251.15,
851.7,0.64,12.980,3244.98,
851.7,0.72,12.956,3238.93,
851.7,0.81,12.932,3232.99,
851.7,0.89,12.909,3227.17,
851.7,0.97,12.886,3221.48,
851.7,1.05,12.863,3215.87,
851.7,1.13,12.841,3210.29,
851.7,1.21,12.819,3204.74,
851.7,1.29,12.797,3199.19,
851.7,1.37,12.775,3193.64,
851.7,1.45,12.752,3188.09,
851.7,1.53,12.730,3182.52,
851.7,1.61,12.708,3176.93,
851.7,1.69,12.685,3171.32,
851.7,1.77,12.663,3165.70,
851.7,1.85,12.640,3160.06,
851.7,1.93,12.618,3154.42,
851.7,2.01,12.595,3148.77,0.9547
851.7,2.09,12.573,3143.26,0.9530
851.7,2.17,12.552,3137.96,0.9514
851.7,2.26,12.531,3132.86,0.9498
851.7,2.34,12.512,3127.93,0.9483
851.7,2.42,12.493,3123.16,0.9468
851.7,2.50,12.474,3118.53,0.9454
851.7,2.58,12.456,3113.97,0.9440
851.7,2.66,12.438,3109.47,0.9426
851.7,2.74,12.420,3104.99,0.9412
851.7,2.82,12.402,3100.54,0.9399
851.7,2.90,12.384,3096.09,0.9386
851.7,2.98,12.367,3091.63,0.9373
851.7,3.06,12.348,3086.98,0.9360
851.7,3.14,12.328,3082.07,0.9346
851.7,3.22,12.308,3076.95,0.9331
851.7,3.30,12.287,3071.69,0.9317
851.7,3.38,12.265,3066.34,0.9302
851.7,3.46,12.244,3060.94,0.9287
851.7,3.54,12.222,3055.58,0.9272
851.7,3.62,12.202,3050.39,0.9258
851.7,3.70,12.182,3045.40,0.9244
851.7,3.79,12.163,3040.65,0.9230
851.7,3.87,12.145,3036.18,0.9217
851.7,3.95,12.128,3032.02,0.9205
851.7,4.03,12.113,3028.21,0.9193
851.7,4.11,12.098,3024.62,0.9182
851.7,4.19,12.085,3021.18,0.9172
851.7,4.27,12.072,3017.88,0.9162
851.7,4.35,12.059,3014.69,0.9153
851.7,4.43,12.046,3011.59,0.9143
851.7,4.51,12.034,3008.56,0.9135
851.7,4.59,12.022,3005.56,0.9126
851.7,4.67,12.010,3002.57,0.9117
851.7,4.75,11.998,2999.61,0.9108
851.7,4.83,11.987,2996.67,0.9100
851.7,4.91,11.975,2993.77,0.9091
851.7,4.99,11.964,2990.93,0.9083
851.7,5.07,11.953,2988.28,0.9075
851.7,5.15,11.943,2985.87,0.9068
851.7,5.23,11.935,2983.66,0.9061
851.7,5.32,11.927,2981.64,0.9054
851.7,5.40,11.919,2979.79,0.9048
851.7,5.48,11.912,2978.08,0.9042
851.7,5.56,11.906,2976.46,0.9037
851.7,5.64,11.899,2974.83,0.9031
851.7,5.72,11.893,2973.13,0.9025
851.7,5.80,11.885,2971.32,0.9019
851.7,5.88,11.877,2969.37,0.9012
851.7,5.96,11.869,2967.22,0.9004
851.7,6.04,11.859,2964.84,0.8996
851.7,6.12,11.849,2962.30,0.8987
851.7,6.20,11.839,2959.64,0.8979
851.7,6.28,11.827,2956.85,0.8970
851.7,6.36,11.816,2953.94,0.8960
851.7,6.44,11.804,2950.93,0.8951
851.7,6.52,11.791,2947.83,0.8941
851.7,6.60,11.779,2944.67,0.8931
851.7,6.68,11.766,2941.47,0.8922
851.7,6.77,11.753,2938.24,0.8912
851.7,6.85,11.740,2934.98,0.8902
851.7,6.93,11.727,2931.70,0.8892
851.7,7.01,11.714,2928.41,0.8882
851.7,7.09,11.700,2925.10,0.8872
851.7,7.17,11.687,2921.77,0.8862
851.7,7.25,11.674,2918.42,0.8852
851.7,7.33,11.660,2915.05,0.8841
851.7,7.41,11.647,2911.66,0.8831
851.7,7.49,11.633,2908.23,0.8820
851.7,7.57,11.619,2904.79,0.8809
851.7,7.65,11.605,2901.34,0.8799
851.7,7.73,11.592,2897.88,0.8788
851.7,7.81,11.578,2894.43,0.8777
851.7,7.89,11.564,2890.98,0.8765
851.7,7.97,11.550,2887.55,0.8754
851.7,8.05,11.536,2884.05,0.8742
851.7,8.13,11.521,2880.22,0.8730
851.7,8.21,11.504,2876.08,0.8716
851.7,8.30,11.487,2871.69,0.8702
851.7,8.38,11.468,2867.08,0.8687
851.7,8.46,11.449,2862.32,0.8672
851.7,8.54,11.430,2857.48,0.8657
851.7,8.62,11.411,2852.69,0.8641
851.7,8.70,11.392,2847.98,0.8627
851.7,8.78,11.373,2843.35,0.8612
851.7,8.86,11.355,2838.83,0.8598
851.7,8.94,11.338,2834.43,0.8584
851.7,9.02,11.321,2830.20,0.8571
851.7,9.10,11.305,2826.26,0.8559
851.7,9.18,11.290,2822.57,0.8547
851.7,9.26,11.276,2819.08,0.8536
851.7,9.34,11.263,2815.74,0.8525
851.7,9.42,11.250,2812.52,0.8515
851.7,9.50,11.237,2809.36,0.8504
851.7,9.58,11.225,2806.21,0.8494
851.7,9.66,11.212,2803.06,0.8484
851.7,9.74,11.200,2799.92,0.8473
851.7,9.83,11.187,2796.79,0.8463
851.7,9.91,11.175,2793.68,0.8452
851.7,9.99,11.162,2790.60,0.8442
851.7,10.07,11.150,2787.53,0.8432
851.7,10.15,11.138,2784.46,0.8421
851.7,10.23,11.126,2781.38,0.8411
851.7,10.31,11.113,2778.28,0.8400
851.7,10.39,11.101,2775.14,0.8390
851.7,10.47,11.088,2771.96,0.8380
851.7,10.55,11.075,2768.70,0.8369
851.7,10.63,11.061,2765.27,0.8359
851.7,10.71,11.047,2761.63,0.8347
851.7,10.79,11.031,2757.75,0.8335
851.7,10.87,11.014,2753.57,0.8323
851.7,10.95,10.996,2749.06,0.8309
851.7,11.03,10.977,2744.24,0.8295
851.7,11.11,10.957,2739.19,0.8281
851.7,11.19,10.936,2733.94,0.8265
851.7,11.28,10.914,2728.50,0.8250
851.7,11.36,10.891,2722.87,0.8234
851.7,11.44,10.868,2717.06,0.8217
851.7,11.52,10.844,2711.09,0.8200
851.7,11.60,10.820,2705.03,0.8183
851.7,11.68,10.796,2698.91,0.8166
851.7,11.76,10.771,2692.77,0.8149
851.7,11.84,10.747,2686.64,0.8132
851.7,11.92,10.722,2680.55,0.8115
851.7,12.00,10.698,2674.54,0.8098
857.0,0.00,13.386,3346.62,
857.0,0.08,13.361,3340.22,
857.0,0.16,13.335,3333.80,
857.0,0.24,13.309,3327.37,
857.0,0.32,13.284,3320.96,
857.0,0.40,13.258,3314.58,
857.0,0.48,13.233,3308.26,
857.0,0.56,13.208,3302.05,
857.0,0.64,13.184,3295.95,
857.0,0.72,13.160,3289.96,
857.0,0.81,13.136,3284.09,
857.0,0.89,13.113,3278.34,
857.0,0.97,13.091,3272.64,
857.0,1.05,13.068,3266.97,
857.0,1.13,13.045,3261.32,
857.0,1.21,13.023,3255.67,
857.0,1.29,13.000,3250.03,
857.0,1.37,12.977,3244.37,
857.0,1.45,12.955,3238.69,
857.0,1.53,12.932,3232.99,
857.0,1.61,12.909,3227.26,
857.0,1.69,12.886,3221.51,
857.0,1.77,12.863,3215.74,
857.0,1.85,12.840,3209.96,
857.0,1.93,12.817,3204.15,
857.0,2.01,12.793,3198.34,0.9551
857.0,2.09,12.771,3192.67,0.9534
857.0,2.17,12.749,3187.22,0.9517
857.0,2.26,12.728,3181.95,0.9501
857.0,2.34,12.707,3176.86,0.9486
857.0,2.42,12.688,3171.93,0.9470
857.0,2.50,12.668,3167.10,0.9456
857.0,2.58,12.649,3162.33,0.9441
857.0,2.66,12.630,3157.58,0.9427
857.0,2.74,12.611,3152.85,0.9413
857.0,2.82,12.592,3148.12,0.9399
857.0,2.90,12.573,3143.35,0.9385
857.0,2.98,12.553,3138.32,0.9371
857.0,3.06,12.532,3133.05,0.9356
857.0,3.14,12.510,3127.58,0.9341
857.0,3.22,12.488,3121.98,0.9326
857.0,3.30,12.465,3116.29,0.9310
857.0,3.38,12.442,3110.57,0.9294
857.0,3.46,12.420,3104.88,0.9279
857.0,3.54,12.397,3099.31,0.9263
857.0,3.62,12.376,3093.93,0.9248
857.0,3.70,12.355,3088.76,0.9234
857.0,3.79,12.335,3083.85,0.9220
857.0,3.87,12.317,3079.22,0.9207
857.0,3.95,12.300,3074.93,0.9195
857.0,4.03,12.284,3070.99,0.9183
857.0,4.11,12.269,3067.27,0.9172
857.0,4.19,12.255,3063.72,0.9161
857.0,4.27,12.241,3060.31,0.9151
857.0,4.35,12.228,3057.01,0.9141
857.0,4.43,12.215,3053.82,0.9132
857.0,4.51,12.203,3050.67,0.9123
857.0,4.59,12.190,3047.55,0.9114
857.0,4.67,12.178,3044.45,0.9105
857.0,4.75,12.166,3041.40,0.9096
857.0,4.83,12.154,3038.38,0.9088
857.0,4.91,12.142,3035.46,0.9079
857.0,4.99,12.131,3032.77,0.9071
857.0,5.07,12.121,3030.32,0.9064
857.0,5.15,12.112,3028.08,0.9057
857.0,5.23,12.104,3026.03,0.9051
857.0,5.32,12.097,3024.14,0.9045
857.0,5.40,12.090,3022.41,0.9039
857.0,5.48,12.083,3020.79,0.9033
857.0,5.56,12.077,3019.21,0.9028
857.0,5.64,12.070,3017.62,0.9023
857.0,5.72,12.064,3015.96,0.9017
857.0,5.80,12.057,3014.19,0.9011
857.0,5.88,12.049,3012.28,0.9004
857.0,5.96,12.041,3010.16,0.8997
857.0,6.04,12.031,3007.82,0.8989
857.0,6.12,12.021,3005.32,0.8981
857.0,6.20,12.011,3002.69,0.8972
857.0,6.28,12.000,2999.94,0.8963
857.0,6.36,11.988,2997.06,0.8954
857.0,6.44,11.976,2994.08,0.8945
857.0,6.52,11.964,2991.04,0.8936
857.0,6.60,11.952,2987.96,0.8926
857.0,6.68,11.939,2984.85,0.8917
857.0,6.77,11.927,2981.71,0.8907
857.0,6.85,11.914,2978.56,0.8898
857.0,6.93,11.902,2975.39,0.8889
857.0,7.01,11.889,2972.21,0.8879
857.0,7.09,11.876,2969.00,0.8869
857.0,7.17,11.863,2965.78,0.8860
857.0,7.25,11.850,2962.53,0.8850
857.0,7.33,11.837,2959.26,0.8840
857.0,7.41,11.824,2955.96,0.8830
857.0,7.49,11.811,2952.63,0.8820
857.0,7.57,11.797,2949.28,0.8809
857.0,7.65,11.784,2945.92,0.8799
857.0,7.73,11.770,2942.56,0.8788
857.0,7.81,11.757,2939.19,0.8778
857.0,7.89,11.743,2935.83,0.8767
857.0,7.97,11.730,2932.48,0.8756
857.0,8.05,11.716,2929.06,0.8745
857.0,8.13,11.701,2925.31,0.8732
857.0,8.21,11.685,2921.23,0.8719
857.0,8.30,11.668,2916.90,0.8705
857.0,8.38,11.649,2912.35,0.8691
857.0,8.46,11.631,2907.65,0.8676
857.0,8.54,11.612,2902.96,0.8661
857.0,8.62,11.593,2898.35,0.8647
857.0,8.70,11.575,2893.83,0.8633
857.0,8.78,11.558,2889.41,0.8619
857.0,8.86,11.540,2885.11,0.8606
857.0,8.94,11.524,2881.03,0.8593
857.0,9.02,11.509,2877.23,0.8582
857.0,9.10,11.495,2873.66,0.8570
857.0,9.18,11.481,2870.28,0.8560
857.0,9.26,11.468,2867.05,0.8550
857.0,9.34,11.456,2863.90,0.8540
857.0,9.42,11.443,2860.80,0.8530
857.0,9.50,11.431,2857.70,0.8520
857.0,9.58,11.418,2854.59,0.8510
857.0,9.66,11.406,2851.45,0.8500
857.0,9.74,11.393,2848.31,0.8490
857.0,9.83,11.381,2845.17,0.8479
857.0,9.91,11.368,2842.03,0.8469
857.0,9.99,11.356,2838.89,0.8459
857.0,10.07,11.343,2835.76,0.8448
857.0,10.15,11.330,2832.61,0.8438
857.0,10.23,11.318,2829.44,0.8427
857.0,10.31,11.305,2826.24,0.8417
857.0,10.39,11.292,2823.00,0.8406
857.0,10.47,11.279,2819.68,0.8396
857.0,10.55,11.265,2816.20,0.8385
857.0,10.63,11.250,2812.50,0.8374
857.0,10.71,11.234,2808.53,0.8362
857.0,10.79,11.217,2804.26,0.8349
857.0,10.87,11.199,2799.64,0.8335
857.0,10.95,11.179,2794.75,0.8321
857.0,11.03,11.159,2789.64,0.8306
857.0,11.11,11.137,2784.31,0.8291
857.0,11.19,11.115,2778.79,0.8276
857.0,11.28,11.092,2773.07,0.8259
857.0,11.36,11.069,2767.18,0.8243
857.0,11.44,11.044,2761.12,0.8226
857.0,11.52,11.020,2754.92,0.8208
857.0,11.60,10.995,2748.64,0.8191
857.0,11.68,10.969,2742.30,0.8173
857.0,11.76,10.944,2735.94,0.8155
857.0,11.84,10.918,2729.59,0.8138
857.0,11.92,10.893,2723.28,0.8120
857.0,12.00,10.868,2717.05,0.8103
862.4,0.00,13.589,3397.33,
862.4,0.08,13.564,3390.97,
862.4,0.16,13.538,3384.58,
862.4,0.24,13.513,3378.19,
862.4,0.32,13.487,3371.81,
862.4,0.40,13.462,3365.47,
862.4,0.48,13.437,3359.21,
862.4,0.56,13.412,3353.07,
862.4,0.64,13.388,3347.04,
862.4,0.72,13.364,3341.12,
862.4,0.81,13.341,3335.30,
862.4,0.89,13.318,3329.52,
862.4,0.97,13.295,3323.76,
862.4,1.05,13.272,3318.02,
862.4,1.13,13.249,3312.29,
862.4,1.21,13.226,3306.55,
862.4,1.29,13.203,3300.80,
862.4,1.37,13.180,3295.03,
862.4,1.45,13.157,3289.22,
862.4,1.53,13.134,3283.38,
862.4,1.61,13.110,3277.51,
862.4,1.69,13.086,3271.62,
862.4,1.77,13.063,3265.70,
862.4,1.85,13.039,3259.76,
862.4,1.93,13.015,3253.80,
862.4,2.01,12.991,3247.83,0.9555
862.4,2.09,12.968,3242.00,0.9537
862.4,2.17,12.946,3236.38,0.9520
862.4,2.26,12.924,3230.95,0.9504
862.4,2.34,12.903,3225.69,0.9488
862.4,2.42,12.882,3220.58,0.9472
862.4,2.50,12.862,3215.52,0.9457
862.4,2.58,12.842,3210.49,0.9442
862.4,2.66,12.822,3205.48,0.9427
862.4,2.74,12.802,3200.47,0.9413
862.4,2.82,12.781,3195.34,0.9398
862.4,2.90,12.760,3189.93,0.9383
862.4,2.98,12.737,3184.29,0.9367
862.4,3.06,12.714,3178.47,0.9351
862.4,3.14,12.690,3172.51,0.9335
862.4,3.22,12.666,3166.49,0.9318
862.4,3.30,12.642,3160.44,0.9302
862.4,3.38,12.618,3154.43,0.9285
862.4,3.46,12.594,3148.51,0.9269
862.4,3.54,12.571,3142.75,0.9253
862.4,3.62,12.549,3137.19,0.9238
862.4,3.70,12.527,3131.85,0.9224
862.4,3.79,12.507,3126.78,0.9209
862.4,3.87,12.488,3122.01,0.9196
862.4,3.95,12.470,3117.58,0.9183
862.4,4.03,12.454,3113.52,0.9171
862.4,4.11,12.439,3109.69,0.9160
862.4,4.19,12.424,3106.03,0.9149
862.4,4.27,12.410,3102.51,0.9139
862.4,4.35,12.396,3099.12,0.9129
862.4,4.43,12.383,3095.81,0.9120
862.4,4.51,12.370,3092.54,0.9111
862.4,4.59,12.357,3089.31,0.9101
862.4,4.67,12.344,3086.11,0.9092
862.4,4.75,12.332,3082.97,0.9083
862.4,4.83,12.320,3079.98,0.9075
862.4,4.91,12.309,3077.24,0.9067
862.4,4.99,12.299,3074.74,0.9060
862.4,5.07,12.290,3072.45,0.9053
862.4,5.15,12.281,3070.35,0.9046
862.4,5.23,12.274,3068.42,0.9040
862.4,5.32,12.267,3066.65,0.9035
862.4,5.40,12.260,3065.00,0.9029
862.4,5.48,12.254,3063.43,0.9024
862.4,5.56,12.248,3061.90,0.9019
862.4,5.64,12.241,3060.35,0.9014
862.4,5.72,12.235,3058.73,0.9008
862.4,5.80,12.228,3057.01,0.9002
862.4,5.88,12.221,3055.14,0.8996
862.4,5.96,12.212,3053.07,0.8989
862.4,6.04,12.203,3050.77,0.8981
862.4,6.12,12.193,3048.32,0.8973
862.4,6.20,12.183,3045.73,0.8965
862.4,6.28,12.172,3043.01,0.8957
862.4,6.36,12.161,3040.17,0.8948
862.4,6.44,12.149,3037.25,0.8939
862.4,6.52,12.137,3034.29,0.8930
862.4,6.60,12.125,3031.31,0.8921
862.4,6.68,12.113,3028.30,0.8912
862.4,6.77,12.101,3025.28,0.8903
862.4,6.85,12.089,3022.25,0.8894
862.4,6.93,12.077,3019.20,0.8885
862.4,7.01,12.065,3016.13,0.8876
862.4,7.09,12.052,3013.04,0.8867
862.4,7.17,12.040,3009.92,0.8858
862.4,7.25,12.027,3006.78,0.8848
862.4,7.33,12.014,3003.60,0.8839
862.4,7.41,12.002,3000.40,0.8829
862.4,7.49,11.989,2997.17,0.8819
862.4,7.57,11.976,2993.92,0.8809
862.4,7.65,11.963,2990.65,0.8799
862.4,7.73,11.950,2987.38,0.8789
862.4,7.81,11.936,2984.10,0.8779
862.4,7.89,11.923,2980.83,0.8769
862.4,7.97,11.910,2977.56,0.8758
862.4,8.05,11.897,2974.22,0.8747
862.4,8.13,11.882,2970.53,0.8735
862.4,8.21,11.866,2966.53,0.8723
862.4,8.30,11.849,2962.26,0.8709
862.4,8.38,11.831,2957.76,0.8695
862.4,8.46,11.813,2953.21,0.8681
862.4,8.54,11.795,2948.73,0.8667
862.4,8.62,11.777,2944.34,0.8653
862.4,8.70,11.760,2940.05,0.8640
862.4,8.78,11.744,2935.89,0.8628
862.4,8.86,11.728,2931.99,0.8616
862.4,8.94,11.713,2928.36,0.8605
862.4,9.02,11.700,2924.94,0.8594
862.4,9.10,11.687,2921.70,0.8584
862.4,9.18,11.674,2918.58,0.8574
862.4,9.26,11.662,2915.54,0.8565
862.4,9.34,11.650,2912.53,0.8555
862.4,9.42,11.638,2909.51,0.8546
862.4,9.50,11.626,2906.44,0.8536
862.4,9.58,11.613,2903.34,0.8527
862.4,9.66,11.601,2900.21,0.8517
862.4,9.74,11.588,2897.06,0.8507
862.4,9.83,11.576,2893.88,0.8497
862.4,9.91,11.563,2890.68,0.8486
862.4,9.99,11.550,2887.48,0.8476
862.4,10.07,11.537,2884.27,0.8465
862.4,10.15,11.524,2881.03,0.8455
862.4,10.23,11.511,2877.76,0.8444
862.4,10.31,11.498,2874.44,0.8434
862.4,10.39,11.484,2871.07,0.8423
862.4,10.47,11.470,2867.55,0.8412
862.4,10.55,11.455,2863.78,0.8401
862.4,10.63,11.439,2859.74,0.8389
862.4,10.71,11.422,2855.38,0.8376
862.4,10.79,11.403,2850.68,0.8362
862.4,10.87,11.383,2845.73,0.8348
862.4,10.95,11.362,2840.55,0.8333
862.4,11.03,11.341,2835.16,0.8318
862.4,11.11,11.318,2829.57,0.8302
862.4,11.19,11.295,2823.78,0.8286
862.4,11.28,11.271,2817.81,0.8269
862.4,11.36,11.247,2811.67,0.8252
862.4,11.44,11.221,2805.37,0.8234
862.4,11.52,11.196,2798.95,0.8217
862.4,11.60,11.170,2792.44,0.8198
862.4,11.68,11.143,2785.87,0.8180
862.4,11.76,11.117,2779.29,0.8162
862.4,11.84,11.091,2772.71,0.8144
862.4,11.92,11.065,2766.17,0.8126
862.4,12.00,11.039,2759.71,0.8108
867.8,0.00,13.793,3448.13,
867.8,0.08,13.767,3441.80,
867.8,0.16,13.742,3435.45,
867.8,0.24,13.716,3429.09,
867.8,0.32,13.691,3422.74,
867.8,0.40,13.666,3416.45,
867.8,0.48,13.641,3410.27,
867.8,0.56,13.617,3404.20,
867.8,0.64,13.593,3398.23,
867.8,0.72,13.569,3392.35,
867.8,0.81,13.546,3386.50,
867.8,0.89,13.523,3380.66,
867.8,0.97,13.499,3374.85,
867.8,1.05,13.476,3369.03,
867.8,1.13,13.453,3363.21,
867.8,1.21,13.429,3357.37,
867.8,1.29,13.406,3351.50,
867.8,1.37,13.382,3345.60,
867.8,1.45,13.359,3339.66,
867.8,1.53,13.335,3333.69,
867.8,1.61,13.311,3327.68,
867.8,1.69,13.287,3321.64,
867.8,1.77,13.262,3315.57,
867.8,1.85,13.238,3309.47,
867.8,1.93,13.213,3303.35,
867.8,2.01,13.189,3297.22,0.9558
867.8,2.09,13.165,3291.22,0.9540
867.8,2.17,13.142,3285.43,0.9522
867.8,2.26,13.119,3279.84,0.9505
867.8,2.34,13.098,3274.41,0.9489
867.8,2.42,13.076,3269.07,0.9473
867.8,2.50,13.055,3263.75,0.9457
867.8,2.58,13.034,3258.45,0.9442
867.8,2.66,13.013,3253.14,0.9427
867.8,2.74,12.990,3247.62,0.9411
867.8,2.82,12.967,3241.83,0.9395
867.8,2.90,12.943,3235.81,0.9378
867.8,2.98,12.918,3229.62,0.9361
867.8,3.06,12.893,3223.31,0.9344
867.8,3.14,12.868,3216.94,0.9326
867.8,3.22,12.842,3210.56,0.9309
867.8,3.30,12.817,3204.23,0.9292
867.8,3.38,12.792,3197.98,0.9275
867.8,3.46,12.767,3191.87,0.9258
867.8,3.54,12.744,3185.92,0.9242
867.8,3.62,12.721,3180.18,0.9227
867.8,3.70,12.699,3174.68,0.9212
867.8,3.79,12.678,3169.46,0.9198
867.8,3.87,12.658,3164.55,0.9184
867.8,3.95,12.640,3160.00,0.9171
867.8,4.03,12.623,3155.82,0.9159
867.8,4.11,12.608,3151.89,0.9147
867.8,4.19,12.592,3148.12,0.9137
867.8,4.27,12.578,3144.51,0.9126
867.8,4.35,12.564,3141.02,0.9116
867.8,4.43,12.550,3137.59,0.9107
867.8,4.51,12.537,3134.20,0.9097
867.8,4.59,12.523,3130.85,0.9088
867.8,4.67,12.510,3127.57,0.9079
867.8,4.75,12.498,3124.52,0.9070
867.8,4.83,12.487,3121.72,0.9062
867.8,4.91,12.477,3119.15,0.9055
867.8,4.99,12.467,3116.80,0.9048
867.8,5.07,12.459,3114.64,0.9042
867.8,5.15,12.451,3112.66,0.9036
867.8,5.23,12.443,3110.82,0.9030
867.8,5.32,12.436,3109.12,0.9024
867.8,5.40,12.430,3107.53,0.9019
867.8,5.48,12.424,3106.02,0.9014
867.8,5.56,12.418,3104.53,0.9010
867.8,5.64,12.412,3103.03,0.9005
867.8,5.72,12.406,3101.47,0.8999
867.8,5.80,12.399,3099.80,0.8994
867.8,5.88,12.392,3097.97,0.8988
867.8,5.96,12.384,3095.95,0.8981
867.8,6.04,12.375,3093.70,0.8974
867.8,6.12,12.365,3091.30,0.8966
867.8,6.20,12.355,3088.75,0.8958
867.8,6.28,12.344,3086.08,0.8950
867.8,6.36,12.333,3083.29,0.8941
867.8,6.44,12.322,3080.47,0.8933
867.8,6.52,12.310,3077.62,0.8925
867.8,6.60,12.299,3074.76,0.8916
867.8,6.68,12.288,3071.88,0.8908
867.8,6.77,12.276,3068.98,0.8899
867.8,6.85,12.264,3066.07,0.8891
867.8,6.93,12.253,3063.14,0.8882
867.8,7.01,12.241,3060.18,0.8874
867.8,7.09,12.229,3057.20,0.8865
867.8,7.17,12.217,3054.19,0.8856
867.8,7.25,12.205,3051.16,0.8847
867.8,7.33,12.192,3048.09,0.8838
867.8,7.41,12.180,3044.98,0.8828
867.8,7.49,12.167,3041.85,0.8819
867.8,7.57,12.155,3038.70,0.8810
867.8,7.65,12.142,3035.52,0.8800
867.8,7.73,12.129,3032.34,0.8790
867.8,7.81,12.117,3029.15,0.8781
867.8,7.89,12.104,3025.96,0.8771
867.8,7.97,12.091,3022.78,0.8760
867.8,8.05,12.078,3019.52,0.8750
867.8,8.13,12.064,3015.90,0.8738
867.8,8.21,12.048,3011.97,0.8726
867.8,8.30,12.031,3007.75,0.8713
867.8,8.38,12.013,3003.37,0.8700
867.8,8.46,11.996,2999.05,0.8686
867.8,8.54,11.979,2994.82,0.8673
867.8,8.62,11.963,2990.69,0.8661
867.8,8.70,11.947,2986.72,0.8649
867.8,8.78,11.932,2983.03,0.8638
867.8,8.86,11.918,2979.59,0.8627
867.8,8.94,11.905,2976.35,0.8618
867.8,9.02,11.893,2973.27,0.8608
867.8,9.10,11.881,2970.30,0.8599
867.8,9.18,11.870,2967.39,0.8590
867.8,9.26,11.858,2964.50,0.8581
867.8,9.34,11.846,2961.57,0.8572
867.8,9.42,11.834,2958.58,0.8563
867.8,9.50,11.822,2955.53,0.8554
867.8,9.58,11.810,2952.44,0.8544
867.8,9.66,11.797,2949.29,0.8534
867.8,9.74,11.784,2946.10,0.8525
867.8,9.83,11.771,2942.87,0.8514
867.8,9.91,11.758,2939.61,0.8504
867.8,9.99,11.745,2936.33,0.8494
867.8,10.07,11.732,2933.02,0.8483
867.8,10.15,11.719,2929.67,0.8473
867.8,10.23,11.705,2926.28,0.8462
867.8,10.31,11.691,2922.83,0.8452
867.8,10.39,11.677,2919.27,0.8441
867.8,10.47,11.662,2915.46,0.8429
867.8,10.55,11.645,2911.35,0.8417
867.8,10.63,11.628,2906.91,0.8404
867.8,10.71,11.609,2902.15,0.8390
867.8,10.79,11.589,2897.14,0.8376
867.8,10.87,11.568,2891.92,0.8361
867.8,10.95,11.546,2886.47,0.8346
867.8,11.03,11.523,2880.82,0.8330
867.8,11.11,11.500,2874.97,0.8314
867.8,11.19,11.476,2868.93,0.8297
867.8,11.28,11.451,2862.71,0.8280
867.8,11.36,11.425,2856.33,0.8262
867.8,11.44,11.399,2849.80,0.8244
867.8,11.52,11.373,2843.15,0.8225
867.8,11.60,11.346,2836.40,0.8207
867.8,11.68,11.318,2829.61,0.8188
867.8,11.76,11.291,2822.79,0.8169
867.8,11.84,11.264,2815.97,0.8151
867.8,11.92,11.237,2809.20,0.8132
867.8,12.00,11.210,2802.51,0.8114
873.2,0.00,13.996,3499.02,
873.2,0.08,13.971,3492.72,
873.2,0.16,13.946,3486.39,
873.2,0.24,13.920,3480.05,
873.2,0.32,13.895,3473.74,
873.2,0.40,13.870,3467.53,
873.2,0.48,13.846,3461.43,
873.2,0.56,13.822,3455.43,
873.2,0.64,13.798,3449.48,
873.2,0.72,13.774,3443.56,
873.2,0.81,13.751,3437.66,
873.2,0.89,13.727,3431.77,
873.2,0.97,13.704,3425.88,
873.2,1.05,13.680,3419.98,
873.2,1.13,13.656,3414.06,
873.2,1.21,13.632,3408.11,
873.2,1.29,13.608,3402.12,
873.2,1.37,13.584,3396.09,
873.2,1.45,13.560,3390.02,
873.2,1.53,13.536,3383.90,
873.2,1.61,13.511,3377.75,
873.2,1.69,13.486,3371.56,
873.2,1.77,13.461,3365.34,
873.2,1.85,13.436,3359.08,
873.2,1.93,13.411,3352.80,
873.2,2.01,13.386,3346.50,0.9560
873.2,2.09,13.361,3340.33,0.9542
873.2,2.17,13.338,3334.38,0.9524
873.2,2.26,13.314,3328.61,0.9507
873.2,2.34,13.292,3322.98,0.9490
873.2,2.42,13.269,3317.37,0.9473
873.2,2.50,13.247,3311.76,0.9457
873.2,2.58,13.224,3306.12,0.9441
873.2,2.66,13.201,3300.20,0.9425
873.2,2.74,13.176,3294.01,0.9407
873.2,2.82,13.150,3287.61,0.9390
873.2,2.90,13.124,3281.05,0.9371
873.2,2.98,13.098,3274.39,0.9353
873.2,3.06,13.071,3267.67,0.9335
873.2,3.14,13.044,3260.96,0.9317
873.2,3.22,13.017,3254.30,0.9299
873.2,3.30,12.991,3247.73,0.9281
873.2,3.38,12.965,3241.27,0.9264
873.2,3.46,12.940,3234.97,0.9247
873.2,3.54,12.915,3228.84,0.9231
873.2,3.62,12.892,3222.93,0.9215
873.2,3.70,12.869,3217.27,0.9199
873.2,3.79,12.848,3211.91,0.9185
873.2,3.87,12.827,3206.87,0.9171
873.2,3.95,12.809,3202.20,0.9158
873.2,4.03,12.792,3197.92,0.9146
873.2,4.11,12.776,3193.88,0.9134
873.2,4.19,12.760,3190.03,0.9123
873.2,4.27,12.745,3186.33,0.9113
873.2,4.35,12.731,3182.72,0.9103
873.2,4.43,12.717,3179.16,0.9093
873.2,4.51,12.703,3175.65,0.9084
873.2,4.59,12.689,3172.25,0.9074
873.2,4.67,12.676,3169.11,0.9066
873.2,4.75,12.665,3166.23,0.9057
873.2,4.83,12.654,3163.59,0.9050
873.2,4.91,12.645,3161.16,0.9043
873.2,4.99,12.636,3158.93,0.9036
873.2,5.07,12.628,3156.88,0.9030
873.2,5.15,12.620,3154.98,0.9024
873.2,5.23,12.613,3153.21,0.9019
873.2,5.32,12.606,3151.57,0.9014
873.2,5.40,12.600,3150.03,0.9009
873.2,5.48,12.594,3148.56,0.9005
873.2,5.56,12.589,3147.13,0.9000
873.2,5.64,12.583,3145.69,0.8995
873.2,5.72,12.577,3144.18,0.8990
873.2,5.80,12.570,3142.56,0.8985
873.2,5.88,12.563,3140.79,0.8979
873.2,5.96,12.555,3138.83,0.8973
873.2,6.04,12.547,3136.63,0.8966
873.2,6.12,12.537,3134.28,0.8959
873.2,6.20,12.527,3131.78,0.8951
873.2,6.28,12.517,3129.16,0.8943
873.2,6.36,12.506,3126.48,0.8935
873.2,6.44,12.495,3123.77,0.8927
873.2,6.52,12.484,3121.05,0.8919
873.2,6.60,12.473,3118.32,0.8912
873.2,6.68,12.462,3115.58,0.8904
873.2,6.77,12.451,3112.81,0.8896
873.2,6.85,12.440,3110.02,0.8887
873.2,6.93,12.429,3107.21,0.8879
873.2,7.01,12.417,3104.37,0.8871
873.2,7.09,12.406,3101.51,0.8863
873.2,7.17,12.394,3098.61,0.8854
873.2,7.25,12.383,3095.67,0.8845
873.2,7.33,12.371,3092.71,0.8837
873.2,7.41,12.359,3089.71,0.8828
873.2,7.49,12.347,3086.68,0.8819
873.2,7.57,12.334,3083.62,0.8810
873.2,7.65,12.322,3080.54,0.8801
873.2,7.73,12.310,3077.44,0.8792
873.2,7.81,12.297,3074.34,0.8782
873.2,7.89,12.285,3071.24,0.8773
873.2,7.97,12.273,3068.14,0.8763
873.2,8.05,12.260,3064.95,0.8753
873.2,8.13,12.246,3061.41,0.8742
873.2,8.21,12.230,3057.54,0.8730
873.2,8.30,12.214,3053.41,0.8717
873.2,8.38,12.197,3049.27,0.8705
873.2,8.46,12.181,3045.23,0.8693
873.2,8.54,12.165,3041.28,0.8681
873.2,8.62,12.150,3037.55,0.8670
873.2,8.70,12.136,3034.10,0.8660
873.2,8.78,12.124,3030.88,0.8650
873.2,8.86,12.111,3027.84,0.8641
873.2,8.94,12.100,3024.95,0.8632
873.2,9.02,12.089,3022.15,0.8624
873.2,9.10,12.078,3019.39,0.8615
873.2,9.18,12.066,3016.62,0.8607
873.2,9.26,12.055,3013.80,0.8598
873.2,9.34,12.044,3010.92,0.8590
873.2,9.42,12.032,3007.97,0.8581
873.2,9.50,12.020,3004.93,0.8572
873.2,9.58,12.007,3001.82,0.8562
873.2,9.66,11.995,2998.64,0.8553
873.2,9.74,11.982,2995.40,0.8543
873.2,9.83,11.968,2992.11,0.8533
873.2,9.91,11.955,2988.77,0.8523
873.2,9.99,11.942,2985.38,0.8512
873.2,10.07,11.928,2981.96,0.8502
873.2,10.15,11.914,2978.49,0.8491
873.2,10.23,11.900,2974.96,0.8480
873.2,10.31,11.885,2971.35,0.8469
873.2,10.39,11.870,2967.49,0.8458
873.2,10.47,11.853,2963.33,0.8446
873.2,10.55,11.835,2958.82,0.8433
873.2,10.63,11.816,2954.02,0.8419
873.2,10.71,11.796,2948.98,0.8405
873.2,10.79,11.775,2943.71,0.8390
873.2,10.87,11.753,2938.21,0.8375
873.2,10.95,11.730,2932.51,0.8359
873.2,11.03,11.706,2926.61,0.8342
873.2,11.11,11.682,2920.51,0.8325
873.2,11.19,11.657,2914.23,0.8308
873.2,11.28,11.631,2907.77,0.8290
873.2,11.36,11.605,2901.16,0.8272
873.2,11.44,11.578,2894.39,0.8254
873.2,11.52,11.550,2887.50,0.8235
873.2,11.60,11.522,2880.52,0.8216
873.2,11.68,11.494,2873.48,0.8196
873.2,11.76,11.466,2866.42,0.8177
873.2,11.84,11.437,2859.37,0.8158
873.2,11.92,11.409,2852.35,0.8139
873.2,12.00,11.382,2845.41,0.8120
878.5,0.00,14.200,3549.99,
878.5,0.08,14.175,3543.70,
878.5,0.16,14.150,3537.39,
878.5,0.24,14.124,3531.08,
878.5,0.32,14.099,3524.85,
878.5,0.40,14.075,3518.71,
878.5,0.48,14.051,3512.67,
878.5,0.56,14.027,3506.67,
878.5,0.64,14.003,3500.69,
878.5,0.72,13.979,3494.73,
878.5,0.81,13.955,3488.78,
878.5,0.89,13.931,3482.82,
878.5,0.97,13.907,3476.84,
878.5,1.05,13.883,3470.84,
878.5,1.13,13.859,3464.80,
878.5,1.21,13.835,3458.73,
878.5,1.29,13.810,3452.62,
878.5,1.37,13.786,3446.46,
878.5,1.45,13.761,3440.27,
878.5,1.53,13.736,3434.02,
878.5,1.61,13.711,3427.72,
878.5,1.69,13.686,3421.38,
878.5,1.77,13.660,3415.00,
878.5,1.85,13.634,3408.59,
878.5,1.93,13.609,3402.14,
878.5,2.01,13.583,3395.67,0.9562
878.5,2.09,13.557,3389.34,0.9543
878.5,2.17,13.533,3383.21,0.9525
878.5,2.26,13.509,3377.26,0.9507
878.5,2.34,13.485,3371.34,0.9490
878.5,2.42,13.462,3365.44,0.9473
878.5,2.50,13.438,3359.42,0.9456
878.5,2.58,13.412,3353.09,0.9438
878.5,2.66,13.386,3346.50,0.9420
878.5,2.74,13.359,3339.72,0.9401
878.5,2.82,13.331,3332.78,0.9382
878.5,2.90,13.303,3325.75,0.9363
878.5,2.98,13.275,3318.71,0.9344
878.5,3.06,13.247,3311.68,0.9325
878.5,3.14,13.219,3304.69,0.9306
878.5,3.22,13.191,3297.79,0.9288
878.5,3.30,13.164,3290.98,0.9269
878.5,3.38,13.137,3284.32,0.9252
878.5,3.46,13.111,3277.82,0.9234
878.5,3.54,13.086,3271.52,0.9218
878.5,3.62,13.062,3265.45,0.9202
878.5,3.70,13.039,3259.65,0.9186
878.5,3.79,13.017,3254.15,0.9171
878.5,3.87,12.996,3248.99,0.9157
878.5,3.95,12.977,3244.21,0.9144
878.5,4.03,12.959,3239.83,0.9132
878.5,4.11,12.943,3235.70,0.9120
878.5,4.19,12.927,3231.76,0.9109
878.5,4.27,12.912,3227.95,0.9099
878.5,4.35,12.897,3224.21,0.9089
878.5,4.43,12.882,3220.52,0.9079
878.5,4.51,12.868,3217.01,0.9069
878.5,4.59,12.855,3213.78,0.9060
878.5,4.67,12.843,3210.81,0.9052
878.5,4.75,12.832,3208.08,0.9045
878.5,4.83,12.822,3205.57,0.9037
878.5,4.91,12.813,3203.25,0.9031
878.5,4.99,12.804,3201.12,0.9025
878.5,5.07,12.797,3199.15,0.9019
878.5,5.15,12.789,3197.33,0.9013
878.5,5.23,12.783,3195.64,0.9008
878.5,5.32,12.776,3194.05,0.9003
878.5,5.40,12.770,3192.54,0.8999
878.5,5.48,12.764,3191.10,0.8994
878.5,5.56,12.759,3189.71,0.8990
878.5,5.64,12.753,3188.32,0.8986
878.5,5.72,12.748,3186.88,0.8981
878.5,5.80,12.741,3185.32,0.8976
878.5,5.88,12.734,3183.61,0.8971
878.5,5.96,12.727,3181.70,0.8965
878.5,6.04,12.718,3179.57,0.8958
878.5,6.12,12.709,3177.27,0.8951
878.5,6.20,12.699,3174.83,0.8944
878.5,6.28,12.689,3172.30,0.8936
878.5,6.36,12.679,3169.75,0.8929
878.5,6.44,12.669,3167.19,0.8922
878.5,6.52,12.658,3164.61,0.8914
878.5,6.60,12.648,3162.02,0.8907
878.5,6.68,12.638,3159.40,0.8899
878.5,6.77,12.627,3156.76,0.8892
878.5,6.85,12.616,3154.10,0.8884
878.5,6.93,12.606,3151.41,0.8876
878.5,7.01,12.595,3148.69,0.8869
878.5,7.09,12.584,3145.93,0.8861
878.5,7.17,12.573,3143.14,0.8853
878.5,7.25,12.561,3140.32,0.8844
878.5,7.33,12.550,3137.46,0.8836
878.5,7.41,12.538,3134.56,0.8828
878.5,7.49,12.527,3131.64,0.8820
878.5,7.57,12.515,3128.68,0.8811
878.5,7.65,12.503,3125.69,0.8802
878.5,7.73,12.491,3122.69,0.8794
878.5,7.81,12.479,3119.67,0.8785
878.5,7.89,12.467,3116.65,0.8775
878.5,7.97,12.455,3113.63,0.8766
878.5,8.05,12.442,3110.53,0.8757
878.5,8.13,12.428,3107.06,0.8746
878.5,8.21,12.413,3103.26,0.8734
878.5,8.30,12.397,3099.34,0.8723
878.5,8.38,12.382,3095.51,0.8711
878.5,8.46,12.367,3091.79,0.8700
878.5,8.54,12.353,3088.33,0.8690
878.5,8.62,12.341,3085.14,0.8681
878.5,8.70,12.329,3082.16,0.8672
878.5,8.78,12.317,3079.36,0.8664
878.5,8.86,12.307,3076.68,0.8656
878.5,8.94,12.296,3074.04,0.8648
878.5,9.02,12.286,3071.41,0.8640
878.5,9.10,12.275,3068.75,0.8632
878.5,9.18,12.264,3066.06,0.8624
878.5,9.26,12.253,3063.31,0.8616
878.5,9.34,12.242,3060.49,0.8608
878.5,9.42,12.230,3057.59,0.8599
878.5,9.50,12.218,3054.58,0.8590
878.5,9.58,12.206,3051.45,0.8581
878.5,9.66,12.193,3048.23,0.8572
878.5,9.74,12.180,3044.93,0.8562
878.5,9.83,12.166,3041.55,0.8552
878.5,9.91,12.152,3038.11,0.8542
878.5,9.99,12.138,3034.61,0.8531
878.5,10.07,12.124,3031.06,0.8521
878.5,10.15,12.110,3027.45,0.8510
878.5,10.23,12.095,3023.77,0.8499
878.5,10.31,12.080,3019.88,0.8487
878.5,10.39,12.063,3015.67,0.8475
878.5,10.47,12.044,3011.11,0.8462
878.5,10.55,12.025,3006.28,0.8449
878.5,10.63,12.005,3001.21,0.8434
878.5,10.71,11.984,2995.90,0.8420
878.5,10.79,11.961,2990.37,0.8404
878.5,10.87,11.938,2984.62,0.8388
878.5,10.95,11.915,2978.67,0.8372
878.5,11.03,11.890,2972.50,0.8355
878.5,11.11,11.865,2966.15,0.8338
878.5,11.19,11.838,2959.62,0.8320
878.5,11.28,11.812,2952.93,0.8301
878.5,11.36,11.784,2946.08,0.8283
878.5,11.44,11.756,2939.10,0.8264
878.5,11.52,11.728,2931.99,0.8244
878.5,11.60,11.699,2924.76,0.8225
878.5,11.68,11.670,2917.48,0.8205
878.5,11.76,11.641,2910.17,0.8185
878.5,11.84,11.611,2902.87,0.8165
878.5,11.92,11.582,2895.61,0.8146
878.5,12.00,11.554,2888.42,0.8126
883.9,0.00,14.404,3601.01,
883.9,0.08,14.379,3594.74,
883.9,0.16,14.354,3588.45,
883.9,0.24,14.329,3582.19,
883.9,0.32,14.304,3576.04,
883.9,0.40,14.280,3569.95,
883.9,0.48,14.256,3563.90,
883.9,0.56,14.232,3557.88,
883.9,0.64,14.207,3551.86,
883.9,0.72,14.183,3545.85,
883.9,0.81,14.159,3539.81,
883.9,0.89,14.135,3533.75,
883.9,0.97,14.111,3527.66,
883.9,1.05,14.086,3521.54,
883.9,1.13,14.062,3515.39,
883.9,1.21,14.037,3509.21,
883.9,1.29,14.012,3502.98,
883.9,1.37,13.987,3496.70,
883.9,1.45,13.962,3490.38,
883.9,1.53,13.936,3484.01,
883.9,1.61,13.910,3477.58,
883.9,1.69,13.884,3471.09,
883.9,1.77,13.858,3464.56,
883.9,1.85,13.832,3457.98,
883.9,1.93,13.805,3451.37,
883.9,2.01,13.779,3444.73,0.9563
883.9,2.09,13.753,3438.22,0.9544
883.9,2.17,13.728,3431.92,0.9526
883.9,2.26,13.703,3425.70,0.9508
883.9,2.34,13.678,3419.48,0.9490
883.9,2.42,13.652,3413.03,0.9472
883.9,2.50,13.625,3406.29,0.9453
883.9,2.58,13.597,3399.31,0.9433
883.9,2.66,13.569,3392.13,0.9413
883.9,2.74,13.539,3384.84,0.9393
883.9,2.82,13.510,3377.50,0.9373
883.9,2.90,13.481,3370.14,0.9354
883.9,2.98,13.451,3362.78,0.9334
883.9,3.06,13.422,3355.46,0.9314
883.9,3.14,13.393,3348.21,0.9295
883.9,3.22,13.364,3341.05,0.9276
883.9,3.30,13.336,3334.02,0.9257
883.9,3.38,13.309,3327.15,0.9239
883.9,3.46,13.282,3320.46,0.9221
883.9,3.54,13.256,3313.99,0.9204
883.9,3.62,13.231,3307.77,0.9188
883.9,3.70,13.207,3301.82,0.9172
883.9,3.79,13.185,3296.20,0.9157
883.9,3.87,13.164,3290.92,0.9143
883.9,3.95,13.144,3286.04,0.9130
883.9,4.03,13.126,3281.57,0.9118
883.9,4.11,13.109,3277.36,0.9106
883.9,4.19,13.093,3273.33,0.9095
883.9,4.27,13.078,3269.39,0.9084
883.9,4.35,13.062,3265.52,0.9074
883.9,4.43,13.048,3261.91,0.9064
883.9,4.51,13.034,3258.57,0.9055
883.9,4.59,13.022,3255.49,0.9047
883.9,4.67,13.011,3252.66,0.9039
883.9,4.75,13.000,3250.05,0.9032
883.9,4.83,12.991,3247.66,0.9025
883.9,4.91,12.982,3245.45,0.9019
883.9,4.99,12.974,3243.42,0.9013
883.9,5.07,12.966,3241.54,0.9008
883.9,5.15,12.959,3239.79,0.9002
883.9,5.23,12.953,3238.16,0.8998
883.9,5.32,12.946,3236.61,0.8993
883.9,5.40,12.941,3235.14,0.8989
883.9,5.48,12.935,3233.72,0.8984
883.9,5.56,12.929,3232.34,0.8980
883.9,5.64,12.924,3230.97,0.8976
883.9,5.72,12.918,3229.58,0.8972
883.9,5.80,12.912,3228.09,0.8967
883.9,5.88,12.906,3226.44,0.8962
883.9,5.96,12.898,3224.60,0.8957
883.9,6.04,12.890,3222.53,0.8950
883.9,6.12,12.881,3220.29,0.8944
883.9,6.20,12.872,3217.93,0.8937
883.9,6.28,12.862,3215.54,0.8930
883.9,6.36,12.853,3213.14,0.8923
883.9,6.44,12.843,3210.73,0.8916
883.9,6.52,12.833,3208.29,0.8909
883.9,6.60,12.823,3205.84,0.8902
883.9,6.68,12.813,3203.36,0.8895
883.9,6.77,12.803,3200.84,0.8888
883.9,6.85,12.793,3198.30,0.8881
883.9,6.93,12.783,3195.72,0.8874
883.9,7.01,12.772,3193.10,0.8866
883.9,7.09,12.762,3190.46,0.8859
883.9,7.17,12.751,3187.78,0.8851
883.9,7.25,12.740,3185.06,0.8844
883.9,7.33,12.729,3182.31,0.8836
883.9,7.41,12.718,3179.53,0.8828
883.9,7.49,12.707,3176.72,0.8820
883.9,7.57,12.695,3173.87,0.8812
883.9,7.65,12.684,3170.98,0.8804
883.9,7.73,12.672,3168.07,0.8796
883.9,7.81,12.661,3165.14,0.8787
883.9,7.89,12.649,3162.21,0.8778
883.9,7.97,12.637,3159.27,0.8770
883.9,8.05,12.625,3156.24,0.8760
883.9,8.13,12.611,3152.85,0.8750
883.9,8.21,12.597,3149.20,0.8739
883.9,8.30,12.582,3145.61,0.8729
883.9,8.38,12.569,3142.17,0.8719
883.9,8.46,12.556,3139.02,0.8710
883.9,8.54,12.544,3136.11,0.8701
883.9,8.62,12.534,3133.40,0.8693
883.9,8.70,12.523,3130.83,0.8686
883.9,8.78,12.513,3128.29,0.8678
883.9,8.86,12.503,3125.78,0.8671
883.9,8.94,12.493,3123.27,0.8664
883.9,9.02,12.483,3120.74,0.8657
883.9,9.10,12.473,3118.19,0.8649
883.9,9.18,12.462,3115.58,0.8642
883.9,9.26,12.452,3112.91,0.8634
883.9,9.34,12.441,3110.16,0.8626
883.9,9.42,12.429,3107.31,0.8618
883.9,9.50,12.417,3104.34,0.8610
883.9,9.58,12.405,3101.25,0.8601
883.9,9.66,12.392,3098.00,0.8591
883.9,9.74,12.378,3094.62,0.8582
883.9,9.83,12.365,3091.16,0.8572
883.9,9.91,12.350,3087.60,0.8561
883.9,9.99,12.336,3083.97,0.8551
883.9,10.07,12.321,3080.27,0.8540
883.9,10.15,12.306,3076.51,0.8529
883.9,10.23,12.290,3072.58,0.8517
883.9,10.31,12.273,3068.33,0.8505
883.9,10.39,12.255,3063.74,0.8492
883.9,10.47,12.236,3058.90,0.8479
883.9,10.55,12.215,3053.80,0.8465
883.9,10.63,12.194,3048.47,0.8450
883.9,10.71,12.172,3042.91,0.8435
883.9,10.79,12.148,3037.11,0.8419
883.9,10.87,12.124,3031.09,0.8402
883.9,10.95,12.099,3024.86,0.8385
883.9,11.03,12.074,3018.43,0.8368
883.9,11.11,12.047,3011.83,0.8350
883.9,11.19,12.020,3005.05,0.8331
883.9,11.28,11.992,2998.12,0.8313
883.9,11.36,11.964,2991.05,0.8293
883.9,11.44,11.935,2983.84,0.8274
883.9,11.52,11.906,2976.52,0.8254
883.9,11.60,11.876,2969.10,0.8234
883.9,11.68,11.846,2961.58,0.8214
883.9,11.76,11.816,2954.01,0.8193
883.9,11.84,11.786,2946.46,0.8173
883.9,11.92,11.756,2938.94,0.8153
883.9,12.00,11.726,2931.49,0.8133
889.3,0.00,14.608,3652.07,
889.3,0.08,14.583,3645.81,
889.3,0.16,14.558,3639.56,
889.3,0.24,14.534,3633.38,
889.3,0.32,14.509,3627.26,
889.3,0.40,14.485,3621.17,
889.3,0.48,14.460,3615.10,
889.3,0.56,14.436,3609.01,
889.3,0.64,14.412,3602.92,
889.3,0.72,14.387,3596.80,
889.3,0.81,14.363,3590.66,
889.3,0.89,14.338,3584.50,
889.3,0.97,14.313,3578.31,
889.3,1.05,14.288,3572.08,
889.3,1.13,14.263,3565.82,
889.3,1.21,14.238,3559.52,
889.3,1.29,14.213,3553.17,
889.3,1.37,14.187,3546.78,
889.3,1.45,14.161,3540.34,
889.3,1.53,14.135,3533.85,
889.3,1.61,14.109,3527.29,
889.3,1.69,14.083,3520.68,
889.3,1.77,14.056,3514.00,
889.3,1.85,14.029,3507.26,
889.3,1.93,14.002,3500.48,
889.3,2.01,13.975,3493.66,0.9564
889.3,2.09,13.948,3486.98,0.9545
889.3,2.17,13.922,3480.44,0.9526
889.3,2.26,13.895,3473.86,0.9507
889.3,2.34,13.868,3466.99,0.9488
889.3,2.42,13.839,3459.83,0.9468
889.3,2.50,13.810,3452.46,0.9447
889.3,2.58,13.780,3444.96,0.9426
889.3,2.66,13.749,3437.37,0.9406
889.3,2.74,13.719,3429.72,0.9385
889.3,2.82,13.688,3422.03,0.9364
889.3,2.90,13.657,3414.33,0.9344
889.3,2.98,13.627,3406.67,0.9323
889.3,3.06,13.596,3399.06,0.9303
889.3,3.14,13.566,3391.53,0.9283
889.3,3.22,13.537,3384.13,0.9263
889.3,3.30,13.507,3376.87,0.9244
889.3,3.38,13.479,3369.78,0.9226
889.3,3.46,13.452,3362.91,0.9208
889.3,3.54,13.425,3356.27,0.9190
889.3,3.62,13.400,3349.90,0.9174
889.3,3.70,13.375,3343.82,0.9158
889.3,3.79,13.352,3338.08,0.9143
889.3,3.87,13.331,3332.69,0.9129
889.3,3.95,13.311,3327.71,0.9115
889.3,4.03,13.293,3323.16,0.9103
889.3,4.11,13.275,3318.87,0.9091
889.3,4.19,13.259,3314.72,0.9080
889.3,4.27,13.243,3310.69,0.9069
889.3,4.35,13.228,3306.95,0.9059
889.3,4.43,13.214,3303.50,0.9050
889.3,4.51,13.201,3300.31,0.9041
889.3,4.59,13.190,3297.38,0.9033
889.3,4.67,13.179,3294.69,0.9026
889.3,4.75,13.169,3292.22,0.9019
889.3,4.83,13.160,3289.94,0.9013
889.3,4.91,13.151,3287.85,0.9007
889.3,4.99,13.144,3285.91,0.9002
889.3,5.07,13.136,3284.11,0.8997
889.3,5.15,13.130,3282.43,0.8992
889.3,5.23,13.123,3280.85,0.8988
889.3,5.32,13.117,3279.34,0.8983
889.3,5.40,13.112,3277.90,0.8979
889.3,5.48,13.106,3276.50,0.8975
889.3,5.56,13.100,3275.11,0.8971
889.3,5.64,13.095,3273.73,0.8967
889.3,5.72,13.089,3272.32,0.8963
889.3,5.80,13.083,3270.87,0.8958
889.3,5.88,13.077,3269.30,0.8954
889.3,5.96,13.070,3267.53,0.8949
889.3,6.04,13.062,3265.53,0.8943
889.3,6.12,13.053,3263.36,0.8936
889.3,6.20,13.045,3261.14,0.8930
889.3,6.28,13.036,3258.91,0.8924
889.3,6.36,13.027,3256.66,0.8917
889.3,6.44,13.018,3254.39,0.8911
889.3,6.52,13.008,3252.09,0.8905
889.3,6.60,12.999,3249.76,0.8898
889.3,6.68,12.990,3247.40,0.8891
889.3,6.77,12.980,3245.00,0.8885
889.3,6.85,12.970,3242.57,0.8878
889.3,6.93,12.960,3240.10,0.8871
889.3,7.01,12.950,3237.60,0.8864
889.3,7.09,12.940,3235.07,0.8857
889.3,7.17,12.930,3232.50,0.8850
889.3,7.25,12.920,3229.90,0.8843
889.3,7.33,12.909,3227.27,0.8836
889.3,7.41,12.898,3224.60,0.8829
889.3,7.49,12.888,3221.90,0.8821
889.3,7.57,12.877,3219.16,0.8813
889.3,7.65,12.866,3216.39,0.8806
889.3,7.73,12.854,3213.59,0.8798
889.3,7.81,12.843,3210.75,0.8790
889.3,7.89,12.832,3207.90,0.8782
889.3,7.97,12.820,3205.04,0.8773
889.3,8.05,12.808,3202.10,0.8765
889.3,8.13,12.795,3198.80,0.8755
889.3,8.21,12.782,3195.48,0.8745
889.3,8.30,12.769,3192.37,0.8736
889.3,8.38,12.758,3189.54,0.8728
889.3,8.46,12.748,3186.94,0.8721
889.3,8.54,12.738,3184.43,0.8714
889.3,8.62,12.728,3181.99,0.8707
889.3,8.70,12.718,3179.58,0.8700
889.3,8.78,12.709,3177.20,0.8693
889.3,8.86,12.699,3174.83,0.8686
889.3,8.94,12.690,3172.44,0.8680
889.3,9.02,12.680,3170.03,0.8673
889.3,9.10,12.670,3167.58,0.8666
889.3,9.18,12.660,3165.07,0.8659
889.3,9.26,12.650,3162.49,0.8652
889.3,9.34,12.639,3159.81,0.8645
889.3,9.42,12.628,3157.02,0.8637
889.3,9.50,12.616,3154.11,0.8629
889.3,9.58,12.604,3151.05,0.8620
889.3,9.66,12.591,3147.84,0.8611
889.3,9.74,12.578,3144.45,0.8602
889.3,9.83,12.564,3140.88,0.8592
889.3,9.91,12.549,3137.19,0.8581
889.3,9.99,12.534,3133.42,0.8570
889.3,10.07,12.518,3129.56,0.8559
889.3,10.15,12.502,3125.59,0.8548
889.3,10.23,12.485,3121.30,0.8536
889.3,10.31,12.467,3116.71,0.8523
889.3,10.39,12.447,3111.85,0.8510
889.3,10.47,12.427,3106.75,0.8495
889.3,10.55,12.406,3101.38,0.8481
889.3,10.63,12.383,3095.75,0.8465
889.3,10.71,12.360,3089.89,0.8449
889.3,10.79,12.335,3083.81,0.8433
889.3,10.87,12.310,3077.51,0.8416
889.3,10.95,12.284,3071.01,0.8398
889.3,11.03,12.257,3064.33,0.8380
889.3,11.11,12.230,3057.47,0.8362
889.3,11.19,12.202,3050.46,0.8343
889.3,11.28,12.173,3043.29,0.8324
889.3,11.36,12.144,3035.99,0.8304
889.3,11.44,12.114,3028.57,0.8284
889.3,11.52,12.084,3021.04,0.8264
889.3,11.60,12.054,3013.42,0.8243
889.3,11.68,12.023,3005.71,0.8223
889.3,11.76,11.992,2997.93,0.8202
889.3,11.84,11.960,2990.12,0.8181
889.3,11.92,11.929,2982.34,0.8160
889.3,12.00,11.899,2974.63,0.8140
894.6,0.00,14.813,3703.16,
894.6,0.08,14.788,3696.92,
894.6,0.16,14.763,3690.73,
894.6,0.24,14.738,3684.58,
894.6,0.32,14.714,3678.44,
894.6,0.40,14.689,3672.28,
894.6,0.48,14.664,3666.12,
894.6,0.56,14.640,3659.95,
894.6,0.64,14.615,3653.76,
894.6,0.72,14.590,3647.54,
894.6,0.81,14.565,3641.31,
894.6,0.89,14.540,3635.04,
894.6,0.97,14.515,3628.75,
894.6,1.05,14.490,3622.42,
894.6,1.13,14.464,3616.05,
894.6,1.21,14.439,3609.64,
894.6,1.29,14.413,3603.18,
894.6,1.37,14.387,3596.68,
894.6,1.45,14.360,3590.12,
894.6,1.53,14.334,3583.51,
894.6,1.61,14.307,3576.83,
894.6,1.69,14.280,3570.09,
894.6,1.77,14.253,3563.29,
894.6,1.85,14.226,3556.41,
894.6,1.93,14.198,3549.46,
894.6,2.01,14.170,3542.47,0.9565
894.6,2.09,14.142,3535.58,0.9545
894.6,2.17,14.114,3528.60,0.9525
894.6,2.26,14.085,3521.31,0.9505
894.6,2.34,14.055,3513.80,0.9484
894.6,2.42,14.025,3506.13,0.9462
894.6,2.50,13.993,3498.33,0.9441
894.6,2.58,13.962,3490.42,0.9419
894.6,2.66,13.930,3482.44,0.9398
894.6,2.74,13.898,3474.42,0.9376
894.6,2.82,13.866,3466.38,0.9355
894.6,2.90,13.833,3458.36,0.9333
894.6,2.98,13.802,3450.38,0.9312
894.6,3.06,13.770,3442.48,0.9291
894.6,3.14,13.739,3434.69,0.9271
894.6,3.22,13.708,3427.03,0.9251
894.6,3.30,13.678,3419.54,0.9231
894.6,3.38,13.649,3412.25,0.9212
894.6,3.46,13.621,3405.18,0.9194
894.6,3.54,13.594,3398.38,0.9176
894.6,3.62,13.567,3391.86,0.9159
894.6,3.70,13.543,3385.65,0.9143
894.6,3.79,13.519,3379.80,0.9128
894.6,3.87,13.497,3374.32,0.9113
894.6,3.95,13.477,3369.25,0.9100
894.6,4.03,13.459,3364.63,0.9088
894.6,4.11,13.441,3360.24,0.9076
894.6,4.19,13.424,3356.06,0.9065
894.6,4.27,13.409,3352.19,0.9055
894.6,4.35,13.394,3348.62,0.9045
894.6,4.43,13.381,3345.34,0.9036
894.6,4.51,13.369,3342.32,0.9028
894.6,4.59,13.358,3339.54,0.9021
894.6,4.67,13.348,3336.99,0.9014
894.6,4.75,13.339,3334.65,0.9008
894.6,4.83,13.330,3332.49,0.9002
894.6,4.91,13.322,3330.50,0.8997
894.6,4.99,13.315,3328.65,0.8991
894.6,5.07,13.308,3326.92,0.8987
894.6,5.15,13.301,3325.30,0.8982
894.6,5.23,13.295,3323.77,0.8978
894.6,5.32,13.289,3322.30,0.8974
894.6,5.40,13.284,3320.88,0.8970
894.6,5.48,13.278,3319.49,0.8966
894.6,5.56,13.272,3318.10,0.8962
894.6,5.64,13.267,3316.69,0.8958
894.6,5.72,13.261,3315.26,0.8954
894.6,5.80,13.255,3313.77,0.8950
894.6,5.88,13.249,3312.20,0.8945
894.6,5.96,13.242,3310.50,0.8941
894.6,6.04,13.234,3308.58,0.8935
894.6,6.12,13.226,3306.53,0.8929
894.6,6.20,13.218,3304.48,0.8924
894.6,6.28,13.210,3302.40,0.8918
894.6,6.36,13.201,3300.28,0.8912
894.6,6.44,13.193,3298.14,0.8906
894.6,6.52,13.184,3295.96,0.8900
894.6,6.60,13.175,3293.74,0.8894
894.6,6.68,13.166,3291.49,0.8888
894.6,6.77,13.157,3289.21,0.8882
894.6,6.85,13.148,3286.90,0.8876
894.6,6.93,13.138,3284.55,0.8869
894.6,7.01,13.129,3282.17,0.8863
894.6,7.09,13.119,3279.75,0.8856
894.6,7.17,13.109,3277.30,0.8850
894.6,7.25,13.099,3274.82,0.8843
894.6,7.33,13.089,3272.30,0.8836
894.6,7.41,13.079,3269.75,0.8829
894.6,7.49,13.069,3267.16,0.8822
894.6,7.57,13.058,3264.55,0.8815
894.6,7.65,13.048,3261.89,0.8808
894.6,7.73,13.037,3259.21,0.8801
894.6,7.81,13.026,3256.48,0.8793
894.6,7.89,13.015,3253.73,0.8785
894.6,7.97,13.004,3250.96,0.8777
894.6,8.05,12.992,3248.08,0.8769
894.6,8.13,12.980,3245.08,0.8761
894.6,8.21,12.969,3242.34,0.8753
894.6,8.30,12.959,3239.79,0.8746
894.6,8.38,12.949,3237.34,0.8739
894.6,8.46,12.940,3234.96,0.8732
894.6,8.54,12.931,3232.65,0.8726
894.6,8.62,12.922,3230.38,0.8720
894.6,8.70,12.913,3228.15,0.8714
894.6,8.78,12.904,3225.92,0.8708
894.6,8.86,12.895,3223.70,0.8701
894.6,8.94,12.886,3221.45,0.8695
894.6,9.02,12.877,3219.17,0.8689
894.6,9.10,12.867,3216.83,0.8683
894.6,9.18,12.858,3214.42,0.8677
894.6,9.26,12.848,3211.93,0.8670
894.6,9.34,12.837,3209.33,0.8663
894.6,9.42,12.826,3206.61,0.8655
894.6,9.50,12.815,3203.75,0.8648
894.6,9.58,12.803,3200.75,0.8639
894.6,9.66,12.790,3197.57,0.8631
894.6,9.74,12.777,3194.20,0.8621
894.6,9.83,12.763,3190.63,0.8612
894.6,9.91,12.747,3186.85,0.8601
894.6,9.99,12.732,3182.91,0.8590
894.6,10.07,12.715,3178.87,0.8579
894.6,10.15,12.698,3174.56,0.8567
894.6,10.23,12.680,3169.98,0.8554
894.6,10.31,12.660,3165.10,0.8541
894.6,10.39,12.640,3159.95,0.8527
894.6,10.47,12.618,3154.53,0.8512
894.6,10.55,12.595,3148.85,0.8497
894.6,10.63,12.572,3142.93,0.8481
894.6,10.71,12.547,3136.78,0.8464
894.6,10.79,12.522,3130.41,0.8447
894.6,10.87,12.495,3123.84,0.8429
894.6,10.95,12.468,3117.07,0.8411
894.6,11.03,12.441,3110.13,0.8392
894.6,11.11,12.412,3103.03,0.8373
894.6,11.19,12.383,3095.77,0.8354
894.6,11.28,12.354,3088.38,0.8334
894.6,11.36,12.323,3080.85,0.8314
894.6,11.44,12.293,3073.22,0.8294
894.6,11.52,12.262,3065.49,0.8273
894.6,11.60,12.231,3057.67,0.8252
894.6,11.68,12.199,3049.77,0.8231
894.6,11.76,12.167,3041.82,0.8210
894.6,11.84,12.135,3033.81,0.8189
894.6,11.92,12.103,3025.78,0.8168
894.6,12.00,12.071,3017.80,0.8146
900.0,0.00,15.017,3754.27,
900.0,0.08,14.992,3748.05,
900.0,0.16,14.967,3741.83,
900.0,0.24,14.942,3735.61,
900.0,0.32,14.918,3729.38,
900.0,0.40,14.893,3723.15,
900.0,0.48,14.868,3716.90,
900.0,0.56,14.843,3710.64,
900.0,0.64,14.817,3704.36,
900.0,0.72,14.792,3698.06,
900.0,0.81,14.767,3691.73,
900.0,0.89,14.741,3685.37,
900.0,0.97,14.716,3678.97,
900.0,1.05,14.690,3672.54,
900.0,1.13,14.664,3666.07,
900.0,1.21,14.638,3659.55,
900.0,1.29,14.612,3652.98,
900.0,1.37,14.585,3646.37,
900.0,1.45,14.559,3639.69,
900.0,1.53,14.532,3632.96,
900.0,1.61,14.505,3626.17,
900.0,1.69,14.477,3619.31,
900.0,1.77,14.450,3612.38,
900.0,1.85,14.422,3605.38,
900.0,1.93,14.393,3598.30,
900.0,2.01,14.365,3591.14,0.9565
900.0,2.09,14.335,3583.78,0.9544
900.0,2.17,14.305,3576.18,0.9523
900.0,2.26,14.274,3568.38,0.9501
900.0,2.34,14.242,3560.41,0.9479
900.0,2.42,14.209,3552.29,0.9457
900.0,2.50,14.176,3544.06,0.9434
900.0,2.58,14.143,3535.74,0.9412
900.0,2.66,14.109,3527.37,0.9390
900.0,2.74,14.076,3518.98,0.9367
900.0,2.82,14.042,3510.59,0.9345
900.0,2.90,14.009,3502.24,0.9323
900.0,2.98,13.976,3493.95,0.9301
900.0,3.06,13.943,3485.76,0.9280
900.0,3.14,13.911,3477.70,0.9259
900.0,3.22,13.879,3469.79,0.9238
900.0,3.30,13.848,3462.08,0.9218
900.0,3.38,13.818,3454.58,0.9199
900.0,3.46,13.789,3447.32,0.9180
900.0,3.54,13.761,3440.34,0.9162
900.0,3.62,13.735,3433.68,0.9144
900.0,3.70,13.709,3427.34,0.9128
900.0,3.79,13.686,3421.38,0.9113
900.0,3.87,13.663,3415.81,0.9098
900.0,3.95,13.643,3410.68,0.9085
900.0,4.03,13.624,3405.99,0.9072
900.0,4.11,13.607,3401.68,0.9061
900.0,4.19,13.591,3397.70,0.9051
900.0,4.27,13.576,3394.03,0.9041
900.0,4.35,13.563,3390.65,0.9032
900.0,4.43,13.550,3387.54,0.9024
900.0,4.51,13.539,3384.68,0.9016
900.0,4.59,13.528,3382.06,0.9009
900.0,4.67,13.519,3379.64,0.9003
900.0,4.75,13.510,3377.42,0.8997
900.0,4.83,13.501,3375.37,0.8992
900.0,4.91,13.494,3373.47,0.8987
900.0,4.99,13.487,3371.70,0.8982
900.0,5.07,13.480,3370.05,0.8978
900.0,5.15,13.474,3368.48,0.8974
900.0,5.23,13.468,3366.99,0.8970
900.0,5.32,13.462,3365.56,0.8966
900.0,5.40,13.457,3364.15,0.8962
900.0,5.48,13.451,3362.76,0.8958
900.0,5.56,13.445,3361.36,0.8954
900.0,5.64,13.440,3359.93,0.8950
900.0,5.72,13.434,3358.46,0.8946
900.0,5.80,13.428,3356.92,0.8942
900.0,5.88,13.421,3355.29,0.8938
900.0,5.96,13.414,3353.56,0.8933
900.0,6.04,13.407,3351.71,0.8928
900.0,6.12,13.399,3349.82,0.8922
900.0,6.20,13.392,3347.89,0.8917
900.0,6.28,13.384,3345.93,0.8912
900.0,6.36,13.376,3343.94,0.8907
900.0,6.44,13.368,3341.91,0.8901
900.0,6.52,13.359,3339.85,0.8896
900.0,6.60,13.351,3337.76,0.8890
900.0,6.68,13.343,3335.63,0.8885
900.0,6.77,13.334,3333.47,0.8879
900.0,6.85,13.325,3331.28,0.8873
900.0,6.93,13.316,3329.05,0.8868
900.0,7.01,13.307,3326.78,0.8862
900.0,7.09,13.298,3324.49,0.8856
900.0,7.17,13.289,3322.16,0.8850
900.0,7.25,13.279,3319.80,0.8844
900.0,7.33,13.270,3317.40,0.8837
900.0,7.41,13.260,3314.97,0.8831
900.0,7.49,13.250,3312.50,0.8824
900.0,7.57,13.240,3310.00,0.8818
900.0,7.65,13.230,3307.47,0.8811
900.0,7.73,13.220,3304.91,0.8804
900.0,7.81,13.209,3302.30,0.8797
900.0,7.89,13.199,3299.67,0.8790
900.0,7.97,13.188,3297.00,0.8782
900.0,8.05,13.177,3294.34,0.8775
900.0,8.13,13.167,3291.80,0.8768
900.0,8.21,13.158,3289.38,0.8761
900.0,8.30,13.148,3287.06,0.8755
900.0,8.38,13.139,3284.83,0.8749
900.0,8.46,13.131,3282.66,0.8743
900.0,8.54,13.122,3280.55,0.8737
900.0,8.62,13.114,3278.47,0.8732
900.0,8.70,13.106,3276.41,0.8727
900.0,8.78,13.097,3274.35,0.8721
900.0,8.86,13.089,3272.28,0.8716
900.0,8.94,13.081,3270.18,0.8710
900.0,9.02,13.072,3268.02,0.8705
900.0,9.10,13.063,3265.81,0.8699
900.0,9.18,13.054,3263.51,0.8693
900.0,9.26,13.044,3261.11,0.8687
900.0,9.34,13.034,3258.60,0.8680
900.0,9.42,13.024,3255.96,0.8673
900.0,9.50,13.013,3253.17,0.8666
900.0,9.58,13.001,3250.22,0.8658
900.0,9.66,12.988,3247.08,0.8650
900.0,9.74,12.975,3243.75,0.8641
900.0,9.83,12.961,3240.20,0.8631
900.0,9.91,12.946,3236.42,0.8621
900.0,9.99,12.930,3232.40,0.8610
900.0,10.07,12.912,3228.09,0.8598
900.0,10.15,12.894,3223.47,0.8586
900.0,10.23,12.874,3218.55,0.8572
900.0,10.31,12.853,3213.35,0.8558
900.0,10.39,12.831,3207.87,0.8543
900.0,10.47,12.809,3202.13,0.8528
900.0,10.55,12.785,3196.15,0.8512
900.0,10.63,12.760,3189.93,0.8495
900.0,10.71,12.734,3183.49,0.8478
900.0,10.79,12.707,3176.84,0.8460
900.0,10.87,12.680,3170.00,0.8442
900.0,10.95,12.652,3162.97,0.8423
900.0,11.03,12.623,3155.78,0.8404
900.0,11.11,12.594,3148.43,0.8385
900.0,11.19,12.564,3140.94,0.8365
900.0,11.28,12.533,3133.31,0.8345
900.0,11.36,12.502,3125.57,0.8324
900.0,11.44,12.471,3117.73,0.8303
900.0,11.52,12.439,3109.79,0.8282
900.0,11.60,12.407,3101.78,0.8261
900.0,11.68,12.375,3093.70,0.8240
900.0,11.76,12.342,3085.57,0.8218
900.0,11.84,12.310,3077.40,0.8197
900.0,11.92,12.277,3069.20,0.8175
900.0,12.00,12.244,3060.99,0.8153
